fold,image_a,image_b,label,similarity
1,data\calibration\lfw\lfw\Abel_Pacheco\Abel_Pacheco_0001.jpg,data\calibration\lfw\lfw\Abel_Pacheco\Abel_Pacheco_0004.jpg,1,0.71973658
1,data\calibration\lfw\lfw\Akhmed_Zakayev\Akhmed_Zakayev_0001.jpg,data\calibration\lfw\lfw\Akhmed_Zakayev\Akhmed_Zakayev_0003.jpg,1,0.83299512
1,data\calibration\lfw\lfw\Akhmed_Zakayev\Akhmed_Zakayev_0002.jpg,data\calibration\lfw\lfw\Akhmed_Zakayev\Akhmed_Zakayev_0003.jpg,1,0.80269670
1,data\calibration\lfw\lfw\Amber_Tamblyn\Amber_Tamblyn_0001.jpg,data\calibration\lfw\lfw\Amber_Tamblyn\Amber_Tamblyn_0002.jpg,1,0.65730727
1,data\calibration\lfw\lfw\Anders_Fogh_Rasmussen\Anders_Fogh_Rasmussen_0001.jpg,data\calibration\lfw\lfw\Anders_Fogh_Rasmussen\Anders_Fogh_Rasmussen_0003.jpg,1,0.75936019
1,data\calibration\lfw\lfw\Anders_Fogh_Rasmussen\Anders_Fogh_Rasmussen_0001.jpg,data\calibration\lfw\lfw\Anders_Fogh_Rasmussen\Anders_Fogh_Rasmussen_0004.jpg,1,0.65712994
1,data\calibration\lfw\lfw\Angela_Bassett\Angela_Bassett_0001.jpg,data\calibration\lfw\lfw\Angela_Bassett\Angela_Bassett_0005.jpg,1,0.74354136
1,data\calibration\lfw\lfw\Angela_Bassett\Angela_Bassett_0002.jpg,data\calibration\lfw\lfw\Angela_Bassett\Angela_Bassett_0005.jpg,1,0.56224030
1,data\calibration\lfw\lfw\Angela_Bassett\Angela_Bassett_0003.jpg,data\calibration\lfw\lfw\Angela_Bassett\Angela_Bassett_0004.jpg,1,-0.00538607
1,data\calibration\lfw\lfw\Ann_Veneman\Ann_Veneman_0003.jpg,data\calibration\lfw\lfw\Ann_Veneman\Ann_Veneman_0005.jpg,1,0.80704433
1,data\calibration\lfw\lfw\Ann_Veneman\Ann_Veneman_0006.jpg,data\calibration\lfw\lfw\Ann_Veneman\Ann_Veneman_0010.jpg,1,0.71288115
1,data\calibration\lfw\lfw\Ann_Veneman\Ann_Veneman_0010.jpg,data\calibration\lfw\lfw\Ann_Veneman\Ann_Veneman_0011.jpg,1,0.54931211
1,data\calibration\lfw\lfw\Anthony_Fauci\Anthony_Fauci_0001.jpg,data\calibration\lfw\lfw\Anthony_Fauci\Anthony_Fauci_0002.jpg,1,0.77870154
1,data\calibration\lfw\lfw\Antony_Leung\Antony_Leung_0001.jpg,data\calibration\lfw\lfw\Antony_Leung\Antony_Leung_0002.jpg,1,0.72852546
1,data\calibration\lfw\lfw\Antony_Leung\Antony_Leung_0002.jpg,data\calibration\lfw\lfw\Antony_Leung\Antony_Leung_0003.jpg,1,0.68260461
1,data\calibration\lfw\lfw\Anwar_Ibrahim\Anwar_Ibrahim_0001.jpg,data\calibration\lfw\lfw\Anwar_Ibrahim\Anwar_Ibrahim_0002.jpg,1,0.60395586
1,data\calibration\lfw\lfw\Augusto_Pinochet\Augusto_Pinochet_0001.jpg,data\calibration\lfw\lfw\Augusto_Pinochet\Augusto_Pinochet_0002.jpg,1,0.83379477
1,data\calibration\lfw\lfw\Barbara_Brezigar\Barbara_Brezigar_0001.jpg,data\calibration\lfw\lfw\Barbara_Brezigar\Barbara_Brezigar_0002.jpg,1,0.62785733
1,data\calibration\lfw\lfw\Benjamin_Netanyahu\Benjamin_Netanyahu_0001.jpg,data\calibration\lfw\lfw\Benjamin_Netanyahu\Benjamin_Netanyahu_0004.jpg,1,0.76023394
1,data\calibration\lfw\lfw\Benjamin_Netanyahu\Benjamin_Netanyahu_0004.jpg,data\calibration\lfw\lfw\Benjamin_Netanyahu\Benjamin_Netanyahu_0005.jpg,1,0.78250551
1,data\calibration\lfw\lfw\Bernard_Law\Bernard_Law_0002.jpg,data\calibration\lfw\lfw\Bernard_Law\Bernard_Law_0003.jpg,1,0.57938778
1,data\calibration\lfw\lfw\Bernard_Law\Bernard_Law_0003.jpg,data\calibration\lfw\lfw\Bernard_Law\Bernard_Law_0004.jpg,1,0.69802719
1,data\calibration\lfw\lfw\Bertrand_Bonello\Bertrand_Bonello_0001.jpg,data\calibration\lfw\lfw\Bertrand_Bonello\Bertrand_Bonello_0002.jpg,1,0.70957655
1,data\calibration\lfw\lfw\Bill_Frist\Bill_Frist_0002.jpg,data\calibration\lfw\lfw\Bill_Frist\Bill_Frist_0009.jpg,1,0.71108693
1,data\calibration\lfw\lfw\Bill_Frist\Bill_Frist_0004.jpg,data\calibration\lfw\lfw\Bill_Frist\Bill_Frist_0005.jpg,1,0.59882158
1,data\calibration\lfw\lfw\Bob_Graham\Bob_Graham_0002.jpg,data\calibration\lfw\lfw\Bob_Graham\Bob_Graham_0004.jpg,1,0.57198799
1,data\calibration\lfw\lfw\Bob_Graham\Bob_Graham_0003.jpg,data\calibration\lfw\lfw\Bob_Graham\Bob_Graham_0006.jpg,1,0.70313400
1,data\calibration\lfw\lfw\Bob_Graham\Bob_Graham_0004.jpg,data\calibration\lfw\lfw\Bob_Graham\Bob_Graham_0006.jpg,1,0.59062940
1,data\calibration\lfw\lfw\Bob_Graham\Bob_Graham_0005.jpg,data\calibration\lfw\lfw\Bob_Graham\Bob_Graham_0006.jpg,1,0.65758026
1,data\calibration\lfw\lfw\Boris_Becker\Boris_Becker_0002.jpg,data\calibration\lfw\lfw\Boris_Becker\Boris_Becker_0006.jpg,1,0.69907528
1,data\calibration\lfw\lfw\Brad_Johnson\Brad_Johnson_0001.jpg,data\calibration\lfw\lfw\Brad_Johnson\Brad_Johnson_0003.jpg,1,0.65339839
1,data\calibration\lfw\lfw\Brad_Johnson\Brad_Johnson_0002.jpg,data\calibration\lfw\lfw\Brad_Johnson\Brad_Johnson_0003.jpg,1,0.73235011
1,data\calibration\lfw\lfw\Brad_Johnson\Brad_Johnson_0002.jpg,data\calibration\lfw\lfw\Brad_Johnson\Brad_Johnson_0004.jpg,1,0.60895616
1,data\calibration\lfw\lfw\Brian_Griese\Brian_Griese_0001.jpg,data\calibration\lfw\lfw\Brian_Griese\Brian_Griese_0002.jpg,1,0.77787232
1,data\calibration\lfw\lfw\Candice_Bergen\Candice_Bergen_0001.jpg,data\calibration\lfw\lfw\Candice_Bergen\Candice_Bergen_0002.jpg,1,0.65071321
1,data\calibration\lfw\lfw\Candice_Bergen\Candice_Bergen_0002.jpg,data\calibration\lfw\lfw\Candice_Bergen\Candice_Bergen_0003.jpg,1,0.65141493
1,data\calibration\lfw\lfw\Carla_Myers\Carla_Myers_0001.jpg,data\calibration\lfw\lfw\Carla_Myers\Carla_Myers_0002.jpg,1,0.53507948
1,data\calibration\lfw\lfw\Cathy_Freeman\Cathy_Freeman_0001.jpg,data\calibration\lfw\lfw\Cathy_Freeman\Cathy_Freeman_0002.jpg,1,0.59526783
1,data\calibration\lfw\lfw\Chang_Dae-whan\Chang_Dae-whan_0001.jpg,data\calibration\lfw\lfw\Chang_Dae-whan\Chang_Dae-whan_0002.jpg,1,0.77520835
1,data\calibration\lfw\lfw\Charles_Grassley\Charles_Grassley_0001.jpg,data\calibration\lfw\lfw\Charles_Grassley\Charles_Grassley_0002.jpg,1,0.03187666
1,data\calibration\lfw\lfw\Clare_Short\Clare_Short_0001.jpg,data\calibration\lfw\lfw\Clare_Short\Clare_Short_0003.jpg,1,0.58865404
1,data\calibration\lfw\lfw\Clare_Short\Clare_Short_0001.jpg,data\calibration\lfw\lfw\Clare_Short\Clare_Short_0004.jpg,1,0.61966985
1,data\calibration\lfw\lfw\Corinne_Coman\Corinne_Coman_0001.jpg,data\calibration\lfw\lfw\Corinne_Coman\Corinne_Coman_0002.jpg,1,0.78949326
1,data\calibration\lfw\lfw\Dai_Bachtiar\Dai_Bachtiar_0001.jpg,data\calibration\lfw\lfw\Dai_Bachtiar\Dai_Bachtiar_0002.jpg,1,0.71308553
1,data\calibration\lfw\lfw\Dale_Earnhardt_Jr\Dale_Earnhardt_Jr_0001.jpg,data\calibration\lfw\lfw\Dale_Earnhardt_Jr\Dale_Earnhardt_Jr_0003.jpg,1,0.58531016
1,data\calibration\lfw\lfw\David_Caruso\David_Caruso_0001.jpg,data\calibration\lfw\lfw\David_Caruso\David_Caruso_0002.jpg,1,0.67394948
1,data\calibration\lfw\lfw\Demi_Moore\Demi_Moore_0001.jpg,data\calibration\lfw\lfw\Demi_Moore\Demi_Moore_0003.jpg,1,0.50825298
1,data\calibration\lfw\lfw\Dick_Vermeil\Dick_Vermeil_0001.jpg,data\calibration\lfw\lfw\Dick_Vermeil\Dick_Vermeil_0002.jpg,1,0.57057601
1,data\calibration\lfw\lfw\Doris_Roberts\Doris_Roberts_0001.jpg,data\calibration\lfw\lfw\Doris_Roberts\Doris_Roberts_0002.jpg,1,0.76235622
1,data\calibration\lfw\lfw\Doris_Roberts\Doris_Roberts_0001.jpg,data\calibration\lfw\lfw\Doris_Roberts\Doris_Roberts_0003.jpg,1,0.64578962
1,data\calibration\lfw\lfw\Drew_Barrymore\Drew_Barrymore_0001.jpg,data\calibration\lfw\lfw\Drew_Barrymore\Drew_Barrymore_0002.jpg,1,0.50977260
1,data\calibration\lfw\lfw\Edmund_Stoiber\Edmund_Stoiber_0004.jpg,data\calibration\lfw\lfw\Edmund_Stoiber\Edmund_Stoiber_0007.jpg,1,0.63149458
1,data\calibration\lfw\lfw\Edmund_Stoiber\Edmund_Stoiber_0005.jpg,data\calibration\lfw\lfw\Edmund_Stoiber\Edmund_Stoiber_0007.jpg,1,0.66174763
1,data\calibration\lfw\lfw\Edmund_Stoiber\Edmund_Stoiber_0007.jpg,data\calibration\lfw\lfw\Edmund_Stoiber\Edmund_Stoiber_0012.jpg,1,0.52187645
1,data\calibration\lfw\lfw\Edmund_Stoiber\Edmund_Stoiber_0009.jpg,data\calibration\lfw\lfw\Edmund_Stoiber\Edmund_Stoiber_0011.jpg,1,0.70625126
1,data\calibration\lfw\lfw\Elinor_Caplan\Elinor_Caplan_0001.jpg,data\calibration\lfw\lfw\Elinor_Caplan\Elinor_Caplan_0002.jpg,1,0.78269011
1,data\calibration\lfw\lfw\Emmanuelle_Beart\Emmanuelle_Beart_0001.jpg,data\calibration\lfw\lfw\Emmanuelle_Beart\Emmanuelle_Beart_0002.jpg,1,0.72778392
1,data\calibration\lfw\lfw\Emmanuelle_Beart\Emmanuelle_Beart_0001.jpg,data\calibration\lfw\lfw\Emmanuelle_Beart\Emmanuelle_Beart_0003.jpg,1,0.82163531
1,data\calibration\lfw\lfw\Federico_Trillo\Federico_Trillo_0001.jpg,data\calibration\lfw\lfw\Federico_Trillo\Federico_Trillo_0002.jpg,1,0.68015671
1,data\calibration\lfw\lfw\Federico_Trillo\Federico_Trillo_0001.jpg,data\calibration\lfw\lfw\Federico_Trillo\Federico_Trillo_0003.jpg,1,0.58940279
1,data\calibration\lfw\lfw\Federico_Trillo\Federico_Trillo_0002.jpg,data\calibration\lfw\lfw\Federico_Trillo\Federico_Trillo_0003.jpg,1,0.80903566
1,data\calibration\lfw\lfw\Francis_Ford_Coppola\Francis_Ford_Coppola_0001.jpg,data\calibration\lfw\lfw\Francis_Ford_Coppola\Francis_Ford_Coppola_0002.jpg,1,0.70954239
1,data\calibration\lfw\lfw\Fred_Thompson\Fred_Thompson_0001.jpg,data\calibration\lfw\lfw\Fred_Thompson\Fred_Thompson_0002.jpg,1,0.64825010
1,data\calibration\lfw\lfw\Fred_Thompson\Fred_Thompson_0001.jpg,data\calibration\lfw\lfw\Fred_Thompson\Fred_Thompson_0003.jpg,1,0.65472585
1,data\calibration\lfw\lfw\Fred_Thompson\Fred_Thompson_0002.jpg,data\calibration\lfw\lfw\Fred_Thompson\Fred_Thompson_0003.jpg,1,0.75510120
1,data\calibration\lfw\lfw\Garry_Trudeau\Garry_Trudeau_0001.jpg,data\calibration\lfw\lfw\Garry_Trudeau\Garry_Trudeau_0002.jpg,1,0.71248126
1,data\calibration\lfw\lfw\Gary_Williams\Gary_Williams_0001.jpg,data\calibration\lfw\lfw\Gary_Williams\Gary_Williams_0002.jpg,1,0.64622468
1,data\calibration\lfw\lfw\Gene_Robinson\Gene_Robinson_0001.jpg,data\calibration\lfw\lfw\Gene_Robinson\Gene_Robinson_0002.jpg,1,0.76055580
1,data\calibration\lfw\lfw\Gene_Robinson\Gene_Robinson_0001.jpg,data\calibration\lfw\lfw\Gene_Robinson\Gene_Robinson_0003.jpg,1,0.66212076
1,data\calibration\lfw\lfw\Gene_Robinson\Gene_Robinson_0002.jpg,data\calibration\lfw\lfw\Gene_Robinson\Gene_Robinson_0003.jpg,1,0.70209450
1,data\calibration\lfw\lfw\George_Galloway\George_Galloway_0001.jpg,data\calibration\lfw\lfw\George_Galloway\George_Galloway_0003.jpg,1,0.59190589
1,data\calibration\lfw\lfw\George_Galloway\George_Galloway_0002.jpg,data\calibration\lfw\lfw\George_Galloway\George_Galloway_0003.jpg,1,0.82592666
1,data\calibration\lfw\lfw\George_Galloway\George_Galloway_0002.jpg,data\calibration\lfw\lfw\George_Galloway\George_Galloway_0004.jpg,1,0.63173139
1,data\calibration\lfw\lfw\Geraldine_Chaplin\Geraldine_Chaplin_0001.jpg,data\calibration\lfw\lfw\Geraldine_Chaplin\Geraldine_Chaplin_0002.jpg,1,0.78631288
1,data\calibration\lfw\lfw\Geraldine_Chaplin\Geraldine_Chaplin_0001.jpg,data\calibration\lfw\lfw\Geraldine_Chaplin\Geraldine_Chaplin_0004.jpg,1,0.69030505
1,data\calibration\lfw\lfw\Geraldine_Chaplin\Geraldine_Chaplin_0003.jpg,data\calibration\lfw\lfw\Geraldine_Chaplin\Geraldine_Chaplin_0004.jpg,1,0.84181517
1,data\calibration\lfw\lfw\Gerardo_Gambala\Gerardo_Gambala_0001.jpg,data\calibration\lfw\lfw\Gerardo_Gambala\Gerardo_Gambala_0002.jpg,1,0.74852753
1,data\calibration\lfw\lfw\Gian_Marco\Gian_Marco_0001.jpg,data\calibration\lfw\lfw\Gian_Marco\Gian_Marco_0002.jpg,1,0.71767515
1,data\calibration\lfw\lfw\Gian_Marco\Gian_Marco_0002.jpg,data\calibration\lfw\lfw\Gian_Marco\Gian_Marco_0003.jpg,1,0.61302263
1,data\calibration\lfw\lfw\Gillian_Anderson\Gillian_Anderson_0001.jpg,data\calibration\lfw\lfw\Gillian_Anderson\Gillian_Anderson_0002.jpg,1,0.52110362
1,data\calibration\lfw\lfw\Gordon_Brown\Gordon_Brown_0006.jpg,data\calibration\lfw\lfw\Gordon_Brown\Gordon_Brown_0009.jpg,1,0.70135361
1,data\calibration\lfw\lfw\Gordon_Brown\Gordon_Brown_0010.jpg,data\calibration\lfw\lfw\Gordon_Brown\Gordon_Brown_0013.jpg,1,0.69042802
1,data\calibration\lfw\lfw\Grant_Hackett\Grant_Hackett_0001.jpg,data\calibration\lfw\lfw\Grant_Hackett\Grant_Hackett_0002.jpg,1,0.80029714
1,data\calibration\lfw\lfw\Grant_Hackett\Grant_Hackett_0001.jpg,data\calibration\lfw\lfw\Grant_Hackett\Grant_Hackett_0003.jpg,1,0.80238569
1,data\calibration\lfw\lfw\Grant_Hackett\Grant_Hackett_0001.jpg,data\calibration\lfw\lfw\Grant_Hackett\Grant_Hackett_0005.jpg,1,0.73861349
1,data\calibration\lfw\lfw\Gray_Davis\Gray_Davis_0007.jpg,data\calibration\lfw\lfw\Gray_Davis\Gray_Davis_0022.jpg,1,0.73244250
1,data\calibration\lfw\lfw\Gray_Davis\Gray_Davis_0021.jpg,data\calibration\lfw\lfw\Gray_Davis\Gray_Davis_0026.jpg,1,0.67006135
1,data\calibration\lfw\lfw\Gregg_Popovich\Gregg_Popovich_0001.jpg,data\calibration\lfw\lfw\Gregg_Popovich\Gregg_Popovich_0005.jpg,1,0.71195871
1,data\calibration\lfw\lfw\Gregg_Popovich\Gregg_Popovich_0003.jpg,data\calibration\lfw\lfw\Gregg_Popovich\Gregg_Popovich_0004.jpg,1,-0.06560704
1,data\calibration\lfw\lfw\Guy_Ritchie\Guy_Ritchie_0001.jpg,data\calibration\lfw\lfw\Guy_Ritchie\Guy_Ritchie_0002.jpg,1,0.58206338
1,data\calibration\lfw\lfw\Hamzah_Haz\Hamzah_Haz_0001.jpg,data\calibration\lfw\lfw\Hamzah_Haz\Hamzah_Haz_0002.jpg,1,0.73794055
1,data\calibration\lfw\lfw\Harbhajan_Singh\Harbhajan_Singh_0001.jpg,data\calibration\lfw\lfw\Harbhajan_Singh\Harbhajan_Singh_0002.jpg,1,0.72199011
1,data\calibration\lfw\lfw\Hootie_Johnson\Hootie_Johnson_0001.jpg,data\calibration\lfw\lfw\Hootie_Johnson\Hootie_Johnson_0002.jpg,1,0.59507215
1,data\calibration\lfw\lfw\Hugo_Chavez\Hugo_Chavez_0002.jpg,data\calibration\lfw\lfw\Hugo_Chavez\Hugo_Chavez_0027.jpg,1,0.65165663
1,data\calibration\lfw\lfw\Hugo_Chavez\Hugo_Chavez_0027.jpg,data\calibration\lfw\lfw\Hugo_Chavez\Hugo_Chavez_0053.jpg,1,0.63759464
1,data\calibration\lfw\lfw\Hugo_Chavez\Hugo_Chavez_0036.jpg,data\calibration\lfw\lfw\Hugo_Chavez\Hugo_Chavez_0051.jpg,1,0.73247629
1,data\calibration\lfw\lfw\Hugo_Chavez\Hugo_Chavez_0041.jpg,data\calibration\lfw\lfw\Hugo_Chavez\Hugo_Chavez_0050.jpg,1,0.74578649
1,data\calibration\lfw\lfw\Hugo_Chavez\Hugo_Chavez_0045.jpg,data\calibration\lfw\lfw\Hugo_Chavez\Hugo_Chavez_0056.jpg,1,0.66728872
1,data\calibration\lfw\lfw\Isaiah_Washington\Isaiah_Washington_0001.jpg,data\calibration\lfw\lfw\Isaiah_Washington\Isaiah_Washington_0002.jpg,1,0.50636721
1,data\calibration\lfw\lfw\Jack_Grubman\Jack_Grubman_0001.jpg,data\calibration\lfw\lfw\Jack_Grubman\Jack_Grubman_0002.jpg,1,0.85515308
1,data\calibration\lfw\lfw\Jacques_Rogge\Jacques_Rogge_0001.jpg,data\calibration\lfw\lfw\Jacques_Rogge\Jacques_Rogge_0009.jpg,1,0.69216108
1,data\calibration\lfw\lfw\Jacques_Rogge\Jacques_Rogge_0003.jpg,data\calibration\lfw\lfw\Jacques_Rogge\Jacques_Rogge_0007.jpg,1,0.70362675
1,data\calibration\lfw\lfw\Jacques_Rogge\Jacques_Rogge_0003.jpg,data\calibration\lfw\lfw\Jacques_Rogge\Jacques_Rogge_0010.jpg,1,0.77099156
1,data\calibration\lfw\lfw\Jacques_Rogge\Jacques_Rogge_0004.jpg,data\calibration\lfw\lfw\Jacques_Rogge\Jacques_Rogge_0006.jpg,1,0.72410393
1,data\calibration\lfw\lfw\Jacques_Rogge\Jacques_Rogge_0004.jpg,data\calibration\lfw\lfw\Jacques_Rogge\Jacques_Rogge_0009.jpg,1,0.73592919
1,data\calibration\lfw\lfw\Jacques_Rogge\Jacques_Rogge_0005.jpg,data\calibration\lfw\lfw\Jacques_Rogge\Jacques_Rogge_0008.jpg,1,0.69668412
1,data\calibration\lfw\lfw\Jacques_Rogge\Jacques_Rogge_0006.jpg,data\calibration\lfw\lfw\Jacques_Rogge\Jacques_Rogge_0008.jpg,1,0.63216400
1,data\calibration\lfw\lfw\James_Caan\James_Caan_0001.jpg,data\calibration\lfw\lfw\James_Caan\James_Caan_0002.jpg,1,0.76871228
1,data\calibration\lfw\lfw\James_Caan\James_Caan_0001.jpg,data\calibration\lfw\lfw\James_Caan\James_Caan_0003.jpg,1,0.70589769
1,data\calibration\lfw\lfw\James_Caan\James_Caan_0002.jpg,data\calibration\lfw\lfw\James_Caan\James_Caan_0003.jpg,1,0.80607170
1,data\calibration\lfw\lfw\James_Jones\James_Jones_0001.jpg,data\calibration\lfw\lfw\James_Jones\James_Jones_0002.jpg,1,0.64200568
1,data\calibration\lfw\lfw\Jamling_Norgay\Jamling_Norgay_0001.jpg,data\calibration\lfw\lfw\Jamling_Norgay\Jamling_Norgay_0002.jpg,1,0.75168598
1,data\calibration\lfw\lfw\Janica_Kostelic\Janica_Kostelic_0001.jpg,data\calibration\lfw\lfw\Janica_Kostelic\Janica_Kostelic_0002.jpg,1,0.16626243
1,data\calibration\lfw\lfw\Jeanne_Moreau\Jeanne_Moreau_0001.jpg,data\calibration\lfw\lfw\Jeanne_Moreau\Jeanne_Moreau_0002.jpg,1,0.58075213
1,data\calibration\lfw\lfw\Jeffrey_Archer\Jeffrey_Archer_0001.jpg,data\calibration\lfw\lfw\Jeffrey_Archer\Jeffrey_Archer_0002.jpg,1,0.72617513
1,data\calibration\lfw\lfw\Jennifer_Garner\Jennifer_Garner_0001.jpg,data\calibration\lfw\lfw\Jennifer_Garner\Jennifer_Garner_0003.jpg,1,0.51413375
1,data\calibration\lfw\lfw\Jennifer_Garner\Jennifer_Garner_0004.jpg,data\calibration\lfw\lfw\Jennifer_Garner\Jennifer_Garner_0009.jpg,1,0.70648146
1,data\calibration\lfw\lfw\Jennifer_Garner\Jennifer_Garner_0005.jpg,data\calibration\lfw\lfw\Jennifer_Garner\Jennifer_Garner_0006.jpg,1,0.69370461
1,data\calibration\lfw\lfw\Jennifer_Garner\Jennifer_Garner_0005.jpg,data\calibration\lfw\lfw\Jennifer_Garner\Jennifer_Garner_0009.jpg,1,0.75765359
1,data\calibration\lfw\lfw\Jennifer_Garner\Jennifer_Garner_0007.jpg,data\calibration\lfw\lfw\Jennifer_Garner\Jennifer_Garner_0012.jpg,1,0.72563243
1,data\calibration\lfw\lfw\Jennifer_Garner\Jennifer_Garner_0008.jpg,data\calibration\lfw\lfw\Jennifer_Garner\Jennifer_Garner_0011.jpg,1,0.60266167
1,data\calibration\lfw\lfw\Jeremy_Greenstock\Jeremy_Greenstock_0002.jpg,data\calibration\lfw\lfw\Jeremy_Greenstock\Jeremy_Greenstock_0024.jpg,1,0.64928168
1,data\calibration\lfw\lfw\Jeremy_Greenstock\Jeremy_Greenstock_0003.jpg,data\calibration\lfw\lfw\Jeremy_Greenstock\Jeremy_Greenstock_0022.jpg,1,0.50292772
1,data\calibration\lfw\lfw\Jeremy_Greenstock\Jeremy_Greenstock_0005.jpg,data\calibration\lfw\lfw\Jeremy_Greenstock\Jeremy_Greenstock_0011.jpg,1,0.61927795
1,data\calibration\lfw\lfw\Jeremy_Greenstock\Jeremy_Greenstock_0010.jpg,data\calibration\lfw\lfw\Jeremy_Greenstock\Jeremy_Greenstock_0014.jpg,1,0.63327014
1,data\calibration\lfw\lfw\Jeremy_Greenstock\Jeremy_Greenstock_0017.jpg,data\calibration\lfw\lfw\Jeremy_Greenstock\Jeremy_Greenstock_0021.jpg,1,0.69220334
1,data\calibration\lfw\lfw\Jessica_Lange\Jessica_Lange_0001.jpg,data\calibration\lfw\lfw\Jessica_Lange\Jessica_Lange_0002.jpg,1,0.64380509
1,data\calibration\lfw\lfw\Jimmy_Carter\Jimmy_Carter_0001.jpg,data\calibration\lfw\lfw\Jimmy_Carter\Jimmy_Carter_0007.jpg,1,0.75737697
1,data\calibration\lfw\lfw\Jimmy_Carter\Jimmy_Carter_0004.jpg,data\calibration\lfw\lfw\Jimmy_Carter\Jimmy_Carter_0006.jpg,1,0.77403098
1,data\calibration\lfw\lfw\Jimmy_Carter\Jimmy_Carter_0005.jpg,data\calibration\lfw\lfw\Jimmy_Carter\Jimmy_Carter_0008.jpg,1,0.75834608
1,data\calibration\lfw\lfw\Jimmy_Carter\Jimmy_Carter_0006.jpg,data\calibration\lfw\lfw\Jimmy_Carter\Jimmy_Carter_0007.jpg,1,0.71331614
1,data\calibration\lfw\lfw\Jodie_Foster\Jodie_Foster_0001.jpg,data\calibration\lfw\lfw\Jodie_Foster\Jodie_Foster_0002.jpg,1,0.58047497
1,data\calibration\lfw\lfw\John_Manley\John_Manley_0001.jpg,data\calibration\lfw\lfw\John_Manley\John_Manley_0006.jpg,1,0.57450384
1,data\calibration\lfw\lfw\John_Manley\John_Manley_0002.jpg,data\calibration\lfw\lfw\John_Manley\John_Manley_0005.jpg,1,0.80898231
1,data\calibration\lfw\lfw\John_McCain\John_McCain_0002.jpg,data\calibration\lfw\lfw\John_McCain\John_McCain_0003.jpg,1,0.65366942
1,data\calibration\lfw\lfw\John_McCain\John_McCain_0003.jpg,data\calibration\lfw\lfw\John_McCain\John_McCain_0007.jpg,1,0.69745785
1,data\calibration\lfw\lfw\John_McCain\John_McCain_0006.jpg,data\calibration\lfw\lfw\John_McCain\John_McCain_0007.jpg,1,0.65729052
1,data\calibration\lfw\lfw\John_Snow\John_Snow_0003.jpg,data\calibration\lfw\lfw\John_Snow\John_Snow_0015.jpg,1,0.72556472
1,data\calibration\lfw\lfw\John_Snow\John_Snow_0004.jpg,data\calibration\lfw\lfw\John_Snow\John_Snow_0016.jpg,1,0.75742334
1,data\calibration\lfw\lfw\John_Snow\John_Snow_0009.jpg,data\calibration\lfw\lfw\John_Snow\John_Snow_0011.jpg,1,0.75736821
1,data\calibration\lfw\lfw\Johnson_Panjaitan\Johnson_Panjaitan_0001.jpg,data\calibration\lfw\lfw\Johnson_Panjaitan\Johnson_Panjaitan_0002.jpg,1,0.85639560
1,data\calibration\lfw\lfw\Jorge_Castaneda\Jorge_Castaneda_0001.jpg,data\calibration\lfw\lfw\Jorge_Castaneda\Jorge_Castaneda_0002.jpg,1,0.68335992
1,data\calibration\lfw\lfw\Jose_Serra\Jose_Serra_0001.jpg,data\calibration\lfw\lfw\Jose_Serra\Jose_Serra_0009.jpg,1,0.76475537
1,data\calibration\lfw\lfw\Jose_Serra\Jose_Serra_0002.jpg,data\calibration\lfw\lfw\Jose_Serra\Jose_Serra_0008.jpg,1,0.75226533
1,data\calibration\lfw\lfw\Jose_Serra\Jose_Serra_0003.jpg,data\calibration\lfw\lfw\Jose_Serra\Jose_Serra_0005.jpg,1,0.62644804
1,data\calibration\lfw\lfw\Jose_Serra\Jose_Serra_0003.jpg,data\calibration\lfw\lfw\Jose_Serra\Jose_Serra_0007.jpg,1,0.63828200
1,data\calibration\lfw\lfw\Jose_Serra\Jose_Serra_0006.jpg,data\calibration\lfw\lfw\Jose_Serra\Jose_Serra_0009.jpg,1,0.75807101
1,data\calibration\lfw\lfw\Jose_Theodore\Jose_Theodore_0001.jpg,data\calibration\lfw\lfw\Jose_Theodore\Jose_Theodore_0002.jpg,1,0.57485282
1,data\calibration\lfw\lfw\Joseph_Blatter\Joseph_Blatter_0001.jpg,data\calibration\lfw\lfw\Joseph_Blatter\Joseph_Blatter_0002.jpg,1,0.63251311
1,data\calibration\lfw\lfw\Joseph_Ralston\Joseph_Ralston_0001.jpg,data\calibration\lfw\lfw\Joseph_Ralston\Joseph_Ralston_0002.jpg,1,0.77199632
1,data\calibration\lfw\lfw\Juan_Pablo_Montoya\Juan_Pablo_Montoya_0001.jpg,data\calibration\lfw\lfw\Juan_Pablo_Montoya\Juan_Pablo_Montoya_0008.jpg,1,0.45060170
1,data\calibration\lfw\lfw\Juan_Pablo_Montoya\Juan_Pablo_Montoya_0002.jpg,data\calibration\lfw\lfw\Juan_Pablo_Montoya\Juan_Pablo_Montoya_0004.jpg,1,0.69353431
1,data\calibration\lfw\lfw\Juan_Pablo_Montoya\Juan_Pablo_Montoya_0004.jpg,data\calibration\lfw\lfw\Juan_Pablo_Montoya\Juan_Pablo_Montoya_0005.jpg,1,0.56703264
1,data\calibration\lfw\lfw\Julianna_Margulies\Julianna_Margulies_0001.jpg,data\calibration\lfw\lfw\Julianna_Margulies\Julianna_Margulies_0002.jpg,1,0.00263451
1,data\calibration\lfw\lfw\Justin_Guarini\Justin_Guarini_0001.jpg,data\calibration\lfw\lfw\Justin_Guarini\Justin_Guarini_0002.jpg,1,0.53618819
1,data\calibration\lfw\lfw\Justin_Guarini\Justin_Guarini_0002.jpg,data\calibration\lfw\lfw\Justin_Guarini\Justin_Guarini_0003.jpg,1,0.74496394
1,data\calibration\lfw\lfw\Justine_Henin\Justine_Henin_0002.jpg,data\calibration\lfw\lfw\Justine_Henin\Justine_Henin_0003.jpg,1,0.60686201
1,data\calibration\lfw\lfw\Kate_Winslet\Kate_Winslet_0001.jpg,data\calibration\lfw\lfw\Kate_Winslet\Kate_Winslet_0002.jpg,1,0.03010058
1,data\calibration\lfw\lfw\Kate_Winslet\Kate_Winslet_0001.jpg,data\calibration\lfw\lfw\Kate_Winslet\Kate_Winslet_0004.jpg,1,0.59891766
1,data\calibration\lfw\lfw\Kate_Winslet\Kate_Winslet_0002.jpg,data\calibration\lfw\lfw\Kate_Winslet\Kate_Winslet_0003.jpg,1,0.01670275
1,data\calibration\lfw\lfw\Kate_Winslet\Kate_Winslet_0002.jpg,data\calibration\lfw\lfw\Kate_Winslet\Kate_Winslet_0004.jpg,1,0.02323537
1,data\calibration\lfw\lfw\Kathy_Winters\Kathy_Winters_0001.jpg,data\calibration\lfw\lfw\Kathy_Winters\Kathy_Winters_0002.jpg,1,0.87590235
1,data\calibration\lfw\lfw\Kelvin_Sampson\Kelvin_Sampson_0001.jpg,data\calibration\lfw\lfw\Kelvin_Sampson\Kelvin_Sampson_0002.jpg,1,0.77341026
1,data\calibration\lfw\lfw\Kevin_Stallings\Kevin_Stallings_0001.jpg,data\calibration\lfw\lfw\Kevin_Stallings\Kevin_Stallings_0002.jpg,1,0.74218339
1,data\calibration\lfw\lfw\Kim_Jong-Il\Kim_Jong-Il_0002.jpg,data\calibration\lfw\lfw\Kim_Jong-Il\Kim_Jong-Il_0003.jpg,1,0.79859000
1,data\calibration\lfw\lfw\Kristin_Davis\Kristin_Davis_0001.jpg,data\calibration\lfw\lfw\Kristin_Davis\Kristin_Davis_0002.jpg,1,0.86186087
1,data\calibration\lfw\lfw\Kristin_Davis\Kristin_Davis_0002.jpg,data\calibration\lfw\lfw\Kristin_Davis\Kristin_Davis_0003.jpg,1,0.75324774
1,data\calibration\lfw\lfw\Lance_Armstrong\Lance_Armstrong_0001.jpg,data\calibration\lfw\lfw\Lance_Armstrong\Lance_Armstrong_0017.jpg,1,0.68436539
1,data\calibration\lfw\lfw\Lance_Armstrong\Lance_Armstrong_0005.jpg,data\calibration\lfw\lfw\Lance_Armstrong\Lance_Armstrong_0010.jpg,1,0.56255037
1,data\calibration\lfw\lfw\Lance_Armstrong\Lance_Armstrong_0007.jpg,data\calibration\lfw\lfw\Lance_Armstrong\Lance_Armstrong_0011.jpg,1,0.58512092
1,data\calibration\lfw\lfw\Lance_Armstrong\Lance_Armstrong_0010.jpg,data\calibration\lfw\lfw\Lance_Armstrong\Lance_Armstrong_0018.jpg,1,0.64531666
1,data\calibration\lfw\lfw\Lance_Armstrong\Lance_Armstrong_0014.jpg,data\calibration\lfw\lfw\Lance_Armstrong\Lance_Armstrong_0017.jpg,1,0.53339261
1,data\calibration\lfw\lfw\Laurent_Jalabert\Laurent_Jalabert_0001.jpg,data\calibration\lfw\lfw\Laurent_Jalabert\Laurent_Jalabert_0002.jpg,1,0.80082607
1,data\calibration\lfw\lfw\Lindsey_Graham\Lindsey_Graham_0001.jpg,data\calibration\lfw\lfw\Lindsey_Graham\Lindsey_Graham_0002.jpg,1,0.70641708
1,data\calibration\lfw\lfw\Lisa_Gottsegen\Lisa_Gottsegen_0001.jpg,data\calibration\lfw\lfw\Lisa_Gottsegen\Lisa_Gottsegen_0002.jpg,1,0.18367459
1,data\calibration\lfw\lfw\Lleyton_Hewitt\Lleyton_Hewitt_0001.jpg,data\calibration\lfw\lfw\Lleyton_Hewitt\Lleyton_Hewitt_0013.jpg,1,0.74079806
1,data\calibration\lfw\lfw\Lleyton_Hewitt\Lleyton_Hewitt_0016.jpg,data\calibration\lfw\lfw\Lleyton_Hewitt\Lleyton_Hewitt_0027.jpg,1,0.81512219
1,data\calibration\lfw\lfw\Lleyton_Hewitt\Lleyton_Hewitt_0018.jpg,data\calibration\lfw\lfw\Lleyton_Hewitt\Lleyton_Hewitt_0037.jpg,1,0.65070117
1,data\calibration\lfw\lfw\Lleyton_Hewitt\Lleyton_Hewitt_0024.jpg,data\calibration\lfw\lfw\Lleyton_Hewitt\Lleyton_Hewitt_0036.jpg,1,0.69204450
1,data\calibration\lfw\lfw\Luis_Ernesto_Derbez_Bautista\Luis_Ernesto_Derbez_Bautista_0003.jpg,data\calibration\lfw\lfw\Luis_Ernesto_Derbez_Bautista\Luis_Ernesto_Derbez_Bautista_0006.jpg,1,0.65118200
1,data\calibration\lfw\lfw\Mario_Dumont\Mario_Dumont_0001.jpg,data\calibration\lfw\lfw\Mario_Dumont\Mario_Dumont_0002.jpg,1,0.56354642
1,data\calibration\lfw\lfw\Mark_Wahlberg\Mark_Wahlberg_0001.jpg,data\calibration\lfw\lfw\Mark_Wahlberg\Mark_Wahlberg_0003.jpg,1,0.50526237
1,data\calibration\lfw\lfw\Mark_Wahlberg\Mark_Wahlberg_0002.jpg,data\calibration\lfw\lfw\Mark_Wahlberg\Mark_Wahlberg_0003.jpg,1,0.70067692
1,data\calibration\lfw\lfw\Mark_Wahlberg\Mark_Wahlberg_0002.jpg,data\calibration\lfw\lfw\Mark_Wahlberg\Mark_Wahlberg_0004.jpg,1,0.74765182
1,data\calibration\lfw\lfw\Marlene_Weingartner\Marlene_Weingartner_0001.jpg,data\calibration\lfw\lfw\Marlene_Weingartner\Marlene_Weingartner_0002.jpg,1,0.48310453
1,data\calibration\lfw\lfw\Martha_Bowen\Martha_Bowen_0001.jpg,data\calibration\lfw\lfw\Martha_Bowen\Martha_Bowen_0002.jpg,1,0.15697357
1,data\calibration\lfw\lfw\Martin_Cauchon\Martin_Cauchon_0001.jpg,data\calibration\lfw\lfw\Martin_Cauchon\Martin_Cauchon_0002.jpg,1,0.80678320
1,data\calibration\lfw\lfw\Martin_Hoellwarth\Martin_Hoellwarth_0001.jpg,data\calibration\lfw\lfw\Martin_Hoellwarth\Martin_Hoellwarth_0002.jpg,1,0.59800953
1,data\calibration\lfw\lfw\Martin_Sheen\Martin_Sheen_0001.jpg,data\calibration\lfw\lfw\Martin_Sheen\Martin_Sheen_0002.jpg,1,0.73068976
1,data\calibration\lfw\lfw\Matthew_Broderick\Matthew_Broderick_0001.jpg,data\calibration\lfw\lfw\Matthew_Broderick\Matthew_Broderick_0004.jpg,1,0.52066988
1,data\calibration\lfw\lfw\Matthew_Broderick\Matthew_Broderick_0002.jpg,data\calibration\lfw\lfw\Matthew_Broderick\Matthew_Broderick_0003.jpg,1,0.62618911
1,data\calibration\lfw\lfw\Mike_Krzyzewski\Mike_Krzyzewski_0001.jpg,data\calibration\lfw\lfw\Mike_Krzyzewski\Mike_Krzyzewski_0006.jpg,1,0.71680349
1,data\calibration\lfw\lfw\Mikhail_Gorbachev\Mikhail_Gorbachev_0001.jpg,data\calibration\lfw\lfw\Mikhail_Gorbachev\Mikhail_Gorbachev_0002.jpg,1,0.69492000
1,data\calibration\lfw\lfw\Monica_Bellucci\Monica_Bellucci_0001.jpg,data\calibration\lfw\lfw\Monica_Bellucci\Monica_Bellucci_0004.jpg,1,0.10430980
1,data\calibration\lfw\lfw\Monica_Bellucci\Monica_Bellucci_0002.jpg,data\calibration\lfw\lfw\Monica_Bellucci\Monica_Bellucci_0004.jpg,1,0.07564000
1,data\calibration\lfw\lfw\Naomi_Campbell\Naomi_Campbell_0001.jpg,data\calibration\lfw\lfw\Naomi_Campbell\Naomi_Campbell_0002.jpg,1,0.68146551
1,data\calibration\lfw\lfw\Nestor_Kirchner\Nestor_Kirchner_0003.jpg,data\calibration\lfw\lfw\Nestor_Kirchner\Nestor_Kirchner_0030.jpg,1,0.67229730
1,data\calibration\lfw\lfw\Nestor_Kirchner\Nestor_Kirchner_0012.jpg,data\calibration\lfw\lfw\Nestor_Kirchner\Nestor_Kirchner_0021.jpg,1,0.76568276
1,data\calibration\lfw\lfw\Nestor_Kirchner\Nestor_Kirchner_0017.jpg,data\calibration\lfw\lfw\Nestor_Kirchner\Nestor_Kirchner_0025.jpg,1,0.72548288
1,data\calibration\lfw\lfw\Nicolas_Lapentti\Nicolas_Lapentti_0001.jpg,data\calibration\lfw\lfw\Nicolas_Lapentti\Nicolas_Lapentti_0002.jpg,1,0.71641010
1,data\calibration\lfw\lfw\Noah_Wyle\Noah_Wyle_0002.jpg,data\calibration\lfw\lfw\Noah_Wyle\Noah_Wyle_0003.jpg,1,0.72093594
1,data\calibration\lfw\lfw\Nora_Bendijo\Nora_Bendijo_0001.jpg,data\calibration\lfw\lfw\Nora_Bendijo\Nora_Bendijo_0002.jpg,1,0.25533372
1,data\calibration\lfw\lfw\Nursultan_Nazarbayev\Nursultan_Nazarbayev_0001.jpg,data\calibration\lfw\lfw\Nursultan_Nazarbayev\Nursultan_Nazarbayev_0002.jpg,1,0.58104950
1,data\calibration\lfw\lfw\Pamela_Anderson\Pamela_Anderson_0001.jpg,data\calibration\lfw\lfw\Pamela_Anderson\Pamela_Anderson_0002.jpg,1,0.56129926
1,data\calibration\lfw\lfw\Pamela_Anderson\Pamela_Anderson_0001.jpg,data\calibration\lfw\lfw\Pamela_Anderson\Pamela_Anderson_0005.jpg,1,0.00042292
1,data\calibration\lfw\lfw\Patricia_Heaton\Patricia_Heaton_0001.jpg,data\calibration\lfw\lfw\Patricia_Heaton\Patricia_Heaton_0002.jpg,1,0.68751943
1,data\calibration\lfw\lfw\Patty_Schnyder\Patty_Schnyder_0001.jpg,data\calibration\lfw\lfw\Patty_Schnyder\Patty_Schnyder_0002.jpg,1,0.58308011
1,data\calibration\lfw\lfw\Patty_Schnyder\Patty_Schnyder_0002.jpg,data\calibration\lfw\lfw\Patty_Schnyder\Patty_Schnyder_0003.jpg,1,0.55357409
1,data\calibration\lfw\lfw\Patty_Schnyder\Patty_Schnyder_0002.jpg,data\calibration\lfw\lfw\Patty_Schnyder\Patty_Schnyder_0004.jpg,1,0.73502195
1,data\calibration\lfw\lfw\Patty_Schnyder\Patty_Schnyder_0003.jpg,data\calibration\lfw\lfw\Patty_Schnyder\Patty_Schnyder_0004.jpg,1,0.57492799
1,data\calibration\lfw\lfw\Paul_Bremer\Paul_Bremer_0006.jpg,data\calibration\lfw\lfw\Paul_Bremer\Paul_Bremer_0017.jpg,1,0.70062226
1,data\calibration\lfw\lfw\Paul_Bremer\Paul_Bremer_0007.jpg,data\calibration\lfw\lfw\Paul_Bremer\Paul_Bremer_0010.jpg,1,0.77705830
1,data\calibration\lfw\lfw\Paul_Bremer\Paul_Bremer_0009.jpg,data\calibration\lfw\lfw\Paul_Bremer\Paul_Bremer_0015.jpg,1,0.74109578
1,data\calibration\lfw\lfw\Paul_Bremer\Paul_Bremer_0014.jpg,data\calibration\lfw\lfw\Paul_Bremer\Paul_Bremer_0016.jpg,1,0.65713185
1,data\calibration\lfw\lfw\Paul_Sarbanes\Paul_Sarbanes_0001.jpg,data\calibration\lfw\lfw\Paul_Sarbanes\Paul_Sarbanes_0003.jpg,1,0.66197395
1,data\calibration\lfw\lfw\Paul_Sarbanes\Paul_Sarbanes_0002.jpg,data\calibration\lfw\lfw\Paul_Sarbanes\Paul_Sarbanes_0003.jpg,1,-0.02092524
1,data\calibration\lfw\lfw\Paul_William_Hurley\Paul_William_Hurley_0001.jpg,data\calibration\lfw\lfw\Paul_William_Hurley\Paul_William_Hurley_0002.jpg,1,0.77838224
1,data\calibration\lfw\lfw\Pervez_Musharraf\Pervez_Musharraf_0001.jpg,data\calibration\lfw\lfw\Pervez_Musharraf\Pervez_Musharraf_0006.jpg,1,0.72093862
1,data\calibration\lfw\lfw\Pervez_Musharraf\Pervez_Musharraf_0002.jpg,data\calibration\lfw\lfw\Pervez_Musharraf\Pervez_Musharraf_0016.jpg,1,0.75502801
1,data\calibration\lfw\lfw\Pervez_Musharraf\Pervez_Musharraf_0003.jpg,data\calibration\lfw\lfw\Pervez_Musharraf\Pervez_Musharraf_0010.jpg,1,0.79109085
1,data\calibration\lfw\lfw\Pervez_Musharraf\Pervez_Musharraf_0004.jpg,data\calibration\lfw\lfw\Pervez_Musharraf\Pervez_Musharraf_0014.jpg,1,0.73931295
1,data\calibration\lfw\lfw\Pervez_Musharraf\Pervez_Musharraf_0005.jpg,data\calibration\lfw\lfw\Pervez_Musharraf\Pervez_Musharraf_0007.jpg,1,0.60476512
1,data\calibration\lfw\lfw\Pervez_Musharraf\Pervez_Musharraf_0005.jpg,data\calibration\lfw\lfw\Pervez_Musharraf\Pervez_Musharraf_0015.jpg,1,0.69145268
1,data\calibration\lfw\lfw\Phil_Gramm\Phil_Gramm_0001.jpg,data\calibration\lfw\lfw\Phil_Gramm\Phil_Gramm_0002.jpg,1,0.62669826
1,data\calibration\lfw\lfw\Prince_Edward\Prince_Edward_0001.jpg,data\calibration\lfw\lfw\Prince_Edward\Prince_Edward_0002.jpg,1,0.62895095
1,data\calibration\lfw\lfw\Ricardo_Lagos\Ricardo_Lagos_0003.jpg,data\calibration\lfw\lfw\Ricardo_Lagos\Ricardo_Lagos_0012.jpg,1,0.78905362
1,data\calibration\lfw\lfw\Ricardo_Lagos\Ricardo_Lagos_0023.jpg,data\calibration\lfw\lfw\Ricardo_Lagos\Ricardo_Lagos_0027.jpg,1,0.75331062
1,data\calibration\lfw\lfw\Ricardo_Monasterio\Ricardo_Monasterio_0001.jpg,data\calibration\lfw\lfw\Ricardo_Monasterio\Ricardo_Monasterio_0002.jpg,1,0.75911415
1,data\calibration\lfw\lfw\Rich_Gannon\Rich_Gannon_0001.jpg,data\calibration\lfw\lfw\Rich_Gannon\Rich_Gannon_0002.jpg,1,0.79869682
1,data\calibration\lfw\lfw\Rick_Perry\Rick_Perry_0001.jpg,data\calibration\lfw\lfw\Rick_Perry\Rick_Perry_0004.jpg,1,0.72771537
1,data\calibration\lfw\lfw\Rick_Perry\Rick_Perry_0001.jpg,data\calibration\lfw\lfw\Rick_Perry\Rick_Perry_0005.jpg,1,0.67043966
1,data\calibration\lfw\lfw\Rick_Perry\Rick_Perry_0002.jpg,data\calibration\lfw\lfw\Rick_Perry\Rick_Perry_0004.jpg,1,0.70568907
1,data\calibration\lfw\lfw\Rick_Perry\Rick_Perry_0003.jpg,data\calibration\lfw\lfw\Rick_Perry\Rick_Perry_0004.jpg,1,0.85768420
1,data\calibration\lfw\lfw\Robert_Bonner\Robert_Bonner_0002.jpg,data\calibration\lfw\lfw\Robert_Bonner\Robert_Bonner_0003.jpg,1,0.72130603
1,data\calibration\lfw\lfw\Robert_Evans\Robert_Evans_0002.jpg,data\calibration\lfw\lfw\Robert_Evans\Robert_Evans_0003.jpg,1,0.64079213
1,data\calibration\lfw\lfw\Robert_Fico\Robert_Fico_0001.jpg,data\calibration\lfw\lfw\Robert_Fico\Robert_Fico_0002.jpg,1,0.79928303
1,data\calibration\lfw\lfw\Romano_Prodi\Romano_Prodi_0003.jpg,data\calibration\lfw\lfw\Romano_Prodi\Romano_Prodi_0005.jpg,1,0.53886801
1,data\calibration\lfw\lfw\Roy_Moore\Roy_Moore_0002.jpg,data\calibration\lfw\lfw\Roy_Moore\Roy_Moore_0005.jpg,1,0.71393257
1,data\calibration\lfw\lfw\Roy_Moore\Roy_Moore_0003.jpg,data\calibration\lfw\lfw\Roy_Moore\Roy_Moore_0006.jpg,1,0.61235112
1,data\calibration\lfw\lfw\Sachiko_Yamada\Sachiko_Yamada_0001.jpg,data\calibration\lfw\lfw\Sachiko_Yamada\Sachiko_Yamada_0002.jpg,1,0.67549062
1,data\calibration\lfw\lfw\Sachiko_Yamada\Sachiko_Yamada_0001.jpg,data\calibration\lfw\lfw\Sachiko_Yamada\Sachiko_Yamada_0004.jpg,1,0.57076645
1,data\calibration\lfw\lfw\Sachiko_Yamada\Sachiko_Yamada_0002.jpg,data\calibration\lfw\lfw\Sachiko_Yamada\Sachiko_Yamada_0003.jpg,1,0.72989732
1,data\calibration\lfw\lfw\Sachiko_Yamada\Sachiko_Yamada_0002.jpg,data\calibration\lfw\lfw\Sachiko_Yamada\Sachiko_Yamada_0004.jpg,1,0.54858786
1,data\calibration\lfw\lfw\Saeb_Erekat\Saeb_Erekat_0001.jpg,data\calibration\lfw\lfw\Saeb_Erekat\Saeb_Erekat_0002.jpg,1,-0.03252682
1,data\calibration\lfw\lfw\Sam_Bith\Sam_Bith_0001.jpg,data\calibration\lfw\lfw\Sam_Bith\Sam_Bith_0002.jpg,1,0.76013482
1,data\calibration\lfw\lfw\Sam_Bith\Sam_Bith_0001.jpg,data\calibration\lfw\lfw\Sam_Bith\Sam_Bith_0003.jpg,1,0.64312744
1,data\calibration\lfw\lfw\Sam_Bith\Sam_Bith_0002.jpg,data\calibration\lfw\lfw\Sam_Bith\Sam_Bith_0003.jpg,1,0.60661411
1,data\calibration\lfw\lfw\Sean_Hayes\Sean_Hayes_0001.jpg,data\calibration\lfw\lfw\Sean_Hayes\Sean_Hayes_0002.jpg,1,0.81042194
1,data\calibration\lfw\lfw\Sergio_Garcia\Sergio_Garcia_0001.jpg,data\calibration\lfw\lfw\Sergio_Garcia\Sergio_Garcia_0002.jpg,1,0.70816404
1,data\calibration\lfw\lfw\Silvia_Farina_Elia\Silvia_Farina_Elia_0001.jpg,data\calibration\lfw\lfw\Silvia_Farina_Elia\Silvia_Farina_Elia_0002.jpg,1,0.72678208
1,data\calibration\lfw\lfw\Steve_Ballmer\Steve_Ballmer_0001.jpg,data\calibration\lfw\lfw\Steve_Ballmer\Steve_Ballmer_0002.jpg,1,0.65944493
1,data\calibration\lfw\lfw\Steve_Ballmer\Steve_Ballmer_0001.jpg,data\calibration\lfw\lfw\Steve_Ballmer\Steve_Ballmer_0003.jpg,1,0.67164791
1,data\calibration\lfw\lfw\Stockard_Channing\Stockard_Channing_0001.jpg,data\calibration\lfw\lfw\Stockard_Channing\Stockard_Channing_0003.jpg,1,0.64346355
1,data\calibration\lfw\lfw\Stockard_Channing\Stockard_Channing_0002.jpg,data\calibration\lfw\lfw\Stockard_Channing\Stockard_Channing_0003.jpg,1,0.60359830
1,data\calibration\lfw\lfw\Terry_McAuliffe\Terry_McAuliffe_0001.jpg,data\calibration\lfw\lfw\Terry_McAuliffe\Terry_McAuliffe_0002.jpg,1,0.60963333
1,data\calibration\lfw\lfw\Terry_McAuliffe\Terry_McAuliffe_0001.jpg,data\calibration\lfw\lfw\Terry_McAuliffe\Terry_McAuliffe_0003.jpg,1,0.70789021
1,data\calibration\lfw\lfw\Thomas_Rupprath\Thomas_Rupprath_0001.jpg,data\calibration\lfw\lfw\Thomas_Rupprath\Thomas_Rupprath_0003.jpg,1,0.47900769
1,data\calibration\lfw\lfw\Thomas_Rupprath\Thomas_Rupprath_0002.jpg,data\calibration\lfw\lfw\Thomas_Rupprath\Thomas_Rupprath_0003.jpg,1,0.63945109
1,data\calibration\lfw\lfw\Tom_Ridge\Tom_Ridge_0006.jpg,data\calibration\lfw\lfw\Tom_Ridge\Tom_Ridge_0016.jpg,1,0.63284189
1,data\calibration\lfw\lfw\Tom_Ridge\Tom_Ridge_0008.jpg,data\calibration\lfw\lfw\Tom_Ridge\Tom_Ridge_0025.jpg,1,0.62534451
1,data\calibration\lfw\lfw\Tom_Ridge\Tom_Ridge_0009.jpg,data\calibration\lfw\lfw\Tom_Ridge\Tom_Ridge_0026.jpg,1,0.65512955
1,data\calibration\lfw\lfw\Tom_Ridge\Tom_Ridge_0018.jpg,data\calibration\lfw\lfw\Tom_Ridge\Tom_Ridge_0022.jpg,1,0.78095418
1,data\calibration\lfw\lfw\Tommy_Haas\Tommy_Haas_0004.jpg,data\calibration\lfw\lfw\Tommy_Haas\Tommy_Haas_0005.jpg,1,0.62372822
1,data\calibration\lfw\lfw\Tommy_Thompson\Tommy_Thompson_0001.jpg,data\calibration\lfw\lfw\Tommy_Thompson\Tommy_Thompson_0002.jpg,1,0.62604660
1,data\calibration\lfw\lfw\Tommy_Thompson\Tommy_Thompson_0001.jpg,data\calibration\lfw\lfw\Tommy_Thompson\Tommy_Thompson_0007.jpg,1,0.64509839
1,data\calibration\lfw\lfw\Tommy_Thompson\Tommy_Thompson_0002.jpg,data\calibration\lfw\lfw\Tommy_Thompson\Tommy_Thompson_0008.jpg,1,0.78033745
1,data\calibration\lfw\lfw\Tommy_Thompson\Tommy_Thompson_0004.jpg,data\calibration\lfw\lfw\Tommy_Thompson\Tommy_Thompson_0008.jpg,1,0.79821450
1,data\calibration\lfw\lfw\Tommy_Thompson\Tommy_Thompson_0006.jpg,data\calibration\lfw\lfw\Tommy_Thompson\Tommy_Thompson_0009.jpg,1,0.72943121
1,data\calibration\lfw\lfw\Tomoko_Hagiwara\Tomoko_Hagiwara_0001.jpg,data\calibration\lfw\lfw\Tomoko_Hagiwara\Tomoko_Hagiwara_0002.jpg,1,0.66722971
1,data\calibration\lfw\lfw\Trent_Lott\Trent_Lott_0001.jpg,data\calibration\lfw\lfw\Trent_Lott\Trent_Lott_0002.jpg,1,0.68720901
1,data\calibration\lfw\lfw\Trent_Lott\Trent_Lott_0002.jpg,data\calibration\lfw\lfw\Trent_Lott\Trent_Lott_0003.jpg,1,0.65939057
1,data\calibration\lfw\lfw\Trent_Lott\Trent_Lott_0002.jpg,data\calibration\lfw\lfw\Trent_Lott\Trent_Lott_0008.jpg,1,0.69386095
1,data\calibration\lfw\lfw\Trent_Lott\Trent_Lott_0006.jpg,data\calibration\lfw\lfw\Trent_Lott\Trent_Lott_0011.jpg,1,0.70829850
1,data\calibration\lfw\lfw\Trent_Lott\Trent_Lott_0007.jpg,data\calibration\lfw\lfw\Trent_Lott\Trent_Lott_0010.jpg,1,0.69512260
1,data\calibration\lfw\lfw\Trent_Lott\Trent_Lott_0008.jpg,data\calibration\lfw\lfw\Trent_Lott\Trent_Lott_0016.jpg,1,0.66822410
1,data\calibration\lfw\lfw\Tsutomu_Takebe\Tsutomu_Takebe_0001.jpg,data\calibration\lfw\lfw\Tsutomu_Takebe\Tsutomu_Takebe_0002.jpg,1,0.76869094
1,data\calibration\lfw\lfw\Tyler_Hamilton\Tyler_Hamilton_0001.jpg,data\calibration\lfw\lfw\Tyler_Hamilton\Tyler_Hamilton_0002.jpg,1,0.56820691
1,data\calibration\lfw\lfw\Tyra_Banks\Tyra_Banks_0001.jpg,data\calibration\lfw\lfw\Tyra_Banks\Tyra_Banks_0002.jpg,1,0.71258569
1,data\calibration\lfw\lfw\Vaclav_Havel\Vaclav_Havel_0002.jpg,data\calibration\lfw\lfw\Vaclav_Havel\Vaclav_Havel_0004.jpg,1,0.66687310
1,data\calibration\lfw\lfw\Vaclav_Havel\Vaclav_Havel_0002.jpg,data\calibration\lfw\lfw\Vaclav_Havel\Vaclav_Havel_0005.jpg,1,0.66401738
1,data\calibration\lfw\lfw\Vaclav_Havel\Vaclav_Havel_0002.jpg,data\calibration\lfw\lfw\Vaclav_Havel\Vaclav_Havel_0006.jpg,1,0.68973517
1,data\calibration\lfw\lfw\Vaclav_Havel\Vaclav_Havel_0004.jpg,data\calibration\lfw\lfw\Vaclav_Havel\Vaclav_Havel_0009.jpg,1,0.75373518
1,data\calibration\lfw\lfw\Vaclav_Havel\Vaclav_Havel_0005.jpg,data\calibration\lfw\lfw\Vaclav_Havel\Vaclav_Havel_0007.jpg,1,0.78707427
1,data\calibration\lfw\lfw\Valerie_Harper\Valerie_Harper_0001.jpg,data\calibration\lfw\lfw\Valerie_Harper\Valerie_Harper_0002.jpg,1,0.66322887
1,data\calibration\lfw\lfw\Vince_Carter\Vince_Carter_0003.jpg,data\calibration\lfw\lfw\Vince_Carter\Vince_Carter_0004.jpg,1,0.68050188
1,data\calibration\lfw\lfw\Vincent_Brooks\Vincent_Brooks_0002.jpg,data\calibration\lfw\lfw\Vincent_Brooks\Vincent_Brooks_0003.jpg,1,0.84212625
1,data\calibration\lfw\lfw\Vincent_Brooks\Vincent_Brooks_0002.jpg,data\calibration\lfw\lfw\Vincent_Brooks\Vincent_Brooks_0007.jpg,1,0.82180607
1,data\calibration\lfw\lfw\Vincent_Brooks\Vincent_Brooks_0004.jpg,data\calibration\lfw\lfw\Vincent_Brooks\Vincent_Brooks_0005.jpg,1,0.80741274
1,data\calibration\lfw\lfw\Vincent_Brooks\Vincent_Brooks_0004.jpg,data\calibration\lfw\lfw\Vincent_Brooks\Vincent_Brooks_0007.jpg,1,0.74399143
1,data\calibration\lfw\lfw\Vincent_Gallo\Vincent_Gallo_0001.jpg,data\calibration\lfw\lfw\Vincent_Gallo\Vincent_Gallo_0002.jpg,1,0.81303388
1,data\calibration\lfw\lfw\Vitali_Klitschko\Vitali_Klitschko_0001.jpg,data\calibration\lfw\lfw\Vitali_Klitschko\Vitali_Klitschko_0002.jpg,1,0.53782308
1,data\calibration\lfw\lfw\Vitali_Klitschko\Vitali_Klitschko_0003.jpg,data\calibration\lfw\lfw\Vitali_Klitschko\Vitali_Klitschko_0004.jpg,1,0.53853577
1,data\calibration\lfw\lfw\William_Macy\William_Macy_0001.jpg,data\calibration\lfw\lfw\William_Macy\William_Macy_0004.jpg,1,0.73759598
1,data\calibration\lfw\lfw\William_Macy\William_Macy_0002.jpg,data\calibration\lfw\lfw\William_Macy\William_Macy_0004.jpg,1,0.56910759
1,data\calibration\lfw\lfw\William_Macy\William_Macy_0003.jpg,data\calibration\lfw\lfw\William_Macy\William_Macy_0004.jpg,1,0.89963347
1,data\calibration\lfw\lfw\Woody_Allen\Woody_Allen_0002.jpg,data\calibration\lfw\lfw\Woody_Allen\Woody_Allen_0004.jpg,1,0.59308201
1,data\calibration\lfw\lfw\Woody_Allen\Woody_Allen_0003.jpg,data\calibration\lfw\lfw\Woody_Allen\Woody_Allen_0005.jpg,1,0.65841144
1,data\calibration\lfw\lfw\Yukiko_Okudo\Yukiko_Okudo_0001.jpg,data\calibration\lfw\lfw\Yukiko_Okudo\Yukiko_Okudo_0002.jpg,1,0.39328146
1,data\calibration\lfw\lfw\Zico\Zico_0001.jpg,data\calibration\lfw\lfw\Zico\Zico_0002.jpg,1,0.79820764
1,data\calibration\lfw\lfw\Zico\Zico_0002.jpg,data\calibration\lfw\lfw\Zico\Zico_0003.jpg,1,0.81501019
1,data\calibration\lfw\lfw\Abdel_Madi_Shabneh\Abdel_Madi_Shabneh_0001.jpg,data\calibration\lfw\lfw\Dean_Barker\Dean_Barker_0001.jpg,0,0.07332977
1,data\calibration\lfw\lfw\Abdel_Madi_Shabneh\Abdel_Madi_Shabneh_0001.jpg,data\calibration\lfw\lfw\Giancarlo_Fisichella\Giancarlo_Fisichella_0001.jpg,0,-0.03238386
1,data\calibration\lfw\lfw\Abdel_Madi_Shabneh\Abdel_Madi_Shabneh_0001.jpg,data\calibration\lfw\lfw\Mikhail_Gorbachev\Mikhail_Gorbachev_0001.jpg,0,-0.07888878
1,data\calibration\lfw\lfw\Abdul_Rahman\Abdul_Rahman_0001.jpg,data\calibration\lfw\lfw\Portia_de_Rossi\Portia_de_Rossi_0001.jpg,0,0.02212005
1,data\calibration\lfw\lfw\Abel_Pacheco\Abel_Pacheco_0001.jpg,data\calibration\lfw\lfw\Jong_Thae_Hwa\Jong_Thae_Hwa_0002.jpg,0,0.08130021
1,data\calibration\lfw\lfw\Abel_Pacheco\Abel_Pacheco_0002.jpg,data\calibration\lfw\lfw\Jean-Francois_Lemounier\Jean-Francois_Lemounier_0001.jpg,0,-0.11299970
1,data\calibration\lfw\lfw\Afton_Smith\Afton_Smith_0001.jpg,data\calibration\lfw\lfw\Dwayne_Wade\Dwayne_Wade_0001.jpg,0,0.05732737
1,data\calibration\lfw\lfw\Ahmad_Jbarah\Ahmad_Jbarah_0001.jpg,data\calibration\lfw\lfw\James_Comey\James_Comey_0001.jpg,0,-0.09306787
1,data\calibration\lfw\lfw\Akhmed_Zakayev\Akhmed_Zakayev_0002.jpg,data\calibration\lfw\lfw\Donna_Morrissey\Donna_Morrissey_0001.jpg,0,-0.10893227
1,data\calibration\lfw\lfw\Alan_Dershowitz\Alan_Dershowitz_0001.jpg,data\calibration\lfw\lfw\Bertrand_Bonello\Bertrand_Bonello_0001.jpg,0,0.07445348
1,data\calibration\lfw\lfw\Alanis_Morissette\Alanis_Morissette_0001.jpg,data\calibration\lfw\lfw\Martin_Cauchon\Martin_Cauchon_0001.jpg,0,-0.16300529
1,data\calibration\lfw\lfw\Alexander_Lukashenko\Alexander_Lukashenko_0001.jpg,data\calibration\lfw\lfw\Heather_Chinnock\Heather_Chinnock_0001.jpg,0,-0.01449562
1,data\calibration\lfw\lfw\Alfonso_Cuaron\Alfonso_Cuaron_0001.jpg,data\calibration\lfw\lfw\Jason_Priestley\Jason_Priestley_0001.jpg,0,0.04895494
1,data\calibration\lfw\lfw\Alfonso_Cuaron\Alfonso_Cuaron_0001.jpg,data\calibration\lfw\lfw\Patty_Schnyder\Patty_Schnyder_0002.jpg,0,-0.03814406
1,data\calibration\lfw\lfw\Alfonso_Soriano\Alfonso_Soriano_0001.jpg,data\calibration\lfw\lfw\Bill_Nelson\Bill_Nelson_0002.jpg,0,-0.13418971
1,data\calibration\lfw\lfw\Alfonso_Soriano\Alfonso_Soriano_0001.jpg,data\calibration\lfw\lfw\Julio_De_Brun\Julio_De_Brun_0001.jpg,0,0.00210425
1,data\calibration\lfw\lfw\Alfonso_Soriano\Alfonso_Soriano_0001.jpg,data\calibration\lfw\lfw\Patty_Schnyder\Patty_Schnyder_0003.jpg,0,-0.00778857
1,data\calibration\lfw\lfw\Alonzo_Mourning\Alonzo_Mourning_0001.jpg,data\calibration\lfw\lfw\Cecilia_Cheung\Cecilia_Cheung_0001.jpg,0,0.03917447
1,data\calibration\lfw\lfw\Amber_Tamblyn\Amber_Tamblyn_0002.jpg,data\calibration\lfw\lfw\Benjamin_Netanyahu\Benjamin_Netanyahu_0001.jpg,0,0.03035386
1,data\calibration\lfw\lfw\Amporn_Falise\Amporn_Falise_0001.jpg,data\calibration\lfw\lfw\Joe_Pantoliano\Joe_Pantoliano_0001.jpg,0,-0.09158584
1,data\calibration\lfw\lfw\Anders_Fogh_Rasmussen\Anders_Fogh_Rasmussen_0002.jpg,data\calibration\lfw\lfw\Johnson_Panjaitan\Johnson_Panjaitan_0002.jpg,0,0.06759296
1,data\calibration\lfw\lfw\Andre_Bucher\Andre_Bucher_0001.jpg,data\calibration\lfw\lfw\Joseph_Ralston\Joseph_Ralston_0001.jpg,0,0.06309789
1,data\calibration\lfw\lfw\Andre_Bucher\Andre_Bucher_0001.jpg,data\calibration\lfw\lfw\Maria_Garcia\Maria_Garcia_0001.jpg,0,0.00664859
1,data\calibration\lfw\lfw\Andrew_Gilligan\Andrew_Gilligan_0001.jpg,data\calibration\lfw\lfw\Henry_Castellanos\Henry_Castellanos_0001.jpg,0,0.13106646
1,data\calibration\lfw\lfw\Andrew_Shutley\Andrew_Shutley_0001.jpg,data\calibration\lfw\lfw\Edmund_Stoiber\Edmund_Stoiber_0005.jpg,0,-0.12726104
1,data\calibration\lfw\lfw\Andrew_Shutley\Andrew_Shutley_0001.jpg,data\calibration\lfw\lfw\Mitchell_Swartz\Mitchell_Swartz_0001.jpg,0,-0.03927933
1,data\calibration\lfw\lfw\Andrew_Shutley\Andrew_Shutley_0001.jpg,data\calibration\lfw\lfw\Saeb_Erekat\Saeb_Erekat_0002.jpg,0,0.03444915
1,data\calibration\lfw\lfw\Andy_Dick\Andy_Dick_0001.jpg,data\calibration\lfw\lfw\Simon_Yam\Simon_Yam_0001.jpg,0,0.08029401
1,data\calibration\lfw\lfw\Andy_Griffith\Andy_Griffith_0001.jpg,data\calibration\lfw\lfw\Osrat_Iosef\Osrat_Iosef_0001.jpg,0,0.01392418
1,data\calibration\lfw\lfw\Andy_Wisecarver\Andy_Wisecarver_0001.jpg,data\calibration\lfw\lfw\Dimitar_Berbatov\Dimitar_Berbatov_0001.jpg,0,0.04844483
1,data\calibration\lfw\lfw\Angela_Lansbury\Angela_Lansbury_0001.jpg,data\calibration\lfw\lfw\Steven_Van_Zandt\Steven_Van_Zandt_0001.jpg,0,-0.04760616
1,data\calibration\lfw\lfw\Angela_Lansbury\Angela_Lansbury_0002.jpg,data\calibration\lfw\lfw\John_Coomber\John_Coomber_0001.jpg,0,0.03079914
1,data\calibration\lfw\lfw\Ann_Veneman\Ann_Veneman_0006.jpg,data\calibration\lfw\lfw\Sergio_Garcia\Sergio_Garcia_0002.jpg,0,0.02254146
1,data\calibration\lfw\lfw\Ann_Veneman\Ann_Veneman_0008.jpg,data\calibration\lfw\lfw\Ted_Williams\Ted_Williams_0001.jpg,0,0.08450741
1,data\calibration\lfw\lfw\Annie-Jeanne_Reynaud\Annie-Jeanne_Reynaud_0001.jpg,data\calibration\lfw\lfw\SJ_Twu\SJ_Twu_0001.jpg,0,-0.00424044
1,data\calibration\lfw\lfw\Anthony_Carter\Anthony_Carter_0001.jpg,data\calibration\lfw\lfw\Eliza_Dushku\Eliza_Dushku_0001.jpg,0,-0.04704653
1,data\calibration\lfw\lfw\Antonio_Cassano\Antonio_Cassano_0001.jpg,data\calibration\lfw\lfw\Paul_Celluci\Paul_Celluci_0001.jpg,0,-0.08113389
1,data\calibration\lfw\lfw\Anwar_Ibrahim\Anwar_Ibrahim_0001.jpg,data\calibration\lfw\lfw\David_Alpay\David_Alpay_0001.jpg,0,-0.05862198
1,data\calibration\lfw\lfw\Armand_Sargen\Armand_Sargen_0001.jpg,data\calibration\lfw\lfw\Daryl_Sabara\Daryl_Sabara_0001.jpg,0,-0.01451095
1,data\calibration\lfw\lfw\Armand_Sargen\Armand_Sargen_0001.jpg,data\calibration\lfw\lfw\Kelvin_Sampson\Kelvin_Sampson_0003.jpg,0,-0.00025261
1,data\calibration\lfw\lfw\Armand_Sargen\Armand_Sargen_0001.jpg,data\calibration\lfw\lfw\Lisa_Gottsegen\Lisa_Gottsegen_0002.jpg,0,0.10800759
1,data\calibration\lfw\lfw\Atom_Egoyan\Atom_Egoyan_0001.jpg,data\calibration\lfw\lfw\Bill_Stapleton\Bill_Stapleton_0001.jpg,0,-0.04582419
1,data\calibration\lfw\lfw\Atom_Egoyan\Atom_Egoyan_0001.jpg,data\calibration\lfw\lfw\Janis_Ruth_Coulter\Janis_Ruth_Coulter_0001.jpg,0,0.06220332
1,data\calibration\lfw\lfw\Barbara_Brezigar\Barbara_Brezigar_0002.jpg,data\calibration\lfw\lfw\Doris_Roberts\Doris_Roberts_0002.jpg,0,-0.01658868
1,data\calibration\lfw\lfw\Barbara_Felt-Miller\Barbara_Felt-Miller_0001.jpg,data\calibration\lfw\lfw\Leticia_Dolera\Leticia_Dolera_0001.jpg,0,0.04531082
1,data\calibration\lfw\lfw\Bart_Freundlich\Bart_Freundlich_0001.jpg,data\calibration\lfw\lfw\Ernie_Grunfeld\Ernie_Grunfeld_0001.jpg,0,-0.05515385
1,data\calibration\lfw\lfw\Bart_Freundlich\Bart_Freundlich_0001.jpg,data\calibration\lfw\lfw\Kirsten_Gilham\Kirsten_Gilham_0001.jpg,0,0.02173118
1,data\calibration\lfw\lfw\Benjamin_Martinez\Benjamin_Martinez_0001.jpg,data\calibration\lfw\lfw\Garry_McCoy\Garry_McCoy_0001.jpg,0,0.01627292
1,data\calibration\lfw\lfw\Benjamin_Netanyahu\Benjamin_Netanyahu_0001.jpg,data\calibration\lfw\lfw\Maria_Callas\Maria_Callas_0001.jpg,0,-0.01987134
1,data\calibration\lfw\lfw\Benjamin_Netanyahu\Benjamin_Netanyahu_0005.jpg,data\calibration\lfw\lfw\Frank_Beamer\Frank_Beamer_0001.jpg,0,-0.03669363
1,data\calibration\lfw\lfw\Bernard_Law\Bernard_Law_0001.jpg,data\calibration\lfw\lfw\Liu_Xiaoqing\Liu_Xiaoqing_0001.jpg,0,0.01522111
1,data\calibration\lfw\lfw\Bernard_Law\Bernard_Law_0003.jpg,data\calibration\lfw\lfw\Valerie_Harper\Valerie_Harper_0002.jpg,0,0.05706685
1,data\calibration\lfw\lfw\Bertrand_Bonello\Bertrand_Bonello_0001.jpg,data\calibration\lfw\lfw\Jong_Thae_Hwa\Jong_Thae_Hwa_0002.jpg,0,0.01831408
1,data\calibration\lfw\lfw\Bill_Bradley\Bill_Bradley_0001.jpg,data\calibration\lfw\lfw\Chen_Tsai-chin\Chen_Tsai-chin_0001.jpg,0,0.01584395
1,data\calibration\lfw\lfw\Bill_Bradley\Bill_Bradley_0001.jpg,data\calibration\lfw\lfw\Helen_Alvare\Helen_Alvare_0001.jpg,0,-0.01585417
1,data\calibration\lfw\lfw\Bill_Elliott\Bill_Elliott_0001.jpg,data\calibration\lfw\lfw\Mary_Anne_Souza\Mary_Anne_Souza_0001.jpg,0,0.05189256
1,data\calibration\lfw\lfw\Bill_Frist\Bill_Frist_0005.jpg,data\calibration\lfw\lfw\Jimmy_Kimmel\Jimmy_Kimmel_0002.jpg,0,-0.09976756
1,data\calibration\lfw\lfw\Bill_Maher\Bill_Maher_0001.jpg,data\calibration\lfw\lfw\Brad_Russ\Brad_Russ_0001.jpg,0,0.01987896
1,data\calibration\lfw\lfw\Bill_Maher\Bill_Maher_0001.jpg,data\calibration\lfw\lfw\Juliette_Binoche\Juliette_Binoche_0001.jpg,0,-0.02861664
1,data\calibration\lfw\lfw\Bill_Nelson\Bill_Nelson_0001.jpg,data\calibration\lfw\lfw\Kim_Jong-Il\Kim_Jong-Il_0003.jpg,0,0.01469102
1,data\calibration\lfw\lfw\Bill_Nelson\Bill_Nelson_0002.jpg,data\calibration\lfw\lfw\Gillian_Anderson\Gillian_Anderson_0001.jpg,0,0.00581230
1,data\calibration\lfw\lfw\Bill_Stapleton\Bill_Stapleton_0001.jpg,data\calibration\lfw\lfw\Sedigh_Barmak\Sedigh_Barmak_0001.jpg,0,0.05665987
1,data\calibration\lfw\lfw\Bill_Stapleton\Bill_Stapleton_0001.jpg,data\calibration\lfw\lfw\Valerie_Harper\Valerie_Harper_0001.jpg,0,-0.07203330
1,data\calibration\lfw\lfw\Billy_Bob_Thornton\Billy_Bob_Thornton_0001.jpg,data\calibration\lfw\lfw\Herb_Dhaliwal\Herb_Dhaliwal_0001.jpg,0,0.09565377
1,data\calibration\lfw\lfw\Billy_Bob_Thornton\Billy_Bob_Thornton_0001.jpg,data\calibration\lfw\lfw\Nong_Duc_Manh\Nong_Duc_Manh_0001.jpg,0,0.20970762
1,data\calibration\lfw\lfw\Bob_Alper\Bob_Alper_0001.jpg,data\calibration\lfw\lfw\Kevin_Millwood\Kevin_Millwood_0001.jpg,0,0.02195109
1,data\calibration\lfw\lfw\Bob_Graham\Bob_Graham_0002.jpg,data\calibration\lfw\lfw\Dwayne_Wade\Dwayne_Wade_0001.jpg,0,0.01144490
1,data\calibration\lfw\lfw\Bob_Petrino\Bob_Petrino_0001.jpg,data\calibration\lfw\lfw\Geraldine_Chaplin\Geraldine_Chaplin_0004.jpg,0,0.02071762
1,data\calibration\lfw\lfw\Bob_Petrino\Bob_Petrino_0001.jpg,data\calibration\lfw\lfw\Jorge_Castaneda\Jorge_Castaneda_0001.jpg,0,-0.06866103
1,data\calibration\lfw\lfw\Boris_Becker\Boris_Becker_0004.jpg,data\calibration\lfw\lfw\Julianna_Margulies\Julianna_Margulies_0002.jpg,0,0.11578458
1,data\calibration\lfw\lfw\Brad_Russ\Brad_Russ_0001.jpg,data\calibration\lfw\lfw\Hana_Urushima\Hana_Urushima_0001.jpg,0,0.00710384
1,data\calibration\lfw\lfw\Brad_Russ\Brad_Russ_0001.jpg,data\calibration\lfw\lfw\Romeo_Gigli\Romeo_Gigli_0001.jpg,0,-0.09003677
1,data\calibration\lfw\lfw\Brawley_King\Brawley_King_0001.jpg,data\calibration\lfw\lfw\Tom_Glavine\Tom_Glavine_0002.jpg,0,-0.11212905
1,data\calibration\lfw\lfw\Brian_Griese\Brian_Griese_0002.jpg,data\calibration\lfw\lfw\Jeffrey_Archer\Jeffrey_Archer_0002.jpg,0,0.03713362
1,data\calibration\lfw\lfw\Brian_Griese\Brian_Griese_0002.jpg,data\calibration\lfw\lfw\Laura_Elena_Harring\Laura_Elena_Harring_0001.jpg,0,-0.01616336
1,data\calibration\lfw\lfw\Brian_Griese\Brian_Griese_0002.jpg,data\calibration\lfw\lfw\Nicolas_Lapentti\Nicolas_Lapentti_0002.jpg,0,0.07368247
1,data\calibration\lfw\lfw\Bryan_Adams\Bryan_Adams_0001.jpg,data\calibration\lfw\lfw\Michael_Kors\Michael_Kors_0001.jpg,0,-0.10872017
1,data\calibration\lfw\lfw\Bryan_Adams\Bryan_Adams_0001.jpg,data\calibration\lfw\lfw\Mohamed_Seineldin\Mohamed_Seineldin_0001.jpg,0,0.00275661
1,data\calibration\lfw\lfw\Calbert_Cheaney\Calbert_Cheaney_0001.jpg,data\calibration\lfw\lfw\Ian_Smith\Ian_Smith_0001.jpg,0,-0.09684902
1,data\calibration\lfw\lfw\Calbert_Cheaney\Calbert_Cheaney_0001.jpg,data\calibration\lfw\lfw\Robert_Downey_Jr\Robert_Downey_Jr_0001.jpg,0,0.00122649
1,data\calibration\lfw\lfw\Carl_Reiner\Carl_Reiner_0001.jpg,data\calibration\lfw\lfw\Hamid_Efendi\Hamid_Efendi_0001.jpg,0,-0.07464769
1,data\calibration\lfw\lfw\Carl_Reiner\Carl_Reiner_0002.jpg,data\calibration\lfw\lfw\John_Engler\John_Engler_0001.jpg,0,0.04929014
1,data\calibration\lfw\lfw\Carl_Reiner\Carl_Reiner_0002.jpg,data\calibration\lfw\lfw\Prince_Rainier_III\Prince_Rainier_III_0001.jpg,0,-0.00185530
1,data\calibration\lfw\lfw\Carl_Reiner\Carl_Reiner_0002.jpg,data\calibration\lfw\lfw\Tom_Glavine\Tom_Glavine_0002.jpg,0,-0.02037009
1,data\calibration\lfw\lfw\Carlo_Azeglio_Ciampi\Carlo_Azeglio_Ciampi_0001.jpg,data\calibration\lfw\lfw\Francis_Ford_Coppola\Francis_Ford_Coppola_0001.jpg,0,-0.07235685
1,data\calibration\lfw\lfw\Carlos_Arroyo\Carlos_Arroyo_0001.jpg,data\calibration\lfw\lfw\Shane_Phillips\Shane_Phillips_0001.jpg,0,-0.07553370
1,data\calibration\lfw\lfw\Carlos_Paternina\Carlos_Paternina_0001.jpg,data\calibration\lfw\lfw\Emily_Stevens\Emily_Stevens_0001.jpg,0,0.04608015
1,data\calibration\lfw\lfw\Carlos_Paternina\Carlos_Paternina_0001.jpg,data\calibration\lfw\lfw\Paul_Sarbanes\Paul_Sarbanes_0001.jpg,0,0.03002552
1,data\calibration\lfw\lfw\Casey_Mears\Casey_Mears_0001.jpg,data\calibration\lfw\lfw\Mike_Davis\Mike_Davis_0001.jpg,0,0.02740093
1,data\calibration\lfw\lfw\Casey_Mears\Casey_Mears_0001.jpg,data\calibration\lfw\lfw\Yukiko_Okudo\Yukiko_Okudo_0001.jpg,0,0.01893561
1,data\calibration\lfw\lfw\Cathy_Freeman\Cathy_Freeman_0002.jpg,data\calibration\lfw\lfw\William_Martin\William_Martin_0002.jpg,0,0.04261845
1,data\calibration\lfw\lfw\Cecilia_Cheung\Cecilia_Cheung_0001.jpg,data\calibration\lfw\lfw\Daryl_Parks\Daryl_Parks_0001.jpg,0,0.07888154
1,data\calibration\lfw\lfw\Cecilia_Cheung\Cecilia_Cheung_0001.jpg,data\calibration\lfw\lfw\Pascal_Affi_Nguessan\Pascal_Affi_Nguessan_0001.jpg,0,0.08960606
1,data\calibration\lfw\lfw\Chen_Tsai-chin\Chen_Tsai-chin_0001.jpg,data\calibration\lfw\lfw\Dereck_Whittenburg\Dereck_Whittenburg_0001.jpg,0,-0.03424180
1,data\calibration\lfw\lfw\Chen_Tsai-chin\Chen_Tsai-chin_0001.jpg,data\calibration\lfw\lfw\Mamdouh_Habib\Mamdouh_Habib_0001.jpg,0,0.00823109
1,data\calibration\lfw\lfw\Cho_Myung-kyun\Cho_Myung-kyun_0001.jpg,data\calibration\lfw\lfw\David_Bell\David_Bell_0001.jpg,0,0.01907822
1,data\calibration\lfw\lfw\Cho_Myung-kyun\Cho_Myung-kyun_0001.jpg,data\calibration\lfw\lfw\Fernando_Sanz\Fernando_Sanz_0001.jpg,0,0.07418310
1,data\calibration\lfw\lfw\Cho_Myung-kyun\Cho_Myung-kyun_0001.jpg,data\calibration\lfw\lfw\Georgia_Giddings\Georgia_Giddings_0001.jpg,0,-0.00505551
1,data\calibration\lfw\lfw\Cho_Myung-kyun\Cho_Myung-kyun_0001.jpg,data\calibration\lfw\lfw\Richard_Fine\Richard_Fine_0001.jpg,0,-0.00769913
1,data\calibration\lfw\lfw\Choi_Yun-yong\Choi_Yun-yong_0001.jpg,data\calibration\lfw\lfw\Chuck_Eidson\Chuck_Eidson_0001.jpg,0,-0.01195399
1,data\calibration\lfw\lfw\Chris_Dodd\Chris_Dodd_0001.jpg,data\calibration\lfw\lfw\Taylor_Twellman\Taylor_Twellman_0001.jpg,0,-0.05675109
1,data\calibration\lfw\lfw\Chris_Swecker\Chris_Swecker_0001.jpg,data\calibration\lfw\lfw\Tom_Vilsack\Tom_Vilsack_0001.jpg,0,0.00497416
1,data\calibration\lfw\lfw\Christian_Lacroix\Christian_Lacroix_0001.jpg,data\calibration\lfw\lfw\Laura_Elena_Harring\Laura_Elena_Harring_0001.jpg,0,-0.00720800
1,data\calibration\lfw\lfw\Christian_Lacroix\Christian_Lacroix_0001.jpg,data\calibration\lfw\lfw\Ornella_Muti\Ornella_Muti_0001.jpg,0,0.00377974
1,data\calibration\lfw\lfw\Chuck_Eidson\Chuck_Eidson_0001.jpg,data\calibration\lfw\lfw\Sigourney_Weaver\Sigourney_Weaver_0001.jpg,0,0.04457590
1,data\calibration\lfw\lfw\Clare_Short\Clare_Short_0004.jpg,data\calibration\lfw\lfw\Don_Carcieri\Don_Carcieri_0001.jpg,0,0.06891466
1,data\calibration\lfw\lfw\Coco_dEste\Coco_dEste_0001.jpg,data\calibration\lfw\lfw\Darvis_Patton\Darvis_Patton_0001.jpg,0,0.04313057
1,data\calibration\lfw\lfw\Coco_dEste\Coco_dEste_0001.jpg,data\calibration\lfw\lfw\Melina_Kanakaredes\Melina_Kanakaredes_0001.jpg,0,0.06384004
1,data\calibration\lfw\lfw\Coco_dEste\Coco_dEste_0001.jpg,data\calibration\lfw\lfw\Tom_Rouen\Tom_Rouen_0001.jpg,0,0.02151431
1,data\calibration\lfw\lfw\Coleen_Rowley\Coleen_Rowley_0001.jpg,data\calibration\lfw\lfw\Nong_Duc_Manh\Nong_Duc_Manh_0001.jpg,0,0.05489266
1,data\calibration\lfw\lfw\Corinne_Coman\Corinne_Coman_0002.jpg,data\calibration\lfw\lfw\Frank_Beamer\Frank_Beamer_0001.jpg,0,0.08576697
1,data\calibration\lfw\lfw\Dale_Earnhardt_Jr\Dale_Earnhardt_Jr_0001.jpg,data\calibration\lfw\lfw\Nick_Reilly\Nick_Reilly_0001.jpg,0,0.00139968
1,data\calibration\lfw\lfw\Dario_Franchitti\Dario_Franchitti_0001.jpg,data\calibration\lfw\lfw\Henry_Castellanos\Henry_Castellanos_0001.jpg,0,-0.05323006
1,data\calibration\lfw\lfw\Darren_Campel\Darren_Campel_0001.jpg,data\calibration\lfw\lfw\Hilary_McKay\Hilary_McKay_0001.jpg,0,0.00288015
1,data\calibration\lfw\lfw\Darvis_Patton\Darvis_Patton_0001.jpg,data\calibration\lfw\lfw\Gerard_Tronche\Gerard_Tronche_0001.jpg,0,-0.06853146
1,data\calibration\lfw\lfw\Darvis_Patton\Darvis_Patton_0001.jpg,data\calibration\lfw\lfw\William_Macy\William_Macy_0004.jpg,0,0.00165179
1,data\calibration\lfw\lfw\Daryl_Parks\Daryl_Parks_0001.jpg,data\calibration\lfw\lfw\Guus_Hiddink\Guus_Hiddink_0001.jpg,0,0.09719195
1,data\calibration\lfw\lfw\Daryl_Sabara\Daryl_Sabara_0001.jpg,data\calibration\lfw\lfw\Nick_Reilly\Nick_Reilly_0001.jpg,0,0.03549893
1,data\calibration\lfw\lfw\Daryl_Sabara\Daryl_Sabara_0001.jpg,data\calibration\lfw\lfw\Valentina_Tereshkova\Valentina_Tereshkova_0001.jpg,0,-0.00131212
1,data\calibration\lfw\lfw\Dave_Johnson\Dave_Johnson_0001.jpg,data\calibration\lfw\lfw\Howard_Stern\Howard_Stern_0001.jpg,0,-0.09192393
1,data\calibration\lfw\lfw\Dave_Tucker\Dave_Tucker_0001.jpg,data\calibration\lfw\lfw\Gary_Gitnick\Gary_Gitnick_0001.jpg,0,-0.02932881
1,data\calibration\lfw\lfw\David_Collenette\David_Collenette_0001.jpg,data\calibration\lfw\lfw\Salman_Khan\Salman_Khan_0001.jpg,0,-0.08932012
1,data\calibration\lfw\lfw\David_Westerfield\David_Westerfield_0001.jpg,data\calibration\lfw\lfw\Stan_Kroenke\Stan_Kroenke_0001.jpg,0,0.09590101
1,data\calibration\lfw\lfw\Dean_Jacek\Dean_Jacek_0001.jpg,data\calibration\lfw\lfw\Larry_Wilmore\Larry_Wilmore_0001.jpg,0,-0.14395642
1,data\calibration\lfw\lfw\Demi_Moore\Demi_Moore_0002.jpg,data\calibration\lfw\lfw\Fred_Thompson\Fred_Thompson_0001.jpg,0,0.07343718
1,data\calibration\lfw\lfw\Demi_Moore\Demi_Moore_0002.jpg,data\calibration\lfw\lfw\Linus_Roache\Linus_Roache_0001.jpg,0,0.00535648
1,data\calibration\lfw\lfw\Dereck_Whittenburg\Dereck_Whittenburg_0001.jpg,data\calibration\lfw\lfw\Lindsey_Graham\Lindsey_Graham_0002.jpg,0,-0.03898010
1,data\calibration\lfw\lfw\Dianne_Reeves\Dianne_Reeves_0001.jpg,data\calibration\lfw\lfw\Larry_Wilmore\Larry_Wilmore_0001.jpg,0,0.05619290
1,data\calibration\lfw\lfw\Dianne_Reeves\Dianne_Reeves_0001.jpg,data\calibration\lfw\lfw\Romeo_Gigli\Romeo_Gigli_0001.jpg,0,-0.05510964
1,data\calibration\lfw\lfw\Don_Carcieri\Don_Carcieri_0001.jpg,data\calibration\lfw\lfw\Janica_Kostelic\Janica_Kostelic_0001.jpg,0,-0.00168858
1,data\calibration\lfw\lfw\Dora_Bakoyianni\Dora_Bakoyianni_0001.jpg,data\calibration\lfw\lfw\Richard_Sambrook\Richard_Sambrook_0002.jpg,0,-0.05398116
1,data\calibration\lfw\lfw\Dora_Bakoyianni\Dora_Bakoyianni_0001.jpg,data\calibration\lfw\lfw\Saeb_Erekat\Saeb_Erekat_0002.jpg,0,0.03750401
1,data\calibration\lfw\lfw\Doris_Roberts\Doris_Roberts_0001.jpg,data\calibration\lfw\lfw\Nong_Duc_Manh\Nong_Duc_Manh_0001.jpg,0,-0.06066851
1,data\calibration\lfw\lfw\Doug_Wilson\Doug_Wilson_0001.jpg,data\calibration\lfw\lfw\Szu_Yu_Chen\Szu_Yu_Chen_0001.jpg,0,0.00086328
1,data\calibration\lfw\lfw\Douglas_Gansler\Douglas_Gansler_0001.jpg,data\calibration\lfw\lfw\Martin_Brooke\Martin_Brooke_0001.jpg,0,0.00225922
1,data\calibration\lfw\lfw\Douglas_Gansler\Douglas_Gansler_0001.jpg,data\calibration\lfw\lfw\Ronald_Kadish\Ronald_Kadish_0001.jpg,0,0.08251657
1,data\calibration\lfw\lfw\Dwayne_Wade\Dwayne_Wade_0001.jpg,data\calibration\lfw\lfw\Mike_Farrar\Mike_Farrar_0001.jpg,0,-0.03119691
1,data\calibration\lfw\lfw\Edward_Arsenault\Edward_Arsenault_0001.jpg,data\calibration\lfw\lfw\Jim_Hardin\Jim_Hardin_0001.jpg,0,0.12234921
1,data\calibration\lfw\lfw\Einars_Repse\Einars_Repse_0001.jpg,data\calibration\lfw\lfw\Minnie_Mendoza\Minnie_Mendoza_0001.jpg,0,0.02041654
1,data\calibration\lfw\lfw\Einars_Repse\Einars_Repse_0001.jpg,data\calibration\lfw\lfw\Tim_Blake_Nelson\Tim_Blake_Nelson_0001.jpg,0,0.14239150
1,data\calibration\lfw\lfw\Elinor_Caplan\Elinor_Caplan_0001.jpg,data\calibration\lfw\lfw\Hilary_McKay\Hilary_McKay_0001.jpg,0,-0.00588805
1,data\calibration\lfw\lfw\Eliza_Dushku\Eliza_Dushku_0001.jpg,data\calibration\lfw\lfw\George_Lucas\George_Lucas_0001.jpg,0,0.05403476
1,data\calibration\lfw\lfw\Eliza_Dushku\Eliza_Dushku_0001.jpg,data\calibration\lfw\lfw\Itzhak_Perlman\Itzhak_Perlman_0001.jpg,0,-0.06721137
1,data\calibration\lfw\lfw\Emily_Stevens\Emily_Stevens_0001.jpg,data\calibration\lfw\lfw\Janez_Drnovsek\Janez_Drnovsek_0001.jpg,0,-0.03134990
1,data\calibration\lfw\lfw\Emmanuelle_Beart\Emmanuelle_Beart_0002.jpg,data\calibration\lfw\lfw\Phil_Jackson\Phil_Jackson_0001.jpg,0,-0.03715052
1,data\calibration\lfw\lfw\Eric_Daze\Eric_Daze_0001.jpg,data\calibration\lfw\lfw\Sterling_Hitchcock\Sterling_Hitchcock_0001.jpg,0,0.01601815
1,data\calibration\lfw\lfw\Erika_Christensen\Erika_Christensen_0002.jpg,data\calibration\lfw\lfw\Michael_Dell\Michael_Dell_0001.jpg,0,0.07256484
1,data\calibration\lfw\lfw\Erika_Christensen\Erika_Christensen_0002.jpg,data\calibration\lfw\lfw\Woody_Allen\Woody_Allen_0002.jpg,0,0.07098890
1,data\calibration\lfw\lfw\Eriko_Tamura\Eriko_Tamura_0001.jpg,data\calibration\lfw\lfw\Georgia_Giddings\Georgia_Giddings_0001.jpg,0,0.07164292
1,data\calibration\lfw\lfw\Ernie_Grunfeld\Ernie_Grunfeld_0001.jpg,data\calibration\lfw\lfw\Frank_Coraci\Frank_Coraci_0001.jpg,0,-0.00458384
1,data\calibration\lfw\lfw\Eugene_Melnyk\Eugene_Melnyk_0001.jpg,data\calibration\lfw\lfw\Mahima_Chaudhari\Mahima_Chaudhari_0001.jpg,0,-0.03307980
1,data\calibration\lfw\lfw\Fatma_Kusibeh\Fatma_Kusibeh_0001.jpg,data\calibration\lfw\lfw\Lee_Baca\Lee_Baca_0001.jpg,0,0.06739347
1,data\calibration\lfw\lfw\Federico_Trillo\Federico_Trillo_0001.jpg,data\calibration\lfw\lfw\Jonathan_Woodgate\Jonathan_Woodgate_0001.jpg,0,-0.10213415
1,data\calibration\lfw\lfw\Fernando_Alonso\Fernando_Alonso_0001.jpg,data\calibration\lfw\lfw\Sam_Brownback\Sam_Brownback_0001.jpg,0,0.00407124
1,data\calibration\lfw\lfw\Fernando_Sanz\Fernando_Sanz_0001.jpg,data\calibration\lfw\lfw\Miranda_Otto\Miranda_Otto_0001.jpg,0,0.02937167
1,data\calibration\lfw\lfw\Fernando_Sanz\Fernando_Sanz_0001.jpg,data\calibration\lfw\lfw\Roy_Moore\Roy_Moore_0001.jpg,0,0.09145867
1,data\calibration\lfw\lfw\Flor_Montulo\Flor_Montulo_0002.jpg,data\calibration\lfw\lfw\Juan_Pablo_Montoya\Juan_Pablo_Montoya_0001.jpg,0,-0.06649966
1,data\calibration\lfw\lfw\Francisco_Garcia\Francisco_Garcia_0001.jpg,data\calibration\lfw\lfw\Marsha_Sharp\Marsha_Sharp_0001.jpg,0,-0.00492650
1,data\calibration\lfw\lfw\Francois_Ozon\Francois_Ozon_0001.jpg,data\calibration\lfw\lfw\Makiya_Ali_Hassan\Makiya_Ali_Hassan_0001.jpg,0,-0.02951832
1,data\calibration\lfw\lfw\Frank_Coraci\Frank_Coraci_0001.jpg,data\calibration\lfw\lfw\Tomoko_Hagiwara\Tomoko_Hagiwara_0002.jpg,0,0.04456418
1,data\calibration\lfw\lfw\Frank_Van_Ecke\Frank_Van_Ecke_0001.jpg,data\calibration\lfw\lfw\Tsutomu_Takebe\Tsutomu_Takebe_0001.jpg,0,0.09226193
1,data\calibration\lfw\lfw\Fred_Thompson\Fred_Thompson_0002.jpg,data\calibration\lfw\lfw\Helen_Alvare\Helen_Alvare_0001.jpg,0,0.06274619
1,data\calibration\lfw\lfw\Fred_Thompson\Fred_Thompson_0002.jpg,data\calibration\lfw\lfw\Sterling_Hitchcock\Sterling_Hitchcock_0001.jpg,0,-0.01097514
1,data\calibration\lfw\lfw\Fred_Thompson\Fred_Thompson_0003.jpg,data\calibration\lfw\lfw\Magda_Kertasz\Magda_Kertasz_0001.jpg,0,-0.02193222
1,data\calibration\lfw\lfw\Garry_Trudeau\Garry_Trudeau_0001.jpg,data\calibration\lfw\lfw\Pat_Riley\Pat_Riley_0001.jpg,0,-0.05474966
1,data\calibration\lfw\lfw\Garry_Witherall\Garry_Witherall_0001.jpg,data\calibration\lfw\lfw\Howard_Stern\Howard_Stern_0001.jpg,0,0.10975262
1,data\calibration\lfw\lfw\Garry_Witherall\Garry_Witherall_0001.jpg,data\calibration\lfw\lfw\Ingrid_Betancourt\Ingrid_Betancourt_0001.jpg,0,-0.06547568
1,data\calibration\lfw\lfw\Garry_Witherall\Garry_Witherall_0001.jpg,data\calibration\lfw\lfw\Martin_Keown\Martin_Keown_0001.jpg,0,0.11150147
1,data\calibration\lfw\lfw\Gary_Gero\Gary_Gero_0001.jpg,data\calibration\lfw\lfw\Kim_Hong-gul\Kim_Hong-gul_0001.jpg,0,-0.03409427
1,data\calibration\lfw\lfw\Gary_Gero\Gary_Gero_0001.jpg,data\calibration\lfw\lfw\Phil_Gramm\Phil_Gramm_0001.jpg,0,-0.05582797
1,data\calibration\lfw\lfw\Gavin_Degraw\Gavin_Degraw_0001.jpg,data\calibration\lfw\lfw\Jeffrey_Archer\Jeffrey_Archer_0001.jpg,0,-0.02067572
1,data\calibration\lfw\lfw\Gene_Robinson\Gene_Robinson_0003.jpg,data\calibration\lfw\lfw\Martha_Bowen\Martha_Bowen_0002.jpg,0,-0.00511095
1,data\calibration\lfw\lfw\Georgia_Giddings\Georgia_Giddings_0001.jpg,data\calibration\lfw\lfw\Mahima_Chaudhari\Mahima_Chaudhari_0001.jpg,0,0.09819895
1,data\calibration\lfw\lfw\Geovani_Lapentti\Geovani_Lapentti_0001.jpg,data\calibration\lfw\lfw\Rodney_Rempt\Rodney_Rempt_0001.jpg,0,0.05738690
1,data\calibration\lfw\lfw\Geovani_Lapentti\Geovani_Lapentti_0001.jpg,data\calibration\lfw\lfw\Sam_Brownback\Sam_Brownback_0001.jpg,0,0.03539471
1,data\calibration\lfw\lfw\Gerard_de_Cortanze\Gerard_de_Cortanze_0001.jpg,data\calibration\lfw\lfw\Mark_Wahlberg\Mark_Wahlberg_0001.jpg,0,0.06251860
1,data\calibration\lfw\lfw\Gian_Marco\Gian_Marco_0002.jpg,data\calibration\lfw\lfw\Kevin_Stallings\Kevin_Stallings_0002.jpg,0,0.13961755
1,data\calibration\lfw\lfw\Giancarlo_Fisichella\Giancarlo_Fisichella_0001.jpg,data\calibration\lfw\lfw\Maria_Callas\Maria_Callas_0001.jpg,0,-0.01170600
1,data\calibration\lfw\lfw\Gideon_Yago\Gideon_Yago_0001.jpg,data\calibration\lfw\lfw\Natalie_Williams\Natalie_Williams_0001.jpg,0,-0.01623380
1,data\calibration\lfw\lfw\Gideon_Yago\Gideon_Yago_0001.jpg,data\calibration\lfw\lfw\Paul_William_Hurley\Paul_William_Hurley_0001.jpg,0,0.06874367
1,data\calibration\lfw\lfw\Glenn_Plummer\Glenn_Plummer_0001.jpg,data\calibration\lfw\lfw\Maria_Garcia\Maria_Garcia_0001.jpg,0,-0.05559525
1,data\calibration\lfw\lfw\Grant_Hackett\Grant_Hackett_0001.jpg,data\calibration\lfw\lfw\Todd_Robbins\Todd_Robbins_0001.jpg,0,0.05529230
1,data\calibration\lfw\lfw\Grant_Hackett\Grant_Hackett_0003.jpg,data\calibration\lfw\lfw\Milo_Djukanovic\Milo_Djukanovic_0003.jpg,0,-0.02216485
1,data\calibration\lfw\lfw\Gray_Davis\Gray_Davis_0026.jpg,data\calibration\lfw\lfw\Karen_Lynn_Gorney\Karen_Lynn_Gorney_0001.jpg,0,-0.00946118
1,data\calibration\lfw\lfw\Gregg_Popovich\Gregg_Popovich_0003.jpg,data\calibration\lfw\lfw\Vernon_Forrest\Vernon_Forrest_0001.jpg,0,0.05912517
1,data\calibration\lfw\lfw\Gregor_Gysi\Gregor_Gysi_0001.jpg,data\calibration\lfw\lfw\Tomoko_Hagiwara\Tomoko_Hagiwara_0001.jpg,0,0.04508055
1,data\calibration\lfw\lfw\Guy_Ritchie\Guy_Ritchie_0002.jpg,data\calibration\lfw\lfw\Herb_Dhaliwal\Herb_Dhaliwal_0001.jpg,0,0.00545636
1,data\calibration\lfw\lfw\Guy_Ritchie\Guy_Ritchie_0002.jpg,data\calibration\lfw\lfw\William_Macy\William_Macy_0001.jpg,0,-0.02483289
1,data\calibration\lfw\lfw\Hamid_Efendi\Hamid_Efendi_0001.jpg,data\calibration\lfw\lfw\Jimmy_Carter\Jimmy_Carter_0008.jpg,0,-0.03662900
1,data\calibration\lfw\lfw\Hamzah_Haz\Hamzah_Haz_0002.jpg,data\calibration\lfw\lfw\Hilary_McKay\Hilary_McKay_0001.jpg,0,0.04281585
1,data\calibration\lfw\lfw\Harald_Ringstorff\Harald_Ringstorff_0001.jpg,data\calibration\lfw\lfw\Pat_Riley\Pat_Riley_0001.jpg,0,-0.00168670
1,data\calibration\lfw\lfw\Harald_Ringstorff\Harald_Ringstorff_0001.jpg,data\calibration\lfw\lfw\Romano_Prodi\Romano_Prodi_0006.jpg,0,0.04421183
1,data\calibration\lfw\lfw\Heather_Chinnock\Heather_Chinnock_0001.jpg,data\calibration\lfw\lfw\Jean-Francois_Lemounier\Jean-Francois_Lemounier_0001.jpg,0,-0.03867229
1,data\calibration\lfw\lfw\Helen_Alvare\Helen_Alvare_0001.jpg,data\calibration\lfw\lfw\Milo_Djukanovic\Milo_Djukanovic_0001.jpg,0,0.08383835
1,data\calibration\lfw\lfw\Henry_Castellanos\Henry_Castellanos_0001.jpg,data\calibration\lfw\lfw\Pamela_Anderson\Pamela_Anderson_0004.jpg,0,-0.02503951
1,data\calibration\lfw\lfw\Henry_Castellanos\Henry_Castellanos_0001.jpg,data\calibration\lfw\lfw\Tommy_Shane_Steiner\Tommy_Shane_Steiner_0001.jpg,0,0.01042390
1,data\calibration\lfw\lfw\Herb_Dhaliwal\Herb_Dhaliwal_0001.jpg,data\calibration\lfw\lfw\Hung_Wan-ting\Hung_Wan-ting_0001.jpg,0,-0.08525449
1,data\calibration\lfw\lfw\Hilary_McKay\Hilary_McKay_0001.jpg,data\calibration\lfw\lfw\Kevin_Millwood\Kevin_Millwood_0001.jpg,0,-0.07352974
1,data\calibration\lfw\lfw\Howard_Stern\Howard_Stern_0001.jpg,data\calibration\lfw\lfw\Maria_Callas\Maria_Callas_0001.jpg,0,0.08019385
1,data\calibration\lfw\lfw\Hugo_Chavez\Hugo_Chavez_0033.jpg,data\calibration\lfw\lfw\Karen_Lynn_Gorney\Karen_Lynn_Gorney_0001.jpg,0,0.02517350
1,data\calibration\lfw\lfw\Hugo_Chavez\Hugo_Chavez_0060.jpg,data\calibration\lfw\lfw\Steve_Shiver\Steve_Shiver_0001.jpg,0,-0.03038411
1,data\calibration\lfw\lfw\Imam_Samudra\Imam_Samudra_0001.jpg,data\calibration\lfw\lfw\Ivana_Trump\Ivana_Trump_0001.jpg,0,0.05814577
1,data\calibration\lfw\lfw\Imelda_Marcos\Imelda_Marcos_0001.jpg,data\calibration\lfw\lfw\Patty_Schnyder\Patty_Schnyder_0004.jpg,0,0.00196430
1,data\calibration\lfw\lfw\Jack_Smith\Jack_Smith_0001.jpg,data\calibration\lfw\lfw\Mary_Jo_Myers\Mary_Jo_Myers_0001.jpg,0,-0.06104765
1,data\calibration\lfw\lfw\James_Caan\James_Caan_0002.jpg,data\calibration\lfw\lfw\Paul_Sarbanes\Paul_Sarbanes_0002.jpg,0,-0.05036468
1,data\calibration\lfw\lfw\James_Comey\James_Comey_0001.jpg,data\calibration\lfw\lfw\Juan_Carlos_Morales\Juan_Carlos_Morales_0001.jpg,0,0.09087883
1,data\calibration\lfw\lfw\James_Comey\James_Comey_0001.jpg,data\calibration\lfw\lfw\Paul_William_Hurley\Paul_William_Hurley_0001.jpg,0,0.03774589
1,data\calibration\lfw\lfw\Jamling_Norgay\Jamling_Norgay_0001.jpg,data\calibration\lfw\lfw\Zico\Zico_0002.jpg,0,-0.02109903
1,data\calibration\lfw\lfw\Jan_Pronk\Jan_Pronk_0001.jpg,data\calibration\lfw\lfw\Kim_Dong-hwa\Kim_Dong-hwa_0001.jpg,0,-0.05911293
1,data\calibration\lfw\lfw\Janez_Drnovsek\Janez_Drnovsek_0001.jpg,data\calibration\lfw\lfw\Sterling_Hitchcock\Sterling_Hitchcock_0001.jpg,0,-0.02770288
1,data\calibration\lfw\lfw\Janica_Kostelic\Janica_Kostelic_0002.jpg,data\calibration\lfw\lfw\Yasushi_Akashi\Yasushi_Akashi_0001.jpg,0,0.00589559
1,data\calibration\lfw\lfw\Janice_Abreu\Janice_Abreu_0001.jpg,data\calibration\lfw\lfw\Kevin_Sorbo\Kevin_Sorbo_0001.jpg,0,0.02605151
1,data\calibration\lfw\lfw\Jeffrey_Ashby\Jeffrey_Ashby_0001.jpg,data\calibration\lfw\lfw\Michael_Dell\Michael_Dell_0001.jpg,0,-0.04084662
1,data\calibration\lfw\lfw\Jennifer_Garner\Jennifer_Garner_0006.jpg,data\calibration\lfw\lfw\Mike_Duke\Mike_Duke_0001.jpg,0,-0.07395329
1,data\calibration\lfw\lfw\Jennifer_Renee_Short\Jennifer_Renee_Short_0001.jpg,data\calibration\lfw\lfw\Taylor_Twellman\Taylor_Twellman_0001.jpg,0,-0.02689937
1,data\calibration\lfw\lfw\Jerry_Seinfeld\Jerry_Seinfeld_0001.jpg,data\calibration\lfw\lfw\Tim_Blake_Nelson\Tim_Blake_Nelson_0001.jpg,0,0.09697926
1,data\calibration\lfw\lfw\Jerry_Tarkanian\Jerry_Tarkanian_0001.jpg,data\calibration\lfw\lfw\Thomas_Rupprath\Thomas_Rupprath_0001.jpg,0,-0.04986326
1,data\calibration\lfw\lfw\Jessica_Lange\Jessica_Lange_0002.jpg,data\calibration\lfw\lfw\Sedigh_Barmak\Sedigh_Barmak_0001.jpg,0,-0.05730095
1,data\calibration\lfw\lfw\Jim_Freudenberg\Jim_Freudenberg_0001.jpg,data\calibration\lfw\lfw\Nigel_Redden\Nigel_Redden_0001.jpg,0,-0.13192768
1,data\calibration\lfw\lfw\Jim_Freudenberg\Jim_Freudenberg_0001.jpg,data\calibration\lfw\lfw\Tina_Pisnik\Tina_Pisnik_0001.jpg,0,0.03949863
1,data\calibration\lfw\lfw\Jim_Haslett\Jim_Haslett_0001.jpg,data\calibration\lfw\lfw\Tsutomu_Takebe\Tsutomu_Takebe_0001.jpg,0,-0.03664787
1,data\calibration\lfw\lfw\Jim_Otto\Jim_Otto_0001.jpg,data\calibration\lfw\lfw\Rafiq_Hariri\Rafiq_Hariri_0001.jpg,0,-0.02742135
1,data\calibration\lfw\lfw\Jimmy_Gurule\Jimmy_Gurule_0001.jpg,data\calibration\lfw\lfw\Terry_McAuliffe\Terry_McAuliffe_0001.jpg,0,-0.15370761
1,data\calibration\lfw\lfw\Jodie_Foster\Jodie_Foster_0003.jpg,data\calibration\lfw\lfw\Joe_Pantoliano\Joe_Pantoliano_0001.jpg,0,-0.11321655
1,data\calibration\lfw\lfw\John_Herrington\John_Herrington_0001.jpg,data\calibration\lfw\lfw\Luis_Ernesto_Derbez_Bautista\Luis_Ernesto_Derbez_Bautista_0002.jpg,0,0.02954435
1,data\calibration\lfw\lfw\John_Richardson\John_Richardson_0001.jpg,data\calibration\lfw\lfw\Yasushi_Akashi\Yasushi_Akashi_0001.jpg,0,-0.08712343
1,data\calibration\lfw\lfw\John_Snow\John_Snow_0017.jpg,data\calibration\lfw\lfw\Se_Hyuk_Joo\Se_Hyuk_Joo_0001.jpg,0,0.04101204
1,data\calibration\lfw\lfw\Jonathan_Arden\Jonathan_Arden_0001.jpg,data\calibration\lfw\lfw\Joseph_Ralston\Joseph_Ralston_0001.jpg,0,-0.03608212
1,data\calibration\lfw\lfw\Jorge_Castaneda\Jorge_Castaneda_0001.jpg,data\calibration\lfw\lfw\Robert_Fico\Robert_Fico_0001.jpg,0,0.01364207
1,data\calibration\lfw\lfw\Jose_Rosado\Jose_Rosado_0001.jpg,data\calibration\lfw\lfw\Micky_Arison\Micky_Arison_0001.jpg,0,-0.01926227
1,data\calibration\lfw\lfw\Joseph_Blatter\Joseph_Blatter_0001.jpg,data\calibration\lfw\lfw\Ronald_Kadish\Ronald_Kadish_0001.jpg,0,-0.03779596
1,data\calibration\lfw\lfw\Joseph_Ralston\Joseph_Ralston_0002.jpg,data\calibration\lfw\lfw\Juan_Pablo_Montoya\Juan_Pablo_Montoya_0005.jpg,0,0.07327783
1,data\calibration\lfw\lfw\Joseph_Ralston\Joseph_Ralston_0002.jpg,data\calibration\lfw\lfw\Yoshiyuki_Kamei\Yoshiyuki_Kamei_0001.jpg,0,-0.03815963
1,data\calibration\lfw\lfw\Juliette_Binoche\Juliette_Binoche_0001.jpg,data\calibration\lfw\lfw\Matthew_Broderick\Matthew_Broderick_0003.jpg,0,0.03079356
1,data\calibration\lfw\lfw\Julio_De_Brun\Julio_De_Brun_0001.jpg,data\calibration\lfw\lfw\Patty_Schnyder\Patty_Schnyder_0001.jpg,0,0.05191144
1,data\calibration\lfw\lfw\Julio_De_Brun\Julio_De_Brun_0001.jpg,data\calibration\lfw\lfw\Vernon_Forrest\Vernon_Forrest_0001.jpg,0,-0.05946479
1,data\calibration\lfw\lfw\Justin_Guarini\Justin_Guarini_0002.jpg,data\calibration\lfw\lfw\Prince_Edward\Prince_Edward_0001.jpg,0,0.02143788
1,data\calibration\lfw\lfw\Kate_Winslet\Kate_Winslet_0002.jpg,data\calibration\lfw\lfw\Mike_Duke\Mike_Duke_0001.jpg,0,-0.10272239
1,data\calibration\lfw\lfw\Katie_Wagner\Katie_Wagner_0001.jpg,data\calibration\lfw\lfw\Stan_Kroenke\Stan_Kroenke_0001.jpg,0,-0.02559741
1,data\calibration\lfw\lfw\Keith_Lowen\Keith_Lowen_0001.jpg,data\calibration\lfw\lfw\Robert_Evans\Robert_Evans_0002.jpg,0,-0.07077773
1,data\calibration\lfw\lfw\Keith_Lowen\Keith_Lowen_0001.jpg,data\calibration\lfw\lfw\Silvia_Farina_Elia\Silvia_Farina_Elia_0002.jpg,0,0.07437290
1,data\calibration\lfw\lfw\Ken_Loach\Ken_Loach_0001.jpg,data\calibration\lfw\lfw\Taku_Yamasaki\Taku_Yamasaki_0001.jpg,0,-0.08356281
1,data\calibration\lfw\lfw\Kevin_Crane\Kevin_Crane_0001.jpg,data\calibration\lfw\lfw\Mike_Krzyzewski\Mike_Krzyzewski_0002.jpg,0,0.04114936
1,data\calibration\lfw\lfw\Kevin_Millwood\Kevin_Millwood_0001.jpg,data\calibration\lfw\lfw\Mitchell_Crooks\Mitchell_Crooks_0001.jpg,0,-0.09569261
1,data\calibration\lfw\lfw\Kim_Clijsters\Kim_Clijsters_0004.jpg,data\calibration\lfw\lfw\Martin_Short\Martin_Short_0001.jpg,0,0.03479809
1,data\calibration\lfw\lfw\Kim_Hong-gul\Kim_Hong-gul_0001.jpg,data\calibration\lfw\lfw\Milo_Djukanovic\Milo_Djukanovic_0003.jpg,0,-0.02809091
1,data\calibration\lfw\lfw\Kim_Jong-Il\Kim_Jong-Il_0003.jpg,data\calibration\lfw\lfw\Rick_Reed\Rick_Reed_0001.jpg,0,0.07677929
1,data\calibration\lfw\lfw\Lance_Armstrong\Lance_Armstrong_0009.jpg,data\calibration\lfw\lfw\Maria_Garcia\Maria_Garcia_0001.jpg,0,-0.08750442
1,data\calibration\lfw\lfw\Laurent_Jalabert\Laurent_Jalabert_0002.jpg,data\calibration\lfw\lfw\Vincent_Gallo\Vincent_Gallo_0001.jpg,0,-0.00453130
1,data\calibration\lfw\lfw\Leon_LaPorte\Leon_LaPorte_0001.jpg,data\calibration\lfw\lfw\Ted_Williams\Ted_Williams_0001.jpg,0,0.02371657
1,data\calibration\lfw\lfw\Leon_LaPorte\Leon_LaPorte_0001.jpg,data\calibration\lfw\lfw\Tommy_Thompson\Tommy_Thompson_0005.jpg,0,0.09744513
1,data\calibration\lfw\lfw\Leonardo_Fernandez\Leonardo_Fernandez_0001.jpg,data\calibration\lfw\lfw\Romano_Prodi\Romano_Prodi_0007.jpg,0,0.00380836
1,data\calibration\lfw\lfw\Leticia_Dolera\Leticia_Dolera_0001.jpg,data\calibration\lfw\lfw\Tom_Glavine\Tom_Glavine_0001.jpg,0,0.07396185
1,data\calibration\lfw\lfw\Lorraine_Bracco\Lorraine_Bracco_0001.jpg,data\calibration\lfw\lfw\Momcilo_Perisic\Momcilo_Perisic_0001.jpg,0,0.08413059
1,data\calibration\lfw\lfw\Luis_Ernesto_Derbez_Bautista\Luis_Ernesto_Derbez_Bautista_0001.jpg,data\calibration\lfw\lfw\Tyra_Banks\Tyra_Banks_0001.jpg,0,0.01755786
1,data\calibration\lfw\lfw\Maria_Burks\Maria_Burks_0001.jpg,data\calibration\lfw\lfw\Todd_Parrott\Todd_Parrott_0001.jpg,0,0.00534232
1,data\calibration\lfw\lfw\Mario_Lemieux\Mario_Lemieux_0001.jpg,data\calibration\lfw\lfw\Stan_Kroenke\Stan_Kroenke_0001.jpg,0,0.00877785
1,data\calibration\lfw\lfw\Mark_Everson\Mark_Everson_0001.jpg,data\calibration\lfw\lfw\Martin_Sheen\Martin_Sheen_0002.jpg,0,-0.00206093
1,data\calibration\lfw\lfw\Marquier_Montano_Contreras\Marquier_Montano_Contreras_0001.jpg,data\calibration\lfw\lfw\SJ_Twu\SJ_Twu_0001.jpg,0,-0.02905437
1,data\calibration\lfw\lfw\Marsha_Sharp\Marsha_Sharp_0001.jpg,data\calibration\lfw\lfw\Steve_Shiver\Steve_Shiver_0001.jpg,0,0.06316983
1,data\calibration\lfw\lfw\Martin_Cauchon\Martin_Cauchon_0002.jpg,data\calibration\lfw\lfw\Vitali_Klitschko\Vitali_Klitschko_0003.jpg,0,0.05480165
1,data\calibration\lfw\lfw\Martin_Hoellwarth\Martin_Hoellwarth_0002.jpg,data\calibration\lfw\lfw\Mary_Katherine_Smart\Mary_Katherine_Smart_0001.jpg,0,-0.01217801
1,data\calibration\lfw\lfw\Martina_Hingis\Martina_Hingis_0001.jpg,data\calibration\lfw\lfw\Terry_McAuliffe\Terry_McAuliffe_0002.jpg,0,-0.05247784
1,data\calibration\lfw\lfw\Melina_Kanakaredes\Melina_Kanakaredes_0001.jpg,data\calibration\lfw\lfw\Ornella_Muti\Ornella_Muti_0001.jpg,0,-0.00875162
1,data\calibration\lfw\lfw\Michael_Dell\Michael_Dell_0001.jpg,data\calibration\lfw\lfw\Mike_Duke\Mike_Duke_0001.jpg,0,0.00476435
1,data\calibration\lfw\lfw\Michael_Dell\Michael_Dell_0001.jpg,data\calibration\lfw\lfw\Nigel_Redden\Nigel_Redden_0001.jpg,0,0.03937177
1,data\calibration\lfw\lfw\Michael_Richards\Michael_Richards_0001.jpg,data\calibration\lfw\lfw\Silvia_Farina_Elia\Silvia_Farina_Elia_0003.jpg,0,-0.08856274
1,data\calibration\lfw\lfw\Milan_Kucan\Milan_Kucan_0001.jpg,data\calibration\lfw\lfw\Salman_Khan\Salman_Khan_0001.jpg,0,0.02422750
1,data\calibration\lfw\lfw\Nancy_Kerrigan\Nancy_Kerrigan_0001.jpg,data\calibration\lfw\lfw\Sam_Brownback\Sam_Brownback_0001.jpg,0,0.04154825
1,data\calibration\lfw\lfw\Naomi_Campbell\Naomi_Campbell_0001.jpg,data\calibration\lfw\lfw\Tom_Ridge\Tom_Ridge_0016.jpg,0,-0.00558705
1,data\calibration\lfw\lfw\Nina_Jacobson\Nina_Jacobson_0001.jpg,data\calibration\lfw\lfw\Portia_de_Rossi\Portia_de_Rossi_0001.jpg,0,0.06726725
1,data\calibration\lfw\lfw\Noah_Wyle\Noah_Wyle_0003.jpg,data\calibration\lfw\lfw\Robbie_Coltrane\Robbie_Coltrane_0001.jpg,0,0.12052555
1,data\calibration\lfw\lfw\Nora_Bendijo\Nora_Bendijo_0001.jpg,data\calibration\lfw\lfw\William_Martin\William_Martin_0002.jpg,0,-0.01789841
1,data\calibration\lfw\lfw\Nursultan_Nazarbayev\Nursultan_Nazarbayev_0001.jpg,data\calibration\lfw\lfw\Robert_Bonner\Robert_Bonner_0001.jpg,0,0.14968948
1,data\calibration\lfw\lfw\Pascal_Affi_Nguessan\Pascal_Affi_Nguessan_0001.jpg,data\calibration\lfw\lfw\Tom_Moss\Tom_Moss_0001.jpg,0,0.00698902
1,data\calibration\lfw\lfw\Pat_Summitt\Pat_Summitt_0001.jpg,data\calibration\lfw\lfw\Paul_Celluci\Paul_Celluci_0001.jpg,0,0.01297983
1,data\calibration\lfw\lfw\Patty_Schnyder\Patty_Schnyder_0003.jpg,data\calibration\lfw\lfw\Pernilla_Bjorn\Pernilla_Bjorn_0001.jpg,0,-0.00653832
1,data\calibration\lfw\lfw\Patty_Schnyder\Patty_Schnyder_0003.jpg,data\calibration\lfw\lfw\Prince_Philippe\Prince_Philippe_0001.jpg,0,0.00462381
1,data\calibration\lfw\lfw\Patty_Schnyder\Patty_Schnyder_0004.jpg,data\calibration\lfw\lfw\Ricardo_Lagos\Ricardo_Lagos_0025.jpg,0,0.00312340
1,data\calibration\lfw\lfw\Pervez_Musharraf\Pervez_Musharraf_0003.jpg,data\calibration\lfw\lfw\Richard_Rodriguez\Richard_Rodriguez_0001.jpg,0,0.01654300
1,data\calibration\lfw\lfw\Phil_Gramm\Phil_Gramm_0002.jpg,data\calibration\lfw\lfw\Stefan_Tafrov\Stefan_Tafrov_0001.jpg,0,0.11153077
1,data\calibration\lfw\lfw\Rachel_Kempson\Rachel_Kempson_0001.jpg,data\calibration\lfw\lfw\Zorica_Radovic\Zorica_Radovic_0001.jpg,0,-0.13215533
1,data\calibration\lfw\lfw\Rachel_Roy\Rachel_Roy_0001.jpg,data\calibration\lfw\lfw\Steve_Shiver\Steve_Shiver_0001.jpg,0,0.07009922
1,data\calibration\lfw\lfw\Richard_Fine\Richard_Fine_0001.jpg,data\calibration\lfw\lfw\Richard_Rodriguez\Richard_Rodriguez_0001.jpg,0,0.01650492
1,data\calibration\lfw\lfw\Rick_Reed\Rick_Reed_0001.jpg,data\calibration\lfw\lfw\Ruth_Bader_Ginsburg\Ruth_Bader_Ginsburg_0001.jpg,0,0.06348240
1,data\calibration\lfw\lfw\Robbie_Naish\Robbie_Naish_0001.jpg,data\calibration\lfw\lfw\Zhong_Nanshan\Zhong_Nanshan_0001.jpg,0,0.08757539
1,data\calibration\lfw\lfw\Robert_Bonner\Robert_Bonner_0002.jpg,data\calibration\lfw\lfw\Vincent_Brooks\Vincent_Brooks_0002.jpg,0,-0.03451480
1,data\calibration\lfw\lfw\Robert_Downey_Jr\Robert_Downey_Jr_0001.jpg,data\calibration\lfw\lfw\Tommy_Shane_Steiner\Tommy_Shane_Steiner_0001.jpg,0,-0.01613656
1,data\calibration\lfw\lfw\Robert_Evans\Robert_Evans_0001.jpg,data\calibration\lfw\lfw\Todd_Robbins\Todd_Robbins_0001.jpg,0,0.00044557
1,data\calibration\lfw\lfw\Romeo_Gigli\Romeo_Gigli_0001.jpg,data\calibration\lfw\lfw\Tom_Harkin\Tom_Harkin_0004.jpg,0,-0.05905267
1,data\calibration\lfw\lfw\Saeb_Erekat\Saeb_Erekat_0001.jpg,data\calibration\lfw\lfw\Tom_Coverdale\Tom_Coverdale_0002.jpg,0,-0.03484585
1,data\calibration\lfw\lfw\Se_Hyuk_Joo\Se_Hyuk_Joo_0001.jpg,data\calibration\lfw\lfw\Tom_Rouen\Tom_Rouen_0001.jpg,0,-0.03651019
1,data\calibration\lfw\lfw\Sergio_Garcia\Sergio_Garcia_0002.jpg,data\calibration\lfw\lfw\Thomas_Watjen\Thomas_Watjen_0001.jpg,0,-0.02519731
1,data\calibration\lfw\lfw\Simon_Yam\Simon_Yam_0001.jpg,data\calibration\lfw\lfw\Terry_McAuliffe\Terry_McAuliffe_0003.jpg,0,-0.05409037
1,data\calibration\lfw\lfw\Simon_Yam\Simon_Yam_0001.jpg,data\calibration\lfw\lfw\Tommy_Haas\Tommy_Haas_0005.jpg,0,0.04475978
1,data\calibration\lfw\lfw\Stan_Kroenke\Stan_Kroenke_0001.jpg,data\calibration\lfw\lfw\William_Hyde\William_Hyde_0001.jpg,0,0.02463607
1,data\calibration\lfw\lfw\Steve_Ballmer\Steve_Ballmer_0001.jpg,data\calibration\lfw\lfw\Tina_Pisnik\Tina_Pisnik_0001.jpg,0,0.01835533
1,data\calibration\lfw\lfw\Steve_Ballmer\Steve_Ballmer_0002.jpg,data\calibration\lfw\lfw\Vincent_Gallo\Vincent_Gallo_0003.jpg,0,-0.04312338
1,data\calibration\lfw\lfw\Steve_Shiver\Steve_Shiver_0001.jpg,data\calibration\lfw\lfw\Thomas_Rupprath\Thomas_Rupprath_0003.jpg,0,0.01460807
1,data\calibration\lfw\lfw\Tina_Fey\Tina_Fey_0001.jpg,data\calibration\lfw\lfw\Todd_Parrott\Todd_Parrott_0001.jpg,0,-0.05979097
2,data\calibration\lfw\lfw\Abdullah_Gul\Abdullah_Gul_0001.jpg,data\calibration\lfw\lfw\Abdullah_Gul\Abdullah_Gul_0006.jpg,1,0.74227822
2,data\calibration\lfw\lfw\Abdullah_Gul\Abdullah_Gul_0001.jpg,data\calibration\lfw\lfw\Abdullah_Gul\Abdullah_Gul_0008.jpg,1,0.71387959
2,data\calibration\lfw\lfw\Abdullah_Gul\Abdullah_Gul_0007.jpg,data\calibration\lfw\lfw\Abdullah_Gul\Abdullah_Gul_0014.jpg,1,0.77624315
2,data\calibration\lfw\lfw\Abdullah_Gul\Abdullah_Gul_0009.jpg,data\calibration\lfw\lfw\Abdullah_Gul\Abdullah_Gul_0012.jpg,1,0.79934061
2,data\calibration\lfw\lfw\Abdullah_Gul\Abdullah_Gul_0009.jpg,data\calibration\lfw\lfw\Abdullah_Gul\Abdullah_Gul_0015.jpg,1,0.68573195
2,data\calibration\lfw\lfw\Adolfo_Rodriguez_Saa\Adolfo_Rodriguez_Saa_0001.jpg,data\calibration\lfw\lfw\Adolfo_Rodriguez_Saa\Adolfo_Rodriguez_Saa_0002.jpg,1,0.63298959
2,data\calibration\lfw\lfw\Adrien_Brody\Adrien_Brody_0002.jpg,data\calibration\lfw\lfw\Adrien_Brody\Adrien_Brody_0003.jpg,1,0.73792875
2,data\calibration\lfw\lfw\Adrien_Brody\Adrien_Brody_0002.jpg,data\calibration\lfw\lfw\Adrien_Brody\Adrien_Brody_0012.jpg,1,0.57779735
2,data\calibration\lfw\lfw\Adrien_Brody\Adrien_Brody_0005.jpg,data\calibration\lfw\lfw\Adrien_Brody\Adrien_Brody_0010.jpg,1,0.68011373
2,data\calibration\lfw\lfw\Adrien_Brody\Adrien_Brody_0007.jpg,data\calibration\lfw\lfw\Adrien_Brody\Adrien_Brody_0008.jpg,1,0.75790888
2,data\calibration\lfw\lfw\Al_Sharpton\Al_Sharpton_0002.jpg,data\calibration\lfw\lfw\Al_Sharpton\Al_Sharpton_0007.jpg,1,0.76997799
2,data\calibration\lfw\lfw\Alexandra_Stevenson\Alexandra_Stevenson_0001.jpg,data\calibration\lfw\lfw\Alexandra_Stevenson\Alexandra_Stevenson_0002.jpg,1,0.69906318
2,data\calibration\lfw\lfw\Alexandra_Stevenson\Alexandra_Stevenson_0001.jpg,data\calibration\lfw\lfw\Alexandra_Stevenson\Alexandra_Stevenson_0003.jpg,1,0.72533971
2,data\calibration\lfw\lfw\Alexandra_Vodjanikova\Alexandra_Vodjanikova_0001.jpg,data\calibration\lfw\lfw\Alexandra_Vodjanikova\Alexandra_Vodjanikova_0002.jpg,1,0.53910792
2,data\calibration\lfw\lfw\Alicia_Silverstone\Alicia_Silverstone_0001.jpg,data\calibration\lfw\lfw\Alicia_Silverstone\Alicia_Silverstone_0002.jpg,1,0.50926197
2,data\calibration\lfw\lfw\Ana_Palacio\Ana_Palacio_0003.jpg,data\calibration\lfw\lfw\Ana_Palacio\Ana_Palacio_0007.jpg,1,0.58146983
2,data\calibration\lfw\lfw\Ana_Palacio\Ana_Palacio_0006.jpg,data\calibration\lfw\lfw\Ana_Palacio\Ana_Palacio_0008.jpg,1,0.54122138
2,data\calibration\lfw\lfw\Andre_Agassi\Andre_Agassi_0001.jpg,data\calibration\lfw\lfw\Andre_Agassi\Andre_Agassi_0005.jpg,1,0.58450145
2,data\calibration\lfw\lfw\Andre_Agassi\Andre_Agassi_0002.jpg,data\calibration\lfw\lfw\Andre_Agassi\Andre_Agassi_0016.jpg,1,0.71109754
2,data\calibration\lfw\lfw\Andre_Agassi\Andre_Agassi_0004.jpg,data\calibration\lfw\lfw\Andre_Agassi\Andre_Agassi_0033.jpg,1,0.64874291
2,data\calibration\lfw\lfw\Andre_Agassi\Andre_Agassi_0009.jpg,data\calibration\lfw\lfw\Andre_Agassi\Andre_Agassi_0025.jpg,1,0.60941797
2,data\calibration\lfw\lfw\Andre_Agassi\Andre_Agassi_0017.jpg,data\calibration\lfw\lfw\Andre_Agassi\Andre_Agassi_0025.jpg,1,0.74071443
2,data\calibration\lfw\lfw\Anna_Kournikova\Anna_Kournikova_0002.jpg,data\calibration\lfw\lfw\Anna_Kournikova\Anna_Kournikova_0003.jpg,1,0.38988414
2,data\calibration\lfw\lfw\Anna_Kournikova\Anna_Kournikova_0002.jpg,data\calibration\lfw\lfw\Anna_Kournikova\Anna_Kournikova_0012.jpg,1,0.41320083
2,data\calibration\lfw\lfw\Anna_Kournikova\Anna_Kournikova_0003.jpg,data\calibration\lfw\lfw\Anna_Kournikova\Anna_Kournikova_0008.jpg,1,0.62850296
2,data\calibration\lfw\lfw\Anna_Kournikova\Anna_Kournikova_0007.jpg,data\calibration\lfw\lfw\Anna_Kournikova\Anna_Kournikova_0008.jpg,1,0.67083949
2,data\calibration\lfw\lfw\Anna_Kournikova\Anna_Kournikova_0007.jpg,data\calibration\lfw\lfw\Anna_Kournikova\Anna_Kournikova_0011.jpg,1,0.45571321
2,data\calibration\lfw\lfw\Annette_Lu\Annette_Lu_0001.jpg,data\calibration\lfw\lfw\Annette_Lu\Annette_Lu_0002.jpg,1,0.66751480
2,data\calibration\lfw\lfw\Arnold_Palmer\Arnold_Palmer_0001.jpg,data\calibration\lfw\lfw\Arnold_Palmer\Arnold_Palmer_0003.jpg,1,0.70600379
2,data\calibration\lfw\lfw\Arnold_Palmer\Arnold_Palmer_0002.jpg,data\calibration\lfw\lfw\Arnold_Palmer\Arnold_Palmer_0003.jpg,1,0.79604268
2,data\calibration\lfw\lfw\Aron_Ralston\Aron_Ralston_0001.jpg,data\calibration\lfw\lfw\Aron_Ralston\Aron_Ralston_0002.jpg,1,0.59162015
2,data\calibration\lfw\lfw\Arturo_Gatti\Arturo_Gatti_0002.jpg,data\calibration\lfw\lfw\Arturo_Gatti\Arturo_Gatti_0003.jpg,1,0.72248548
2,data\calibration\lfw\lfw\Bashar_Assad\Bashar_Assad_0001.jpg,data\calibration\lfw\lfw\Bashar_Assad\Bashar_Assad_0003.jpg,1,0.69289535
2,data\calibration\lfw\lfw\Bashar_Assad\Bashar_Assad_0002.jpg,data\calibration\lfw\lfw\Bashar_Assad\Bashar_Assad_0004.jpg,1,0.69177681
2,data\calibration\lfw\lfw\Bernardo_Segura\Bernardo_Segura_0001.jpg,data\calibration\lfw\lfw\Bernardo_Segura\Bernardo_Segura_0002.jpg,1,0.63298738
2,data\calibration\lfw\lfw\Bill_Gates\Bill_Gates_0003.jpg,data\calibration\lfw\lfw\Bill_Gates\Bill_Gates_0016.jpg,1,0.68465459
2,data\calibration\lfw\lfw\Bill_Gates\Bill_Gates_0007.jpg,data\calibration\lfw\lfw\Bill_Gates\Bill_Gates_0015.jpg,1,0.73109919
2,data\calibration\lfw\lfw\Bill_Gates\Bill_Gates_0011.jpg,data\calibration\lfw\lfw\Bill_Gates\Bill_Gates_0013.jpg,1,0.65652680
2,data\calibration\lfw\lfw\Bill_Gates\Bill_Gates_0013.jpg,data\calibration\lfw\lfw\Bill_Gates\Bill_Gates_0017.jpg,1,0.68078011
2,data\calibration\lfw\lfw\Bo_Pelini\Bo_Pelini_0001.jpg,data\calibration\lfw\lfw\Bo_Pelini\Bo_Pelini_0002.jpg,1,0.81030768
2,data\calibration\lfw\lfw\Bob_Stoops\Bob_Stoops_0002.jpg,data\calibration\lfw\lfw\Bob_Stoops\Bob_Stoops_0004.jpg,1,0.71299285
2,data\calibration\lfw\lfw\Bob_Stoops\Bob_Stoops_0002.jpg,data\calibration\lfw\lfw\Bob_Stoops\Bob_Stoops_0005.jpg,1,0.78948271
2,data\calibration\lfw\lfw\Bobby_Robson\Bobby_Robson_0001.jpg,data\calibration\lfw\lfw\Bobby_Robson\Bobby_Robson_0002.jpg,1,0.71612829
2,data\calibration\lfw\lfw\Bode_Miller\Bode_Miller_0001.jpg,data\calibration\lfw\lfw\Bode_Miller\Bode_Miller_0002.jpg,1,0.59040910
2,data\calibration\lfw\lfw\Caroline_Kennedy\Caroline_Kennedy_0001.jpg,data\calibration\lfw\lfw\Caroline_Kennedy\Caroline_Kennedy_0003.jpg,1,0.82502604
2,data\calibration\lfw\lfw\Caroline_Kennedy\Caroline_Kennedy_0002.jpg,data\calibration\lfw\lfw\Caroline_Kennedy\Caroline_Kennedy_0003.jpg,1,0.76108956
2,data\calibration\lfw\lfw\Catherine_Zeta-Jones\Catherine_Zeta-Jones_0001.jpg,data\calibration\lfw\lfw\Catherine_Zeta-Jones\Catherine_Zeta-Jones_0011.jpg,1,0.58751547
2,data\calibration\lfw\lfw\Catherine_Zeta-Jones\Catherine_Zeta-Jones_0004.jpg,data\calibration\lfw\lfw\Catherine_Zeta-Jones\Catherine_Zeta-Jones_0009.jpg,1,0.56542313
2,data\calibration\lfw\lfw\Celso_Amorim\Celso_Amorim_0001.jpg,data\calibration\lfw\lfw\Celso_Amorim\Celso_Amorim_0002.jpg,1,0.68266499
2,data\calibration\lfw\lfw\Chanda_Rubin\Chanda_Rubin_0002.jpg,data\calibration\lfw\lfw\Chanda_Rubin\Chanda_Rubin_0005.jpg,1,0.66009194
2,data\calibration\lfw\lfw\Chanda_Rubin\Chanda_Rubin_0004.jpg,data\calibration\lfw\lfw\Chanda_Rubin\Chanda_Rubin_0005.jpg,1,0.74004573
2,data\calibration\lfw\lfw\Charles_Bronson\Charles_Bronson_0001.jpg,data\calibration\lfw\lfw\Charles_Bronson\Charles_Bronson_0002.jpg,1,0.41822690
2,data\calibration\lfw\lfw\Charles_Kartman\Charles_Kartman_0001.jpg,data\calibration\lfw\lfw\Charles_Kartman\Charles_Kartman_0002.jpg,1,0.74289209
2,data\calibration\lfw\lfw\Charles_Schumer\Charles_Schumer_0001.jpg,data\calibration\lfw\lfw\Charles_Schumer\Charles_Schumer_0002.jpg,1,0.19703548
2,data\calibration\lfw\lfw\Chris_Rock\Chris_Rock_0001.jpg,data\calibration\lfw\lfw\Chris_Rock\Chris_Rock_0002.jpg,1,0.75733626
2,data\calibration\lfw\lfw\Christine_Baumgartner\Christine_Baumgartner_0001.jpg,data\calibration\lfw\lfw\Christine_Baumgartner\Christine_Baumgartner_0002.jpg,1,0.54577249
2,data\calibration\lfw\lfw\Christine_Baumgartner\Christine_Baumgartner_0002.jpg,data\calibration\lfw\lfw\Christine_Baumgartner\Christine_Baumgartner_0004.jpg,1,0.59571218
2,data\calibration\lfw\lfw\Colin_Farrell\Colin_Farrell_0001.jpg,data\calibration\lfw\lfw\Colin_Farrell\Colin_Farrell_0007.jpg,1,0.53582257
2,data\calibration\lfw\lfw\Colin_Farrell\Colin_Farrell_0002.jpg,data\calibration\lfw\lfw\Colin_Farrell\Colin_Farrell_0007.jpg,1,0.59129596
2,data\calibration\lfw\lfw\Colin_Farrell\Colin_Farrell_0003.jpg,data\calibration\lfw\lfw\Colin_Farrell\Colin_Farrell_0006.jpg,1,-0.05291192
2,data\calibration\lfw\lfw\Colin_Farrell\Colin_Farrell_0004.jpg,data\calibration\lfw\lfw\Colin_Farrell\Colin_Farrell_0008.jpg,1,0.54232615
2,data\calibration\lfw\lfw\Dalai_Lama\Dalai_Lama_0001.jpg,data\calibration\lfw\lfw\Dalai_Lama\Dalai_Lama_0002.jpg,1,0.80150855
2,data\calibration\lfw\lfw\Daniel_Radcliffe\Daniel_Radcliffe_0001.jpg,data\calibration\lfw\lfw\Daniel_Radcliffe\Daniel_Radcliffe_0004.jpg,1,0.64367986
2,data\calibration\lfw\lfw\Daryl_Hannah\Daryl_Hannah_0001.jpg,data\calibration\lfw\lfw\Daryl_Hannah\Daryl_Hannah_0002.jpg,1,0.65951145
2,data\calibration\lfw\lfw\David_Anderson\David_Anderson_0001.jpg,data\calibration\lfw\lfw\David_Anderson\David_Anderson_0002.jpg,1,0.69896054
2,data\calibration\lfw\lfw\David_Anderson\David_Anderson_0001.jpg,data\calibration\lfw\lfw\David_Anderson\David_Anderson_0003.jpg,1,0.58395755
2,data\calibration\lfw\lfw\David_Beckham\David_Beckham_0001.jpg,data\calibration\lfw\lfw\David_Beckham\David_Beckham_0015.jpg,1,0.62221265
2,data\calibration\lfw\lfw\David_Beckham\David_Beckham_0009.jpg,data\calibration\lfw\lfw\David_Beckham\David_Beckham_0016.jpg,1,0.62233478
2,data\calibration\lfw\lfw\David_Beckham\David_Beckham_0011.jpg,data\calibration\lfw\lfw\David_Beckham\David_Beckham_0029.jpg,1,0.56472021
2,data\calibration\lfw\lfw\David_Beckham\David_Beckham_0013.jpg,data\calibration\lfw\lfw\David_Beckham\David_Beckham_0029.jpg,1,0.53597498
2,data\calibration\lfw\lfw\David_Beckham\David_Beckham_0015.jpg,data\calibration\lfw\lfw\David_Beckham\David_Beckham_0024.jpg,1,0.56329113
2,data\calibration\lfw\lfw\David_Beckham\David_Beckham_0020.jpg,data\calibration\lfw\lfw\David_Beckham\David_Beckham_0027.jpg,1,0.65318233
2,data\calibration\lfw\lfw\David_Beckham\David_Beckham_0027.jpg,data\calibration\lfw\lfw\David_Beckham\David_Beckham_0031.jpg,1,0.48787147
2,data\calibration\lfw\lfw\Denzel_Washington\Denzel_Washington_0002.jpg,data\calibration\lfw\lfw\Denzel_Washington\Denzel_Washington_0004.jpg,1,0.58238173
2,data\calibration\lfw\lfw\Denzel_Washington\Denzel_Washington_0003.jpg,data\calibration\lfw\lfw\Denzel_Washington\Denzel_Washington_0005.jpg,1,0.73300922
2,data\calibration\lfw\lfw\Dianne_Feinstein\Dianne_Feinstein_0001.jpg,data\calibration\lfw\lfw\Dianne_Feinstein\Dianne_Feinstein_0002.jpg,1,0.76064110
2,data\calibration\lfw\lfw\Dianne_Feinstein\Dianne_Feinstein_0001.jpg,data\calibration\lfw\lfw\Dianne_Feinstein\Dianne_Feinstein_0003.jpg,1,0.73704797
2,data\calibration\lfw\lfw\Dianne_Feinstein\Dianne_Feinstein_0002.jpg,data\calibration\lfw\lfw\Dianne_Feinstein\Dianne_Feinstein_0003.jpg,1,0.64816374
2,data\calibration\lfw\lfw\Dick_Clark\Dick_Clark_0001.jpg,data\calibration\lfw\lfw\Dick_Clark\Dick_Clark_0002.jpg,1,0.61933506
2,data\calibration\lfw\lfw\Dick_Clark\Dick_Clark_0001.jpg,data\calibration\lfw\lfw\Dick_Clark\Dick_Clark_0003.jpg,1,0.68902904
2,data\calibration\lfw\lfw\Donald_Fehr\Donald_Fehr_0001.jpg,data\calibration\lfw\lfw\Donald_Fehr\Donald_Fehr_0003.jpg,1,0.60674626
2,data\calibration\lfw\lfw\Donald_Fehr\Donald_Fehr_0001.jpg,data\calibration\lfw\lfw\Donald_Fehr\Donald_Fehr_0004.jpg,1,0.63603675
2,data\calibration\lfw\lfw\Donald_Fehr\Donald_Fehr_0002.jpg,data\calibration\lfw\lfw\Donald_Fehr\Donald_Fehr_0003.jpg,1,0.66218579
2,data\calibration\lfw\lfw\Donald_Fehr\Donald_Fehr_0003.jpg,data\calibration\lfw\lfw\Donald_Fehr\Donald_Fehr_0004.jpg,1,0.77670664
2,data\calibration\lfw\lfw\Dwayne_Johnson\Dwayne_Johnson_0001.jpg,data\calibration\lfw\lfw\Dwayne_Johnson\Dwayne_Johnson_0002.jpg,1,0.87902337
2,data\calibration\lfw\lfw\Ed_Rosenthal\Ed_Rosenthal_0001.jpg,data\calibration\lfw\lfw\Ed_Rosenthal\Ed_Rosenthal_0002.jpg,1,0.62338465
2,data\calibration\lfw\lfw\Erik_Morales\Erik_Morales_0001.jpg,data\calibration\lfw\lfw\Erik_Morales\Erik_Morales_0002.jpg,1,0.66146630
2,data\calibration\lfw\lfw\Erik_Morales\Erik_Morales_0002.jpg,data\calibration\lfw\lfw\Erik_Morales\Erik_Morales_0003.jpg,1,0.67246801
2,data\calibration\lfw\lfw\Evan_Rachel_Wood\Evan_Rachel_Wood_0002.jpg,data\calibration\lfw\lfw\Evan_Rachel_Wood\Evan_Rachel_Wood_0003.jpg,1,0.70608652
2,data\calibration\lfw\lfw\Evander_Holyfield\Evander_Holyfield_0001.jpg,data\calibration\lfw\lfw\Evander_Holyfield\Evander_Holyfield_0002.jpg,1,0.76346922
2,data\calibration\lfw\lfw\Eve_Pelletier\Eve_Pelletier_0001.jpg,data\calibration\lfw\lfw\Eve_Pelletier\Eve_Pelletier_0002.jpg,1,0.71178883
2,data\calibration\lfw\lfw\Farouk_al-Sharaa\Farouk_al-Sharaa_0001.jpg,data\calibration\lfw\lfw\Farouk_al-Sharaa\Farouk_al-Sharaa_0002.jpg,1,0.70533973
2,data\calibration\lfw\lfw\Farouk_al-Sharaa\Farouk_al-Sharaa_0001.jpg,data\calibration\lfw\lfw\Farouk_al-Sharaa\Farouk_al-Sharaa_0003.jpg,1,0.79812831
2,data\calibration\lfw\lfw\Farouk_al-Sharaa\Farouk_al-Sharaa_0002.jpg,data\calibration\lfw\lfw\Farouk_al-Sharaa\Farouk_al-Sharaa_0003.jpg,1,0.64947802
2,data\calibration\lfw\lfw\Frank_Cassell\Frank_Cassell_0001.jpg,data\calibration\lfw\lfw\Frank_Cassell\Frank_Cassell_0002.jpg,1,0.63164300
2,data\calibration\lfw\lfw\Frank_Cassell\Frank_Cassell_0001.jpg,data\calibration\lfw\lfw\Frank_Cassell\Frank_Cassell_0003.jpg,1,0.68033248
2,data\calibration\lfw\lfw\Fujio_Cho\Fujio_Cho_0001.jpg,data\calibration\lfw\lfw\Fujio_Cho\Fujio_Cho_0004.jpg,1,0.66412216
2,data\calibration\lfw\lfw\Fujio_Cho\Fujio_Cho_0002.jpg,data\calibration\lfw\lfw\Fujio_Cho\Fujio_Cho_0005.jpg,1,0.72777605
2,data\calibration\lfw\lfw\Fujio_Cho\Fujio_Cho_0003.jpg,data\calibration\lfw\lfw\Fujio_Cho\Fujio_Cho_0005.jpg,1,0.87907904
2,data\calibration\lfw\lfw\Fujio_Cho\Fujio_Cho_0004.jpg,data\calibration\lfw\lfw\Fujio_Cho\Fujio_Cho_0006.jpg,1,0.76079607
2,data\calibration\lfw\lfw\Fujio_Cho\Fujio_Cho_0005.jpg,data\calibration\lfw\lfw\Fujio_Cho\Fujio_Cho_0006.jpg,1,0.73175812
2,data\calibration\lfw\lfw\Gao_Qiang\Gao_Qiang_0001.jpg,data\calibration\lfw\lfw\Gao_Qiang\Gao_Qiang_0002.jpg,1,0.79634786
2,data\calibration\lfw\lfw\Geoff_Hoon\Geoff_Hoon_0001.jpg,data\calibration\lfw\lfw\Geoff_Hoon\Geoff_Hoon_0002.jpg,1,0.70483524
2,data\calibration\lfw\lfw\Geoff_Hoon\Geoff_Hoon_0003.jpg,data\calibration\lfw\lfw\Geoff_Hoon\Geoff_Hoon_0004.jpg,1,0.77976418
2,data\calibration\lfw\lfw\Geoff_Hoon\Geoff_Hoon_0004.jpg,data\calibration\lfw\lfw\Geoff_Hoon\Geoff_Hoon_0005.jpg,1,0.69149017
2,data\calibration\lfw\lfw\George_Brumley\George_Brumley_0001.jpg,data\calibration\lfw\lfw\George_Brumley\George_Brumley_0002.jpg,1,0.65678275
2,data\calibration\lfw\lfw\George_Papandreou\George_Papandreou_0001.jpg,data\calibration\lfw\lfw\George_Papandreou\George_Papandreou_0002.jpg,1,0.63524342
2,data\calibration\lfw\lfw\George_Papandreou\George_Papandreou_0001.jpg,data\calibration\lfw\lfw\George_Papandreou\George_Papandreou_0003.jpg,1,0.80943936
2,data\calibration\lfw\lfw\George_Papandreou\George_Papandreou_0001.jpg,data\calibration\lfw\lfw\George_Papandreou\George_Papandreou_0004.jpg,1,0.73402619
2,data\calibration\lfw\lfw\George_Papandreou\George_Papandreou_0003.jpg,data\calibration\lfw\lfw\George_Papandreou\George_Papandreou_0004.jpg,1,0.78349662
2,data\calibration\lfw\lfw\Gloria_Allred\Gloria_Allred_0001.jpg,data\calibration\lfw\lfw\Gloria_Allred\Gloria_Allred_0002.jpg,1,0.69206321
2,data\calibration\lfw\lfw\Greg_Ostertag\Greg_Ostertag_0001.jpg,data\calibration\lfw\lfw\Greg_Ostertag\Greg_Ostertag_0002.jpg,1,0.51424497
2,data\calibration\lfw\lfw\Greg_Owen\Greg_Owen_0001.jpg,data\calibration\lfw\lfw\Greg_Owen\Greg_Owen_0002.jpg,1,0.79646748
2,data\calibration\lfw\lfw\Hanan_Ashrawi\Hanan_Ashrawi_0001.jpg,data\calibration\lfw\lfw\Hanan_Ashrawi\Hanan_Ashrawi_0002.jpg,1,0.71828377
2,data\calibration\lfw\lfw\Harry_Kalas\Harry_Kalas_0001.jpg,data\calibration\lfw\lfw\Harry_Kalas\Harry_Kalas_0002.jpg,1,0.55913633
2,data\calibration\lfw\lfw\Hayley_Tullett\Hayley_Tullett_0001.jpg,data\calibration\lfw\lfw\Hayley_Tullett\Hayley_Tullett_0002.jpg,1,0.48809665
2,data\calibration\lfw\lfw\Howard_Dean\Howard_Dean_0001.jpg,data\calibration\lfw\lfw\Howard_Dean\Howard_Dean_0003.jpg,1,0.82649875
2,data\calibration\lfw\lfw\Howard_Dean\Howard_Dean_0001.jpg,data\calibration\lfw\lfw\Howard_Dean\Howard_Dean_0007.jpg,1,0.80098236
2,data\calibration\lfw\lfw\Howard_Dean\Howard_Dean_0002.jpg,data\calibration\lfw\lfw\Howard_Dean\Howard_Dean_0008.jpg,1,0.63136774
2,data\calibration\lfw\lfw\Howard_Dean\Howard_Dean_0004.jpg,data\calibration\lfw\lfw\Howard_Dean\Howard_Dean_0005.jpg,1,0.66844869
2,data\calibration\lfw\lfw\Howard_Dean\Howard_Dean_0005.jpg,data\calibration\lfw\lfw\Howard_Dean\Howard_Dean_0012.jpg,1,0.74304491
2,data\calibration\lfw\lfw\Hu_Jintao\Hu_Jintao_0004.jpg,data\calibration\lfw\lfw\Hu_Jintao\Hu_Jintao_0014.jpg,1,0.67671967
2,data\calibration\lfw\lfw\Hu_Jintao\Hu_Jintao_0005.jpg,data\calibration\lfw\lfw\Hu_Jintao\Hu_Jintao_0012.jpg,1,0.70099562
2,data\calibration\lfw\lfw\Hu_Jintao\Hu_Jintao_0005.jpg,data\calibration\lfw\lfw\Hu_Jintao\Hu_Jintao_0015.jpg,1,0.75393432
2,data\calibration\lfw\lfw\Hu_Jintao\Hu_Jintao_0011.jpg,data\calibration\lfw\lfw\Hu_Jintao\Hu_Jintao_0013.jpg,1,0.68961924
2,data\calibration\lfw\lfw\Ian_McKellen\Ian_McKellen_0001.jpg,data\calibration\lfw\lfw\Ian_McKellen\Ian_McKellen_0003.jpg,1,0.60870713
2,data\calibration\lfw\lfw\Ibrahim_Jaafari\Ibrahim_Jaafari_0001.jpg,data\calibration\lfw\lfw\Ibrahim_Jaafari\Ibrahim_Jaafari_0002.jpg,1,0.74687421
2,data\calibration\lfw\lfw\Isabella_Rossellini\Isabella_Rossellini_0001.jpg,data\calibration\lfw\lfw\Isabella_Rossellini\Isabella_Rossellini_0003.jpg,1,0.63753974
2,data\calibration\lfw\lfw\Ishaq_Shahryar\Ishaq_Shahryar_0001.jpg,data\calibration\lfw\lfw\Ishaq_Shahryar\Ishaq_Shahryar_0002.jpg,1,0.07673865
2,data\calibration\lfw\lfw\Ismail_Merchant\Ismail_Merchant_0001.jpg,data\calibration\lfw\lfw\Ismail_Merchant\Ismail_Merchant_0002.jpg,1,0.69768912
2,data\calibration\lfw\lfw\Jacques_Chirac\Jacques_Chirac_0002.jpg,data\calibration\lfw\lfw\Jacques_Chirac\Jacques_Chirac_0043.jpg,1,0.71925753
2,data\calibration\lfw\lfw\Jacques_Chirac\Jacques_Chirac_0019.jpg,data\calibration\lfw\lfw\Jacques_Chirac\Jacques_Chirac_0028.jpg,1,0.70023048
2,data\calibration\lfw\lfw\James_Cameron\James_Cameron_0001.jpg,data\calibration\lfw\lfw\James_Cameron\James_Cameron_0003.jpg,1,0.62658238
2,data\calibration\lfw\lfw\James_McGreevey\James_McGreevey_0001.jpg,data\calibration\lfw\lfw\James_McGreevey\James_McGreevey_0003.jpg,1,0.70752567
2,data\calibration\lfw\lfw\James_McGreevey\James_McGreevey_0001.jpg,data\calibration\lfw\lfw\James_McGreevey\James_McGreevey_0004.jpg,1,0.74057680
2,data\calibration\lfw\lfw\Jason_Alexander\Jason_Alexander_0001.jpg,data\calibration\lfw\lfw\Jason_Alexander\Jason_Alexander_0002.jpg,1,0.66529691
2,data\calibration\lfw\lfw\Jason_Kidd\Jason_Kidd_0002.jpg,data\calibration\lfw\lfw\Jason_Kidd\Jason_Kidd_0008.jpg,1,0.56233454
2,data\calibration\lfw\lfw\Jason_Kidd\Jason_Kidd_0003.jpg,data\calibration\lfw\lfw\Jason_Kidd\Jason_Kidd_0008.jpg,1,0.00838343
2,data\calibration\lfw\lfw\Jason_Kidd\Jason_Kidd_0006.jpg,data\calibration\lfw\lfw\Jason_Kidd\Jason_Kidd_0008.jpg,1,0.77900875
2,data\calibration\lfw\lfw\Jelena_Dokic\Jelena_Dokic_0001.jpg,data\calibration\lfw\lfw\Jelena_Dokic\Jelena_Dokic_0002.jpg,1,0.66102147
2,data\calibration\lfw\lfw\Jelena_Dokic\Jelena_Dokic_0002.jpg,data\calibration\lfw\lfw\Jelena_Dokic\Jelena_Dokic_0004.jpg,1,0.61319798
2,data\calibration\lfw\lfw\Jelena_Dokic\Jelena_Dokic_0002.jpg,data\calibration\lfw\lfw\Jelena_Dokic\Jelena_Dokic_0008.jpg,1,0.64731622
2,data\calibration\lfw\lfw\Jelena_Dokic\Jelena_Dokic_0003.jpg,data\calibration\lfw\lfw\Jelena_Dokic\Jelena_Dokic_0004.jpg,1,0.55203587
2,data\calibration\lfw\lfw\Jelena_Dokic\Jelena_Dokic_0004.jpg,data\calibration\lfw\lfw\Jelena_Dokic\Jelena_Dokic_0005.jpg,1,0.48695943
2,data\calibration\lfw\lfw\Jelena_Dokic\Jelena_Dokic_0004.jpg,data\calibration\lfw\lfw\Jelena_Dokic\Jelena_Dokic_0007.jpg,1,0.68780547
2,data\calibration\lfw\lfw\Jelena_Dokic\Jelena_Dokic_0004.jpg,data\calibration\lfw\lfw\Jelena_Dokic\Jelena_Dokic_0008.jpg,1,0.51953727
2,data\calibration\lfw\lfw\Jelena_Dokic\Jelena_Dokic_0005.jpg,data\calibration\lfw\lfw\Jelena_Dokic\Jelena_Dokic_0006.jpg,1,0.58853555
2,data\calibration\lfw\lfw\Jelena_Dokic\Jelena_Dokic_0007.jpg,data\calibration\lfw\lfw\Jelena_Dokic\Jelena_Dokic_0008.jpg,1,0.56401944
2,data\calibration\lfw\lfw\Jennifer_Connelly\Jennifer_Connelly_0001.jpg,data\calibration\lfw\lfw\Jennifer_Connelly\Jennifer_Connelly_0003.jpg,1,0.73615199
2,data\calibration\lfw\lfw\Jennifer_Connelly\Jennifer_Connelly_0001.jpg,data\calibration\lfw\lfw\Jennifer_Connelly\Jennifer_Connelly_0004.jpg,1,0.67061067
2,data\calibration\lfw\lfw\Jennifer_Connelly\Jennifer_Connelly_0002.jpg,data\calibration\lfw\lfw\Jennifer_Connelly\Jennifer_Connelly_0004.jpg,1,0.62124944
2,data\calibration\lfw\lfw\Jennifer_Connelly\Jennifer_Connelly_0003.jpg,data\calibration\lfw\lfw\Jennifer_Connelly\Jennifer_Connelly_0004.jpg,1,0.81890976
2,data\calibration\lfw\lfw\Jennifer_Keller\Jennifer_Keller_0001.jpg,data\calibration\lfw\lfw\Jennifer_Keller\Jennifer_Keller_0004.jpg,1,0.70945936
2,data\calibration\lfw\lfw\Jennifer_Keller\Jennifer_Keller_0003.jpg,data\calibration\lfw\lfw\Jennifer_Keller\Jennifer_Keller_0004.jpg,1,0.68357998
2,data\calibration\lfw\lfw\Jennifer_Reilly\Jennifer_Reilly_0001.jpg,data\calibration\lfw\lfw\Jennifer_Reilly\Jennifer_Reilly_0002.jpg,1,0.84718770
2,data\calibration\lfw\lfw\Jennifer_Thompson\Jennifer_Thompson_0001.jpg,data\calibration\lfw\lfw\Jennifer_Thompson\Jennifer_Thompson_0002.jpg,1,0.75612754
2,data\calibration\lfw\lfw\Jim_Hahn\Jim_Hahn_0001.jpg,data\calibration\lfw\lfw\Jim_Hahn\Jim_Hahn_0003.jpg,1,0.75874293
2,data\calibration\lfw\lfw\Jim_Hahn\Jim_Hahn_0001.jpg,data\calibration\lfw\lfw\Jim_Hahn\Jim_Hahn_0004.jpg,1,0.59000343
2,data\calibration\lfw\lfw\Jim_Hahn\Jim_Hahn_0003.jpg,data\calibration\lfw\lfw\Jim_Hahn\Jim_Hahn_0004.jpg,1,0.73416722
2,data\calibration\lfw\lfw\Johnny_Carson\Johnny_Carson_0001.jpg,data\calibration\lfw\lfw\Johnny_Carson\Johnny_Carson_0002.jpg,1,0.63023585
2,data\calibration\lfw\lfw\Jorge_Batlle\Jorge_Batlle_0001.jpg,data\calibration\lfw\lfw\Jorge_Batlle\Jorge_Batlle_0002.jpg,1,0.64270371
2,data\calibration\lfw\lfw\Jorge_Batlle\Jorge_Batlle_0001.jpg,data\calibration\lfw\lfw\Jorge_Batlle\Jorge_Batlle_0003.jpg,1,0.52457780
2,data\calibration\lfw\lfw\Jorge_Rodolfo_Canicoba_Corral\Jorge_Rodolfo_Canicoba_Corral_0001.jpg,data\calibration\lfw\lfw\Jorge_Rodolfo_Canicoba_Corral\Jorge_Rodolfo_Canicoba_Corral_0002.jpg,1,0.75283372
2,data\calibration\lfw\lfw\Juan_Ignacio_Chela\Juan_Ignacio_Chela_0001.jpg,data\calibration\lfw\lfw\Juan_Ignacio_Chela\Juan_Ignacio_Chela_0002.jpg,1,0.64796168
2,data\calibration\lfw\lfw\Juan_Ignacio_Chela\Juan_Ignacio_Chela_0001.jpg,data\calibration\lfw\lfw\Juan_Ignacio_Chela\Juan_Ignacio_Chela_0003.jpg,1,0.70771164
2,data\calibration\lfw\lfw\Juan_Ignacio_Chela\Juan_Ignacio_Chela_0002.jpg,data\calibration\lfw\lfw\Juan_Ignacio_Chela\Juan_Ignacio_Chela_0003.jpg,1,0.63430184
2,data\calibration\lfw\lfw\Justin_Gatlin\Justin_Gatlin_0001.jpg,data\calibration\lfw\lfw\Justin_Gatlin\Justin_Gatlin_0002.jpg,1,0.70473105
2,data\calibration\lfw\lfw\Karen_Mok\Karen_Mok_0001.jpg,data\calibration\lfw\lfw\Karen_Mok\Karen_Mok_0002.jpg,1,0.75730395
2,data\calibration\lfw\lfw\Katie_Harman\Katie_Harman_0001.jpg,data\calibration\lfw\lfw\Katie_Harman\Katie_Harman_0002.jpg,1,0.03493556
2,data\calibration\lfw\lfw\Katie_Harman\Katie_Harman_0001.jpg,data\calibration\lfw\lfw\Katie_Harman\Katie_Harman_0003.jpg,1,0.49584883
2,data\calibration\lfw\lfw\Katie_Harman\Katie_Harman_0002.jpg,data\calibration\lfw\lfw\Katie_Harman\Katie_Harman_0003.jpg,1,0.07843604
2,data\calibration\lfw\lfw\Kenneth_Branagh\Kenneth_Branagh_0001.jpg,data\calibration\lfw\lfw\Kenneth_Branagh\Kenneth_Branagh_0002.jpg,1,0.82973456
2,data\calibration\lfw\lfw\Kevin_Costner\Kevin_Costner_0001.jpg,data\calibration\lfw\lfw\Kevin_Costner\Kevin_Costner_0003.jpg,1,0.81960571
2,data\calibration\lfw\lfw\Kevin_Costner\Kevin_Costner_0002.jpg,data\calibration\lfw\lfw\Kevin_Costner\Kevin_Costner_0006.jpg,1,0.48746291
2,data\calibration\lfw\lfw\Kevin_Costner\Kevin_Costner_0002.jpg,data\calibration\lfw\lfw\Kevin_Costner\Kevin_Costner_0008.jpg,1,0.45782304
2,data\calibration\lfw\lfw\Kevin_Costner\Kevin_Costner_0006.jpg,data\calibration\lfw\lfw\Kevin_Costner\Kevin_Costner_0008.jpg,1,0.75172228
2,data\calibration\lfw\lfw\Larry_Lindsey\Larry_Lindsey_0001.jpg,data\calibration\lfw\lfw\Larry_Lindsey\Larry_Lindsey_0002.jpg,1,0.62127620
2,data\calibration\lfw\lfw\Leonardo_DiCaprio\Leonardo_DiCaprio_0003.jpg,data\calibration\lfw\lfw\Leonardo_DiCaprio\Leonardo_DiCaprio_0007.jpg,1,0.73708153
2,data\calibration\lfw\lfw\Leonardo_DiCaprio\Leonardo_DiCaprio_0005.jpg,data\calibration\lfw\lfw\Leonardo_DiCaprio\Leonardo_DiCaprio_0006.jpg,1,0.80243874
2,data\calibration\lfw\lfw\Leonardo_DiCaprio\Leonardo_DiCaprio_0006.jpg,data\calibration\lfw\lfw\Leonardo_DiCaprio\Leonardo_DiCaprio_0008.jpg,1,0.82991266
2,data\calibration\lfw\lfw\Lindsay_Davenport\Lindsay_Davenport_0002.jpg,data\calibration\lfw\lfw\Lindsay_Davenport\Lindsay_Davenport_0010.jpg,1,0.56452417
2,data\calibration\lfw\lfw\Lindsay_Davenport\Lindsay_Davenport_0005.jpg,data\calibration\lfw\lfw\Lindsay_Davenport\Lindsay_Davenport_0009.jpg,1,0.61059672
2,data\calibration\lfw\lfw\Lisa_Ling\Lisa_Ling_0001.jpg,data\calibration\lfw\lfw\Lisa_Ling\Lisa_Ling_0002.jpg,1,0.56692612
2,data\calibration\lfw\lfw\Lucy_Liu\Lucy_Liu_0002.jpg,data\calibration\lfw\lfw\Lucy_Liu\Lucy_Liu_0004.jpg,1,0.50905734
2,data\calibration\lfw\lfw\Lucy_Liu\Lucy_Liu_0002.jpg,data\calibration\lfw\lfw\Lucy_Liu\Lucy_Liu_0005.jpg,1,0.60919237
2,data\calibration\lfw\lfw\Lucy_Liu\Lucy_Liu_0003.jpg,data\calibration\lfw\lfw\Lucy_Liu\Lucy_Liu_0005.jpg,1,0.75330245
2,data\calibration\lfw\lfw\Manfred_Stolpe\Manfred_Stolpe_0001.jpg,data\calibration\lfw\lfw\Manfred_Stolpe\Manfred_Stolpe_0002.jpg,1,0.87053847
2,data\calibration\lfw\lfw\Maria_Luisa_Mendonca\Maria_Luisa_Mendonca_0001.jpg,data\calibration\lfw\lfw\Maria_Luisa_Mendonca\Maria_Luisa_Mendonca_0002.jpg,1,0.75474942
2,data\calibration\lfw\lfw\Mario_Kreutzberger\Mario_Kreutzberger_0001.jpg,data\calibration\lfw\lfw\Mario_Kreutzberger\Mario_Kreutzberger_0002.jpg,1,0.60158730
2,data\calibration\lfw\lfw\Melissa_Etheridge\Melissa_Etheridge_0001.jpg,data\calibration\lfw\lfw\Melissa_Etheridge\Melissa_Etheridge_0002.jpg,1,0.76373684
2,data\calibration\lfw\lfw\Michael_Jordan\Michael_Jordan_0001.jpg,data\calibration\lfw\lfw\Michael_Jordan\Michael_Jordan_0002.jpg,1,0.61240405
2,data\calibration\lfw\lfw\Michael_Jordan\Michael_Jordan_0001.jpg,data\calibration\lfw\lfw\Michael_Jordan\Michael_Jordan_0003.jpg,1,0.60721487
2,data\calibration\lfw\lfw\Michael_Jordan\Michael_Jordan_0002.jpg,data\calibration\lfw\lfw\Michael_Jordan\Michael_Jordan_0004.jpg,1,0.73478043
2,data\calibration\lfw\lfw\Mikhail_Youzhny\Mikhail_Youzhny_0001.jpg,data\calibration\lfw\lfw\Mikhail_Youzhny\Mikhail_Youzhny_0002.jpg,1,0.77402180
2,data\calibration\lfw\lfw\Mitchell_Daniels\Mitchell_Daniels_0001.jpg,data\calibration\lfw\lfw\Mitchell_Daniels\Mitchell_Daniels_0002.jpg,1,0.70911992
2,data\calibration\lfw\lfw\Mitchell_Daniels\Mitchell_Daniels_0001.jpg,data\calibration\lfw\lfw\Mitchell_Daniels\Mitchell_Daniels_0004.jpg,1,0.73975438
2,data\calibration\lfw\lfw\Mitchell_Daniels\Mitchell_Daniels_0003.jpg,data\calibration\lfw\lfw\Mitchell_Daniels\Mitchell_Daniels_0004.jpg,1,0.77122593
2,data\calibration\lfw\lfw\Mohammad_Khatami\Mohammad_Khatami_0001.jpg,data\calibration\lfw\lfw\Mohammad_Khatami\Mohammad_Khatami_0005.jpg,1,0.66612512
2,data\calibration\lfw\lfw\Mohammad_Khatami\Mohammad_Khatami_0003.jpg,data\calibration\lfw\lfw\Mohammad_Khatami\Mohammad_Khatami_0009.jpg,1,0.61974543
2,data\calibration\lfw\lfw\Mohammad_Khatami\Mohammad_Khatami_0008.jpg,data\calibration\lfw\lfw\Mohammad_Khatami\Mohammad_Khatami_0010.jpg,1,0.62962097
2,data\calibration\lfw\lfw\Monique_Garbrecht-Enfeldt\Monique_Garbrecht-Enfeldt_0001.jpg,data\calibration\lfw\lfw\Monique_Garbrecht-Enfeldt\Monique_Garbrecht-Enfeldt_0003.jpg,1,0.71576643
2,data\calibration\lfw\lfw\Natalie_Maines\Natalie_Maines_0002.jpg,data\calibration\lfw\lfw\Natalie_Maines\Natalie_Maines_0005.jpg,1,0.00935556
2,data\calibration\lfw\lfw\Natalie_Maines\Natalie_Maines_0004.jpg,data\calibration\lfw\lfw\Natalie_Maines\Natalie_Maines_0005.jpg,1,0.04822632
2,data\calibration\lfw\lfw\Nelson_Mandela\Nelson_Mandela_0001.jpg,data\calibration\lfw\lfw\Nelson_Mandela\Nelson_Mandela_0003.jpg,1,0.69670278
2,data\calibration\lfw\lfw\Norodom_Sihanouk\Norodom_Sihanouk_0001.jpg,data\calibration\lfw\lfw\Norodom_Sihanouk\Norodom_Sihanouk_0003.jpg,1,0.72576642
2,data\calibration\lfw\lfw\Norodom_Sihanouk\Norodom_Sihanouk_0002.jpg,data\calibration\lfw\lfw\Norodom_Sihanouk\Norodom_Sihanouk_0003.jpg,1,0.69252068
2,data\calibration\lfw\lfw\Osama_bin_Laden\Osama_bin_Laden_0002.jpg,data\calibration\lfw\lfw\Osama_bin_Laden\Osama_bin_Laden_0004.jpg,1,0.70603102
2,data\calibration\lfw\lfw\Osama_bin_Laden\Osama_bin_Laden_0003.jpg,data\calibration\lfw\lfw\Osama_bin_Laden\Osama_bin_Laden_0004.jpg,1,0.80867594
2,data\calibration\lfw\lfw\Oxana_Fedorova\Oxana_Fedorova_0001.jpg,data\calibration\lfw\lfw\Oxana_Fedorova\Oxana_Fedorova_0002.jpg,1,0.61298555
2,data\calibration\lfw\lfw\Peter_Bacanovic\Peter_Bacanovic_0001.jpg,data\calibration\lfw\lfw\Peter_Bacanovic\Peter_Bacanovic_0002.jpg,1,0.74557525
2,data\calibration\lfw\lfw\Philippe_Noiret\Philippe_Noiret_0001.jpg,data\calibration\lfw\lfw\Philippe_Noiret\Philippe_Noiret_0002.jpg,1,0.60506320
2,data\calibration\lfw\lfw\Placido_Domingo\Placido_Domingo_0001.jpg,data\calibration\lfw\lfw\Placido_Domingo\Placido_Domingo_0002.jpg,1,0.58516717
2,data\calibration\lfw\lfw\Placido_Domingo\Placido_Domingo_0002.jpg,data\calibration\lfw\lfw\Placido_Domingo\Placido_Domingo_0003.jpg,1,0.80935460
2,data\calibration\lfw\lfw\Prince_William\Prince_William_0001.jpg,data\calibration\lfw\lfw\Prince_William\Prince_William_0002.jpg,1,0.61246842
2,data\calibration\lfw\lfw\Princess_Aiko\Princess_Aiko_0001.jpg,data\calibration\lfw\lfw\Princess_Aiko\Princess_Aiko_0002.jpg,1,0.68939161
2,data\calibration\lfw\lfw\Priscilla_Presley\Priscilla_Presley_0001.jpg,data\calibration\lfw\lfw\Priscilla_Presley\Priscilla_Presley_0002.jpg,1,0.70170397
2,data\calibration\lfw\lfw\Richard_Haass\Richard_Haass_0001.jpg,data\calibration\lfw\lfw\Richard_Haass\Richard_Haass_0002.jpg,1,0.69514018
2,data\calibration\lfw\lfw\Richard_Shelby\Richard_Shelby_0001.jpg,data\calibration\lfw\lfw\Richard_Shelby\Richard_Shelby_0002.jpg,1,0.67094880
2,data\calibration\lfw\lfw\Rick_Barnes\Rick_Barnes_0001.jpg,data\calibration\lfw\lfw\Rick_Barnes\Rick_Barnes_0002.jpg,1,0.69960040
2,data\calibration\lfw\lfw\Rick_Barnes\Rick_Barnes_0001.jpg,data\calibration\lfw\lfw\Rick_Barnes\Rick_Barnes_0003.jpg,1,0.78251779
2,data\calibration\lfw\lfw\Rick_Dinse\Rick_Dinse_0001.jpg,data\calibration\lfw\lfw\Rick_Dinse\Rick_Dinse_0003.jpg,1,0.80210805
2,data\calibration\lfw\lfw\Rick_Dinse\Rick_Dinse_0002.jpg,data\calibration\lfw\lfw\Rick_Dinse\Rick_Dinse_0003.jpg,1,0.79308581
2,data\calibration\lfw\lfw\Rio_Ferdinand\Rio_Ferdinand_0001.jpg,data\calibration\lfw\lfw\Rio_Ferdinand\Rio_Ferdinand_0002.jpg,1,0.57776582
2,data\calibration\lfw\lfw\Rita_Grande\Rita_Grande_0001.jpg,data\calibration\lfw\lfw\Rita_Grande\Rita_Grande_0002.jpg,1,0.66944575
2,data\calibration\lfw\lfw\Rita_Grande\Rita_Grande_0002.jpg,data\calibration\lfw\lfw\Rita_Grande\Rita_Grande_0003.jpg,1,0.74574596
2,data\calibration\lfw\lfw\Robin_McLaurin_Williams\Robin_McLaurin_Williams_0001.jpg,data\calibration\lfw\lfw\Robin_McLaurin_Williams\Robin_McLaurin_Williams_0002.jpg,1,-0.03459091
2,data\calibration\lfw\lfw\Saddam_Hussein\Saddam_Hussein_0002.jpg,data\calibration\lfw\lfw\Saddam_Hussein\Saddam_Hussein_0004.jpg,1,0.73118031
2,data\calibration\lfw\lfw\Saddam_Hussein\Saddam_Hussein_0002.jpg,data\calibration\lfw\lfw\Saddam_Hussein\Saddam_Hussein_0010.jpg,1,0.34437910
2,data\calibration\lfw\lfw\Saddam_Hussein\Saddam_Hussein_0003.jpg,data\calibration\lfw\lfw\Saddam_Hussein\Saddam_Hussein_0011.jpg,1,0.69257289
2,data\calibration\lfw\lfw\Saddam_Hussein\Saddam_Hussein_0006.jpg,data\calibration\lfw\lfw\Saddam_Hussein\Saddam_Hussein_0009.jpg,1,0.77445990
2,data\calibration\lfw\lfw\Sally_Field\Sally_Field_0001.jpg,data\calibration\lfw\lfw\Sally_Field\Sally_Field_0002.jpg,1,0.73384160
2,data\calibration\lfw\lfw\Salma_Hayek\Salma_Hayek_0001.jpg,data\calibration\lfw\lfw\Salma_Hayek\Salma_Hayek_0010.jpg,1,0.69661218
2,data\calibration\lfw\lfw\Salma_Hayek\Salma_Hayek_0001.jpg,data\calibration\lfw\lfw\Salma_Hayek\Salma_Hayek_0011.jpg,1,0.67019272
2,data\calibration\lfw\lfw\Sandra_Bullock\Sandra_Bullock_0001.jpg,data\calibration\lfw\lfw\Sandra_Bullock\Sandra_Bullock_0003.jpg,1,0.72000790
2,data\calibration\lfw\lfw\Sandra_Bullock\Sandra_Bullock_0001.jpg,data\calibration\lfw\lfw\Sandra_Bullock\Sandra_Bullock_0004.jpg,1,0.04852054
2,data\calibration\lfw\lfw\Sandra_Bullock\Sandra_Bullock_0002.jpg,data\calibration\lfw\lfw\Sandra_Bullock\Sandra_Bullock_0004.jpg,1,0.06131631
2,data\calibration\lfw\lfw\Sandra_Bullock\Sandra_Bullock_0003.jpg,data\calibration\lfw\lfw\Sandra_Bullock\Sandra_Bullock_0004.jpg,1,0.02087829
2,data\calibration\lfw\lfw\Sarah_Hughes\Sarah_Hughes_0001.jpg,data\calibration\lfw\lfw\Sarah_Hughes\Sarah_Hughes_0006.jpg,1,0.36845061
2,data\calibration\lfw\lfw\Sarah_Hughes\Sarah_Hughes_0002.jpg,data\calibration\lfw\lfw\Sarah_Hughes\Sarah_Hughes_0005.jpg,1,0.02415880
2,data\calibration\lfw\lfw\Sarah_Hughes\Sarah_Hughes_0003.jpg,data\calibration\lfw\lfw\Sarah_Hughes\Sarah_Hughes_0005.jpg,1,0.65518022
2,data\calibration\lfw\lfw\Sarah_Hughes\Sarah_Hughes_0004.jpg,data\calibration\lfw\lfw\Sarah_Hughes\Sarah_Hughes_0006.jpg,1,0.28240374
2,data\calibration\lfw\lfw\Sharon_Frey\Sharon_Frey_0001.jpg,data\calibration\lfw\lfw\Sharon_Frey\Sharon_Frey_0002.jpg,1,0.78207892
2,data\calibration\lfw\lfw\Silvio_Berlusconi\Silvio_Berlusconi_0006.jpg,data\calibration\lfw\lfw\Silvio_Berlusconi\Silvio_Berlusconi_0030.jpg,1,-0.12690495
2,data\calibration\lfw\lfw\Silvio_Berlusconi\Silvio_Berlusconi_0008.jpg,data\calibration\lfw\lfw\Silvio_Berlusconi\Silvio_Berlusconi_0023.jpg,1,0.68215913
2,data\calibration\lfw\lfw\Silvio_Berlusconi\Silvio_Berlusconi_0013.jpg,data\calibration\lfw\lfw\Silvio_Berlusconi\Silvio_Berlusconi_0021.jpg,1,0.69580495
2,data\calibration\lfw\lfw\Silvio_Berlusconi\Silvio_Berlusconi_0017.jpg,data\calibration\lfw\lfw\Silvio_Berlusconi\Silvio_Berlusconi_0029.jpg,1,0.66083986
2,data\calibration\lfw\lfw\Silvio_Berlusconi\Silvio_Berlusconi_0018.jpg,data\calibration\lfw\lfw\Silvio_Berlusconi\Silvio_Berlusconi_0025.jpg,1,0.67839664
2,data\calibration\lfw\lfw\Silvio_Berlusconi\Silvio_Berlusconi_0023.jpg,data\calibration\lfw\lfw\Silvio_Berlusconi\Silvio_Berlusconi_0028.jpg,1,0.64509803
2,data\calibration\lfw\lfw\Silvio_Berlusconi\Silvio_Berlusconi_0024.jpg,data\calibration\lfw\lfw\Silvio_Berlusconi\Silvio_Berlusconi_0030.jpg,1,0.03514497
2,data\calibration\lfw\lfw\Silvio_Berlusconi\Silvio_Berlusconi_0026.jpg,data\calibration\lfw\lfw\Silvio_Berlusconi\Silvio_Berlusconi_0032.jpg,1,0.75432152
2,data\calibration\lfw\lfw\Spencer_Abraham\Spencer_Abraham_0003.jpg,data\calibration\lfw\lfw\Spencer_Abraham\Spencer_Abraham_0017.jpg,1,0.62238210
2,data\calibration\lfw\lfw\Steffi_Graf\Steffi_Graf_0002.jpg,data\calibration\lfw\lfw\Steffi_Graf\Steffi_Graf_0005.jpg,1,0.65952986
2,data\calibration\lfw\lfw\Steffi_Graf\Steffi_Graf_0003.jpg,data\calibration\lfw\lfw\Steffi_Graf\Steffi_Graf_0004.jpg,1,0.62415874
2,data\calibration\lfw\lfw\Steven_Spielberg\Steven_Spielberg_0001.jpg,data\calibration\lfw\lfw\Steven_Spielberg\Steven_Spielberg_0005.jpg,1,0.68272078
2,data\calibration\lfw\lfw\Steven_Spielberg\Steven_Spielberg_0001.jpg,data\calibration\lfw\lfw\Steven_Spielberg\Steven_Spielberg_0006.jpg,1,0.75275576
2,data\calibration\lfw\lfw\Steven_Spielberg\Steven_Spielberg_0003.jpg,data\calibration\lfw\lfw\Steven_Spielberg\Steven_Spielberg_0006.jpg,1,0.56541800
2,data\calibration\lfw\lfw\Steven_Spielberg\Steven_Spielberg_0004.jpg,data\calibration\lfw\lfw\Steven_Spielberg\Steven_Spielberg_0006.jpg,1,0.71690130
2,data\calibration\lfw\lfw\Steven_Spielberg\Steven_Spielberg_0004.jpg,data\calibration\lfw\lfw\Steven_Spielberg\Steven_Spielberg_0007.jpg,1,0.45743585
2,data\calibration\lfw\lfw\Steven_Spielberg\Steven_Spielberg_0006.jpg,data\calibration\lfw\lfw\Steven_Spielberg\Steven_Spielberg_0007.jpg,1,0.56458610
2,data\calibration\lfw\lfw\Theresa_May\Theresa_May_0001.jpg,data\calibration\lfw\lfw\Theresa_May\Theresa_May_0002.jpg,1,0.82010984
2,data\calibration\lfw\lfw\Theresa_May\Theresa_May_0002.jpg,data\calibration\lfw\lfw\Theresa_May\Theresa_May_0003.jpg,1,0.63088578
2,data\calibration\lfw\lfw\Tippi_Hedren\Tippi_Hedren_0001.jpg,data\calibration\lfw\lfw\Tippi_Hedren\Tippi_Hedren_0002.jpg,1,0.75884521
2,data\calibration\lfw\lfw\Todd_Haynes\Todd_Haynes_0001.jpg,data\calibration\lfw\lfw\Todd_Haynes\Todd_Haynes_0002.jpg,1,0.76029855
2,data\calibration\lfw\lfw\Todd_Haynes\Todd_Haynes_0001.jpg,data\calibration\lfw\lfw\Todd_Haynes\Todd_Haynes_0003.jpg,1,0.55810839
2,data\calibration\lfw\lfw\Todd_Haynes\Todd_Haynes_0001.jpg,data\calibration\lfw\lfw\Todd_Haynes\Todd_Haynes_0004.jpg,1,0.71558440
2,data\calibration\lfw\lfw\Todd_Haynes\Todd_Haynes_0002.jpg,data\calibration\lfw\lfw\Todd_Haynes\Todd_Haynes_0004.jpg,1,0.71600872
2,data\calibration\lfw\lfw\Tony_Blair\Tony_Blair_0018.jpg,data\calibration\lfw\lfw\Tony_Blair\Tony_Blair_0086.jpg,1,0.56579494
2,data\calibration\lfw\lfw\Tony_Blair\Tony_Blair_0032.jpg,data\calibration\lfw\lfw\Tony_Blair\Tony_Blair_0048.jpg,1,0.74836731
2,data\calibration\lfw\lfw\Tony_Blair\Tony_Blair_0032.jpg,data\calibration\lfw\lfw\Tony_Blair\Tony_Blair_0110.jpg,1,0.62579316
2,data\calibration\lfw\lfw\Tony_Blair\Tony_Blair_0053.jpg,data\calibration\lfw\lfw\Tony_Blair\Tony_Blair_0102.jpg,1,0.68543565
2,data\calibration\lfw\lfw\Tony_Blair\Tony_Blair_0091.jpg,data\calibration\lfw\lfw\Tony_Blair\Tony_Blair_0134.jpg,1,0.71986216
2,data\calibration\lfw\lfw\Tony_Blair\Tony_Blair_0092.jpg,data\calibration\lfw\lfw\Tony_Blair\Tony_Blair_0133.jpg,1,0.64550883
2,data\calibration\lfw\lfw\Tony_Blair\Tony_Blair_0105.jpg,data\calibration\lfw\lfw\Tony_Blair\Tony_Blair_0121.jpg,1,0.78200346
2,data\calibration\lfw\lfw\Vicente_Fox\Vicente_Fox_0004.jpg,data\calibration\lfw\lfw\Vicente_Fox\Vicente_Fox_0030.jpg,1,0.69222027
2,data\calibration\lfw\lfw\Vicente_Fox\Vicente_Fox_0009.jpg,data\calibration\lfw\lfw\Vicente_Fox\Vicente_Fox_0016.jpg,1,0.66953939
2,data\calibration\lfw\lfw\Vicente_Fox\Vicente_Fox_0011.jpg,data\calibration\lfw\lfw\Vicente_Fox\Vicente_Fox_0017.jpg,1,0.60932642
2,data\calibration\lfw\lfw\Vicente_Fox\Vicente_Fox_0015.jpg,data\calibration\lfw\lfw\Vicente_Fox\Vicente_Fox_0030.jpg,1,0.63476586
2,data\calibration\lfw\lfw\Vojislav_Kostunica\Vojislav_Kostunica_0001.jpg,data\calibration\lfw\lfw\Vojislav_Kostunica\Vojislav_Kostunica_0003.jpg,1,0.64259273
2,data\calibration\lfw\lfw\Vojislav_Kostunica\Vojislav_Kostunica_0002.jpg,data\calibration\lfw\lfw\Vojislav_Kostunica\Vojislav_Kostunica_0004.jpg,1,0.68659246
2,data\calibration\lfw\lfw\Vojislav_Kostunica\Vojislav_Kostunica_0004.jpg,data\calibration\lfw\lfw\Vojislav_Kostunica\Vojislav_Kostunica_0007.jpg,1,0.77715105
2,data\calibration\lfw\lfw\Vojislav_Kostunica\Vojislav_Kostunica_0005.jpg,data\calibration\lfw\lfw\Vojislav_Kostunica\Vojislav_Kostunica_0007.jpg,1,0.76669294
2,data\calibration\lfw\lfw\Walter_Mondale\Walter_Mondale_0001.jpg,data\calibration\lfw\lfw\Walter_Mondale\Walter_Mondale_0006.jpg,1,0.63683438
2,data\calibration\lfw\lfw\Walter_Mondale\Walter_Mondale_0001.jpg,data\calibration\lfw\lfw\Walter_Mondale\Walter_Mondale_0007.jpg,1,0.47765738
2,data\calibration\lfw\lfw\Walter_Mondale\Walter_Mondale_0005.jpg,data\calibration\lfw\lfw\Walter_Mondale\Walter_Mondale_0007.jpg,1,0.67335701
2,data\calibration\lfw\lfw\Walter_Mondale\Walter_Mondale_0006.jpg,data\calibration\lfw\lfw\Walter_Mondale\Walter_Mondale_0008.jpg,1,0.61142135
2,data\calibration\lfw\lfw\Walter_Mondale\Walter_Mondale_0007.jpg,data\calibration\lfw\lfw\Walter_Mondale\Walter_Mondale_0009.jpg,1,0.69914204
2,data\calibration\lfw\lfw\Wang_Yingfan\Wang_Yingfan_0002.jpg,data\calibration\lfw\lfw\Wang_Yingfan\Wang_Yingfan_0003.jpg,1,0.68716222
2,data\calibration\lfw\lfw\William_Bratton\William_Bratton_0001.jpg,data\calibration\lfw\lfw\William_Bratton\William_Bratton_0003.jpg,1,0.73550040
2,data\calibration\lfw\lfw\William_Donaldson\William_Donaldson_0001.jpg,data\calibration\lfw\lfw\William_Donaldson\William_Donaldson_0005.jpg,1,0.64742017
2,data\calibration\lfw\lfw\William_Donaldson\William_Donaldson_0003.jpg,data\calibration\lfw\lfw\William_Donaldson\William_Donaldson_0005.jpg,1,0.74180740
2,data\calibration\lfw\lfw\William_Donaldson\William_Donaldson_0004.jpg,data\calibration\lfw\lfw\William_Donaldson\William_Donaldson_0006.jpg,1,0.71977848
2,data\calibration\lfw\lfw\Xavier_Malisse\Xavier_Malisse_0001.jpg,data\calibration\lfw\lfw\Xavier_Malisse\Xavier_Malisse_0003.jpg,1,0.73368740
2,data\calibration\lfw\lfw\Xavier_Malisse\Xavier_Malisse_0003.jpg,data\calibration\lfw\lfw\Xavier_Malisse\Xavier_Malisse_0004.jpg,1,0.72414005
2,data\calibration\lfw\lfw\Xavier_Malisse\Xavier_Malisse_0003.jpg,data\calibration\lfw\lfw\Xavier_Malisse\Xavier_Malisse_0005.jpg,1,0.66227061
2,data\calibration\lfw\lfw\Yevgeny_Kafelnikov\Yevgeny_Kafelnikov_0001.jpg,data\calibration\lfw\lfw\Yevgeny_Kafelnikov\Yevgeny_Kafelnikov_0004.jpg,1,0.64510256
2,data\calibration\lfw\lfw\Zarai_Toledo\Zarai_Toledo_0001.jpg,data\calibration\lfw\lfw\Zarai_Toledo\Zarai_Toledo_0002.jpg,1,0.45868540
2,data\calibration\lfw\lfw\Adolfo_Rodriguez_Saa\Adolfo_Rodriguez_Saa_0001.jpg,data\calibration\lfw\lfw\Dave_Odom\Dave_Odom_0001.jpg,0,0.04571905
2,data\calibration\lfw\lfw\Adolfo_Rodriguez_Saa\Adolfo_Rodriguez_Saa_0001.jpg,data\calibration\lfw\lfw\Nancy_Powell\Nancy_Powell_0001.jpg,0,0.07190861
2,data\calibration\lfw\lfw\Adrien_Brody\Adrien_Brody_0003.jpg,data\calibration\lfw\lfw\Damon_Dash\Damon_Dash_0001.jpg,0,0.12573351
2,data\calibration\lfw\lfw\Ahmed_Ahmed\Ahmed_Ahmed_0001.jpg,data\calibration\lfw\lfw\Mike_Smith\Mike_Smith_0001.jpg,0,0.03509796
2,data\calibration\lfw\lfw\Al_Sharpton\Al_Sharpton_0005.jpg,data\calibration\lfw\lfw\Cole_Chapman\Cole_Chapman_0001.jpg,0,0.03835968
2,data\calibration\lfw\lfw\Alberto_Sordi\Alberto_Sordi_0001.jpg,data\calibration\lfw\lfw\James_Cameron\James_Cameron_0002.jpg,0,-0.01743823
2,data\calibration\lfw\lfw\Alejandro_Lerner\Alejandro_Lerner_0001.jpg,data\calibration\lfw\lfw\Jesper_Parnevik\Jesper_Parnevik_0001.jpg,0,-0.03085943
2,data\calibration\lfw\lfw\Alejandro_Lerner\Alejandro_Lerner_0001.jpg,data\calibration\lfw\lfw\TA_McLendon\TA_McLendon_0001.jpg,0,-0.00048655
2,data\calibration\lfw\lfw\Alex_Penelas\Alex_Penelas_0001.jpg,data\calibration\lfw\lfw\Robin_Johansen\Robin_Johansen_0001.jpg,0,-0.03127609
2,data\calibration\lfw\lfw\Alex_Penelas\Alex_Penelas_0002.jpg,data\calibration\lfw\lfw\Gretchen_Mol\Gretchen_Mol_0001.jpg,0,-0.04815263
2,data\calibration\lfw\lfw\Alexandra_Stevenson\Alexandra_Stevenson_0003.jpg,data\calibration\lfw\lfw\Ronde_Barber\Ronde_Barber_0001.jpg,0,0.01272220
2,data\calibration\lfw\lfw\Ali_Adbul_Karim_Madani\Ali_Adbul_Karim_Madani_0001.jpg,data\calibration\lfw\lfw\Carey_Lowell\Carey_Lowell_0001.jpg,0,-0.00169051
2,data\calibration\lfw\lfw\Ali_Mohammed_Maher\Ali_Mohammed_Maher_0001.jpg,data\calibration\lfw\lfw\Isabela_Moraes\Isabela_Moraes_0001.jpg,0,0.02338000
2,data\calibration\lfw\lfw\Ali_Mohammed_Maher\Ali_Mohammed_Maher_0001.jpg,data\calibration\lfw\lfw\Isidro_Pastor\Isidro_Pastor_0001.jpg,0,0.00802112
2,data\calibration\lfw\lfw\Alicia_Silverstone\Alicia_Silverstone_0002.jpg,data\calibration\lfw\lfw\Jennifer_Thompson\Jennifer_Thompson_0001.jpg,0,0.07436053
2,data\calibration\lfw\lfw\Alicia_Silverstone\Alicia_Silverstone_0002.jpg,data\calibration\lfw\lfw\Jonathan_Tiomkin\Jonathan_Tiomkin_0001.jpg,0,0.00732172
2,data\calibration\lfw\lfw\Alicia_Silverstone\Alicia_Silverstone_0002.jpg,data\calibration\lfw\lfw\Serge_Tchuruk\Serge_Tchuruk_0001.jpg,0,-0.06058408
2,data\calibration\lfw\lfw\Andre_Agassi\Andre_Agassi_0031.jpg,data\calibration\lfw\lfw\Boris_Jordan\Boris_Jordan_0001.jpg,0,0.05656761
2,data\calibration\lfw\lfw\Andre_Techine\Andre_Techine_0001.jpg,data\calibration\lfw\lfw\Lloyd_Richards\Lloyd_Richards_0001.jpg,0,-0.12561683
2,data\calibration\lfw\lfw\Andy_Benes\Andy_Benes_0001.jpg,data\calibration\lfw\lfw\Doug_Moe\Doug_Moe_0001.jpg,0,0.09198136
2,data\calibration\lfw\lfw\Andy_Benes\Andy_Benes_0001.jpg,data\calibration\lfw\lfw\Mitar_Rasevic\Mitar_Rasevic_0001.jpg,0,-0.02607865
2,data\calibration\lfw\lfw\Andy_Bryant\Andy_Bryant_0001.jpg,data\calibration\lfw\lfw\Mike_Slive\Mike_Slive_0001.jpg,0,0.03955540
2,data\calibration\lfw\lfw\Anna_Kournikova\Anna_Kournikova_0008.jpg,data\calibration\lfw\lfw\Colin_Farrell\Colin_Farrell_0001.jpg,0,-0.02384161
2,data\calibration\lfw\lfw\Anne_ONeil\Anne_ONeil_0001.jpg,data\calibration\lfw\lfw\Sophie\Sophie_0001.jpg,0,-0.06930631
2,data\calibration\lfw\lfw\Anthony_Lee_Johnson\Anthony_Lee_Johnson_0001.jpg,data\calibration\lfw\lfw\Dave_Williams\Dave_Williams_0001.jpg,0,0.03862815
2,data\calibration\lfw\lfw\Arnold_Palmer\Arnold_Palmer_0001.jpg,data\calibration\lfw\lfw\Stephanie_Zimbalist\Stephanie_Zimbalist_0001.jpg,0,0.01828279
2,data\calibration\lfw\lfw\Arnold_Palmer\Arnold_Palmer_0003.jpg,data\calibration\lfw\lfw\Charles_Kartman\Charles_Kartman_0001.jpg,0,-0.02449562
2,data\calibration\lfw\lfw\Aron_Ralston\Aron_Ralston_0001.jpg,data\calibration\lfw\lfw\Bill_Fennelly\Bill_Fennelly_0001.jpg,0,-0.07413194
2,data\calibration\lfw\lfw\Bart_Hendricks\Bart_Hendricks_0001.jpg,data\calibration\lfw\lfw\Philippe_Noiret\Philippe_Noiret_0001.jpg,0,-0.02969962
2,data\calibration\lfw\lfw\Ben_Kingsley\Ben_Kingsley_0001.jpg,data\calibration\lfw\lfw\Daryl_Hannah\Daryl_Hannah_0001.jpg,0,-0.07853488
2,data\calibration\lfw\lfw\Ben_Kingsley\Ben_Kingsley_0001.jpg,data\calibration\lfw\lfw\Jean_Nagel\Jean_Nagel_0001.jpg,0,-0.05310644
2,data\calibration\lfw\lfw\Ben_Kingsley\Ben_Kingsley_0001.jpg,data\calibration\lfw\lfw\Perry_Farrell\Perry_Farrell_0001.jpg,0,0.01362660
2,data\calibration\lfw\lfw\Benjamin_Neulander\Benjamin_Neulander_0001.jpg,data\calibration\lfw\lfw\Robin_Tunney\Robin_Tunney_0001.jpg,0,0.01724748
2,data\calibration\lfw\lfw\Bernardo_Segura\Bernardo_Segura_0001.jpg,data\calibration\lfw\lfw\Debra_Shank\Debra_Shank_0001.jpg,0,-0.03572713
2,data\calibration\lfw\lfw\Bernardo_Segura\Bernardo_Segura_0002.jpg,data\calibration\lfw\lfw\Douglas_Paal\Douglas_Paal_0001.jpg,0,0.13776621
2,data\calibration\lfw\lfw\Bernardo_Segura\Bernardo_Segura_0002.jpg,data\calibration\lfw\lfw\Jeanette_Stauffer\Jeanette_Stauffer_0001.jpg,0,-0.06301990
2,data\calibration\lfw\lfw\Bill_Pryor\Bill_Pryor_0001.jpg,data\calibration\lfw\lfw\Ronde_Barber\Ronde_Barber_0001.jpg,0,0.00972911
2,data\calibration\lfw\lfw\Bob_Melvin\Bob_Melvin_0001.jpg,data\calibration\lfw\lfw\Richard_Hamilton\Richard_Hamilton_0001.jpg,0,-0.02221612
2,data\calibration\lfw\lfw\Bob_Stoops\Bob_Stoops_0003.jpg,data\calibration\lfw\lfw\Wayne_Allard\Wayne_Allard_0001.jpg,0,0.03255340
2,data\calibration\lfw\lfw\Bobby_Jackson\Bobby_Jackson_0001.jpg,data\calibration\lfw\lfw\Bruce_Gebhardt\Bruce_Gebhardt_0001.jpg,0,0.08236590
2,data\calibration\lfw\lfw\Bobby_Jackson\Bobby_Jackson_0001.jpg,data\calibration\lfw\lfw\JP_Suarez\JP_Suarez_0001.jpg,0,0.06041332
2,data\calibration\lfw\lfw\Bobby_Jackson\Bobby_Jackson_0001.jpg,data\calibration\lfw\lfw\Madge_Overhouse\Madge_Overhouse_0001.jpg,0,-0.00581023
2,data\calibration\lfw\lfw\Bobby_Jackson\Bobby_Jackson_0001.jpg,data\calibration\lfw\lfw\Nicola_Wells\Nicola_Wells_0001.jpg,0,-0.00390199
2,data\calibration\lfw\lfw\Bobby_Robson\Bobby_Robson_0001.jpg,data\calibration\lfw\lfw\Rollie_Massimino\Rollie_Massimino_0001.jpg,0,0.10184592
2,data\calibration\lfw\lfw\Bode_Miller\Bode_Miller_0001.jpg,data\calibration\lfw\lfw\David_Howard\David_Howard_0001.jpg,0,-0.08675905
2,data\calibration\lfw\lfw\Bode_Miller\Bode_Miller_0001.jpg,data\calibration\lfw\lfw\Steffi_Graf\Steffi_Graf_0001.jpg,0,0.04468898
2,data\calibration\lfw\lfw\Boris_Jordan\Boris_Jordan_0001.jpg,data\calibration\lfw\lfw\Kim_Weeks\Kim_Weeks_0001.jpg,0,0.05107616
2,data\calibration\lfw\lfw\Boris_Jordan\Boris_Jordan_0001.jpg,data\calibration\lfw\lfw\Vincent_Sombrotto\Vincent_Sombrotto_0001.jpg,0,-0.02647156
2,data\calibration\lfw\lfw\Brad_Alexander_Smith\Brad_Alexander_Smith_0001.jpg,data\calibration\lfw\lfw\Jason_Alexander\Jason_Alexander_0002.jpg,0,0.00001938
2,data\calibration\lfw\lfw\Brad_Alexander_Smith\Brad_Alexander_Smith_0001.jpg,data\calibration\lfw\lfw\Kate_Lee\Kate_Lee_0001.jpg,0,0.05966195
2,data\calibration\lfw\lfw\Brad_Alexander_Smith\Brad_Alexander_Smith_0001.jpg,data\calibration\lfw\lfw\Tatiana_Gratcheva\Tatiana_Gratcheva_0001.jpg,0,0.05509926
2,data\calibration\lfw\lfw\Brandon_Webb\Brandon_Webb_0001.jpg,data\calibration\lfw\lfw\Helmut_Panke\Helmut_Panke_0001.jpg,0,0.05175138
2,data\calibration\lfw\lfw\Brandon_Webb\Brandon_Webb_0001.jpg,data\calibration\lfw\lfw\Larry_Hahn\Larry_Hahn_0001.jpg,0,-0.01374014
2,data\calibration\lfw\lfw\Brandon_Webb\Brandon_Webb_0001.jpg,data\calibration\lfw\lfw\Ryan_Leaf\Ryan_Leaf_0001.jpg,0,-0.00852256
2,data\calibration\lfw\lfw\Brennon_Leighton\Brennon_Leighton_0001.jpg,data\calibration\lfw\lfw\Laurel_Clark\Laurel_Clark_0001.jpg,0,-0.00407038
2,data\calibration\lfw\lfw\Brett_Hawke\Brett_Hawke_0001.jpg,data\calibration\lfw\lfw\Teri_Files\Teri_Files_0001.jpg,0,-0.01029624
2,data\calibration\lfw\lfw\Bruce_Gebhardt\Bruce_Gebhardt_0001.jpg,data\calibration\lfw\lfw\Jean-Luc_Bideau\Jean-Luc_Bideau_0001.jpg,0,-0.00087120
2,data\calibration\lfw\lfw\Bruce_Gebhardt\Bruce_Gebhardt_0001.jpg,data\calibration\lfw\lfw\Masao_Azuma\Masao_Azuma_0001.jpg,0,0.02975550
2,data\calibration\lfw\lfw\Bryan_Cooley\Bryan_Cooley_0001.jpg,data\calibration\lfw\lfw\Katie_Harman\Katie_Harman_0003.jpg,0,0.05216334
2,data\calibration\lfw\lfw\Bryan_Murray\Bryan_Murray_0001.jpg,data\calibration\lfw\lfw\Eric_Schacht\Eric_Schacht_0001.jpg,0,-0.00800023
2,data\calibration\lfw\lfw\Bryan_Murray\Bryan_Murray_0001.jpg,data\calibration\lfw\lfw\Mikhail_Youzhny\Mikhail_Youzhny_0001.jpg,0,0.08681096
2,data\calibration\lfw\lfw\Bryan_Murray\Bryan_Murray_0001.jpg,data\calibration\lfw\lfw\Mitchell_Daniels\Mitchell_Daniels_0002.jpg,0,0.09610548
2,data\calibration\lfw\lfw\Camille_Colvin\Camille_Colvin_0001.jpg,data\calibration\lfw\lfw\Irina_Yatchenko\Irina_Yatchenko_0001.jpg,0,0.04716488
2,data\calibration\lfw\lfw\Carey_Lowell\Carey_Lowell_0001.jpg,data\calibration\lfw\lfw\Charlie_Coles\Charlie_Coles_0001.jpg,0,0.08859942
2,data\calibration\lfw\lfw\Carl_Pope\Carl_Pope_0001.jpg,data\calibration\lfw\lfw\Larry_Hahn\Larry_Hahn_0001.jpg,0,-0.05437579
2,data\calibration\lfw\lfw\Carolina_Barco\Carolina_Barco_0001.jpg,data\calibration\lfw\lfw\Daryl_Hannah\Daryl_Hannah_0001.jpg,0,0.05231612
2,data\calibration\lfw\lfw\Carolina_Barco\Carolina_Barco_0001.jpg,data\calibration\lfw\lfw\Lindsay_Davenport\Lindsay_Davenport_0022.jpg,0,-0.04319332
2,data\calibration\lfw\lfw\Carolina_Barco\Carolina_Barco_0001.jpg,data\calibration\lfw\lfw\Norodom_Sihanouk\Norodom_Sihanouk_0001.jpg,0,0.03449211
2,data\calibration\lfw\lfw\Caroline_Kennedy\Caroline_Kennedy_0003.jpg,data\calibration\lfw\lfw\Henry_Suazo\Henry_Suazo_0001.jpg,0,0.06428710
2,data\calibration\lfw\lfw\Catherine_Bell\Catherine_Bell_0001.jpg,data\calibration\lfw\lfw\Guillaume_Cannet\Guillaume_Cannet_0001.jpg,0,0.04229731
2,data\calibration\lfw\lfw\Catherine_Zeta-Jones\Catherine_Zeta-Jones_0010.jpg,data\calibration\lfw\lfw\Pier_Ferdinando_Casini\Pier_Ferdinando_Casini_0001.jpg,0,0.03988301
2,data\calibration\lfw\lfw\Catherine_Zeta-Jones\Catherine_Zeta-Jones_0011.jpg,data\calibration\lfw\lfw\Hayley_Tullett\Hayley_Tullett_0002.jpg,0,0.02444999
2,data\calibration\lfw\lfw\Celso_Amorim\Celso_Amorim_0002.jpg,data\calibration\lfw\lfw\Juljia_Vysotskij\Juljia_Vysotskij_0001.jpg,0,-0.03504759
2,data\calibration\lfw\lfw\Celso_Amorim\Celso_Amorim_0002.jpg,data\calibration\lfw\lfw\Kevin_Costner\Kevin_Costner_0001.jpg,0,-0.01164880
2,data\calibration\lfw\lfw\Celso_Amorim\Celso_Amorim_0002.jpg,data\calibration\lfw\lfw\Thomas_Stewart\Thomas_Stewart_0001.jpg,0,0.11889149
2,data\calibration\lfw\lfw\Chanda_Rubin\Chanda_Rubin_0003.jpg,data\calibration\lfw\lfw\Richard_Tubb\Richard_Tubb_0001.jpg,0,-0.06847748
2,data\calibration\lfw\lfw\Chante_Jawan_Mallard\Chante_Jawan_Mallard_0001.jpg,data\calibration\lfw\lfw\Stephen_Glassroth\Stephen_Glassroth_0001.jpg,0,0.05171709
2,data\calibration\lfw\lfw\Chante_Jawan_Mallard\Chante_Jawan_Mallard_0001.jpg,data\calibration\lfw\lfw\Vicente_Fox\Vicente_Fox_0023.jpg,0,-0.00757248
2,data\calibration\lfw\lfw\Charles_Bronson\Charles_Bronson_0002.jpg,data\calibration\lfw\lfw\Hu_Jintao\Hu_Jintao_0004.jpg,0,-0.09638633
2,data\calibration\lfw\lfw\Charles_Kartman\Charles_Kartman_0001.jpg,data\calibration\lfw\lfw\Debra_Shank\Debra_Shank_0001.jpg,0,0.03294540
2,data\calibration\lfw\lfw\Charles_Schumer\Charles_Schumer_0002.jpg,data\calibration\lfw\lfw\James_Watt\James_Watt_0001.jpg,0,0.00151123
2,data\calibration\lfw\lfw\Charles_Schumer\Charles_Schumer_0002.jpg,data\calibration\lfw\lfw\Justin_Gatlin\Justin_Gatlin_0002.jpg,0,0.02228819
2,data\calibration\lfw\lfw\Charles_Schumer\Charles_Schumer_0002.jpg,data\calibration\lfw\lfw\Lionel_Chalmers\Lionel_Chalmers_0001.jpg,0,0.03216798
2,data\calibration\lfw\lfw\Chris_Rock\Chris_Rock_0002.jpg,data\calibration\lfw\lfw\Dalai_Lama\Dalai_Lama_0001.jpg,0,0.01941744
2,data\calibration\lfw\lfw\Christine_Baumgartner\Christine_Baumgartner_0002.jpg,data\calibration\lfw\lfw\Vincent_Sombrotto\Vincent_Sombrotto_0001.jpg,0,0.01556805
2,data\calibration\lfw\lfw\Christine_Baumgartner\Christine_Baumgartner_0003.jpg,data\calibration\lfw\lfw\Lars_Burgsmuller\Lars_Burgsmuller_0001.jpg,0,-0.06098594
2,data\calibration\lfw\lfw\Chyung_Dai-chul\Chyung_Dai-chul_0001.jpg,data\calibration\lfw\lfw\Dan_Reeves\Dan_Reeves_0001.jpg,0,0.04726622
2,data\calibration\lfw\lfw\Cindy_Moll\Cindy_Moll_0001.jpg,data\calibration\lfw\lfw\Daniel_Radcliffe\Daniel_Radcliffe_0003.jpg,0,0.02377204
2,data\calibration\lfw\lfw\Cindy_Moll\Cindy_Moll_0001.jpg,data\calibration\lfw\lfw\James_McPherson\James_McPherson_0001.jpg,0,-0.08476032
2,data\calibration\lfw\lfw\Cindy_Moll\Cindy_Moll_0001.jpg,data\calibration\lfw\lfw\Robin_Johansen\Robin_Johansen_0001.jpg,0,-0.02078918
2,data\calibration\lfw\lfw\Claire_De_Gryse\Claire_De_Gryse_0001.jpg,data\calibration\lfw\lfw\Deb_Santos\Deb_Santos_0001.jpg,0,-0.05807049
2,data\calibration\lfw\lfw\Claire_Tomalin\Claire_Tomalin_0001.jpg,data\calibration\lfw\lfw\Steve_Case\Steve_Case_0001.jpg,0,0.06100499
2,data\calibration\lfw\lfw\Clay_Campbell\Clay_Campbell_0001.jpg,data\calibration\lfw\lfw\Leonardo_DiCaprio\Leonardo_DiCaprio_0002.jpg,0,-0.00786605
2,data\calibration\lfw\lfw\Cole_Chapman\Cole_Chapman_0001.jpg,data\calibration\lfw\lfw\Marisol_Martinez_Sambran\Marisol_Martinez_Sambran_0001.jpg,0,0.00227165
2,data\calibration\lfw\lfw\Colin_Phillips\Colin_Phillips_0001.jpg,data\calibration\lfw\lfw\Ian_McKellen\Ian_McKellen_0003.jpg,0,0.03102442
2,data\calibration\lfw\lfw\Colin_Phillips\Colin_Phillips_0001.jpg,data\calibration\lfw\lfw\Lloyd_Richards\Lloyd_Richards_0001.jpg,0,0.05962016
2,data\calibration\lfw\lfw\Colin_Prescot\Colin_Prescot_0001.jpg,data\calibration\lfw\lfw\Laurie_Hobbs\Laurie_Hobbs_0001.jpg,0,-0.04769719
2,data\calibration\lfw\lfw\Connie_Freydell\Connie_Freydell_0001.jpg,data\calibration\lfw\lfw\Tommy_Maddox\Tommy_Maddox_0001.jpg,0,0.05485847
2,data\calibration\lfw\lfw\Craig_OClair\Craig_OClair_0001.jpg,data\calibration\lfw\lfw\Steve_Avery\Steve_Avery_0001.jpg,0,-0.00872997
2,data\calibration\lfw\lfw\Damarius_Bilbo\Damarius_Bilbo_0001.jpg,data\calibration\lfw\lfw\Juljia_Vysotskij\Juljia_Vysotskij_0001.jpg,0,0.08371418
2,data\calibration\lfw\lfw\Damon_Dash\Damon_Dash_0001.jpg,data\calibration\lfw\lfw\Henry_Suazo\Henry_Suazo_0001.jpg,0,-0.00087091
2,data\calibration\lfw\lfw\Daniel_Comisso_Urdaneta\Daniel_Comisso_Urdaneta_0001.jpg,data\calibration\lfw\lfw\Larry_Ralston\Larry_Ralston_0001.jpg,0,0.02289196
2,data\calibration\lfw\lfw\Daniel_Radcliffe\Daniel_Radcliffe_0003.jpg,data\calibration\lfw\lfw\Diane_Green\Diane_Green_0002.jpg,0,0.05201981
2,data\calibration\lfw\lfw\Daniel_Radcliffe\Daniel_Radcliffe_0003.jpg,data\calibration\lfw\lfw\Rick_Barnes\Rick_Barnes_0002.jpg,0,-0.00013517
2,data\calibration\lfw\lfw\Daniel_Radcliffe\Daniel_Radcliffe_0003.jpg,data\calibration\lfw\lfw\Vicente_Fox\Vicente_Fox_0032.jpg,0,-0.01891222
2,data\calibration\lfw\lfw\Dany_Heatley\Dany_Heatley_0001.jpg,data\calibration\lfw\lfw\Richard_Parsons\Richard_Parsons_0001.jpg,0,0.01670144
2,data\calibration\lfw\lfw\Dany_Heatley\Dany_Heatley_0001.jpg,data\calibration\lfw\lfw\Terry_Hoeppner\Terry_Hoeppner_0001.jpg,0,-0.07232378
2,data\calibration\lfw\lfw\Dave_Odom\Dave_Odom_0001.jpg,data\calibration\lfw\lfw\Maritza_Macias_Furano\Maritza_Macias_Furano_0001.jpg,0,0.01835098
2,data\calibration\lfw\lfw\David_Beckham\David_Beckham_0022.jpg,data\calibration\lfw\lfw\Laura_Morante\Laura_Morante_0001.jpg,0,-0.09183064
2,data\calibration\lfw\lfw\David_Duval\David_Duval_0001.jpg,data\calibration\lfw\lfw\Philippe_Noiret\Philippe_Noiret_0002.jpg,0,-0.07681098
2,data\calibration\lfw\lfw\David_Ho\David_Ho_0001.jpg,data\calibration\lfw\lfw\Doug_Moe\Doug_Moe_0001.jpg,0,0.01456881
2,data\calibration\lfw\lfw\David_Ho\David_Ho_0001.jpg,data\calibration\lfw\lfw\Erskine_Bowles\Erskine_Bowles_0001.jpg,0,-0.06872220
2,data\calibration\lfw\lfw\David_Ho\David_Ho_0001.jpg,data\calibration\lfw\lfw\Evander_Holyfield\Evander_Holyfield_0001.jpg,0,0.02607822
2,data\calibration\lfw\lfw\David_Howard\David_Howard_0001.jpg,data\calibration\lfw\lfw\Hugo_Conte\Hugo_Conte_0001.jpg,0,0.04809495
2,data\calibration\lfw\lfw\Denzel_Washington\Denzel_Washington_0004.jpg,data\calibration\lfw\lfw\Henry_Suazo\Henry_Suazo_0001.jpg,0,0.06309244
2,data\calibration\lfw\lfw\Des_Brown\Des_Brown_0001.jpg,data\calibration\lfw\lfw\Eliott_Spitzer\Eliott_Spitzer_0001.jpg,0,-0.06130066
2,data\calibration\lfw\lfw\Des_Brown\Des_Brown_0001.jpg,data\calibration\lfw\lfw\Svetislav_Pesic\Svetislav_Pesic_0001.jpg,0,0.07741421
2,data\calibration\lfw\lfw\Diana_Ross\Diana_Ross_0001.jpg,data\calibration\lfw\lfw\Rick_Rickert\Rick_Rickert_0001.jpg,0,0.03414632
2,data\calibration\lfw\lfw\Dianne_Feinstein\Dianne_Feinstein_0003.jpg,data\calibration\lfw\lfw\Dwayne_Johnson\Dwayne_Johnson_0002.jpg,0,0.19034526
2,data\calibration\lfw\lfw\Dick_Clark\Dick_Clark_0003.jpg,data\calibration\lfw\lfw\Manfred_Stolpe\Manfred_Stolpe_0001.jpg,0,0.01921589
2,data\calibration\lfw\lfw\Dino_Risi\Dino_Risi_0001.jpg,data\calibration\lfw\lfw\Gabriel_Farhi\Gabriel_Farhi_0001.jpg,0,0.01690962
2,data\calibration\lfw\lfw\Doc_Rivers\Doc_Rivers_0001.jpg,data\calibration\lfw\lfw\Melissa_Joan_Hart\Melissa_Joan_Hart_0001.jpg,0,-0.03897084
2,data\calibration\lfw\lfw\Dominick_Dunne\Dominick_Dunne_0001.jpg,data\calibration\lfw\lfw\Nicoletta_Braschi\Nicoletta_Braschi_0001.jpg,0,0.03502441
2,data\calibration\lfw\lfw\Don_Flanagan\Don_Flanagan_0001.jpg,data\calibration\lfw\lfw\Ed_Sullivan\Ed_Sullivan_0001.jpg,0,-0.03638997
2,data\calibration\lfw\lfw\Don_Flanagan\Don_Flanagan_0001.jpg,data\calibration\lfw\lfw\Ratna_Sari_Dewi_Sukarno\Ratna_Sari_Dewi_Sukarno_0001.jpg,0,0.04701430
2,data\calibration\lfw\lfw\Donald_Keyser\Donald_Keyser_0001.jpg,data\calibration\lfw\lfw\Salma_Hayek\Salma_Hayek_0002.jpg,0,0.03932970
2,data\calibration\lfw\lfw\Douglas_Paal\Douglas_Paal_0001.jpg,data\calibration\lfw\lfw\Ed_Sullivan\Ed_Sullivan_0001.jpg,0,-0.01981135
2,data\calibration\lfw\lfw\Douglas_Paal\Douglas_Paal_0001.jpg,data\calibration\lfw\lfw\Richard_Hamilton\Richard_Hamilton_0001.jpg,0,0.00721680
2,data\calibration\lfw\lfw\Dusty_Baker\Dusty_Baker_0001.jpg,data\calibration\lfw\lfw\Saddam_Hussein\Saddam_Hussein_0002.jpg,0,0.01373651
2,data\calibration\lfw\lfw\Ed_Rendell\Ed_Rendell_0001.jpg,data\calibration\lfw\lfw\Jamie_Dimon\Jamie_Dimon_0001.jpg,0,0.06266878
2,data\calibration\lfw\lfw\Ed_Rendell\Ed_Rendell_0001.jpg,data\calibration\lfw\lfw\Richard_Cohen\Richard_Cohen_0001.jpg,0,-0.08297497
2,data\calibration\lfw\lfw\Eddie_Murray\Eddie_Murray_0001.jpg,data\calibration\lfw\lfw\Kevin_Costner\Kevin_Costner_0007.jpg,0,0.07396939
2,data\calibration\lfw\lfw\Elaine_Stritch\Elaine_Stritch_0001.jpg,data\calibration\lfw\lfw\Richard_Parsons\Richard_Parsons_0001.jpg,0,0.05530177
2,data\calibration\lfw\lfw\Elena_Tihomirova\Elena_Tihomirova_0001.jpg,data\calibration\lfw\lfw\Mike_Slive\Mike_Slive_0001.jpg,0,-0.09130424
2,data\calibration\lfw\lfw\Elena_Tihomirova\Elena_Tihomirova_0001.jpg,data\calibration\lfw\lfw\Mohammed_Abu_Sharia\Mohammed_Abu_Sharia_0001.jpg,0,-0.05396293
2,data\calibration\lfw\lfw\Eric_Schacht\Eric_Schacht_0001.jpg,data\calibration\lfw\lfw\Jennifer_Keller\Jennifer_Keller_0002.jpg,0,-0.09775835
2,data\calibration\lfw\lfw\Erik_Morales\Erik_Morales_0003.jpg,data\calibration\lfw\lfw\Werner_Schlager\Werner_Schlager_0001.jpg,0,-0.06569634
2,data\calibration\lfw\lfw\Erin_Brockovich\Erin_Brockovich_0001.jpg,data\calibration\lfw\lfw\Henry_Suazo\Henry_Suazo_0001.jpg,0,-0.05454631
2,data\calibration\lfw\lfw\Erin_Brockovich\Erin_Brockovich_0001.jpg,data\calibration\lfw\lfw\Mike_Carona\Mike_Carona_0001.jpg,0,0.05804693
2,data\calibration\lfw\lfw\Evan_Rachel_Wood\Evan_Rachel_Wood_0001.jpg,data\calibration\lfw\lfw\Sharon_Frey\Sharon_Frey_0001.jpg,0,0.10820515
2,data\calibration\lfw\lfw\Evander_Holyfield\Evander_Holyfield_0001.jpg,data\calibration\lfw\lfw\Julio_Rossi\Julio_Rossi_0001.jpg,0,-0.00052507
2,data\calibration\lfw\lfw\Evander_Holyfield\Evander_Holyfield_0001.jpg,data\calibration\lfw\lfw\Michael_Jordan\Michael_Jordan_0003.jpg,0,0.04240333
2,data\calibration\lfw\lfw\Evander_Holyfield\Evander_Holyfield_0001.jpg,data\calibration\lfw\lfw\Mike_Carona\Mike_Carona_0001.jpg,0,0.05997877
2,data\calibration\lfw\lfw\Fatmir_Limaj\Fatmir_Limaj_0001.jpg,data\calibration\lfw\lfw\Todd_Haynes\Todd_Haynes_0004.jpg,0,0.11947622
2,data\calibration\lfw\lfw\Felicity_Huffman\Felicity_Huffman_0001.jpg,data\calibration\lfw\lfw\Nelson_Acosta\Nelson_Acosta_0001.jpg,0,0.11406238
2,data\calibration\lfw\lfw\Felipe_De_Borbon\Felipe_De_Borbon_0001.jpg,data\calibration\lfw\lfw\Jose_Bove\Jose_Bove_0001.jpg,0,0.01412322
2,data\calibration\lfw\lfw\Frank_Cassell\Frank_Cassell_0002.jpg,data\calibration\lfw\lfw\Jesper_Parnevik\Jesper_Parnevik_0001.jpg,0,0.08595095
2,data\calibration\lfw\lfw\Frank_Cassell\Frank_Cassell_0003.jpg,data\calibration\lfw\lfw\Ronde_Barber\Ronde_Barber_0001.jpg,0,-0.01159627
2,data\calibration\lfw\lfw\Fred_Durst\Fred_Durst_0001.jpg,data\calibration\lfw\lfw\Marisol_Martinez_Sambran\Marisol_Martinez_Sambran_0001.jpg,0,-0.00049218
2,data\calibration\lfw\lfw\Fred_Durst\Fred_Durst_0001.jpg,data\calibration\lfw\lfw\Shavon_Earp\Shavon_Earp_0001.jpg,0,-0.04479950
2,data\calibration\lfw\lfw\Fujio_Cho\Fujio_Cho_0001.jpg,data\calibration\lfw\lfw\Javier_Vargas\Javier_Vargas_0001.jpg,0,-0.04450308
2,data\calibration\lfw\lfw\Fujio_Cho\Fujio_Cho_0002.jpg,data\calibration\lfw\lfw\Tatsuya_Fuji\Tatsuya_Fuji_0001.jpg,0,0.05669681
2,data\calibration\lfw\lfw\Fujio_Cho\Fujio_Cho_0003.jpg,data\calibration\lfw\lfw\Michael_Brandon\Michael_Brandon_0001.jpg,0,-0.00196537
2,data\calibration\lfw\lfw\Fujio_Cho\Fujio_Cho_0006.jpg,data\calibration\lfw\lfw\Olene_Walker\Olene_Walker_0001.jpg,0,-0.10477418
2,data\calibration\lfw\lfw\Gabriel_Farhi\Gabriel_Farhi_0001.jpg,data\calibration\lfw\lfw\Lars_Burgsmuller\Lars_Burgsmuller_0001.jpg,0,-0.01756872
2,data\calibration\lfw\lfw\Gao_Qiang\Gao_Qiang_0002.jpg,data\calibration\lfw\lfw\Kenneth_Brill\Kenneth_Brill_0001.jpg,0,-0.02503756
2,data\calibration\lfw\lfw\Gary_Stevens\Gary_Stevens_0001.jpg,data\calibration\lfw\lfw\Wanda_Ilene_Barzee\Wanda_Ilene_Barzee_0001.jpg,0,0.00816499
2,data\calibration\lfw\lfw\Geoff_Hoon\Geoff_Hoon_0001.jpg,data\calibration\lfw\lfw\Osama_bin_Laden\Osama_bin_Laden_0003.jpg,0,-0.13602826
2,data\calibration\lfw\lfw\Geoff_Hoon\Geoff_Hoon_0003.jpg,data\calibration\lfw\lfw\Richard_Tubb\Richard_Tubb_0001.jpg,0,0.06942253
2,data\calibration\lfw\lfw\Geoff_Hoon\Geoff_Hoon_0005.jpg,data\calibration\lfw\lfw\Thomas_Stewart\Thomas_Stewart_0001.jpg,0,0.05860182
2,data\calibration\lfw\lfw\George_Brumley\George_Brumley_0001.jpg,data\calibration\lfw\lfw\Manfred_Stolpe\Manfred_Stolpe_0001.jpg,0,0.08491969
2,data\calibration\lfw\lfw\George_Brumley\George_Brumley_0001.jpg,data\calibration\lfw\lfw\Ryan_Leaf\Ryan_Leaf_0001.jpg,0,-0.03886712
2,data\calibration\lfw\lfw\George_Brumley\George_Brumley_0002.jpg,data\calibration\lfw\lfw\Sergei_Yushenkov\Sergei_Yushenkov_0001.jpg,0,0.17637002
2,data\calibration\lfw\lfw\George_Papandreou\George_Papandreou_0002.jpg,data\calibration\lfw\lfw\Tatiana_Panova\Tatiana_Panova_0001.jpg,0,0.07664939
2,data\calibration\lfw\lfw\George_Papandreou\George_Papandreou_0004.jpg,data\calibration\lfw\lfw\Larry_Lindsey\Larry_Lindsey_0002.jpg,0,0.04830731
2,data\calibration\lfw\lfw\George_Papandreou\George_Papandreou_0004.jpg,data\calibration\lfw\lfw\Paul_LeClerc\Paul_LeClerc_0001.jpg,0,-0.03884949
2,data\calibration\lfw\lfw\Ghassan_Elashi\Ghassan_Elashi_0001.jpg,data\calibration\lfw\lfw\Rick_Rickert\Rick_Rickert_0001.jpg,0,-0.06075495
2,data\calibration\lfw\lfw\Gloria_Allred\Gloria_Allred_0002.jpg,data\calibration\lfw\lfw\Roman_Tam\Roman_Tam_0001.jpg,0,-0.02312650
2,data\calibration\lfw\lfw\Greg_Kinsey\Greg_Kinsey_0001.jpg,data\calibration\lfw\lfw\Priscilla_Presley\Priscilla_Presley_0001.jpg,0,-0.02187603
2,data\calibration\lfw\lfw\Greg_Ostertag\Greg_Ostertag_0002.jpg,data\calibration\lfw\lfw\Kevin_Costner\Kevin_Costner_0006.jpg,0,-0.04158070
2,data\calibration\lfw\lfw\Greg_Owen\Greg_Owen_0001.jpg,data\calibration\lfw\lfw\Mark_Sisk\Mark_Sisk_0001.jpg,0,0.13794969
2,data\calibration\lfw\lfw\Greg_Owen\Greg_Owen_0002.jpg,data\calibration\lfw\lfw\Mike_Smith\Mike_Smith_0001.jpg,0,0.03722897
2,data\calibration\lfw\lfw\Gretchen_Mol\Gretchen_Mol_0001.jpg,data\calibration\lfw\lfw\Isabella_Rossellini\Isabella_Rossellini_0002.jpg,0,0.06390124
2,data\calibration\lfw\lfw\Gunilla_Backman\Gunilla_Backman_0001.jpg,data\calibration\lfw\lfw\Kathleen_Abernathy\Kathleen_Abernathy_0001.jpg,0,-0.05222801
2,data\calibration\lfw\lfw\Hanan_Ashrawi\Hanan_Ashrawi_0001.jpg,data\calibration\lfw\lfw\Mario_Kreutzberger\Mario_Kreutzberger_0002.jpg,0,-0.05843540
2,data\calibration\lfw\lfw\Hans_Leistritz\Hans_Leistritz_0001.jpg,data\calibration\lfw\lfw\Saddam_Hussein\Saddam_Hussein_0018.jpg,0,-0.06913747
2,data\calibration\lfw\lfw\Hans_Leistritz\Hans_Leistritz_0001.jpg,data\calibration\lfw\lfw\Sue_Grafton\Sue_Grafton_0001.jpg,0,-0.04909749
2,data\calibration\lfw\lfw\Hans_Peter_Briegel\Hans_Peter_Briegel_0001.jpg,data\calibration\lfw\lfw\Theresa_May\Theresa_May_0002.jpg,0,0.02305069
2,data\calibration\lfw\lfw\Harriet_Lessy\Harriet_Lessy_0001.jpg,data\calibration\lfw\lfw\Mike_Carona\Mike_Carona_0001.jpg,0,0.05774017
2,data\calibration\lfw\lfw\Harry_Kalas\Harry_Kalas_0002.jpg,data\calibration\lfw\lfw\Joe_Strummer\Joe_Strummer_0001.jpg,0,0.01328110
2,data\calibration\lfw\lfw\Harry_Kalas\Harry_Kalas_0002.jpg,data\calibration\lfw\lfw\Lewis_Booth\Lewis_Booth_0001.jpg,0,0.04425215
2,data\calibration\lfw\lfw\Hayley_Tullett\Hayley_Tullett_0001.jpg,data\calibration\lfw\lfw\Ian_McKellen\Ian_McKellen_0001.jpg,0,-0.07972100
2,data\calibration\lfw\lfw\Henry_Suazo\Henry_Suazo_0001.jpg,data\calibration\lfw\lfw\Ratna_Sari_Dewi_Sukarno\Ratna_Sari_Dewi_Sukarno_0001.jpg,0,-0.09013331
2,data\calibration\lfw\lfw\Hernan_Crespo\Hernan_Crespo_0001.jpg,data\calibration\lfw\lfw\Ronde_Barber\Ronde_Barber_0001.jpg,0,-0.07126433
2,data\calibration\lfw\lfw\Hiroyuki_Yoshino\Hiroyuki_Yoshino_0001.jpg,data\calibration\lfw\lfw\Rollie_Massimino\Rollie_Massimino_0001.jpg,0,0.04992262
2,data\calibration\lfw\lfw\Hu_Jintao\Hu_Jintao_0006.jpg,data\calibration\lfw\lfw\Jerome_Jenkins\Jerome_Jenkins_0001.jpg,0,0.06336846
2,data\calibration\lfw\lfw\Hugh_Jessiman\Hugh_Jessiman_0001.jpg,data\calibration\lfw\lfw\Solomon_Passy\Solomon_Passy_0001.jpg,0,-0.11687472
2,data\calibration\lfw\lfw\Hugh_Jessiman\Hugh_Jessiman_0001.jpg,data\calibration\lfw\lfw\TA_McLendon\TA_McLendon_0001.jpg,0,-0.00265921
2,data\calibration\lfw\lfw\Hugo_Conte\Hugo_Conte_0001.jpg,data\calibration\lfw\lfw\Laurent_Woulzy\Laurent_Woulzy_0001.jpg,0,0.09340551
2,data\calibration\lfw\lfw\Irina_Yatchenko\Irina_Yatchenko_0001.jpg,data\calibration\lfw\lfw\Katie_Harman\Katie_Harman_0002.jpg,0,-0.02824682
2,data\calibration\lfw\lfw\Isidro_Pastor\Isidro_Pastor_0001.jpg,data\calibration\lfw\lfw\Mark_Butcher\Mark_Butcher_0001.jpg,0,0.05935986
2,data\calibration\lfw\lfw\Ismail_Merchant\Ismail_Merchant_0001.jpg,data\calibration\lfw\lfw\Mack_Brown\Mack_Brown_0002.jpg,0,-0.01088646
2,data\calibration\lfw\lfw\Ismail_Merchant\Ismail_Merchant_0002.jpg,data\calibration\lfw\lfw\Kathleen_Abernathy\Kathleen_Abernathy_0001.jpg,0,0.07340481
2,data\calibration\lfw\lfw\Ivan_Helguera\Ivan_Helguera_0001.jpg,data\calibration\lfw\lfw\William_Donaldson\William_Donaldson_0004.jpg,0,0.08729783
2,data\calibration\lfw\lfw\Iveta_Benesova\Iveta_Benesova_0001.jpg,data\calibration\lfw\lfw\Jacques_Chirac\Jacques_Chirac_0050.jpg,0,0.03912777
2,data\calibration\lfw\lfw\Jacques_Chirac\Jacques_Chirac_0020.jpg,data\calibration\lfw\lfw\Tzipora_Obziler\Tzipora_Obziler_0001.jpg,0,-0.07441951
2,data\calibration\lfw\lfw\Jacques_Chirac\Jacques_Chirac_0035.jpg,data\calibration\lfw\lfw\Richard_Shelby\Richard_Shelby_0002.jpg,0,0.05485410
2,data\calibration\lfw\lfw\James_Cameron\James_Cameron_0001.jpg,data\calibration\lfw\lfw\Richard_Shelby\Richard_Shelby_0002.jpg,0,0.04540700
2,data\calibration\lfw\lfw\James_McGreevey\James_McGreevey_0001.jpg,data\calibration\lfw\lfw\Katie_Harman\Katie_Harman_0002.jpg,0,-0.02376073
2,data\calibration\lfw\lfw\James_McGreevey\James_McGreevey_0001.jpg,data\calibration\lfw\lfw\Tzipora_Obziler\Tzipora_Obziler_0001.jpg,0,-0.06935994
2,data\calibration\lfw\lfw\James_Sensenbrenner\James_Sensenbrenner_0001.jpg,data\calibration\lfw\lfw\Jimmy_Smits\Jimmy_Smits_0001.jpg,0,-0.07367698
2,data\calibration\lfw\lfw\James_Sensenbrenner\James_Sensenbrenner_0001.jpg,data\calibration\lfw\lfw\Maria_Shkolnikova\Maria_Shkolnikova_0001.jpg,0,0.00632406
2,data\calibration\lfw\lfw\James_Watt\James_Watt_0001.jpg,data\calibration\lfw\lfw\Priscilla_Presley\Priscilla_Presley_0002.jpg,0,-0.09824935
2,data\calibration\lfw\lfw\Jamie_Dimon\Jamie_Dimon_0001.jpg,data\calibration\lfw\lfw\Robert_Korzeniowski\Robert_Korzeniowski_0001.jpg,0,0.05004849
2,data\calibration\lfw\lfw\Jason_Alexander\Jason_Alexander_0001.jpg,data\calibration\lfw\lfw\Mike_Maroth\Mike_Maroth_0001.jpg,0,0.02955250
2,data\calibration\lfw\lfw\Jason_Alexander\Jason_Alexander_0001.jpg,data\calibration\lfw\lfw\Wayne_Allard\Wayne_Allard_0001.jpg,0,-0.07030967
2,data\calibration\lfw\lfw\Jason_Kidd\Jason_Kidd_0007.jpg,data\calibration\lfw\lfw\Louisa_Baileche\Louisa_Baileche_0001.jpg,0,-0.02391974
2,data\calibration\lfw\lfw\Javier_Vargas\Javier_Vargas_0001.jpg,data\calibration\lfw\lfw\Jesse_Helms\Jesse_Helms_0001.jpg,0,0.03875889
2,data\calibration\lfw\lfw\Jeanette_Gray\Jeanette_Gray_0001.jpg,data\calibration\lfw\lfw\Keith_Fotta\Keith_Fotta_0001.jpg,0,0.08032821
2,data\calibration\lfw\lfw\Jeanette_Stauffer\Jeanette_Stauffer_0001.jpg,data\calibration\lfw\lfw\Marie-Josee_Croze\Marie-Josee_Croze_0001.jpg,0,-0.12156272
2,data\calibration\lfw\lfw\Jeffrey_Donaldson\Jeffrey_Donaldson_0001.jpg,data\calibration\lfw\lfw\Leonardo_DiCaprio\Leonardo_DiCaprio_0008.jpg,0,0.00977196
2,data\calibration\lfw\lfw\Jeffrey_Donaldson\Jeffrey_Donaldson_0001.jpg,data\calibration\lfw\lfw\Peter_Bacanovic\Peter_Bacanovic_0001.jpg,0,0.01314730
2,data\calibration\lfw\lfw\Jennifer_Connelly\Jennifer_Connelly_0004.jpg,data\calibration\lfw\lfw\Martin_Bandier\Martin_Bandier_0001.jpg,0,-0.03663610
2,data\calibration\lfw\lfw\Jesper_Parnevik\Jesper_Parnevik_0001.jpg,data\calibration\lfw\lfw\Justin_Gatlin\Justin_Gatlin_0002.jpg,0,0.00268318
2,data\calibration\lfw\lfw\Jimmy_Smits\Jimmy_Smits_0001.jpg,data\calibration\lfw\lfw\Robin_Johansen\Robin_Johansen_0001.jpg,0,-0.06109697
2,data\calibration\lfw\lfw\Jimmy_Smits\Jimmy_Smits_0001.jpg,data\calibration\lfw\lfw\Shane_Hmiel\Shane_Hmiel_0001.jpg,0,0.01339014
2,data\calibration\lfw\lfw\Joe_Crede\Joe_Crede_0001.jpg,data\calibration\lfw\lfw\Tom_DeLay\Tom_DeLay_0001.jpg,0,-0.00536294
2,data\calibration\lfw\lfw\John_Burkett\John_Burkett_0001.jpg,data\calibration\lfw\lfw\Leonardo_DiCaprio\Leonardo_DiCaprio_0002.jpg,0,0.01474240
2,data\calibration\lfw\lfw\John_McKay\John_McKay_0001.jpg,data\calibration\lfw\lfw\Mary_Sue_Coleman\Mary_Sue_Coleman_0001.jpg,0,0.00794373
2,data\calibration\lfw\lfw\Johnny_Hallyday\Johnny_Hallyday_0001.jpg,data\calibration\lfw\lfw\Olene_Walker\Olene_Walker_0001.jpg,0,-0.04929858
2,data\calibration\lfw\lfw\Jonathan_Tiomkin\Jonathan_Tiomkin_0001.jpg,data\calibration\lfw\lfw\Rita_Grande\Rita_Grande_0002.jpg,0,-0.01481135
2,data\calibration\lfw\lfw\Jorge_Rodolfo_Canicoba_Corral\Jorge_Rodolfo_Canicoba_Corral_0001.jpg,data\calibration\lfw\lfw\Wayne_Allard\Wayne_Allard_0001.jpg,0,-0.10113880
2,data\calibration\lfw\lfw\Jose_Bove\Jose_Bove_0001.jpg,data\calibration\lfw\lfw\Juergen_Trittin\Juergen_Trittin_0001.jpg,0,0.12601021
2,data\calibration\lfw\lfw\Juljia_Vysotskij\Juljia_Vysotskij_0001.jpg,data\calibration\lfw\lfw\Patrick_Coleman\Patrick_Coleman_0001.jpg,0,-0.01102411
2,data\calibration\lfw\lfw\Kate_Lee\Kate_Lee_0001.jpg,data\calibration\lfw\lfw\Toshimitsu_Motegi\Toshimitsu_Motegi_0001.jpg,0,-0.02296827
2,data\calibration\lfw\lfw\Kathie_Louise_Saunders\Kathie_Louise_Saunders_0001.jpg,data\calibration\lfw\lfw\Roberto_Lavagna\Roberto_Lavagna_0001.jpg,0,-0.02895452
2,data\calibration\lfw\lfw\Kathie_Louise_Saunders\Kathie_Louise_Saunders_0001.jpg,data\calibration\lfw\lfw\Rosalyn_Carter\Rosalyn_Carter_0001.jpg,0,-0.09403302
2,data\calibration\lfw\lfw\Kenneth_Branagh\Kenneth_Branagh_0001.jpg,data\calibration\lfw\lfw\Pinar_del_Rio\Pinar_del_Rio_0001.jpg,0,-0.04241071
2,data\calibration\lfw\lfw\Kevin_Costner\Kevin_Costner_0005.jpg,data\calibration\lfw\lfw\Stephen_Glassroth\Stephen_Glassroth_0001.jpg,0,0.00947266
2,data\calibration\lfw\lfw\Khader_Rashid_Rahim\Khader_Rashid_Rahim_0001.jpg,data\calibration\lfw\lfw\Richard_Cohen\Richard_Cohen_0001.jpg,0,-0.06480061
2,data\calibration\lfw\lfw\Khalid_Khannouchi\Khalid_Khannouchi_0001.jpg,data\calibration\lfw\lfw\Werner_Schlager\Werner_Schlager_0001.jpg,0,0.04528875
2,data\calibration\lfw\lfw\Kim_Su_Nam\Kim_Su_Nam_0001.jpg,data\calibration\lfw\lfw\Todd_Haynes\Todd_Haynes_0004.jpg,0,-0.06703290
2,data\calibration\lfw\lfw\Kim_Weeks\Kim_Weeks_0001.jpg,data\calibration\lfw\lfw\Marie-Josee_Croze\Marie-Josee_Croze_0001.jpg,0,0.05726026
2,data\calibration\lfw\lfw\Kimora_Lee\Kimora_Lee_0001.jpg,data\calibration\lfw\lfw\Robin_Johansen\Robin_Johansen_0001.jpg,0,-0.01390700
2,data\calibration\lfw\lfw\Kurt_Suzuki\Kurt_Suzuki_0001.jpg,data\calibration\lfw\lfw\Scott_Hoch\Scott_Hoch_0001.jpg,0,0.06227263
2,data\calibration\lfw\lfw\Larry_Lindsey\Larry_Lindsey_0001.jpg,data\calibration\lfw\lfw\Wanda_Ilene_Barzee\Wanda_Ilene_Barzee_0001.jpg,0,0.00683964
2,data\calibration\lfw\lfw\Larry_Ralston\Larry_Ralston_0001.jpg,data\calibration\lfw\lfw\Richard_Carl\Richard_Carl_0001.jpg,0,0.10974074
2,data\calibration\lfw\lfw\Larry_Ralston\Larry_Ralston_0001.jpg,data\calibration\lfw\lfw\William_Donaldson\William_Donaldson_0006.jpg,0,-0.07593258
2,data\calibration\lfw\lfw\Larry_Ralston\Larry_Ralston_0001.jpg,data\calibration\lfw\lfw\Willie_Wilson\Willie_Wilson_0001.jpg,0,-0.02249116
2,data\calibration\lfw\lfw\Laurel_Clark\Laurel_Clark_0001.jpg,data\calibration\lfw\lfw\Laurent_Woulzy\Laurent_Woulzy_0001.jpg,0,-0.03767567
2,data\calibration\lfw\lfw\Laurel_Clark\Laurel_Clark_0001.jpg,data\calibration\lfw\lfw\Priscilla_Presley\Priscilla_Presley_0001.jpg,0,0.11984050
2,data\calibration\lfw\lfw\Leandrinho_Barbosa\Leandrinho_Barbosa_0001.jpg,data\calibration\lfw\lfw\Melissa_Joan_Hart\Melissa_Joan_Hart_0001.jpg,0,-0.01938307
2,data\calibration\lfw\lfw\Leandrinho_Barbosa\Leandrinho_Barbosa_0001.jpg,data\calibration\lfw\lfw\Olene_Walker\Olene_Walker_0001.jpg,0,-0.00466694
2,data\calibration\lfw\lfw\Leon_Barmore\Leon_Barmore_0001.jpg,data\calibration\lfw\lfw\Sachin_Tendulkar\Sachin_Tendulkar_0001.jpg,0,-0.06290957
2,data\calibration\lfw\lfw\Leon_Barmore\Leon_Barmore_0001.jpg,data\calibration\lfw\lfw\Yusaku_Miyazato\Yusaku_Miyazato_0001.jpg,0,0.01146472
2,data\calibration\lfw\lfw\Leonard_Schrank\Leonard_Schrank_0001.jpg,data\calibration\lfw\lfw\Marie_Haghal\Marie_Haghal_0001.jpg,0,-0.07500102
2,data\calibration\lfw\lfw\Leonard_Schrank\Leonard_Schrank_0001.jpg,data\calibration\lfw\lfw\Rick_Rickert\Rick_Rickert_0001.jpg,0,0.05407815
2,data\calibration\lfw\lfw\Linda_Franklin\Linda_Franklin_0001.jpg,data\calibration\lfw\lfw\Melissa_Joan_Hart\Melissa_Joan_Hart_0001.jpg,0,0.04138011
2,data\calibration\lfw\lfw\Lindsay_Davenport\Lindsay_Davenport_0001.jpg,data\calibration\lfw\lfw\Martin_Burnham\Martin_Burnham_0001.jpg,0,-0.03257810
2,data\calibration\lfw\lfw\Lindsay_Davenport\Lindsay_Davenport_0017.jpg,data\calibration\lfw\lfw\Oxana_Fedorova\Oxana_Fedorova_0003.jpg,0,0.11229274
2,data\calibration\lfw\lfw\Lionel_Chalmers\Lionel_Chalmers_0001.jpg,data\calibration\lfw\lfw\Mohammad_Fares\Mohammad_Fares_0001.jpg,0,-0.13623065
2,data\calibration\lfw\lfw\Lisa_Ling\Lisa_Ling_0002.jpg,data\calibration\lfw\lfw\Mike_Maroth\Mike_Maroth_0001.jpg,0,-0.02567293
2,data\calibration\lfw\lfw\Lucy_Liu\Lucy_Liu_0003.jpg,data\calibration\lfw\lfw\Prince_William\Prince_William_0001.jpg,0,0.03253339
2,data\calibration\lfw\lfw\Maria_Luisa_Mendonca\Maria_Luisa_Mendonca_0002.jpg,data\calibration\lfw\lfw\Stephane_Delajoux\Stephane_Delajoux_0001.jpg,0,-0.11817119
2,data\calibration\lfw\lfw\Maria_Luisa_Mendonca\Maria_Luisa_Mendonca_0002.jpg,data\calibration\lfw\lfw\Terunobu_Maeda\Terunobu_Maeda_0001.jpg,0,-0.01372267
2,data\calibration\lfw\lfw\Maria_Shkolnikova\Maria_Shkolnikova_0001.jpg,data\calibration\lfw\lfw\Martin_Rodriguez\Martin_Rodriguez_0001.jpg,0,-0.07170703
2,data\calibration\lfw\lfw\Mariana_Ohata\Mariana_Ohata_0001.jpg,data\calibration\lfw\lfw\Xavier_Malisse\Xavier_Malisse_0003.jpg,0,0.03805386
2,data\calibration\lfw\lfw\Mario_Kreutzberger\Mario_Kreutzberger_0001.jpg,data\calibration\lfw\lfw\Shavon_Earp\Shavon_Earp_0001.jpg,0,0.02859895
2,data\calibration\lfw\lfw\Mario_Kreutzberger\Mario_Kreutzberger_0002.jpg,data\calibration\lfw\lfw\Raul_Cubas\Raul_Cubas_0001.jpg,0,0.02336506
2,data\calibration\lfw\lfw\Maritza_Macias_Furano\Maritza_Macias_Furano_0001.jpg,data\calibration\lfw\lfw\Qusai_Hussein\Qusai_Hussein_0001.jpg,0,0.06279377
2,data\calibration\lfw\lfw\Mark_Butcher\Mark_Butcher_0001.jpg,data\calibration\lfw\lfw\Scott_Hoch\Scott_Hoch_0001.jpg,0,0.13869171
2,data\calibration\lfw\lfw\Mark_Sisk\Mark_Sisk_0001.jpg,data\calibration\lfw\lfw\Mehdi_Baala\Mehdi_Baala_0001.jpg,0,0.00689296
2,data\calibration\lfw\lfw\Mark_Sisk\Mark_Sisk_0001.jpg,data\calibration\lfw\lfw\Stephen_Swindal\Stephen_Swindal_0001.jpg,0,0.00025750
2,data\calibration\lfw\lfw\Masao_Azuma\Masao_Azuma_0001.jpg,data\calibration\lfw\lfw\Mikhail_Kalashnikov\Mikhail_Kalashnikov_0001.jpg,0,0.06188916
2,data\calibration\lfw\lfw\McGuire_Gibson\McGuire_Gibson_0001.jpg,data\calibration\lfw\lfw\Richard_Haass\Richard_Haass_0001.jpg,0,-0.02920375
2,data\calibration\lfw\lfw\Mehdi_Baala\Mehdi_Baala_0001.jpg,data\calibration\lfw\lfw\Steve_Avery\Steve_Avery_0001.jpg,0,0.03471440
2,data\calibration\lfw\lfw\Melissa_Joan_Hart\Melissa_Joan_Hart_0001.jpg,data\calibration\lfw\lfw\Mikhail_Kalashnikov\Mikhail_Kalashnikov_0001.jpg,0,-0.15584843
2,data\calibration\lfw\lfw\Melissa_Joan_Hart\Melissa_Joan_Hart_0001.jpg,data\calibration\lfw\lfw\Sue_Grafton\Sue_Grafton_0001.jpg,0,0.02483445
2,data\calibration\lfw\lfw\Michael_Brandon\Michael_Brandon_0001.jpg,data\calibration\lfw\lfw\Toshimitsu_Motegi\Toshimitsu_Motegi_0001.jpg,0,0.01618116
2,data\calibration\lfw\lfw\Michael_Shelby\Michael_Shelby_0001.jpg,data\calibration\lfw\lfw\Olene_Walker\Olene_Walker_0001.jpg,0,-0.08242961
2,data\calibration\lfw\lfw\Michel_Kratochvil\Michel_Kratochvil_0001.jpg,data\calibration\lfw\lfw\Sheldon_Silver\Sheldon_Silver_0001.jpg,0,-0.01608693
2,data\calibration\lfw\lfw\Mike_Eskew\Mike_Eskew_0001.jpg,data\calibration\lfw\lfw\Zarai_Toledo\Zarai_Toledo_0001.jpg,0,-0.01763077
2,data\calibration\lfw\lfw\Mike_OConnell\Mike_OConnell_0001.jpg,data\calibration\lfw\lfw\Roberto_Lavagna\Roberto_Lavagna_0001.jpg,0,0.00666552
2,data\calibration\lfw\lfw\Mike_Sherman\Mike_Sherman_0001.jpg,data\calibration\lfw\lfw\Natalie_Maines\Natalie_Maines_0003.jpg,0,0.04616108
2,data\calibration\lfw\lfw\Mike_Sherman\Mike_Sherman_0001.jpg,data\calibration\lfw\lfw\Paige_Fitzgerald\Paige_Fitzgerald_0001.jpg,0,-0.03616876
2,data\calibration\lfw\lfw\Milt_Heflin\Milt_Heflin_0001.jpg,data\calibration\lfw\lfw\Pier_Ferdinando_Casini\Pier_Ferdinando_Casini_0001.jpg,0,0.01701302
2,data\calibration\lfw\lfw\Nicholoas_DiMarzio\Nicholoas_DiMarzio_0001.jpg,data\calibration\lfw\lfw\Richard_Parsons\Richard_Parsons_0001.jpg,0,-0.00753560
2,data\calibration\lfw\lfw\Nikki_McKibbin\Nikki_McKibbin_0001.jpg,data\calibration\lfw\lfw\Stephen_Swindal\Stephen_Swindal_0001.jpg,0,-0.06185849
2,data\calibration\lfw\lfw\Nikki_McKibbin\Nikki_McKibbin_0001.jpg,data\calibration\lfw\lfw\Steven_Tyler\Steven_Tyler_0001.jpg,0,-0.08274729
2,data\calibration\lfw\lfw\Osama_Al_Baz\Osama_Al_Baz_0001.jpg,data\calibration\lfw\lfw\Patricia_Wartusch\Patricia_Wartusch_0001.jpg,0,0.03251409
2,data\calibration\lfw\lfw\Osama_Al_Baz\Osama_Al_Baz_0001.jpg,data\calibration\lfw\lfw\Sandra_Day_OConner\Sandra_Day_OConner_0001.jpg,0,0.02140548
2,data\calibration\lfw\lfw\Patricia_Phillips\Patricia_Phillips_0001.jpg,data\calibration\lfw\lfw\Thierry_Falise\Thierry_Falise_0002.jpg,0,-0.02866816
2,data\calibration\lfw\lfw\Paula_Locke\Paula_Locke_0001.jpg,data\calibration\lfw\lfw\Teri_Files\Teri_Files_0001.jpg,0,0.22542971
2,data\calibration\lfw\lfw\Peter_Bacanovic\Peter_Bacanovic_0002.jpg,data\calibration\lfw\lfw\Robert_Korzeniowski\Robert_Korzeniowski_0001.jpg,0,0.12497527
2,data\calibration\lfw\lfw\Pier_Ferdinando_Casini\Pier_Ferdinando_Casini_0001.jpg,data\calibration\lfw\lfw\Ratna_Sari_Dewi_Sukarno\Ratna_Sari_Dewi_Sukarno_0001.jpg,0,0.02568884
2,data\calibration\lfw\lfw\Priscilla_Presley\Priscilla_Presley_0002.jpg,data\calibration\lfw\lfw\Raul_Rivero\Raul_Rivero_0001.jpg,0,0.03686337
2,data\calibration\lfw\lfw\Raaf_Schefter\Raaf_Schefter_0001.jpg,data\calibration\lfw\lfw\Rick_Dinse\Rick_Dinse_0002.jpg,0,-0.07509363
2,data\calibration\lfw\lfw\Richard_Sterner\Richard_Sterner_0001.jpg,data\calibration\lfw\lfw\Steven_Spielberg\Steven_Spielberg_0002.jpg,0,-0.00271173
2,data\calibration\lfw\lfw\Rick_Dinse\Rick_Dinse_0002.jpg,data\calibration\lfw\lfw\Shavon_Earp\Shavon_Earp_0001.jpg,0,-0.00337838
2,data\calibration\lfw\lfw\Roberto_Lavagna\Roberto_Lavagna_0001.jpg,data\calibration\lfw\lfw\Sandra_Bullock\Sandra_Bullock_0004.jpg,0,-0.11460789
2,data\calibration\lfw\lfw\Rod_Stewart\Rod_Stewart_0001.jpg,data\calibration\lfw\lfw\Steffi_Graf\Steffi_Graf_0002.jpg,0,0.01489738
2,data\calibration\lfw\lfw\Rodolfo_Abalos\Rodolfo_Abalos_0001.jpg,data\calibration\lfw\lfw\Thierry_Falise\Thierry_Falise_0003.jpg,0,0.02122186
2,data\calibration\lfw\lfw\Roman_Tam\Roman_Tam_0001.jpg,data\calibration\lfw\lfw\Zalmay_Khalilzad\Zalmay_Khalilzad_0001.jpg,0,-0.06202181
2,data\calibration\lfw\lfw\Scott_Hoch\Scott_Hoch_0001.jpg,data\calibration\lfw\lfw\Thomas_Stewart\Thomas_Stewart_0001.jpg,0,0.06094621
2,data\calibration\lfw\lfw\Seymour_Cassell\Seymour_Cassell_0001.jpg,data\calibration\lfw\lfw\Todd_Haynes\Todd_Haynes_0004.jpg,0,-0.01540504
2,data\calibration\lfw\lfw\Shaun_Rusling\Shaun_Rusling_0001.jpg,data\calibration\lfw\lfw\Vincent_Sombrotto\Vincent_Sombrotto_0001.jpg,0,-0.02078709
2,data\calibration\lfw\lfw\Sheldon_Silver\Sheldon_Silver_0001.jpg,data\calibration\lfw\lfw\Xavier_Malisse\Xavier_Malisse_0003.jpg,0,0.01358705
2,data\calibration\lfw\lfw\Stephane_Delajoux\Stephane_Delajoux_0001.jpg,data\calibration\lfw\lfw\Tristan_Gretzky\Tristan_Gretzky_0001.jpg,0,0.01448339
2,data\calibration\lfw\lfw\Takahiro_Mori\Takahiro_Mori_0001.jpg,data\calibration\lfw\lfw\Tony_Blair\Tony_Blair_0064.jpg,0,-0.02906651
2,data\calibration\lfw\lfw\Thierry_Falise\Thierry_Falise_0002.jpg,data\calibration\lfw\lfw\Werner_Schlager\Werner_Schlager_0001.jpg,0,-0.04544966
3,data\calibration\lfw\lfw\Aaron_Sorkin\Aaron_Sorkin_0001.jpg,data\calibration\lfw\lfw\Aaron_Sorkin\Aaron_Sorkin_0002.jpg,1,0.67799520
3,data\calibration\lfw\lfw\Abdullah\Abdullah_0001.jpg,data\calibration\lfw\lfw\Abdullah\Abdullah_0003.jpg,1,0.70382285
3,data\calibration\lfw\lfw\Abdullah\Abdullah_0002.jpg,data\calibration\lfw\lfw\Abdullah\Abdullah_0003.jpg,1,0.70590985
3,data\calibration\lfw\lfw\Abdullah\Abdullah_0002.jpg,data\calibration\lfw\lfw\Abdullah\Abdullah_0004.jpg,1,0.74009645
3,data\calibration\lfw\lfw\Abdullah\Abdullah_0003.jpg,data\calibration\lfw\lfw\Abdullah\Abdullah_0004.jpg,1,0.73471463
3,data\calibration\lfw\lfw\Abid_Hamid_Mahmud_Al-Tikriti\Abid_Hamid_Mahmud_Al-Tikriti_0001.jpg,data\calibration\lfw\lfw\Abid_Hamid_Mahmud_Al-Tikriti\Abid_Hamid_Mahmud_Al-Tikriti_0002.jpg,1,0.55882865
3,data\calibration\lfw\lfw\Abid_Hamid_Mahmud_Al-Tikriti\Abid_Hamid_Mahmud_Al-Tikriti_0001.jpg,data\calibration\lfw\lfw\Abid_Hamid_Mahmud_Al-Tikriti\Abid_Hamid_Mahmud_Al-Tikriti_0003.jpg,1,0.60428095
3,data\calibration\lfw\lfw\Alan_Ball\Alan_Ball_0001.jpg,data\calibration\lfw\lfw\Alan_Ball\Alan_Ball_0002.jpg,1,0.89203590
3,data\calibration\lfw\lfw\Albert_Costa\Albert_Costa_0003.jpg,data\calibration\lfw\lfw\Albert_Costa\Albert_Costa_0005.jpg,1,0.58258688
3,data\calibration\lfw\lfw\Albert_Costa\Albert_Costa_0005.jpg,data\calibration\lfw\lfw\Albert_Costa\Albert_Costa_0006.jpg,1,0.73418611
3,data\calibration\lfw\lfw\Ali_Khamenei\Ali_Khamenei_0001.jpg,data\calibration\lfw\lfw\Ali_Khamenei\Ali_Khamenei_0002.jpg,1,0.77893853
3,data\calibration\lfw\lfw\Ali_Khamenei\Ali_Khamenei_0001.jpg,data\calibration\lfw\lfw\Ali_Khamenei\Ali_Khamenei_0003.jpg,1,0.65899777
3,data\calibration\lfw\lfw\Amelia_Vega\Amelia_Vega_0001.jpg,data\calibration\lfw\lfw\Amelia_Vega\Amelia_Vega_0007.jpg,1,0.61352289
3,data\calibration\lfw\lfw\Amelia_Vega\Amelia_Vega_0002.jpg,data\calibration\lfw\lfw\Amelia_Vega\Amelia_Vega_0007.jpg,1,0.64970326
3,data\calibration\lfw\lfw\Amelia_Vega\Amelia_Vega_0003.jpg,data\calibration\lfw\lfw\Amelia_Vega\Amelia_Vega_0005.jpg,1,0.62073433
3,data\calibration\lfw\lfw\Antonio_Banderas\Antonio_Banderas_0001.jpg,data\calibration\lfw\lfw\Antonio_Banderas\Antonio_Banderas_0005.jpg,1,-0.00577557
3,data\calibration\lfw\lfw\Antonio_Banderas\Antonio_Banderas_0002.jpg,data\calibration\lfw\lfw\Antonio_Banderas\Antonio_Banderas_0005.jpg,1,0.09204493
3,data\calibration\lfw\lfw\Antonio_Banderas\Antonio_Banderas_0003.jpg,data\calibration\lfw\lfw\Antonio_Banderas\Antonio_Banderas_0005.jpg,1,0.01786060
3,data\calibration\lfw\lfw\Arye_Mekel\Arye_Mekel_0001.jpg,data\calibration\lfw\lfw\Arye_Mekel\Arye_Mekel_0002.jpg,1,0.83315372
3,data\calibration\lfw\lfw\Azra_Akin\Azra_Akin_0001.jpg,data\calibration\lfw\lfw\Azra_Akin\Azra_Akin_0003.jpg,1,0.82707721
3,data\calibration\lfw\lfw\Azra_Akin\Azra_Akin_0001.jpg,data\calibration\lfw\lfw\Azra_Akin\Azra_Akin_0004.jpg,1,0.81630909
3,data\calibration\lfw\lfw\Bernard_Landry\Bernard_Landry_0002.jpg,data\calibration\lfw\lfw\Bernard_Landry\Bernard_Landry_0003.jpg,1,0.61574167
3,data\calibration\lfw\lfw\Bernard_Landry\Bernard_Landry_0002.jpg,data\calibration\lfw\lfw\Bernard_Landry\Bernard_Landry_0004.jpg,1,0.62505072
3,data\calibration\lfw\lfw\Bernard_Landry\Bernard_Landry_0003.jpg,data\calibration\lfw\lfw\Bernard_Landry\Bernard_Landry_0004.jpg,1,0.60262340
3,data\calibration\lfw\lfw\Biljana_Plavsic\Biljana_Plavsic_0001.jpg,data\calibration\lfw\lfw\Biljana_Plavsic\Biljana_Plavsic_0002.jpg,1,0.78823537
3,data\calibration\lfw\lfw\Biljana_Plavsic\Biljana_Plavsic_0001.jpg,data\calibration\lfw\lfw\Biljana_Plavsic\Biljana_Plavsic_0003.jpg,1,0.71539825
3,data\calibration\lfw\lfw\Biljana_Plavsic\Biljana_Plavsic_0002.jpg,data\calibration\lfw\lfw\Biljana_Plavsic\Biljana_Plavsic_0003.jpg,1,0.74048913
3,data\calibration\lfw\lfw\Bob_Hope\Bob_Hope_0001.jpg,data\calibration\lfw\lfw\Bob_Hope\Bob_Hope_0005.jpg,1,0.46238858
3,data\calibration\lfw\lfw\Bob_Hope\Bob_Hope_0003.jpg,data\calibration\lfw\lfw\Bob_Hope\Bob_Hope_0006.jpg,1,0.47116163
3,data\calibration\lfw\lfw\Bob_Hope\Bob_Hope_0004.jpg,data\calibration\lfw\lfw\Bob_Hope\Bob_Hope_0005.jpg,1,0.35783806
3,data\calibration\lfw\lfw\Bob_Hope\Bob_Hope_0004.jpg,data\calibration\lfw\lfw\Bob_Hope\Bob_Hope_0007.jpg,1,0.43247613
3,data\calibration\lfw\lfw\Bridget_Fonda\Bridget_Fonda_0001.jpg,data\calibration\lfw\lfw\Bridget_Fonda\Bridget_Fonda_0003.jpg,1,0.63966769
3,data\calibration\lfw\lfw\Bridget_Fonda\Bridget_Fonda_0002.jpg,data\calibration\lfw\lfw\Bridget_Fonda\Bridget_Fonda_0003.jpg,1,-0.01238454
3,data\calibration\lfw\lfw\Carlos_Ruiz\Carlos_Ruiz_0001.jpg,data\calibration\lfw\lfw\Carlos_Ruiz\Carlos_Ruiz_0003.jpg,1,0.42707145
3,data\calibration\lfw\lfw\Carlos_Ruiz\Carlos_Ruiz_0002.jpg,data\calibration\lfw\lfw\Carlos_Ruiz\Carlos_Ruiz_0003.jpg,1,0.58289713
3,data\calibration\lfw\lfw\Carly_Fiorina\Carly_Fiorina_0001.jpg,data\calibration\lfw\lfw\Carly_Fiorina\Carly_Fiorina_0002.jpg,1,0.55554020
3,data\calibration\lfw\lfw\Carly_Fiorina\Carly_Fiorina_0001.jpg,data\calibration\lfw\lfw\Carly_Fiorina\Carly_Fiorina_0003.jpg,1,0.59684175
3,data\calibration\lfw\lfw\Cherie_Blair\Cherie_Blair_0001.jpg,data\calibration\lfw\lfw\Cherie_Blair\Cherie_Blair_0003.jpg,1,0.59677011
3,data\calibration\lfw\lfw\Cherie_Blair\Cherie_Blair_0001.jpg,data\calibration\lfw\lfw\Cherie_Blair\Cherie_Blair_0004.jpg,1,0.61442536
3,data\calibration\lfw\lfw\Cherie_Blair\Cherie_Blair_0002.jpg,data\calibration\lfw\lfw\Cherie_Blair\Cherie_Blair_0004.jpg,1,0.57107770
3,data\calibration\lfw\lfw\Cherie_Blair\Cherie_Blair_0003.jpg,data\calibration\lfw\lfw\Cherie_Blair\Cherie_Blair_0004.jpg,1,0.60265708
3,data\calibration\lfw\lfw\Chuck_Yeager\Chuck_Yeager_0001.jpg,data\calibration\lfw\lfw\Chuck_Yeager\Chuck_Yeager_0002.jpg,1,0.81616104
3,data\calibration\lfw\lfw\Chung_Mong-joon\Chung_Mong-joon_0001.jpg,data\calibration\lfw\lfw\Chung_Mong-joon\Chung_Mong-joon_0002.jpg,1,0.62762326
3,data\calibration\lfw\lfw\Claire_Hentzen\Claire_Hentzen_0001.jpg,data\calibration\lfw\lfw\Claire_Hentzen\Claire_Hentzen_0002.jpg,1,0.86947060
3,data\calibration\lfw\lfw\Claire_Leger\Claire_Leger_0001.jpg,data\calibration\lfw\lfw\Claire_Leger\Claire_Leger_0002.jpg,1,0.71796739
3,data\calibration\lfw\lfw\Darren_Clarke\Darren_Clarke_0001.jpg,data\calibration\lfw\lfw\Darren_Clarke\Darren_Clarke_0002.jpg,1,0.44157243
3,data\calibration\lfw\lfw\David_Caraway\David_Caraway_0001.jpg,data\calibration\lfw\lfw\David_Caraway\David_Caraway_0002.jpg,1,0.72239405
3,data\calibration\lfw\lfw\David_Leahy\David_Leahy_0001.jpg,data\calibration\lfw\lfw\David_Leahy\David_Leahy_0002.jpg,1,0.70087069
3,data\calibration\lfw\lfw\Dick_Cheney\Dick_Cheney_0002.jpg,data\calibration\lfw\lfw\Dick_Cheney\Dick_Cheney_0014.jpg,1,0.68814325
3,data\calibration\lfw\lfw\Dick_Cheney\Dick_Cheney_0003.jpg,data\calibration\lfw\lfw\Dick_Cheney\Dick_Cheney_0011.jpg,1,0.71215522
3,data\calibration\lfw\lfw\Dick_Cheney\Dick_Cheney_0003.jpg,data\calibration\lfw\lfw\Dick_Cheney\Dick_Cheney_0012.jpg,1,0.70310205
3,data\calibration\lfw\lfw\Dick_Cheney\Dick_Cheney_0008.jpg,data\calibration\lfw\lfw\Dick_Cheney\Dick_Cheney_0010.jpg,1,0.66945654
3,data\calibration\lfw\lfw\Dino_de_Laurentis\Dino_de_Laurentis_0001.jpg,data\calibration\lfw\lfw\Dino_de_Laurentis\Dino_de_Laurentis_0002.jpg,1,0.07026108
3,data\calibration\lfw\lfw\Don_Nickles\Don_Nickles_0001.jpg,data\calibration\lfw\lfw\Don_Nickles\Don_Nickles_0002.jpg,1,0.71664393
3,data\calibration\lfw\lfw\Doris_Schroeder\Doris_Schroeder_0001.jpg,data\calibration\lfw\lfw\Doris_Schroeder\Doris_Schroeder_0003.jpg,1,0.59526825
3,data\calibration\lfw\lfw\Doris_Schroeder\Doris_Schroeder_0002.jpg,data\calibration\lfw\lfw\Doris_Schroeder\Doris_Schroeder_0004.jpg,1,0.66977757
3,data\calibration\lfw\lfw\Eduardo_Duhalde\Eduardo_Duhalde_0002.jpg,data\calibration\lfw\lfw\Eduardo_Duhalde\Eduardo_Duhalde_0003.jpg,1,0.67167449
3,data\calibration\lfw\lfw\Eduardo_Duhalde\Eduardo_Duhalde_0002.jpg,data\calibration\lfw\lfw\Eduardo_Duhalde\Eduardo_Duhalde_0012.jpg,1,0.74942744
3,data\calibration\lfw\lfw\Eduardo_Duhalde\Eduardo_Duhalde_0003.jpg,data\calibration\lfw\lfw\Eduardo_Duhalde\Eduardo_Duhalde_0004.jpg,1,0.75147176
3,data\calibration\lfw\lfw\Eduardo_Duhalde\Eduardo_Duhalde_0006.jpg,data\calibration\lfw\lfw\Eduardo_Duhalde\Eduardo_Duhalde_0013.jpg,1,0.67998862
3,data\calibration\lfw\lfw\Eduardo_Duhalde\Eduardo_Duhalde_0007.jpg,data\calibration\lfw\lfw\Eduardo_Duhalde\Eduardo_Duhalde_0010.jpg,1,0.61368531
3,data\calibration\lfw\lfw\Eduardo_Duhalde\Eduardo_Duhalde_0010.jpg,data\calibration\lfw\lfw\Eduardo_Duhalde\Eduardo_Duhalde_0012.jpg,1,0.73880470
3,data\calibration\lfw\lfw\Edwin_Edwards\Edwin_Edwards_0001.jpg,data\calibration\lfw\lfw\Edwin_Edwards\Edwin_Edwards_0003.jpg,1,0.69937003
3,data\calibration\lfw\lfw\Eric_Rosser\Eric_Rosser_0001.jpg,data\calibration\lfw\lfw\Eric_Rosser\Eric_Rosser_0002.jpg,1,0.76880753
3,data\calibration\lfw\lfw\Ernie_Eves\Ernie_Eves_0001.jpg,data\calibration\lfw\lfw\Ernie_Eves\Ernie_Eves_0002.jpg,1,0.74465734
3,data\calibration\lfw\lfw\Ernie_Fletcher\Ernie_Fletcher_0001.jpg,data\calibration\lfw\lfw\Ernie_Fletcher\Ernie_Fletcher_0002.jpg,1,0.79520297
3,data\calibration\lfw\lfw\Eva_Dimas\Eva_Dimas_0001.jpg,data\calibration\lfw\lfw\Eva_Dimas\Eva_Dimas_0002.jpg,1,0.67352027
3,data\calibration\lfw\lfw\Fernando_Vargas\Fernando_Vargas_0001.jpg,data\calibration\lfw\lfw\Fernando_Vargas\Fernando_Vargas_0002.jpg,1,0.35999203
3,data\calibration\lfw\lfw\Fernando_Vargas\Fernando_Vargas_0001.jpg,data\calibration\lfw\lfw\Fernando_Vargas\Fernando_Vargas_0003.jpg,1,0.41898021
3,data\calibration\lfw\lfw\Fernando_Vargas\Fernando_Vargas_0001.jpg,data\calibration\lfw\lfw\Fernando_Vargas\Fernando_Vargas_0004.jpg,1,0.36102575
3,data\calibration\lfw\lfw\Fernando_Vargas\Fernando_Vargas_0002.jpg,data\calibration\lfw\lfw\Fernando_Vargas\Fernando_Vargas_0003.jpg,1,0.37686914
3,data\calibration\lfw\lfw\Fernando_Vargas\Fernando_Vargas_0003.jpg,data\calibration\lfw\lfw\Fernando_Vargas\Fernando_Vargas_0004.jpg,1,0.39838627
3,data\calibration\lfw\lfw\Frank_Lautenberg\Frank_Lautenberg_0001.jpg,data\calibration\lfw\lfw\Frank_Lautenberg\Frank_Lautenberg_0002.jpg,1,0.64215845
3,data\calibration\lfw\lfw\George_HW_Bush\George_HW_Bush_0001.jpg,data\calibration\lfw\lfw\George_HW_Bush\George_HW_Bush_0003.jpg,1,0.57367337
3,data\calibration\lfw\lfw\George_HW_Bush\George_HW_Bush_0002.jpg,data\calibration\lfw\lfw\George_HW_Bush\George_HW_Bush_0013.jpg,1,0.58551687
3,data\calibration\lfw\lfw\George_HW_Bush\George_HW_Bush_0004.jpg,data\calibration\lfw\lfw\George_HW_Bush\George_HW_Bush_0006.jpg,1,0.58028036
3,data\calibration\lfw\lfw\George_HW_Bush\George_HW_Bush_0005.jpg,data\calibration\lfw\lfw\George_HW_Bush\George_HW_Bush_0008.jpg,1,0.72306663
3,data\calibration\lfw\lfw\George_HW_Bush\George_HW_Bush_0009.jpg,data\calibration\lfw\lfw\George_HW_Bush\George_HW_Bush_0010.jpg,1,0.68547541
3,data\calibration\lfw\lfw\Gisele_Bundchen\Gisele_Bundchen_0001.jpg,data\calibration\lfw\lfw\Gisele_Bundchen\Gisele_Bundchen_0002.jpg,1,0.62458169
3,data\calibration\lfw\lfw\Glafcos_Clerides\Glafcos_Clerides_0001.jpg,data\calibration\lfw\lfw\Glafcos_Clerides\Glafcos_Clerides_0002.jpg,1,0.77235532
3,data\calibration\lfw\lfw\Glafcos_Clerides\Glafcos_Clerides_0001.jpg,data\calibration\lfw\lfw\Glafcos_Clerides\Glafcos_Clerides_0003.jpg,1,0.77617633
3,data\calibration\lfw\lfw\Glafcos_Clerides\Glafcos_Clerides_0002.jpg,data\calibration\lfw\lfw\Glafcos_Clerides\Glafcos_Clerides_0003.jpg,1,0.84095412
3,data\calibration\lfw\lfw\Glafcos_Clerides\Glafcos_Clerides_0002.jpg,data\calibration\lfw\lfw\Glafcos_Clerides\Glafcos_Clerides_0004.jpg,1,0.70742595
3,data\calibration\lfw\lfw\Greg_Gilbert\Greg_Gilbert_0001.jpg,data\calibration\lfw\lfw\Greg_Gilbert\Greg_Gilbert_0002.jpg,1,0.73348528
3,data\calibration\lfw\lfw\Hashim_Thaci\Hashim_Thaci_0001.jpg,data\calibration\lfw\lfw\Hashim_Thaci\Hashim_Thaci_0002.jpg,1,0.72927511
3,data\calibration\lfw\lfw\Hassan_Wirajuda\Hassan_Wirajuda_0001.jpg,data\calibration\lfw\lfw\Hassan_Wirajuda\Hassan_Wirajuda_0002.jpg,1,0.66287756
3,data\calibration\lfw\lfw\Hector_Babenco\Hector_Babenco_0001.jpg,data\calibration\lfw\lfw\Hector_Babenco\Hector_Babenco_0003.jpg,1,0.65650147
3,data\calibration\lfw\lfw\Hector_Babenco\Hector_Babenco_0002.jpg,data\calibration\lfw\lfw\Hector_Babenco\Hector_Babenco_0003.jpg,1,0.70981348
3,data\calibration\lfw\lfw\Hideki_Matsui\Hideki_Matsui_0001.jpg,data\calibration\lfw\lfw\Hideki_Matsui\Hideki_Matsui_0002.jpg,1,0.54584908
3,data\calibration\lfw\lfw\Hillary_Clinton\Hillary_Clinton_0001.jpg,data\calibration\lfw\lfw\Hillary_Clinton\Hillary_Clinton_0010.jpg,1,0.55203396
3,data\calibration\lfw\lfw\Hillary_Clinton\Hillary_Clinton_0001.jpg,data\calibration\lfw\lfw\Hillary_Clinton\Hillary_Clinton_0014.jpg,1,0.57951814
3,data\calibration\lfw\lfw\Hillary_Clinton\Hillary_Clinton_0004.jpg,data\calibration\lfw\lfw\Hillary_Clinton\Hillary_Clinton_0005.jpg,1,0.65933508
3,data\calibration\lfw\lfw\Hillary_Clinton\Hillary_Clinton_0007.jpg,data\calibration\lfw\lfw\Hillary_Clinton\Hillary_Clinton_0010.jpg,1,0.66158158
3,data\calibration\lfw\lfw\Hillary_Clinton\Hillary_Clinton_0011.jpg,data\calibration\lfw\lfw\Hillary_Clinton\Hillary_Clinton_0013.jpg,1,0.63846201
3,data\calibration\lfw\lfw\Hisao_Oguchi\Hisao_Oguchi_0001.jpg,data\calibration\lfw\lfw\Hisao_Oguchi\Hisao_Oguchi_0002.jpg,1,0.71528178
3,data\calibration\lfw\lfw\Hitomi_Soga\Hitomi_Soga_0001.jpg,data\calibration\lfw\lfw\Hitomi_Soga\Hitomi_Soga_0004.jpg,1,0.65979701
3,data\calibration\lfw\lfw\Hitomi_Soga\Hitomi_Soga_0001.jpg,data\calibration\lfw\lfw\Hitomi_Soga\Hitomi_Soga_0005.jpg,1,0.55471158
3,data\calibration\lfw\lfw\Hitomi_Soga\Hitomi_Soga_0002.jpg,data\calibration\lfw\lfw\Hitomi_Soga\Hitomi_Soga_0003.jpg,1,0.67491210
3,data\calibration\lfw\lfw\Hitomi_Soga\Hitomi_Soga_0003.jpg,data\calibration\lfw\lfw\Hitomi_Soga\Hitomi_Soga_0004.jpg,1,0.74620557
3,data\calibration\lfw\lfw\JJ_Redick\JJ_Redick_0001.jpg,data\calibration\lfw\lfw\JJ_Redick\JJ_Redick_0002.jpg,1,0.56574744
3,data\calibration\lfw\lfw\Jean_Brumley\Jean_Brumley_0001.jpg,data\calibration\lfw\lfw\Jean_Brumley\Jean_Brumley_0002.jpg,1,0.80599523
3,data\calibration\lfw\lfw\Jean_Carnahan\Jean_Carnahan_0001.jpg,data\calibration\lfw\lfw\Jean_Carnahan\Jean_Carnahan_0002.jpg,1,0.54042208
3,data\calibration\lfw\lfw\Jeremy_Shockey\Jeremy_Shockey_0001.jpg,data\calibration\lfw\lfw\Jeremy_Shockey\Jeremy_Shockey_0002.jpg,1,0.83889288
3,data\calibration\lfw\lfw\Jerry_Regier\Jerry_Regier_0001.jpg,data\calibration\lfw\lfw\Jerry_Regier\Jerry_Regier_0003.jpg,1,0.74070668
3,data\calibration\lfw\lfw\Jerry_Regier\Jerry_Regier_0002.jpg,data\calibration\lfw\lfw\Jerry_Regier\Jerry_Regier_0003.jpg,1,0.69922352
3,data\calibration\lfw\lfw\Jerry_Springer\Jerry_Springer_0001.jpg,data\calibration\lfw\lfw\Jerry_Springer\Jerry_Springer_0002.jpg,1,0.63958281
3,data\calibration\lfw\lfw\Jerry_Springer\Jerry_Springer_0001.jpg,data\calibration\lfw\lfw\Jerry_Springer\Jerry_Springer_0004.jpg,1,0.68710864
3,data\calibration\lfw\lfw\Jessica_Lynch\Jessica_Lynch_0001.jpg,data\calibration\lfw\lfw\Jessica_Lynch\Jessica_Lynch_0002.jpg,1,0.55170101
3,data\calibration\lfw\lfw\Jiang_Zemin\Jiang_Zemin_0001.jpg,data\calibration\lfw\lfw\Jiang_Zemin\Jiang_Zemin_0017.jpg,1,0.73527873
3,data\calibration\lfw\lfw\Jiang_Zemin\Jiang_Zemin_0002.jpg,data\calibration\lfw\lfw\Jiang_Zemin\Jiang_Zemin_0003.jpg,1,0.72886640
3,data\calibration\lfw\lfw\Jiang_Zemin\Jiang_Zemin_0004.jpg,data\calibration\lfw\lfw\Jiang_Zemin\Jiang_Zemin_0010.jpg,1,0.48441371
3,data\calibration\lfw\lfw\Jiang_Zemin\Jiang_Zemin_0007.jpg,data\calibration\lfw\lfw\Jiang_Zemin\Jiang_Zemin_0009.jpg,1,0.61077255
3,data\calibration\lfw\lfw\Jiang_Zemin\Jiang_Zemin_0015.jpg,data\calibration\lfw\lfw\Jiang_Zemin\Jiang_Zemin_0018.jpg,1,0.77719384
3,data\calibration\lfw\lfw\Jim_Harrick\Jim_Harrick_0001.jpg,data\calibration\lfw\lfw\Jim_Harrick\Jim_Harrick_0002.jpg,1,0.70422930
3,data\calibration\lfw\lfw\Jiri_Novak\Jiri_Novak_0003.jpg,data\calibration\lfw\lfw\Jiri_Novak\Jiri_Novak_0004.jpg,1,0.81491846
3,data\calibration\lfw\lfw\Jiri_Novak\Jiri_Novak_0003.jpg,data\calibration\lfw\lfw\Jiri_Novak\Jiri_Novak_0008.jpg,1,0.80726486
3,data\calibration\lfw\lfw\Jiri_Novak\Jiri_Novak_0003.jpg,data\calibration\lfw\lfw\Jiri_Novak\Jiri_Novak_0009.jpg,1,0.80036879
3,data\calibration\lfw\lfw\Jiri_Novak\Jiri_Novak_0005.jpg,data\calibration\lfw\lfw\Jiri_Novak\Jiri_Novak_0006.jpg,1,0.86949068
3,data\calibration\lfw\lfw\Jiri_Novak\Jiri_Novak_0005.jpg,data\calibration\lfw\lfw\Jiri_Novak\Jiri_Novak_0010.jpg,1,0.84753054
3,data\calibration\lfw\lfw\Jiri_Novak\Jiri_Novak_0005.jpg,data\calibration\lfw\lfw\Jiri_Novak\Jiri_Novak_0011.jpg,1,0.84517169
3,data\calibration\lfw\lfw\Jiri_Novak\Jiri_Novak_0007.jpg,data\calibration\lfw\lfw\Jiri_Novak\Jiri_Novak_0010.jpg,1,0.80617994
3,data\calibration\lfw\lfw\Joe_Torre\Joe_Torre_0001.jpg,data\calibration\lfw\lfw\Joe_Torre\Joe_Torre_0003.jpg,1,0.78865248
3,data\calibration\lfw\lfw\Joe_Torre\Joe_Torre_0002.jpg,data\calibration\lfw\lfw\Joe_Torre\Joe_Torre_0004.jpg,1,0.67381239
3,data\calibration\lfw\lfw\John_Wolf\John_Wolf_0001.jpg,data\calibration\lfw\lfw\John_Wolf\John_Wolf_0002.jpg,1,0.81204051
3,data\calibration\lfw\lfw\Jonathan_Edwards\Jonathan_Edwards_0001.jpg,data\calibration\lfw\lfw\Jonathan_Edwards\Jonathan_Edwards_0006.jpg,1,0.64138138
3,data\calibration\lfw\lfw\Jonathan_Edwards\Jonathan_Edwards_0002.jpg,data\calibration\lfw\lfw\Jonathan_Edwards\Jonathan_Edwards_0007.jpg,1,0.60747021
3,data\calibration\lfw\lfw\Jonathan_Edwards\Jonathan_Edwards_0003.jpg,data\calibration\lfw\lfw\Jonathan_Edwards\Jonathan_Edwards_0006.jpg,1,0.67725241
3,data\calibration\lfw\lfw\Jonathan_Edwards\Jonathan_Edwards_0005.jpg,data\calibration\lfw\lfw\Jonathan_Edwards\Jonathan_Edwards_0006.jpg,1,0.67966241
3,data\calibration\lfw\lfw\Jonathan_Edwards\Jonathan_Edwards_0005.jpg,data\calibration\lfw\lfw\Jonathan_Edwards\Jonathan_Edwards_0007.jpg,1,0.61508673
3,data\calibration\lfw\lfw\Jonathan_Edwards\Jonathan_Edwards_0006.jpg,data\calibration\lfw\lfw\Jonathan_Edwards\Jonathan_Edwards_0008.jpg,1,0.55070925
3,data\calibration\lfw\lfw\Jose_Manuel_Durao_Barroso\Jose_Manuel_Durao_Barroso_0001.jpg,data\calibration\lfw\lfw\Jose_Manuel_Durao_Barroso\Jose_Manuel_Durao_Barroso_0002.jpg,1,0.61531627
3,data\calibration\lfw\lfw\Jose_Manuel_Durao_Barroso\Jose_Manuel_Durao_Barroso_0001.jpg,data\calibration\lfw\lfw\Jose_Manuel_Durao_Barroso\Jose_Manuel_Durao_Barroso_0006.jpg,1,0.55774194
3,data\calibration\lfw\lfw\Jose_Manuel_Durao_Barroso\Jose_Manuel_Durao_Barroso_0002.jpg,data\calibration\lfw\lfw\Jose_Manuel_Durao_Barroso\Jose_Manuel_Durao_Barroso_0005.jpg,1,0.75027466
3,data\calibration\lfw\lfw\Jose_Manuel_Durao_Barroso\Jose_Manuel_Durao_Barroso_0003.jpg,data\calibration\lfw\lfw\Jose_Manuel_Durao_Barroso\Jose_Manuel_Durao_Barroso_0005.jpg,1,0.75091684
3,data\calibration\lfw\lfw\Jose_Manuel_Durao_Barroso\Jose_Manuel_Durao_Barroso_0004.jpg,data\calibration\lfw\lfw\Jose_Manuel_Durao_Barroso\Jose_Manuel_Durao_Barroso_0005.jpg,1,0.73996300
3,data\calibration\lfw\lfw\Joseph_Biden\Joseph_Biden_0001.jpg,data\calibration\lfw\lfw\Joseph_Biden\Joseph_Biden_0004.jpg,1,0.63850814
3,data\calibration\lfw\lfw\Joseph_Biden\Joseph_Biden_0002.jpg,data\calibration\lfw\lfw\Joseph_Biden\Joseph_Biden_0003.jpg,1,0.08459574
3,data\calibration\lfw\lfw\Joseph_Biden\Joseph_Biden_0003.jpg,data\calibration\lfw\lfw\Joseph_Biden\Joseph_Biden_0004.jpg,1,0.80202675
3,data\calibration\lfw\lfw\Judi_Dench\Judi_Dench_0001.jpg,data\calibration\lfw\lfw\Judi_Dench\Judi_Dench_0002.jpg,1,0.58277655
3,data\calibration\lfw\lfw\Judy_Genshaft\Judy_Genshaft_0001.jpg,data\calibration\lfw\lfw\Judy_Genshaft\Judy_Genshaft_0002.jpg,1,0.73703986
3,data\calibration\lfw\lfw\Keanu_Reeves\Keanu_Reeves_0001.jpg,data\calibration\lfw\lfw\Keanu_Reeves\Keanu_Reeves_0009.jpg,1,0.50589287
3,data\calibration\lfw\lfw\Keanu_Reeves\Keanu_Reeves_0004.jpg,data\calibration\lfw\lfw\Keanu_Reeves\Keanu_Reeves_0007.jpg,1,0.56870246
3,data\calibration\lfw\lfw\Keanu_Reeves\Keanu_Reeves_0006.jpg,data\calibration\lfw\lfw\Keanu_Reeves\Keanu_Reeves_0009.jpg,1,0.45648465
3,data\calibration\lfw\lfw\Keanu_Reeves\Keanu_Reeves_0006.jpg,data\calibration\lfw\lfw\Keanu_Reeves\Keanu_Reeves_0010.jpg,1,0.55987966
3,data\calibration\lfw\lfw\Keanu_Reeves\Keanu_Reeves_0007.jpg,data\calibration\lfw\lfw\Keanu_Reeves\Keanu_Reeves_0012.jpg,1,0.45210046
3,data\calibration\lfw\lfw\Keira_Knightley\Keira_Knightley_0001.jpg,data\calibration\lfw\lfw\Keira_Knightley\Keira_Knightley_0002.jpg,1,0.64313823
3,data\calibration\lfw\lfw\Ken_Watanabe\Ken_Watanabe_0001.jpg,data\calibration\lfw\lfw\Ken_Watanabe\Ken_Watanabe_0002.jpg,1,0.66395670
3,data\calibration\lfw\lfw\Kieran_Prendergast\Kieran_Prendergast_0001.jpg,data\calibration\lfw\lfw\Kieran_Prendergast\Kieran_Prendergast_0002.jpg,1,0.87083918
3,data\calibration\lfw\lfw\King_Abdullah_II\King_Abdullah_II_0001.jpg,data\calibration\lfw\lfw\King_Abdullah_II\King_Abdullah_II_0003.jpg,1,0.75383955
3,data\calibration\lfw\lfw\King_Abdullah_II\King_Abdullah_II_0001.jpg,data\calibration\lfw\lfw\King_Abdullah_II\King_Abdullah_II_0004.jpg,1,0.73689783
3,data\calibration\lfw\lfw\King_Abdullah_II\King_Abdullah_II_0002.jpg,data\calibration\lfw\lfw\King_Abdullah_II\King_Abdullah_II_0005.jpg,1,0.65748382
3,data\calibration\lfw\lfw\King_Abdullah_II\King_Abdullah_II_0003.jpg,data\calibration\lfw\lfw\King_Abdullah_II\King_Abdullah_II_0004.jpg,1,0.69757885
3,data\calibration\lfw\lfw\Kirk_Ferentz\Kirk_Ferentz_0001.jpg,data\calibration\lfw\lfw\Kirk_Ferentz\Kirk_Ferentz_0002.jpg,1,0.55178940
3,data\calibration\lfw\lfw\Kurt_Busch\Kurt_Busch_0001.jpg,data\calibration\lfw\lfw\Kurt_Busch\Kurt_Busch_0002.jpg,1,0.62397480
3,data\calibration\lfw\lfw\Larry_Bowa\Larry_Bowa_0001.jpg,data\calibration\lfw\lfw\Larry_Bowa\Larry_Bowa_0002.jpg,1,0.74498332
3,data\calibration\lfw\lfw\Larry_Thompson\Larry_Thompson_0001.jpg,data\calibration\lfw\lfw\Larry_Thompson\Larry_Thompson_0003.jpg,1,0.68735576
3,data\calibration\lfw\lfw\Larry_Thompson\Larry_Thompson_0001.jpg,data\calibration\lfw\lfw\Larry_Thompson\Larry_Thompson_0004.jpg,1,0.73649478
3,data\calibration\lfw\lfw\Larry_Thompson\Larry_Thompson_0002.jpg,data\calibration\lfw\lfw\Larry_Thompson\Larry_Thompson_0004.jpg,1,0.74233198
3,data\calibration\lfw\lfw\Laura_Bush\Laura_Bush_0001.jpg,data\calibration\lfw\lfw\Laura_Bush\Laura_Bush_0011.jpg,1,-0.00638210
3,data\calibration\lfw\lfw\Laura_Bush\Laura_Bush_0021.jpg,data\calibration\lfw\lfw\Laura_Bush\Laura_Bush_0024.jpg,1,0.69047195
3,data\calibration\lfw\lfw\Laura_Bush\Laura_Bush_0021.jpg,data\calibration\lfw\lfw\Laura_Bush\Laura_Bush_0039.jpg,1,0.65213203
3,data\calibration\lfw\lfw\Laura_Bush\Laura_Bush_0026.jpg,data\calibration\lfw\lfw\Laura_Bush\Laura_Bush_0029.jpg,1,0.63737649
3,data\calibration\lfw\lfw\Lauren_Hutton\Lauren_Hutton_0001.jpg,data\calibration\lfw\lfw\Lauren_Hutton\Lauren_Hutton_0002.jpg,1,0.60112607
3,data\calibration\lfw\lfw\Leslie_Ann_Woodward\Leslie_Ann_Woodward_0001.jpg,data\calibration\lfw\lfw\Leslie_Ann_Woodward\Leslie_Ann_Woodward_0002.jpg,1,0.93812430
3,data\calibration\lfw\lfw\Leslie_Moonves\Leslie_Moonves_0001.jpg,data\calibration\lfw\lfw\Leslie_Moonves\Leslie_Moonves_0002.jpg,1,0.71295714
3,data\calibration\lfw\lfw\Lyle_Vanclief\Lyle_Vanclief_0001.jpg,data\calibration\lfw\lfw\Lyle_Vanclief\Lyle_Vanclief_0002.jpg,1,0.74087822
3,data\calibration\lfw\lfw\Magui_Serna\Magui_Serna_0001.jpg,data\calibration\lfw\lfw\Magui_Serna\Magui_Serna_0002.jpg,1,0.73651266
3,data\calibration\lfw\lfw\Makhdoom_Amin_Fahim\Makhdoom_Amin_Fahim_0001.jpg,data\calibration\lfw\lfw\Makhdoom_Amin_Fahim\Makhdoom_Amin_Fahim_0003.jpg,1,0.81470877
3,data\calibration\lfw\lfw\Makhdoom_Amin_Fahim\Makhdoom_Amin_Fahim_0002.jpg,data\calibration\lfw\lfw\Makhdoom_Amin_Fahim\Makhdoom_Amin_Fahim_0003.jpg,1,0.16914469
3,data\calibration\lfw\lfw\Marc-Andre_Fleury\Marc-Andre_Fleury_0001.jpg,data\calibration\lfw\lfw\Marc-Andre_Fleury\Marc-Andre_Fleury_0002.jpg,1,0.85211819
3,data\calibration\lfw\lfw\Marco_Antonio_Barrera\Marco_Antonio_Barrera_0001.jpg,data\calibration\lfw\lfw\Marco_Antonio_Barrera\Marco_Antonio_Barrera_0005.jpg,1,0.59837115
3,data\calibration\lfw\lfw\Marco_Antonio_Barrera\Marco_Antonio_Barrera_0005.jpg,data\calibration\lfw\lfw\Marco_Antonio_Barrera\Marco_Antonio_Barrera_0006.jpg,1,0.65963125
3,data\calibration\lfw\lfw\Marie-Reine_Le_Gougne\Marie-Reine_Le_Gougne_0001.jpg,data\calibration\lfw\lfw\Marie-Reine_Le_Gougne\Marie-Reine_Le_Gougne_0002.jpg,1,0.56204754
3,data\calibration\lfw\lfw\Marieta_Chrousala\Marieta_Chrousala_0001.jpg,data\calibration\lfw\lfw\Marieta_Chrousala\Marieta_Chrousala_0002.jpg,1,0.71355921
3,data\calibration\lfw\lfw\Marieta_Chrousala\Marieta_Chrousala_0001.jpg,data\calibration\lfw\lfw\Marieta_Chrousala\Marieta_Chrousala_0003.jpg,1,0.72844541
3,data\calibration\lfw\lfw\Marieta_Chrousala\Marieta_Chrousala_0002.jpg,data\calibration\lfw\lfw\Marieta_Chrousala\Marieta_Chrousala_0003.jpg,1,0.75654876
3,data\calibration\lfw\lfw\Marina_Anissina\Marina_Anissina_0001.jpg,data\calibration\lfw\lfw\Marina_Anissina\Marina_Anissina_0002.jpg,1,0.06880893
3,data\calibration\lfw\lfw\Mark_Hamister\Mark_Hamister_0001.jpg,data\calibration\lfw\lfw\Mark_Hamister\Mark_Hamister_0002.jpg,1,0.83860475
3,data\calibration\lfw\lfw\Martha_Stewart\Martha_Stewart_0001.jpg,data\calibration\lfw\lfw\Martha_Stewart\Martha_Stewart_0003.jpg,1,0.58663648
3,data\calibration\lfw\lfw\Martha_Stewart\Martha_Stewart_0001.jpg,data\calibration\lfw\lfw\Martha_Stewart\Martha_Stewart_0005.jpg,1,0.44421560
3,data\calibration\lfw\lfw\Martha_Stewart\Martha_Stewart_0002.jpg,data\calibration\lfw\lfw\Martha_Stewart\Martha_Stewart_0003.jpg,1,-0.06833456
3,data\calibration\lfw\lfw\Martha_Stewart\Martha_Stewart_0002.jpg,data\calibration\lfw\lfw\Martha_Stewart\Martha_Stewart_0005.jpg,1,-0.07451005
3,data\calibration\lfw\lfw\Martha_Stewart\Martha_Stewart_0003.jpg,data\calibration\lfw\lfw\Martha_Stewart\Martha_Stewart_0004.jpg,1,0.87390244
3,data\calibration\lfw\lfw\Martin_Brodeur\Martin_Brodeur_0001.jpg,data\calibration\lfw\lfw\Martin_Brodeur\Martin_Brodeur_0002.jpg,1,0.59363437
3,data\calibration\lfw\lfw\Martin_McCauley\Martin_McCauley_0001.jpg,data\calibration\lfw\lfw\Martin_McCauley\Martin_McCauley_0002.jpg,1,0.69653761
3,data\calibration\lfw\lfw\Martin_Verkerk\Martin_Verkerk_0001.jpg,data\calibration\lfw\lfw\Martin_Verkerk\Martin_Verkerk_0002.jpg,1,0.75089300
3,data\calibration\lfw\lfw\Martin_Verkerk\Martin_Verkerk_0001.jpg,data\calibration\lfw\lfw\Martin_Verkerk\Martin_Verkerk_0003.jpg,1,0.83610892
3,data\calibration\lfw\lfw\Martin_Verkerk\Martin_Verkerk_0002.jpg,data\calibration\lfw\lfw\Martin_Verkerk\Martin_Verkerk_0003.jpg,1,0.68681180
3,data\calibration\lfw\lfw\Martina_McBride\Martina_McBride_0001.jpg,data\calibration\lfw\lfw\Martina_McBride\Martina_McBride_0003.jpg,1,0.59705120
3,data\calibration\lfw\lfw\Martina_McBride\Martina_McBride_0002.jpg,data\calibration\lfw\lfw\Martina_McBride\Martina_McBride_0004.jpg,1,0.57652593
3,data\calibration\lfw\lfw\Matt_Doherty\Matt_Doherty_0001.jpg,data\calibration\lfw\lfw\Matt_Doherty\Matt_Doherty_0002.jpg,1,0.75944322
3,data\calibration\lfw\lfw\Matt_Doherty\Matt_Doherty_0001.jpg,data\calibration\lfw\lfw\Matt_Doherty\Matt_Doherty_0003.jpg,1,0.69934070
3,data\calibration\lfw\lfw\Matt_Doherty\Matt_Doherty_0002.jpg,data\calibration\lfw\lfw\Matt_Doherty\Matt_Doherty_0003.jpg,1,0.73940736
3,data\calibration\lfw\lfw\Matthew_Perry\Matthew_Perry_0001.jpg,data\calibration\lfw\lfw\Matthew_Perry\Matthew_Perry_0006.jpg,1,0.54785120
3,data\calibration\lfw\lfw\Matthew_Perry\Matthew_Perry_0002.jpg,data\calibration\lfw\lfw\Matthew_Perry\Matthew_Perry_0007.jpg,1,0.66461813
3,data\calibration\lfw\lfw\Matthew_Perry\Matthew_Perry_0003.jpg,data\calibration\lfw\lfw\Matthew_Perry\Matthew_Perry_0004.jpg,1,0.48614749
3,data\calibration\lfw\lfw\Megawati_Sukarnoputri\Megawati_Sukarnoputri_0006.jpg,data\calibration\lfw\lfw\Megawati_Sukarnoputri\Megawati_Sukarnoputri_0023.jpg,1,0.77184987
3,data\calibration\lfw\lfw\Megawati_Sukarnoputri\Megawati_Sukarnoputri_0007.jpg,data\calibration\lfw\lfw\Megawati_Sukarnoputri\Megawati_Sukarnoputri_0022.jpg,1,0.58024102
3,data\calibration\lfw\lfw\Megawati_Sukarnoputri\Megawati_Sukarnoputri_0010.jpg,data\calibration\lfw\lfw\Megawati_Sukarnoputri\Megawati_Sukarnoputri_0015.jpg,1,0.64912236
3,data\calibration\lfw\lfw\Megawati_Sukarnoputri\Megawati_Sukarnoputri_0011.jpg,data\calibration\lfw\lfw\Megawati_Sukarnoputri\Megawati_Sukarnoputri_0024.jpg,1,0.70360392
3,data\calibration\lfw\lfw\Megawati_Sukarnoputri\Megawati_Sukarnoputri_0020.jpg,data\calibration\lfw\lfw\Megawati_Sukarnoputri\Megawati_Sukarnoputri_0024.jpg,1,0.64838725
3,data\calibration\lfw\lfw\Megawati_Sukarnoputri\Megawati_Sukarnoputri_0020.jpg,data\calibration\lfw\lfw\Megawati_Sukarnoputri\Megawati_Sukarnoputri_0030.jpg,1,0.67872995
3,data\calibration\lfw\lfw\Meghann_Shaughnessy\Meghann_Shaughnessy_0001.jpg,data\calibration\lfw\lfw\Meghann_Shaughnessy\Meghann_Shaughnessy_0002.jpg,1,0.57803702
3,data\calibration\lfw\lfw\Michael_Capellas\Michael_Capellas_0001.jpg,data\calibration\lfw\lfw\Michael_Capellas\Michael_Capellas_0002.jpg,1,0.63441670
3,data\calibration\lfw\lfw\Michael_Sullivan\Michael_Sullivan_0001.jpg,data\calibration\lfw\lfw\Michael_Sullivan\Michael_Sullivan_0002.jpg,1,0.72728735
3,data\calibration\lfw\lfw\Mike_Brey\Mike_Brey_0001.jpg,data\calibration\lfw\lfw\Mike_Brey\Mike_Brey_0002.jpg,1,0.67532778
3,data\calibration\lfw\lfw\Naji_Sabri\Naji_Sabri_0001.jpg,data\calibration\lfw\lfw\Naji_Sabri\Naji_Sabri_0006.jpg,1,0.63311845
3,data\calibration\lfw\lfw\Naji_Sabri\Naji_Sabri_0002.jpg,data\calibration\lfw\lfw\Naji_Sabri\Naji_Sabri_0004.jpg,1,0.76780415
3,data\calibration\lfw\lfw\Naji_Sabri\Naji_Sabri_0002.jpg,data\calibration\lfw\lfw\Naji_Sabri\Naji_Sabri_0007.jpg,1,0.66457027
3,data\calibration\lfw\lfw\Naji_Sabri\Naji_Sabri_0003.jpg,data\calibration\lfw\lfw\Naji_Sabri\Naji_Sabri_0008.jpg,1,0.67875487
3,data\calibration\lfw\lfw\Naji_Sabri\Naji_Sabri_0006.jpg,data\calibration\lfw\lfw\Naji_Sabri\Naji_Sabri_0007.jpg,1,0.52539712
3,data\calibration\lfw\lfw\Nanni_Moretti\Nanni_Moretti_0001.jpg,data\calibration\lfw\lfw\Nanni_Moretti\Nanni_Moretti_0002.jpg,1,0.57012612
3,data\calibration\lfw\lfw\Nastassia_Kinski\Nastassia_Kinski_0001.jpg,data\calibration\lfw\lfw\Nastassia_Kinski\Nastassia_Kinski_0002.jpg,1,0.78686529
3,data\calibration\lfw\lfw\Natalie_Coughlin\Natalie_Coughlin_0002.jpg,data\calibration\lfw\lfw\Natalie_Coughlin\Natalie_Coughlin_0003.jpg,1,0.47500971
3,data\calibration\lfw\lfw\Natalie_Coughlin\Natalie_Coughlin_0004.jpg,data\calibration\lfw\lfw\Natalie_Coughlin\Natalie_Coughlin_0006.jpg,1,0.77074564
3,data\calibration\lfw\lfw\Natalie_Coughlin\Natalie_Coughlin_0005.jpg,data\calibration\lfw\lfw\Natalie_Coughlin\Natalie_Coughlin_0006.jpg,1,0.83881420
3,data\calibration\lfw\lfw\Norah_Jones\Norah_Jones_0003.jpg,data\calibration\lfw\lfw\Norah_Jones\Norah_Jones_0015.jpg,1,0.63766629
3,data\calibration\lfw\lfw\Norah_Jones\Norah_Jones_0004.jpg,data\calibration\lfw\lfw\Norah_Jones\Norah_Jones_0012.jpg,1,0.62627941
3,data\calibration\lfw\lfw\Norah_Jones\Norah_Jones_0007.jpg,data\calibration\lfw\lfw\Norah_Jones\Norah_Jones_0015.jpg,1,0.70888716
3,data\calibration\lfw\lfw\Norah_Jones\Norah_Jones_0009.jpg,data\calibration\lfw\lfw\Norah_Jones\Norah_Jones_0015.jpg,1,0.60182601
3,data\calibration\lfw\lfw\Norah_Jones\Norah_Jones_0011.jpg,data\calibration\lfw\lfw\Norah_Jones\Norah_Jones_0012.jpg,1,0.53235739
3,data\calibration\lfw\lfw\Norm_Coleman\Norm_Coleman_0005.jpg,data\calibration\lfw\lfw\Norm_Coleman\Norm_Coleman_0007.jpg,1,0.57903481
3,data\calibration\lfw\lfw\Oscar_De_La_Hoya\Oscar_De_La_Hoya_0001.jpg,data\calibration\lfw\lfw\Oscar_De_La_Hoya\Oscar_De_La_Hoya_0003.jpg,1,0.67022312
3,data\calibration\lfw\lfw\Oscar_De_La_Hoya\Oscar_De_La_Hoya_0002.jpg,data\calibration\lfw\lfw\Oscar_De_La_Hoya\Oscar_De_La_Hoya_0006.jpg,1,0.70179850
3,data\calibration\lfw\lfw\Oscar_De_La_Hoya\Oscar_De_La_Hoya_0002.jpg,data\calibration\lfw\lfw\Oscar_De_La_Hoya\Oscar_De_La_Hoya_0007.jpg,1,0.67618114
3,data\calibration\lfw\lfw\Pascal_Lamy\Pascal_Lamy_0001.jpg,data\calibration\lfw\lfw\Pascal_Lamy\Pascal_Lamy_0002.jpg,1,0.68852276
3,data\calibration\lfw\lfw\Pat_Burns\Pat_Burns_0001.jpg,data\calibration\lfw\lfw\Pat_Burns\Pat_Burns_0002.jpg,1,0.65734231
3,data\calibration\lfw\lfw\Paul_McCartney\Paul_McCartney_0003.jpg,data\calibration\lfw\lfw\Paul_McCartney\Paul_McCartney_0004.jpg,1,0.67038435
3,data\calibration\lfw\lfw\Paul_McCartney\Paul_McCartney_0003.jpg,data\calibration\lfw\lfw\Paul_McCartney\Paul_McCartney_0005.jpg,1,0.70650399
3,data\calibration\lfw\lfw\Paul_Wellstone\Paul_Wellstone_0001.jpg,data\calibration\lfw\lfw\Paul_Wellstone\Paul_Wellstone_0002.jpg,1,0.69855982
3,data\calibration\lfw\lfw\Paul_Wellstone\Paul_Wellstone_0001.jpg,data\calibration\lfw\lfw\Paul_Wellstone\Paul_Wellstone_0003.jpg,1,0.60617161
3,data\calibration\lfw\lfw\Paul_Wellstone\Paul_Wellstone_0002.jpg,data\calibration\lfw\lfw\Paul_Wellstone\Paul_Wellstone_0003.jpg,1,0.59887213
3,data\calibration\lfw\lfw\Penelope_Cruz\Penelope_Cruz_0001.jpg,data\calibration\lfw\lfw\Penelope_Cruz\Penelope_Cruz_0002.jpg,1,0.25602600
3,data\calibration\lfw\lfw\Penelope_Cruz\Penelope_Cruz_0001.jpg,data\calibration\lfw\lfw\Penelope_Cruz\Penelope_Cruz_0003.jpg,1,0.59861875
3,data\calibration\lfw\lfw\Pete_Rose\Pete_Rose_0001.jpg,data\calibration\lfw\lfw\Pete_Rose\Pete_Rose_0002.jpg,1,0.56159472
3,data\calibration\lfw\lfw\Prince_Harry\Prince_Harry_0001.jpg,data\calibration\lfw\lfw\Prince_Harry\Prince_Harry_0002.jpg,1,0.81730449
3,data\calibration\lfw\lfw\Prince_Harry\Prince_Harry_0002.jpg,data\calibration\lfw\lfw\Prince_Harry\Prince_Harry_0003.jpg,1,0.04226971
3,data\calibration\lfw\lfw\Princess_Caroline\Princess_Caroline_0001.jpg,data\calibration\lfw\lfw\Princess_Caroline\Princess_Caroline_0002.jpg,1,0.80474502
3,data\calibration\lfw\lfw\Princess_Caroline\Princess_Caroline_0002.jpg,data\calibration\lfw\lfw\Princess_Caroline\Princess_Caroline_0005.jpg,1,0.46734655
3,data\calibration\lfw\lfw\Raquel_Welch\Raquel_Welch_0001.jpg,data\calibration\lfw\lfw\Raquel_Welch\Raquel_Welch_0002.jpg,1,0.87848848
3,data\calibration\lfw\lfw\Reggie_Miller\Reggie_Miller_0001.jpg,data\calibration\lfw\lfw\Reggie_Miller\Reggie_Miller_0002.jpg,1,0.73996794
3,data\calibration\lfw\lfw\Renee_Zellweger\Renee_Zellweger_0002.jpg,data\calibration\lfw\lfw\Renee_Zellweger\Renee_Zellweger_0013.jpg,1,0.59155393
3,data\calibration\lfw\lfw\Renee_Zellweger\Renee_Zellweger_0002.jpg,data\calibration\lfw\lfw\Renee_Zellweger\Renee_Zellweger_0016.jpg,1,0.00466437
3,data\calibration\lfw\lfw\Renee_Zellweger\Renee_Zellweger_0003.jpg,data\calibration\lfw\lfw\Renee_Zellweger\Renee_Zellweger_0016.jpg,1,0.01049044
3,data\calibration\lfw\lfw\Ricardo_Sanchez\Ricardo_Sanchez_0001.jpg,data\calibration\lfw\lfw\Ricardo_Sanchez\Ricardo_Sanchez_0006.jpg,1,0.64993340
3,data\calibration\lfw\lfw\Ricardo_Sanchez\Ricardo_Sanchez_0002.jpg,data\calibration\lfw\lfw\Ricardo_Sanchez\Ricardo_Sanchez_0004.jpg,1,0.73572427
3,data\calibration\lfw\lfw\Richard_Butler\Richard_Butler_0001.jpg,data\calibration\lfw\lfw\Richard_Butler\Richard_Butler_0002.jpg,1,0.75960898
3,data\calibration\lfw\lfw\Rubens_Barrichello\Rubens_Barrichello_0002.jpg,data\calibration\lfw\lfw\Rubens_Barrichello\Rubens_Barrichello_0003.jpg,1,0.56839854
3,data\calibration\lfw\lfw\Rubens_Barrichello\Rubens_Barrichello_0004.jpg,data\calibration\lfw\lfw\Rubens_Barrichello\Rubens_Barrichello_0005.jpg,1,0.61562616
3,data\calibration\lfw\lfw\Rubens_Barrichello\Rubens_Barrichello_0004.jpg,data\calibration\lfw\lfw\Rubens_Barrichello\Rubens_Barrichello_0008.jpg,1,0.70630670
3,data\calibration\lfw\lfw\Rubens_Barrichello\Rubens_Barrichello_0006.jpg,data\calibration\lfw\lfw\Rubens_Barrichello\Rubens_Barrichello_0011.jpg,1,0.59975427
3,data\calibration\lfw\lfw\Rubens_Barrichello\Rubens_Barrichello_0009.jpg,data\calibration\lfw\lfw\Rubens_Barrichello\Rubens_Barrichello_0012.jpg,1,0.65762943
3,data\calibration\lfw\lfw\Samira_Makhmalbaf\Samira_Makhmalbaf_0001.jpg,data\calibration\lfw\lfw\Samira_Makhmalbaf\Samira_Makhmalbaf_0002.jpg,1,0.67872649
3,data\calibration\lfw\lfw\Samuel_Waksal\Samuel_Waksal_0001.jpg,data\calibration\lfw\lfw\Samuel_Waksal\Samuel_Waksal_0002.jpg,1,0.78085417
3,data\calibration\lfw\lfw\Samuel_Waksal\Samuel_Waksal_0001.jpg,data\calibration\lfw\lfw\Samuel_Waksal\Samuel_Waksal_0003.jpg,1,0.72194791
3,data\calibration\lfw\lfw\Samuel_Waksal\Samuel_Waksal_0001.jpg,data\calibration\lfw\lfw\Samuel_Waksal\Samuel_Waksal_0004.jpg,1,0.72917634
3,data\calibration\lfw\lfw\Samuel_Waksal\Samuel_Waksal_0002.jpg,data\calibration\lfw\lfw\Samuel_Waksal\Samuel_Waksal_0004.jpg,1,0.62513250
3,data\calibration\lfw\lfw\Scott_McClellan\Scott_McClellan_0001.jpg,data\calibration\lfw\lfw\Scott_McClellan\Scott_McClellan_0003.jpg,1,0.87664443
3,data\calibration\lfw\lfw\Scott_McClellan\Scott_McClellan_0002.jpg,data\calibration\lfw\lfw\Scott_McClellan\Scott_McClellan_0004.jpg,1,0.72736996
3,data\calibration\lfw\lfw\Scott_McClellan\Scott_McClellan_0002.jpg,data\calibration\lfw\lfw\Scott_McClellan\Scott_McClellan_0005.jpg,1,0.72194344
3,data\calibration\lfw\lfw\Scott_Rudin\Scott_Rudin_0001.jpg,data\calibration\lfw\lfw\Scott_Rudin\Scott_Rudin_0002.jpg,1,0.77358693
3,data\calibration\lfw\lfw\Shane_Warne\Shane_Warne_0001.jpg,data\calibration\lfw\lfw\Shane_Warne\Shane_Warne_0002.jpg,1,0.45011416
3,data\calibration\lfw\lfw\Sheila_Wellstone\Sheila_Wellstone_0001.jpg,data\calibration\lfw\lfw\Sheila_Wellstone\Sheila_Wellstone_0002.jpg,1,0.69797015
3,data\calibration\lfw\lfw\Sheryl_Crow\Sheryl_Crow_0001.jpg,data\calibration\lfw\lfw\Sheryl_Crow\Sheryl_Crow_0003.jpg,1,0.56869316
3,data\calibration\lfw\lfw\Silvan_Shalom\Silvan_Shalom_0002.jpg,data\calibration\lfw\lfw\Silvan_Shalom\Silvan_Shalom_0003.jpg,1,0.52761012
3,data\calibration\lfw\lfw\Silvan_Shalom\Silvan_Shalom_0002.jpg,data\calibration\lfw\lfw\Silvan_Shalom\Silvan_Shalom_0004.jpg,1,0.53836685
3,data\calibration\lfw\lfw\Silvan_Shalom\Silvan_Shalom_0002.jpg,data\calibration\lfw\lfw\Silvan_Shalom\Silvan_Shalom_0006.jpg,1,0.69041592
3,data\calibration\lfw\lfw\Silvan_Shalom\Silvan_Shalom_0003.jpg,data\calibration\lfw\lfw\Silvan_Shalom\Silvan_Shalom_0004.jpg,1,0.64564455
3,data\calibration\lfw\lfw\Silvan_Shalom\Silvan_Shalom_0003.jpg,data\calibration\lfw\lfw\Silvan_Shalom\Silvan_Shalom_0006.jpg,1,0.56037378
3,data\calibration\lfw\lfw\Steve_Mariucci\Steve_Mariucci_0001.jpg,data\calibration\lfw\lfw\Steve_Mariucci\Steve_Mariucci_0003.jpg,1,0.76642740
3,data\calibration\lfw\lfw\Steve_Mariucci\Steve_Mariucci_0002.jpg,data\calibration\lfw\lfw\Steve_Mariucci\Steve_Mariucci_0003.jpg,1,0.66995341
3,data\calibration\lfw\lfw\Steven_Seagal\Steven_Seagal_0001.jpg,data\calibration\lfw\lfw\Steven_Seagal\Steven_Seagal_0002.jpg,1,0.73868465
3,data\calibration\lfw\lfw\Taha_Yassin_Ramadan\Taha_Yassin_Ramadan_0003.jpg,data\calibration\lfw\lfw\Taha_Yassin_Ramadan\Taha_Yassin_Ramadan_0012.jpg,1,0.79347533
3,data\calibration\lfw\lfw\Taha_Yassin_Ramadan\Taha_Yassin_Ramadan_0007.jpg,data\calibration\lfw\lfw\Taha_Yassin_Ramadan\Taha_Yassin_Ramadan_0013.jpg,1,0.58175218
3,data\calibration\lfw\lfw\Tammy_Lynn_Michaels\Tammy_Lynn_Michaels_0001.jpg,data\calibration\lfw\lfw\Tammy_Lynn_Michaels\Tammy_Lynn_Michaels_0002.jpg,1,0.71894401
3,data\calibration\lfw\lfw\Theodore_Tweed_Roosevelt\Theodore_Tweed_Roosevelt_0001.jpg,data\calibration\lfw\lfw\Theodore_Tweed_Roosevelt\Theodore_Tweed_Roosevelt_0002.jpg,1,0.78575844
3,data\calibration\lfw\lfw\Theodore_Tweed_Roosevelt\Theodore_Tweed_Roosevelt_0001.jpg,data\calibration\lfw\lfw\Theodore_Tweed_Roosevelt\Theodore_Tweed_Roosevelt_0003.jpg,1,0.80868483
3,data\calibration\lfw\lfw\Theodore_Tweed_Roosevelt\Theodore_Tweed_Roosevelt_0002.jpg,data\calibration\lfw\lfw\Theodore_Tweed_Roosevelt\Theodore_Tweed_Roosevelt_0003.jpg,1,0.77938616
3,data\calibration\lfw\lfw\Tom_Crean\Tom_Crean_0001.jpg,data\calibration\lfw\lfw\Tom_Crean\Tom_Crean_0002.jpg,1,0.65026653
3,data\calibration\lfw\lfw\Tom_Crean\Tom_Crean_0003.jpg,data\calibration\lfw\lfw\Tom_Crean\Tom_Crean_0005.jpg,1,0.73804474
3,data\calibration\lfw\lfw\Tom_Crean\Tom_Crean_0004.jpg,data\calibration\lfw\lfw\Tom_Crean\Tom_Crean_0005.jpg,1,0.58634585
3,data\calibration\lfw\lfw\Tony_Bennett\Tony_Bennett_0001.jpg,data\calibration\lfw\lfw\Tony_Bennett\Tony_Bennett_0003.jpg,1,0.73655087
3,data\calibration\lfw\lfw\Torri_Edwards\Torri_Edwards_0001.jpg,data\calibration\lfw\lfw\Torri_Edwards\Torri_Edwards_0002.jpg,1,0.74671674
3,data\calibration\lfw\lfw\Tung_Chee-hwa\Tung_Chee-hwa_0001.jpg,data\calibration\lfw\lfw\Tung_Chee-hwa\Tung_Chee-hwa_0002.jpg,1,0.71857125
3,data\calibration\lfw\lfw\Tung_Chee-hwa\Tung_Chee-hwa_0001.jpg,data\calibration\lfw\lfw\Tung_Chee-hwa\Tung_Chee-hwa_0008.jpg,1,0.56993937
3,data\calibration\lfw\lfw\Tung_Chee-hwa\Tung_Chee-hwa_0002.jpg,data\calibration\lfw\lfw\Tung_Chee-hwa\Tung_Chee-hwa_0008.jpg,1,0.71632159
3,data\calibration\lfw\lfw\Vidar_Helgesen\Vidar_Helgesen_0001.jpg,data\calibration\lfw\lfw\Vidar_Helgesen\Vidar_Helgesen_0002.jpg,1,0.58679974
3,data\calibration\lfw\lfw\Warren_Buffett\Warren_Buffett_0001.jpg,data\calibration\lfw\lfw\Warren_Buffett\Warren_Buffett_0002.jpg,1,0.62575769
3,data\calibration\lfw\lfw\Warren_Buffett\Warren_Buffett_0001.jpg,data\calibration\lfw\lfw\Warren_Buffett\Warren_Buffett_0003.jpg,1,0.78041029
3,data\calibration\lfw\lfw\Wen_Jiabao\Wen_Jiabao_0001.jpg,data\calibration\lfw\lfw\Wen_Jiabao\Wen_Jiabao_0012.jpg,1,0.73304498
3,data\calibration\lfw\lfw\Wen_Jiabao\Wen_Jiabao_0002.jpg,data\calibration\lfw\lfw\Wen_Jiabao\Wen_Jiabao_0011.jpg,1,0.67515361
3,data\calibration\lfw\lfw\Wen_Jiabao\Wen_Jiabao_0004.jpg,data\calibration\lfw\lfw\Wen_Jiabao\Wen_Jiabao_0007.jpg,1,0.76209980
3,data\calibration\lfw\lfw\Wen_Jiabao\Wen_Jiabao_0005.jpg,data\calibration\lfw\lfw\Wen_Jiabao\Wen_Jiabao_0006.jpg,1,0.64318746
3,data\calibration\lfw\lfw\Wen_Jiabao\Wen_Jiabao_0007.jpg,data\calibration\lfw\lfw\Wen_Jiabao\Wen_Jiabao_0009.jpg,1,0.73735750
3,data\calibration\lfw\lfw\Wen_Jiabao\Wen_Jiabao_0007.jpg,data\calibration\lfw\lfw\Wen_Jiabao\Wen_Jiabao_0012.jpg,1,0.68378055
3,data\calibration\lfw\lfw\Wen_Jiabao\Wen_Jiabao_0008.jpg,data\calibration\lfw\lfw\Wen_Jiabao\Wen_Jiabao_0012.jpg,1,0.70188361
3,data\calibration\lfw\lfw\Wen_Jiabao\Wen_Jiabao_0010.jpg,data\calibration\lfw\lfw\Wen_Jiabao\Wen_Jiabao_0011.jpg,1,0.81715828
3,data\calibration\lfw\lfw\Wen_Jiabao\Wen_Jiabao_0011.jpg,data\calibration\lfw\lfw\Wen_Jiabao\Wen_Jiabao_0012.jpg,1,0.65705019
3,data\calibration\lfw\lfw\Wesley_Clark\Wesley_Clark_0001.jpg,data\calibration\lfw\lfw\Wesley_Clark\Wesley_Clark_0002.jpg,1,0.73442322
3,data\calibration\lfw\lfw\Yuri_Malenchenko\Yuri_Malenchenko_0001.jpg,data\calibration\lfw\lfw\Yuri_Malenchenko\Yuri_Malenchenko_0002.jpg,1,0.64100105
3,data\calibration\lfw\lfw\Abbas_Kiarostami\Abbas_Kiarostami_0001.jpg,data\calibration\lfw\lfw\Fujio_Mitarai\Fujio_Mitarai_0001.jpg,0,0.05523892
3,data\calibration\lfw\lfw\Abdullah\Abdullah_0001.jpg,data\calibration\lfw\lfw\Teresa_Heinz_Kerry\Teresa_Heinz_Kerry_0001.jpg,0,0.10384603
3,data\calibration\lfw\lfw\Abdullah\Abdullah_0003.jpg,data\calibration\lfw\lfw\Samuel_Waksal\Samuel_Waksal_0001.jpg,0,-0.01312567
3,data\calibration\lfw\lfw\Abdullah\Abdullah_0004.jpg,data\calibration\lfw\lfw\Julio_Cesar_Franco\Julio_Cesar_Franco_0001.jpg,0,0.06767272
3,data\calibration\lfw\lfw\Abid_Hamid_Mahmud_Al-Tikriti\Abid_Hamid_Mahmud_Al-Tikriti_0001.jpg,data\calibration\lfw\lfw\Anjum_Hussain\Anjum_Hussain_0001.jpg,0,-0.00359527
3,data\calibration\lfw\lfw\Abid_Hamid_Mahmud_Al-Tikriti\Abid_Hamid_Mahmud_Al-Tikriti_0002.jpg,data\calibration\lfw\lfw\Doris_Schroeder\Doris_Schroeder_0001.jpg,0,0.01725432
3,data\calibration\lfw\lfw\Adam_Freier\Adam_Freier_0001.jpg,data\calibration\lfw\lfw\Hillary_Clinton\Hillary_Clinton_0003.jpg,0,-0.15822607
3,data\calibration\lfw\lfw\Adam_Freier\Adam_Freier_0001.jpg,data\calibration\lfw\lfw\Princess_Caroline\Princess_Caroline_0001.jpg,0,0.06455746
3,data\calibration\lfw\lfw\Adam_Freier\Adam_Freier_0001.jpg,data\calibration\lfw\lfw\Regina_Ip\Regina_Ip_0001.jpg,0,-0.13912877
3,data\calibration\lfw\lfw\Alan_Ball\Alan_Ball_0001.jpg,data\calibration\lfw\lfw\Kristin_Scott_Thomas\Kristin_Scott_Thomas_0001.jpg,0,0.03596234
3,data\calibration\lfw\lfw\Alan_Ball\Alan_Ball_0002.jpg,data\calibration\lfw\lfw\Yuri_Malenchenko\Yuri_Malenchenko_0001.jpg,0,0.00400883
3,data\calibration\lfw\lfw\Albert_Costa\Albert_Costa_0006.jpg,data\calibration\lfw\lfw\Gary_Barnett\Gary_Barnett_0001.jpg,0,-0.03189593
3,data\calibration\lfw\lfw\Albert_Costa\Albert_Costa_0006.jpg,data\calibration\lfw\lfw\John_Marburger\John_Marburger_0001.jpg,0,0.03134405
3,data\calibration\lfw\lfw\Albert_Costa\Albert_Costa_0006.jpg,data\calibration\lfw\lfw\Wen_Jiabao\Wen_Jiabao_0007.jpg,0,-0.09173909
3,data\calibration\lfw\lfw\Alberta_Lee\Alberta_Lee_0001.jpg,data\calibration\lfw\lfw\Babe_Ruth\Babe_Ruth_0001.jpg,0,0.00839373
3,data\calibration\lfw\lfw\Alex_Popov\Alex_Popov_0001.jpg,data\calibration\lfw\lfw\Kent_Rominger\Kent_Rominger_0002.jpg,0,0.05248551
3,data\calibration\lfw\lfw\Alex_Popov\Alex_Popov_0001.jpg,data\calibration\lfw\lfw\Matthew_During\Matthew_During_0001.jpg,0,0.02544690
3,data\calibration\lfw\lfw\Ali_Khamenei\Ali_Khamenei_0002.jpg,data\calibration\lfw\lfw\Roberto_Canessa\Roberto_Canessa_0001.jpg,0,0.03686727
3,data\calibration\lfw\lfw\Amelia_Vega\Amelia_Vega_0001.jpg,data\calibration\lfw\lfw\Gina_Lollobrigida\Gina_Lollobrigida_0001.jpg,0,-0.08001821
3,data\calibration\lfw\lfw\Amelia_Vega\Amelia_Vega_0005.jpg,data\calibration\lfw\lfw\Jim_Harrick\Jim_Harrick_0001.jpg,0,-0.03888756
3,data\calibration\lfw\lfw\Amy_Pascal\Amy_Pascal_0001.jpg,data\calibration\lfw\lfw\Eduardo_Duhalde\Eduardo_Duhalde_0007.jpg,0,-0.01753291
3,data\calibration\lfw\lfw\Amy_Pascal\Amy_Pascal_0001.jpg,data\calibration\lfw\lfw\Hank_Azaria\Hank_Azaria_0001.jpg,0,-0.00083985
3,data\calibration\lfw\lfw\Amy_Pascal\Amy_Pascal_0001.jpg,data\calibration\lfw\lfw\John_Marburger\John_Marburger_0001.jpg,0,0.03430743
3,data\calibration\lfw\lfw\Amy_Redford\Amy_Redford_0001.jpg,data\calibration\lfw\lfw\Roman_Coppola\Roman_Coppola_0001.jpg,0,-0.03535182
3,data\calibration\lfw\lfw\Amy_Redford\Amy_Redford_0001.jpg,data\calibration\lfw\lfw\Victor_Kraatz\Victor_Kraatz_0001.jpg,0,-0.03582504
3,data\calibration\lfw\lfw\Anderson_Varejao\Anderson_Varejao_0001.jpg,data\calibration\lfw\lfw\Dennis_Oswald\Dennis_Oswald_0001.jpg,0,-0.02268894
3,data\calibration\lfw\lfw\Anderson_Varejao\Anderson_Varejao_0001.jpg,data\calibration\lfw\lfw\Garth_Drabinsky\Garth_Drabinsky_0001.jpg,0,-0.01282994
3,data\calibration\lfw\lfw\Andrei_Nikolishin\Andrei_Nikolishin_0001.jpg,data\calibration\lfw\lfw\Angelica_Romero\Angelica_Romero_0001.jpg,0,-0.04603930
3,data\calibration\lfw\lfw\Andrew_Bernard\Andrew_Bernard_0001.jpg,data\calibration\lfw\lfw\Don_Nickles\Don_Nickles_0002.jpg,0,0.07387179
3,data\calibration\lfw\lfw\Andrew_Bernard\Andrew_Bernard_0001.jpg,data\calibration\lfw\lfw\Hassan_Wirajuda\Hassan_Wirajuda_0001.jpg,0,0.11727412
3,data\calibration\lfw\lfw\Andrew_Bernard\Andrew_Bernard_0001.jpg,data\calibration\lfw\lfw\Mark_Broxmeyer\Mark_Broxmeyer_0001.jpg,0,-0.03370219
3,data\calibration\lfw\lfw\Andrew_Fastow\Andrew_Fastow_0001.jpg,data\calibration\lfw\lfw\Luca_Cordero_di_Montezemolo\Luca_Cordero_di_Montezemolo_0001.jpg,0,-0.02255614
3,data\calibration\lfw\lfw\Andrew_Fastow\Andrew_Fastow_0001.jpg,data\calibration\lfw\lfw\Meghann_Shaughnessy\Meghann_Shaughnessy_0001.jpg,0,-0.02312802
3,data\calibration\lfw\lfw\Andrew_Fastow\Andrew_Fastow_0001.jpg,data\calibration\lfw\lfw\Tomas_Malik\Tomas_Malik_0001.jpg,0,0.08351059
3,data\calibration\lfw\lfw\Andrew_Luster\Andrew_Luster_0001.jpg,data\calibration\lfw\lfw\Eric_Rosser\Eric_Rosser_0001.jpg,0,0.02133121
3,data\calibration\lfw\lfw\Andrew_Luster\Andrew_Luster_0001.jpg,data\calibration\lfw\lfw\Jose_Manuel_Durao_Barroso\Jose_Manuel_Durao_Barroso_0006.jpg,0,-0.03166789
3,data\calibration\lfw\lfw\Andrew_Luster\Andrew_Luster_0001.jpg,data\calibration\lfw\lfw\Lisa_Murkowski\Lisa_Murkowski_0001.jpg,0,0.00101364
3,data\calibration\lfw\lfw\Anita_DeFrantz\Anita_DeFrantz_0001.jpg,data\calibration\lfw\lfw\Carla_Gay_Balingit\Carla_Gay_Balingit_0001.jpg,0,-0.00849217
3,data\calibration\lfw\lfw\Anita_DeFrantz\Anita_DeFrantz_0001.jpg,data\calibration\lfw\lfw\Penny_Lancaster\Penny_Lancaster_0001.jpg,0,-0.00563324
3,data\calibration\lfw\lfw\Anjum_Hussain\Anjum_Hussain_0001.jpg,data\calibration\lfw\lfw\David_Caraway\David_Caraway_0002.jpg,0,0.03596759
3,data\calibration\lfw\lfw\Anne_Cavers\Anne_Cavers_0001.jpg,data\calibration\lfw\lfw\James_Barksdale\James_Barksdale_0001.jpg,0,0.05970960
3,data\calibration\lfw\lfw\Anne_Cavers\Anne_Cavers_0001.jpg,data\calibration\lfw\lfw\Stephen_Oake\Stephen_Oake_0001.jpg,0,0.06699897
3,data\calibration\lfw\lfw\Anthony_Hazen\Anthony_Hazen_0001.jpg,data\calibration\lfw\lfw\Debra_Yang\Debra_Yang_0001.jpg,0,0.04848589
3,data\calibration\lfw\lfw\Antonio_Catania\Antonio_Catania_0001.jpg,data\calibration\lfw\lfw\Barry_Bonds\Barry_Bonds_0001.jpg,0,0.01078524
3,data\calibration\lfw\lfw\Antonio_Catania\Antonio_Catania_0001.jpg,data\calibration\lfw\lfw\Taylyn_Solomon\Taylyn_Solomon_0001.jpg,0,-0.01303480
3,data\calibration\lfw\lfw\Aretha_Franklin\Aretha_Franklin_0001.jpg,data\calibration\lfw\lfw\Jean_Brumley\Jean_Brumley_0001.jpg,0,-0.02678351
3,data\calibration\lfw\lfw\Aretha_Franklin\Aretha_Franklin_0001.jpg,data\calibration\lfw\lfw\Teruaki_Masumoto\Teruaki_Masumoto_0001.jpg,0,-0.00209149
3,data\calibration\lfw\lfw\Art_Lopez\Art_Lopez_0001.jpg,data\calibration\lfw\lfw\Diane_Lane\Diane_Lane_0001.jpg,0,-0.04365937
3,data\calibration\lfw\lfw\Arthur_Johnson\Arthur_Johnson_0001.jpg,data\calibration\lfw\lfw\Selma_Phoenix\Selma_Phoenix_0001.jpg,0,-0.04745886
3,data\calibration\lfw\lfw\Arye_Mekel\Arye_Mekel_0002.jpg,data\calibration\lfw\lfw\Chung_Mong-joon\Chung_Mong-joon_0001.jpg,0,-0.07210365
3,data\calibration\lfw\lfw\Arye_Mekel\Arye_Mekel_0002.jpg,data\calibration\lfw\lfw\Georgina_Papin\Georgina_Papin_0001.jpg,0,-0.00764271
3,data\calibration\lfw\lfw\Babe_Ruth\Babe_Ruth_0001.jpg,data\calibration\lfw\lfw\Jim_Harrick\Jim_Harrick_0001.jpg,0,-0.03315051
3,data\calibration\lfw\lfw\Babe_Ruth\Babe_Ruth_0001.jpg,data\calibration\lfw\lfw\Pete_Aldridge\Pete_Aldridge_0001.jpg,0,-0.01081498
3,data\calibration\lfw\lfw\Barry_Bonds\Barry_Bonds_0001.jpg,data\calibration\lfw\lfw\James_Barksdale\James_Barksdale_0001.jpg,0,0.04899446
3,data\calibration\lfw\lfw\Barry_Bonds\Barry_Bonds_0001.jpg,data\calibration\lfw\lfw\Mickey_Sherman\Mickey_Sherman_0001.jpg,0,0.01368521
3,data\calibration\lfw\lfw\Barry_Switzer\Barry_Switzer_0001.jpg,data\calibration\lfw\lfw\Jiang_Zemin\Jiang_Zemin_0011.jpg,0,-0.01471819
3,data\calibration\lfw\lfw\Barry_Switzer\Barry_Switzer_0001.jpg,data\calibration\lfw\lfw\Kirk_Ferentz\Kirk_Ferentz_0002.jpg,0,0.12233423
3,data\calibration\lfw\lfw\Bernard_Giraudeau\Bernard_Giraudeau_0001.jpg,data\calibration\lfw\lfw\Keira_Knightley\Keira_Knightley_0001.jpg,0,-0.03983279
3,data\calibration\lfw\lfw\Bernard_Landry\Bernard_Landry_0003.jpg,data\calibration\lfw\lfw\Stacey_Jones\Stacey_Jones_0001.jpg,0,0.03639364
3,data\calibration\lfw\lfw\Bernard_Landry\Bernard_Landry_0004.jpg,data\calibration\lfw\lfw\Sylvia_Plachy\Sylvia_Plachy_0001.jpg,0,0.06210580
3,data\calibration\lfw\lfw\Biljana_Plavsic\Biljana_Plavsic_0001.jpg,data\calibration\lfw\lfw\Kieran_Prendergast\Kieran_Prendergast_0002.jpg,0,0.00667243
3,data\calibration\lfw\lfw\Bill_Cartwright\Bill_Cartwright_0001.jpg,data\calibration\lfw\lfw\Claude_Jorda\Claude_Jorda_0001.jpg,0,0.12183747
3,data\calibration\lfw\lfw\Bill_Lerach\Bill_Lerach_0001.jpg,data\calibration\lfw\lfw\Martin_Verkerk\Martin_Verkerk_0002.jpg,0,0.03357999
3,data\calibration\lfw\lfw\Bob_Hope\Bob_Hope_0001.jpg,data\calibration\lfw\lfw\Stanley_Ho\Stanley_Ho_0001.jpg,0,0.03980998
3,data\calibration\lfw\lfw\Bob_Hope\Bob_Hope_0005.jpg,data\calibration\lfw\lfw\Micah_Knorr\Micah_Knorr_0001.jpg,0,-0.01958569
3,data\calibration\lfw\lfw\Bob_Hope\Bob_Hope_0005.jpg,data\calibration\lfw\lfw\Mitchell_Potter\Mitchell_Potter_0001.jpg,0,0.11271054
3,data\calibration\lfw\lfw\Bob_Menendez\Bob_Menendez_0001.jpg,data\calibration\lfw\lfw\David_Caraway\David_Caraway_0002.jpg,0,0.03532258
3,data\calibration\lfw\lfw\Bob_Menendez\Bob_Menendez_0001.jpg,data\calibration\lfw\lfw\Lauren_Hutton\Lauren_Hutton_0001.jpg,0,0.02287608
3,data\calibration\lfw\lfw\Bob_Riley\Bob_Riley_0001.jpg,data\calibration\lfw\lfw\Danny_Ainge\Danny_Ainge_0001.jpg,0,0.02285839
3,data\calibration\lfw\lfw\Bob_Riley\Bob_Riley_0001.jpg,data\calibration\lfw\lfw\Nastassia_Kinski\Nastassia_Kinski_0002.jpg,0,0.06917322
3,data\calibration\lfw\lfw\Bob_Riley\Bob_Riley_0001.jpg,data\calibration\lfw\lfw\Sheila_Wellstone\Sheila_Wellstone_0002.jpg,0,-0.09874476
3,data\calibration\lfw\lfw\Brad_Wilk\Brad_Wilk_0001.jpg,data\calibration\lfw\lfw\Phil_Cline\Phil_Cline_0001.jpg,0,0.02828284
3,data\calibration\lfw\lfw\Brad_Wilk\Brad_Wilk_0001.jpg,data\calibration\lfw\lfw\Scott_Dalton\Scott_Dalton_0001.jpg,0,-0.03475421
3,data\calibration\lfw\lfw\Brian_Grazier\Brian_Grazier_0001.jpg,data\calibration\lfw\lfw\Tomas_Malik\Tomas_Malik_0001.jpg,0,0.14065868
3,data\calibration\lfw\lfw\Brian_StPierre\Brian_StPierre_0001.jpg,data\calibration\lfw\lfw\Steve_Mariucci\Steve_Mariucci_0002.jpg,0,-0.01208232
3,data\calibration\lfw\lfw\Cari_Davis\Cari_Davis_0001.jpg,data\calibration\lfw\lfw\Don_Henley\Don_Henley_0001.jpg,0,-0.03014333
3,data\calibration\lfw\lfw\Cari_Davis\Cari_Davis_0001.jpg,data\calibration\lfw\lfw\Mark_Broxmeyer\Mark_Broxmeyer_0001.jpg,0,-0.05833610
3,data\calibration\lfw\lfw\Carin_Koch\Carin_Koch_0001.jpg,data\calibration\lfw\lfw\John_Banko\John_Banko_0002.jpg,0,0.00436956
3,data\calibration\lfw\lfw\Carla_Gay_Balingit\Carla_Gay_Balingit_0001.jpg,data\calibration\lfw\lfw\Frank_Lautenberg\Frank_Lautenberg_0002.jpg,0,0.05297171
3,data\calibration\lfw\lfw\Carla_Gay_Balingit\Carla_Gay_Balingit_0001.jpg,data\calibration\lfw\lfw\Paula_Dobriansky\Paula_Dobriansky_0001.jpg,0,0.01360975
3,data\calibration\lfw\lfw\Carlos_Ruiz\Carlos_Ruiz_0001.jpg,data\calibration\lfw\lfw\Peter_Schultz\Peter_Schultz_0001.jpg,0,-0.02210746
3,data\calibration\lfw\lfw\Carlos_Ruiz\Carlos_Ruiz_0003.jpg,data\calibration\lfw\lfw\Jennifer_Tilly\Jennifer_Tilly_0001.jpg,0,-0.06369432
3,data\calibration\lfw\lfw\Carly_Fiorina\Carly_Fiorina_0002.jpg,data\calibration\lfw\lfw\Peter_Ueberroth\Peter_Ueberroth_0001.jpg,0,0.04654379
3,data\calibration\lfw\lfw\Catherine_Woodard\Catherine_Woodard_0001.jpg,data\calibration\lfw\lfw\Mike_Sweeney\Mike_Sweeney_0001.jpg,0,-0.00218660
3,data\calibration\lfw\lfw\Chan_Ho_Park\Chan_Ho_Park_0001.jpg,data\calibration\lfw\lfw\Xiang_Xu\Xiang_Xu_0001.jpg,0,-0.05331022
3,data\calibration\lfw\lfw\Chance_Mock\Chance_Mock_0001.jpg,data\calibration\lfw\lfw\Herb_Ritts\Herb_Ritts_0001.jpg,0,0.03672480
3,data\calibration\lfw\lfw\Chance_Mock\Chance_Mock_0001.jpg,data\calibration\lfw\lfw\Shafal_Mosed\Shafal_Mosed_0001.jpg,0,0.06695498
3,data\calibration\lfw\lfw\Chance_Mock\Chance_Mock_0001.jpg,data\calibration\lfw\lfw\Simona_Hradil\Simona_Hradil_0001.jpg,0,-0.03388743
3,data\calibration\lfw\lfw\Chance_Mock\Chance_Mock_0001.jpg,data\calibration\lfw\lfw\Troy_Jenkins\Troy_Jenkins_0001.jpg,0,-0.04558881
3,data\calibration\lfw\lfw\Charles_Taylor\Charles_Taylor_0007.jpg,data\calibration\lfw\lfw\Tom_Curley\Tom_Curley_0001.jpg,0,0.06344285
3,data\calibration\lfw\lfw\Chea_Sophara\Chea_Sophara_0001.jpg,data\calibration\lfw\lfw\John_Wolf\John_Wolf_0001.jpg,0,0.07183097
3,data\calibration\lfw\lfw\Chris_Cirino\Chris_Cirino_0001.jpg,data\calibration\lfw\lfw\Jen_Bice\Jen_Bice_0001.jpg,0,0.03584049
3,data\calibration\lfw\lfw\Chris_Cirino\Chris_Cirino_0001.jpg,data\calibration\lfw\lfw\Mary_Lou_Markakis\Mary_Lou_Markakis_0001.jpg,0,0.02240662
3,data\calibration\lfw\lfw\Chris_Cirino\Chris_Cirino_0001.jpg,data\calibration\lfw\lfw\Peri_Gilpin\Peri_Gilpin_0001.jpg,0,0.01226795
3,data\calibration\lfw\lfw\Christina_Sawaya\Christina_Sawaya_0001.jpg,data\calibration\lfw\lfw\Greg_Gilbert\Greg_Gilbert_0001.jpg,0,0.03887966
3,data\calibration\lfw\lfw\Chung_Mong-joon\Chung_Mong-joon_0001.jpg,data\calibration\lfw\lfw\David_Modell\David_Modell_0001.jpg,0,0.04232809
3,data\calibration\lfw\lfw\Chung_Mong-joon\Chung_Mong-joon_0001.jpg,data\calibration\lfw\lfw\Luca_Cordero_di_Montezemolo\Luca_Cordero_di_Montezemolo_0001.jpg,0,0.00050481
3,data\calibration\lfw\lfw\Chung_Mong-joon\Chung_Mong-joon_0001.jpg,data\calibration\lfw\lfw\Nick_Markakis\Nick_Markakis_0001.jpg,0,-0.00927026
3,data\calibration\lfw\lfw\Chung_Mong-joon\Chung_Mong-joon_0002.jpg,data\calibration\lfw\lfw\John_Rusnak\John_Rusnak_0001.jpg,0,0.01924888
3,data\calibration\lfw\lfw\Claire_Leger\Claire_Leger_0001.jpg,data\calibration\lfw\lfw\David_Caraway\David_Caraway_0002.jpg,0,0.04086621
3,data\calibration\lfw\lfw\Claire_Leger\Claire_Leger_0001.jpg,data\calibration\lfw\lfw\Jerry_Sexton\Jerry_Sexton_0001.jpg,0,-0.01032398
3,data\calibration\lfw\lfw\Clark_Randt\Clark_Randt_0001.jpg,data\calibration\lfw\lfw\Katie_Boone\Katie_Boone_0001.jpg,0,0.02294558
3,data\calibration\lfw\lfw\Clark_Randt\Clark_Randt_0001.jpg,data\calibration\lfw\lfw\Marc-Andre_Fleury\Marc-Andre_Fleury_0001.jpg,0,-0.03351986
3,data\calibration\lfw\lfw\Clemente_de_la_Vega\Clemente_de_la_Vega_0001.jpg,data\calibration\lfw\lfw\Ron_Gonzales\Ron_Gonzales_0001.jpg,0,0.08808260
3,data\calibration\lfw\lfw\Colin_Campbell\Colin_Campbell_0001.jpg,data\calibration\lfw\lfw\Frank_Keating\Frank_Keating_0001.jpg,0,-0.03989515
3,data\calibration\lfw\lfw\Colin_Campbell\Colin_Campbell_0001.jpg,data\calibration\lfw\lfw\Jean_Carnahan\Jean_Carnahan_0002.jpg,0,0.02760274
3,data\calibration\lfw\lfw\Colin_Campbell\Colin_Campbell_0001.jpg,data\calibration\lfw\lfw\Mitchell_Potter\Mitchell_Potter_0001.jpg,0,0.04166828
3,data\calibration\lfw\lfw\Colleen_Atwood\Colleen_Atwood_0001.jpg,data\calibration\lfw\lfw\Penelope_Cruz\Penelope_Cruz_0002.jpg,0,-0.04590388
3,data\calibration\lfw\lfw\Craig_Morgan\Craig_Morgan_0001.jpg,data\calibration\lfw\lfw\Matthew_McConaughey\Matthew_McConaughey_0001.jpg,0,0.02746700
3,data\calibration\lfw\lfw\Dan_Duquette\Dan_Duquette_0001.jpg,data\calibration\lfw\lfw\Paddy_Torsney\Paddy_Torsney_0001.jpg,0,-0.02194946
3,data\calibration\lfw\lfw\Daniel_Ortega\Daniel_Ortega_0001.jpg,data\calibration\lfw\lfw\Norah_Jones\Norah_Jones_0006.jpg,0,0.05543048
3,data\calibration\lfw\lfw\Daniel_Patrick_Moynihan\Daniel_Patrick_Moynihan_0001.jpg,data\calibration\lfw\lfw\Eglis_Yaima_Cruz\Eglis_Yaima_Cruz_0001.jpg,0,0.00434644
3,data\calibration\lfw\lfw\Daniel_Patrick_Moynihan\Daniel_Patrick_Moynihan_0001.jpg,data\calibration\lfw\lfw\Newton_Carlton_Slawson\Newton_Carlton_Slawson_0001.jpg,0,-0.07131194
3,data\calibration\lfw\lfw\Daniel_Rouse\Daniel_Rouse_0001.jpg,data\calibration\lfw\lfw\Doris_Schroeder\Doris_Schroeder_0001.jpg,0,-0.09238324
3,data\calibration\lfw\lfw\Daniel_Rouse\Daniel_Rouse_0001.jpg,data\calibration\lfw\lfw\Mike_Johanns\Mike_Johanns_0001.jpg,0,0.06385542
3,data\calibration\lfw\lfw\Daniell_Sunjata\Daniell_Sunjata_0001.jpg,data\calibration\lfw\lfw\Marc-Andre_Fleury\Marc-Andre_Fleury_0002.jpg,0,-0.06645712
3,data\calibration\lfw\lfw\Danny_Ainge\Danny_Ainge_0001.jpg,data\calibration\lfw\lfw\Lee_Ann_Terlaji\Lee_Ann_Terlaji_0001.jpg,0,0.03701397
3,data\calibration\lfw\lfw\David_Leahy\David_Leahy_0001.jpg,data\calibration\lfw\lfw\Jerry_Sexton\Jerry_Sexton_0001.jpg,0,0.10241630
3,data\calibration\lfw\lfw\David_Scott_Morris\David_Scott_Morris_0001.jpg,data\calibration\lfw\lfw\Valerie_Thwaites\Valerie_Thwaites_0001.jpg,0,0.04947862
3,data\calibration\lfw\lfw\David_Zeplowitz\David_Zeplowitz_0001.jpg,data\calibration\lfw\lfw\Jerry_Springer\Jerry_Springer_0001.jpg,0,0.05982694
3,data\calibration\lfw\lfw\Dawn_Staley\Dawn_Staley_0001.jpg,data\calibration\lfw\lfw\Hasan_Wirayuda\Hasan_Wirayuda_0001.jpg,0,-0.02392377
3,data\calibration\lfw\lfw\Debra_Rose\Debra_Rose_0001.jpg,data\calibration\lfw\lfw\Jonathan_Edwards\Jonathan_Edwards_0002.jpg,0,0.05709787
3,data\calibration\lfw\lfw\Debra_Yang\Debra_Yang_0001.jpg,data\calibration\lfw\lfw\Hashim_Thaci\Hashim_Thaci_0002.jpg,0,0.02554707
3,data\calibration\lfw\lfw\Debra_Yang\Debra_Yang_0001.jpg,data\calibration\lfw\lfw\Yekaterina_Guseva\Yekaterina_Guseva_0001.jpg,0,-0.03521140
3,data\calibration\lfw\lfw\Denis_Fassou-Nguesso\Denis_Fassou-Nguesso_0001.jpg,data\calibration\lfw\lfw\William_Overlin\William_Overlin_0001.jpg,0,0.09080510
3,data\calibration\lfw\lfw\Derrick_Taylor\Derrick_Taylor_0001.jpg,data\calibration\lfw\lfw\Giuseppe_Morchio\Giuseppe_Morchio_0001.jpg,0,-0.11587901
3,data\calibration\lfw\lfw\Derrick_Taylor\Derrick_Taylor_0001.jpg,data\calibration\lfw\lfw\William_Overlin\William_Overlin_0001.jpg,0,0.06491849
3,data\calibration\lfw\lfw\Dick_Cheney\Dick_Cheney_0005.jpg,data\calibration\lfw\lfw\James_Murdoch\James_Murdoch_0001.jpg,0,0.09176986
3,data\calibration\lfw\lfw\Dick_Smothers\Dick_Smothers_0001.jpg,data\calibration\lfw\lfw\Yoon_Won-Sik\Yoon_Won-Sik_0001.jpg,0,0.11875387
3,data\calibration\lfw\lfw\Dita_Von_Tesse\Dita_Von_Tesse_0001.jpg,data\calibration\lfw\lfw\Mohammed_Al-Douri\Mohammed_Al-Douri_0012.jpg,0,0.04506692
3,data\calibration\lfw\lfw\Don_Henley\Don_Henley_0001.jpg,data\calibration\lfw\lfw\Ernie_Eves\Ernie_Eves_0001.jpg,0,0.05610126
3,data\calibration\lfw\lfw\Don_Henley\Don_Henley_0001.jpg,data\calibration\lfw\lfw\Gil_Cates\Gil_Cates_0001.jpg,0,0.01906699
3,data\calibration\lfw\lfw\Don_Henley\Don_Henley_0001.jpg,data\calibration\lfw\lfw\Stephen_Frears\Stephen_Frears_0001.jpg,0,-0.01074687
3,data\calibration\lfw\lfw\Don_Henley\Don_Henley_0001.jpg,data\calibration\lfw\lfw\Ziwang_Xu\Ziwang_Xu_0001.jpg,0,-0.05314722
3,data\calibration\lfw\lfw\Donald_Regan\Donald_Regan_0001.jpg,data\calibration\lfw\lfw\John_Gruden\John_Gruden_0001.jpg,0,-0.06369232
3,data\calibration\lfw\lfw\Doris_Schroeder\Doris_Schroeder_0002.jpg,data\calibration\lfw\lfw\Joe_Mantegna\Joe_Mantegna_0001.jpg,0,-0.04417014
3,data\calibration\lfw\lfw\Eduardo_Duhalde\Eduardo_Duhalde_0001.jpg,data\calibration\lfw\lfw\Paula_Dobriansky\Paula_Dobriansky_0001.jpg,0,0.00309667
3,data\calibration\lfw\lfw\Eduardo_Duhalde\Eduardo_Duhalde_0002.jpg,data\calibration\lfw\lfw\Tab_Turner\Tab_Turner_0001.jpg,0,0.03242084
3,data\calibration\lfw\lfw\Eduardo_Duhalde\Eduardo_Duhalde_0013.jpg,data\calibration\lfw\lfw\James_Murdoch\James_Murdoch_0001.jpg,0,-0.01449563
3,data\calibration\lfw\lfw\Edward_Egan\Edward_Egan_0001.jpg,data\calibration\lfw\lfw\Ernie_Fletcher\Ernie_Fletcher_0002.jpg,0,-0.12936872
3,data\calibration\lfw\lfw\Edward_Johnson\Edward_Johnson_0001.jpg,data\calibration\lfw\lfw\Jessica_Capshaw\Jessica_Capshaw_0001.jpg,0,0.08212812
3,data\calibration\lfw\lfw\El_Hadji_Diouf\El_Hadji_Diouf_0001.jpg,data\calibration\lfw\lfw\Hitomi_Soga\Hitomi_Soga_0002.jpg,0,-0.11600782
3,data\calibration\lfw\lfw\Emilio_Botin\Emilio_Botin_0001.jpg,data\calibration\lfw\lfw\Luca_Cordero_di_Montezemolo\Luca_Cordero_di_Montezemolo_0001.jpg,0,-0.02160484
3,data\calibration\lfw\lfw\Emilio_Botin\Emilio_Botin_0001.jpg,data\calibration\lfw\lfw\Robert_Hyatt\Robert_Hyatt_0001.jpg,0,-0.07694966
3,data\calibration\lfw\lfw\Enrique_Iglesias\Enrique_Iglesias_0001.jpg,data\calibration\lfw\lfw\Gisele_Bundchen\Gisele_Bundchen_0002.jpg,0,0.07633289
3,data\calibration\lfw\lfw\Eric_Bana\Eric_Bana_0001.jpg,data\calibration\lfw\lfw\Mike_Sweeney\Mike_Sweeney_0001.jpg,0,0.07940918
3,data\calibration\lfw\lfw\Eric_Bana\Eric_Bana_0001.jpg,data\calibration\lfw\lfw\Tab_Turner\Tab_Turner_0001.jpg,0,0.04248929
3,data\calibration\lfw\lfw\Eric_Benet\Eric_Benet_0001.jpg,data\calibration\lfw\lfw\Mohammad_Mustapha_Miro\Mohammad_Mustapha_Miro_0001.jpg,0,-0.02586311
3,data\calibration\lfw\lfw\Eric_Rosser\Eric_Rosser_0001.jpg,data\calibration\lfw\lfw\Marc-Andre_Fleury\Marc-Andre_Fleury_0002.jpg,0,0.00586119
3,data\calibration\lfw\lfw\Eric_Rosser\Eric_Rosser_0001.jpg,data\calibration\lfw\lfw\Peter_Chan\Peter_Chan_0001.jpg,0,0.02714643
3,data\calibration\lfw\lfw\Ernie_Eves\Ernie_Eves_0002.jpg,data\calibration\lfw\lfw\Hana_Makhmalbaf\Hana_Makhmalbaf_0001.jpg,0,0.02603255
3,data\calibration\lfw\lfw\Fernando_Vargas\Fernando_Vargas_0001.jpg,data\calibration\lfw\lfw\Julio_Cesar_Franco\Julio_Cesar_Franco_0001.jpg,0,0.01350180
3,data\calibration\lfw\lfw\Fernando_Vargas\Fernando_Vargas_0003.jpg,data\calibration\lfw\lfw\Martin_Verkerk\Martin_Verkerk_0003.jpg,0,-0.02699536
3,data\calibration\lfw\lfw\Flavia_Pennetta\Flavia_Pennetta_0001.jpg,data\calibration\lfw\lfw\Larry_Flynt\Larry_Flynt_0001.jpg,0,-0.05297387
3,data\calibration\lfw\lfw\Flavia_Pennetta\Flavia_Pennetta_0001.jpg,data\calibration\lfw\lfw\Micah_Knorr\Micah_Knorr_0001.jpg,0,0.02951445
3,data\calibration\lfw\lfw\Flavia_Pennetta\Flavia_Pennetta_0001.jpg,data\calibration\lfw\lfw\Paul_Wellstone\Paul_Wellstone_0001.jpg,0,-0.07190242
3,data\calibration\lfw\lfw\Frank_Keating\Frank_Keating_0001.jpg,data\calibration\lfw\lfw\Paul_McCartney\Paul_McCartney_0007.jpg,0,0.01517762
3,data\calibration\lfw\lfw\Frank_Lautenberg\Frank_Lautenberg_0002.jpg,data\calibration\lfw\lfw\Michael_Capellas\Michael_Capellas_0001.jpg,0,0.10327061
3,data\calibration\lfw\lfw\Frank_Lautenberg\Frank_Lautenberg_0002.jpg,data\calibration\lfw\lfw\Steve_Allee\Steve_Allee_0001.jpg,0,-0.01793177
3,data\calibration\lfw\lfw\Fujio_Mitarai\Fujio_Mitarai_0001.jpg,data\calibration\lfw\lfw\Harvey_Weinstein\Harvey_Weinstein_0001.jpg,0,0.01140136
3,data\calibration\lfw\lfw\Gabriella_Bo\Gabriella_Bo_0001.jpg,data\calibration\lfw\lfw\Jeremy_Shockey\Jeremy_Shockey_0002.jpg,0,-0.06012751
3,data\calibration\lfw\lfw\Gavyn_Arthur\Gavyn_Arthur_0001.jpg,data\calibration\lfw\lfw\Kevin_Hearn\Kevin_Hearn_0001.jpg,0,0.02809667
3,data\calibration\lfw\lfw\Gavyn_Arthur\Gavyn_Arthur_0001.jpg,data\calibration\lfw\lfw\Lynne_Slepian\Lynne_Slepian_0001.jpg,0,0.02978544
3,data\calibration\lfw\lfw\Gavyn_Arthur\Gavyn_Arthur_0001.jpg,data\calibration\lfw\lfw\Zahir_Shah\Zahir_Shah_0001.jpg,0,-0.02255580
3,data\calibration\lfw\lfw\George_HW_Bush\George_HW_Bush_0007.jpg,data\calibration\lfw\lfw\George_Maxwell_Richards\George_Maxwell_Richards_0001.jpg,0,0.01651587
3,data\calibration\lfw\lfw\George_HW_Bush\George_HW_Bush_0013.jpg,data\calibration\lfw\lfw\Penny_Lancaster\Penny_Lancaster_0001.jpg,0,0.03905065
3,data\calibration\lfw\lfw\George_Maxwell_Richards\George_Maxwell_Richards_0001.jpg,data\calibration\lfw\lfw\Reggie_Miller\Reggie_Miller_0001.jpg,0,-0.05123786
3,data\calibration\lfw\lfw\Georgina_Papin\Georgina_Papin_0001.jpg,data\calibration\lfw\lfw\Mary_Lou_Retton\Mary_Lou_Retton_0001.jpg,0,-0.03499780
3,data\calibration\lfw\lfw\Georgina_Papin\Georgina_Papin_0001.jpg,data\calibration\lfw\lfw\Svend_Robinson\Svend_Robinson_0001.jpg,0,-0.01937683
3,data\calibration\lfw\lfw\Gerry_Kelly\Gerry_Kelly_0001.jpg,data\calibration\lfw\lfw\Keira_Knightley\Keira_Knightley_0001.jpg,0,0.03112521
3,data\calibration\lfw\lfw\Giannina_Facio\Giannina_Facio_0001.jpg,data\calibration\lfw\lfw\Peri_Gilpin\Peri_Gilpin_0001.jpg,0,-0.00900126
3,data\calibration\lfw\lfw\Gideon_Black\Gideon_Black_0001.jpg,data\calibration\lfw\lfw\Kevin_Hearn\Kevin_Hearn_0001.jpg,0,-0.00802148
3,data\calibration\lfw\lfw\Gideon_Black\Gideon_Black_0001.jpg,data\calibration\lfw\lfw\Shafal_Mosed\Shafal_Mosed_0001.jpg,0,-0.10960219
3,data\calibration\lfw\lfw\Gisele_Bundchen\Gisele_Bundchen_0002.jpg,data\calibration\lfw\lfw\Penny_Lancaster\Penny_Lancaster_0001.jpg,0,0.02455559
3,data\calibration\lfw\lfw\Giuseppe_Morchio\Giuseppe_Morchio_0001.jpg,data\calibration\lfw\lfw\Penny_Lancaster\Penny_Lancaster_0001.jpg,0,0.02173013
3,data\calibration\lfw\lfw\Greg_Frers\Greg_Frers_0001.jpg,data\calibration\lfw\lfw\Mohammed_Al-Douri\Mohammed_Al-Douri_0004.jpg,0,-0.01663927
3,data\calibration\lfw\lfw\Greg_Gilbert\Greg_Gilbert_0001.jpg,data\calibration\lfw\lfw\Mehmet_Ali_Sahin\Mehmet_Ali_Sahin_0001.jpg,0,0.11218182
3,data\calibration\lfw\lfw\Gregorio_Honasan\Gregorio_Honasan_0001.jpg,data\calibration\lfw\lfw\Jim_Schwarz\Jim_Schwarz_0001.jpg,0,0.08945719
3,data\calibration\lfw\lfw\Gregorio_Honasan\Gregorio_Honasan_0001.jpg,data\calibration\lfw\lfw\Jonathan_Fine\Jonathan_Fine_0001.jpg,0,0.05907029
3,data\calibration\lfw\lfw\Gregorio_Honasan\Gregorio_Honasan_0001.jpg,data\calibration\lfw\lfw\Matt_Doherty\Matt_Doherty_0001.jpg,0,-0.05916012
3,data\calibration\lfw\lfw\Hama_Arba_Diallo\Hama_Arba_Diallo_0001.jpg,data\calibration\lfw\lfw\Zhang_Yimou\Zhang_Yimou_0001.jpg,0,0.03528299
3,data\calibration\lfw\lfw\Hana_Makhmalbaf\Hana_Makhmalbaf_0001.jpg,data\calibration\lfw\lfw\Raquel_Welch\Raquel_Welch_0001.jpg,0,0.02867393
3,data\calibration\lfw\lfw\Hassan_Wirajuda\Hassan_Wirajuda_0001.jpg,data\calibration\lfw\lfw\Scott_Dalton\Scott_Dalton_0001.jpg,0,0.06400857
3,data\calibration\lfw\lfw\Hector_Babenco\Hector_Babenco_0002.jpg,data\calibration\lfw\lfw\Talisa_Bratt\Talisa_Bratt_0001.jpg,0,0.02703005
3,data\calibration\lfw\lfw\Herb_Ritts\Herb_Ritts_0001.jpg,data\calibration\lfw\lfw\Mark_Broxmeyer\Mark_Broxmeyer_0001.jpg,0,-0.00124807
3,data\calibration\lfw\lfw\Hugh_Campbell\Hugh_Campbell_0001.jpg,data\calibration\lfw\lfw\Ken_Watanabe\Ken_Watanabe_0001.jpg,0,0.00364050
3,data\calibration\lfw\lfw\Hugh_Campbell\Hugh_Campbell_0001.jpg,data\calibration\lfw\lfw\Masamori_Tokuyama\Masamori_Tokuyama_0001.jpg,0,0.01603969
3,data\calibration\lfw\lfw\Hugh_Campbell\Hugh_Campbell_0001.jpg,data\calibration\lfw\lfw\Tom_Foy\Tom_Foy_0001.jpg,0,0.01232306
3,data\calibration\lfw\lfw\Imran_Khan\Imran_Khan_0001.jpg,data\calibration\lfw\lfw\Matt_Morris\Matt_Morris_0001.jpg,0,0.08202539
3,data\calibration\lfw\lfw\Imran_Khan\Imran_Khan_0001.jpg,data\calibration\lfw\lfw\Nancy_Humbert\Nancy_Humbert_0001.jpg,0,0.05725938
3,data\calibration\lfw\lfw\Ivan_Lee\Ivan_Lee_0001.jpg,data\calibration\lfw\lfw\Jennifer_Furminger\Jennifer_Furminger_0001.jpg,0,-0.00790214
3,data\calibration\lfw\lfw\James_Hallock\James_Hallock_0001.jpg,data\calibration\lfw\lfw\Robert_Beck\Robert_Beck_0001.jpg,0,-0.00139730
3,data\calibration\lfw\lfw\James_Murdoch\James_Murdoch_0001.jpg,data\calibration\lfw\lfw\Martina_McBride\Martina_McBride_0003.jpg,0,0.02106283
3,data\calibration\lfw\lfw\Jamie_Kellner\Jamie_Kellner_0001.jpg,data\calibration\lfw\lfw\Tomas_Malik\Tomas_Malik_0001.jpg,0,0.03322203
3,data\calibration\lfw\lfw\Jamie_King\Jamie_King_0001.jpg,data\calibration\lfw\lfw\Lauren_Hutton\Lauren_Hutton_0002.jpg,0,0.12047088
3,data\calibration\lfw\lfw\Jane_Fonda\Jane_Fonda_0002.jpg,data\calibration\lfw\lfw\Martha_Stewart\Martha_Stewart_0004.jpg,0,-0.00438798
3,data\calibration\lfw\lfw\Janet_Leigh\Janet_Leigh_0001.jpg,data\calibration\lfw\lfw\Marianne_Stanley\Marianne_Stanley_0001.jpg,0,0.12490350
3,data\calibration\lfw\lfw\Jaromir_Jagr\Jaromir_Jagr_0001.jpg,data\calibration\lfw\lfw\Troy_Jenkins\Troy_Jenkins_0001.jpg,0,-0.05042271
3,data\calibration\lfw\lfw\Jean_Brumley\Jean_Brumley_0002.jpg,data\calibration\lfw\lfw\Jim_Harrick\Jim_Harrick_0001.jpg,0,0.00341297
3,data\calibration\lfw\lfw\Jen_Bice\Jen_Bice_0001.jpg,data\calibration\lfw\lfw\Judi_Dench\Judi_Dench_0002.jpg,0,0.01349662
3,data\calibration\lfw\lfw\Jennifer_Furminger\Jennifer_Furminger_0001.jpg,data\calibration\lfw\lfw\Matthew_During\Matthew_During_0001.jpg,0,-0.00213006
3,data\calibration\lfw\lfw\Jennifer_Tilly\Jennifer_Tilly_0001.jpg,data\calibration\lfw\lfw\Serge_Klarsfeld\Serge_Klarsfeld_0001.jpg,0,0.03894155
3,data\calibration\lfw\lfw\Jennifer_Tilly\Jennifer_Tilly_0001.jpg,data\calibration\lfw\lfw\Stella_Tennant\Stella_Tennant_0001.jpg,0,0.11031478
3,data\calibration\lfw\lfw\Jeremy_Shockey\Jeremy_Shockey_0002.jpg,data\calibration\lfw\lfw\Robert_Beck\Robert_Beck_0001.jpg,0,0.09298613
3,data\calibration\lfw\lfw\Jerry_Regier\Jerry_Regier_0002.jpg,data\calibration\lfw\lfw\Paulina_Rodriguez_Davila\Paulina_Rodriguez_Davila_0001.jpg,0,0.06733604
3,data\calibration\lfw\lfw\Jerry_Regier\Jerry_Regier_0003.jpg,data\calibration\lfw\lfw\Lee_Hyung-taik\Lee_Hyung-taik_0001.jpg,0,-0.03373903
3,data\calibration\lfw\lfw\Jerry_Regier\Jerry_Regier_0003.jpg,data\calibration\lfw\lfw\Pete_Rose\Pete_Rose_0002.jpg,0,0.00522419
3,data\calibration\lfw\lfw\Jessica_Capshaw\Jessica_Capshaw_0001.jpg,data\calibration\lfw\lfw\Penelope_Cruz\Penelope_Cruz_0002.jpg,0,0.04602066
3,data\calibration\lfw\lfw\Jiang_Zemin\Jiang_Zemin_0004.jpg,data\calibration\lfw\lfw\Michelangelo_Antonioni\Michelangelo_Antonioni_0001.jpg,0,-0.00113588
3,data\calibration\lfw\lfw\Jiang_Zemin\Jiang_Zemin_0013.jpg,data\calibration\lfw\lfw\Roman_Coppola\Roman_Coppola_0001.jpg,0,-0.01612724
3,data\calibration\lfw\lfw\Jim_Sterk\Jim_Sterk_0001.jpg,data\calibration\lfw\lfw\Jonathan_Edwards\Jonathan_Edwards_0003.jpg,0,-0.02161909
3,data\calibration\lfw\lfw\Jim_Sterk\Jim_Sterk_0001.jpg,data\calibration\lfw\lfw\Ken_Watanabe\Ken_Watanabe_0002.jpg,0,0.08724040
3,data\calibration\lfw\lfw\Joey_Harrington\Joey_Harrington_0001.jpg,data\calibration\lfw\lfw\Nick_Price\Nick_Price_0001.jpg,0,0.00842338
3,data\calibration\lfw\lfw\John_Lynch\John_Lynch_0001.jpg,data\calibration\lfw\lfw\Michael_Sullivan\Michael_Sullivan_0001.jpg,0,0.08895912
3,data\calibration\lfw\lfw\John_Robbins\John_Robbins_0001.jpg,data\calibration\lfw\lfw\Tom_Foy\Tom_Foy_0001.jpg,0,0.00723445
3,data\calibration\lfw\lfw\John_Thune\John_Thune_0001.jpg,data\calibration\lfw\lfw\Milan_Milutinovic\Milan_Milutinovic_0001.jpg,0,-0.07087151
3,data\calibration\lfw\lfw\John_Velazquez\John_Velazquez_0001.jpg,data\calibration\lfw\lfw\Marco_Antonio_Barrera\Marco_Antonio_Barrera_0003.jpg,0,0.03848387
3,data\calibration\lfw\lfw\John_Velazquez\John_Velazquez_0001.jpg,data\calibration\lfw\lfw\Tammy_Lynn_Michaels\Tammy_Lynn_Michaels_0001.jpg,0,0.05258341
3,data\calibration\lfw\lfw\John_Wolf\John_Wolf_0002.jpg,data\calibration\lfw\lfw\Prince_Harry\Prince_Harry_0001.jpg,0,0.03604730
3,data\calibration\lfw\lfw\Jonathan_Byrd\Jonathan_Byrd_0001.jpg,data\calibration\lfw\lfw\Mike_Matheny\Mike_Matheny_0001.jpg,0,0.09083454
3,data\calibration\lfw\lfw\Jonathan_Byrd\Jonathan_Byrd_0001.jpg,data\calibration\lfw\lfw\Sheikh_Ahmed_Yassin\Sheikh_Ahmed_Yassin_0001.jpg,0,-0.02212888
3,data\calibration\lfw\lfw\Jonathan_Horton\Jonathan_Horton_0001.jpg,data\calibration\lfw\lfw\Lee_Ann_Terlaji\Lee_Ann_Terlaji_0001.jpg,0,0.00031817
3,data\calibration\lfw\lfw\Jorge_Alberto_Galindo\Jorge_Alberto_Galindo_0001.jpg,data\calibration\lfw\lfw\Roger_King\Roger_King_0001.jpg,0,-0.06074936
3,data\calibration\lfw\lfw\Joseph_Biden\Joseph_Biden_0005.jpg,data\calibration\lfw\lfw\Mahdi_Al_Bassam\Mahdi_Al_Bassam_0001.jpg,0,0.10202660
3,data\calibration\lfw\lfw\Joseph_Biden\Joseph_Biden_0005.jpg,data\calibration\lfw\lfw\Tung_Chee-hwa\Tung_Chee-hwa_0004.jpg,0,0.08253513
3,data\calibration\lfw\lfw\Judy_Genshaft\Judy_Genshaft_0001.jpg,data\calibration\lfw\lfw\Shane_Warne\Shane_Warne_0001.jpg,0,-0.01592116
3,data\calibration\lfw\lfw\Jules_Asner\Jules_Asner_0001.jpg,data\calibration\lfw\lfw\Robert_Beck\Robert_Beck_0001.jpg,0,-0.02095573
3,data\calibration\lfw\lfw\Julien_Varlet\Julien_Varlet_0001.jpg,data\calibration\lfw\lfw\Scott_Dalton\Scott_Dalton_0001.jpg,0,0.03570886
3,data\calibration\lfw\lfw\Kate_Burton\Kate_Burton_0001.jpg,data\calibration\lfw\lfw\Martha_Stewart\Martha_Stewart_0002.jpg,0,0.00517001
3,data\calibration\lfw\lfw\Kate_Richardson\Kate_Richardson_0001.jpg,data\calibration\lfw\lfw\Roman_Coppola\Roman_Coppola_0001.jpg,0,0.02020373
3,data\calibration\lfw\lfw\Katie_Boone\Katie_Boone_0001.jpg,data\calibration\lfw\lfw\Uthai_Pimchaichon\Uthai_Pimchaichon_0001.jpg,0,-0.00853244
3,data\calibration\lfw\lfw\Katie_Smith\Katie_Smith_0001.jpg,data\calibration\lfw\lfw\Leland_Chapman\Leland_Chapman_0001.jpg,0,0.03149984
3,data\calibration\lfw\lfw\Katrin_Susi\Katrin_Susi_0001.jpg,data\calibration\lfw\lfw\Luca_Cordero_di_Montezemolo\Luca_Cordero_di_Montezemolo_0001.jpg,0,0.05593942
3,data\calibration\lfw\lfw\Kay_Bailey_Hutchison\Kay_Bailey_Hutchison_0001.jpg,data\calibration\lfw\lfw\Theodore_Tweed_Roosevelt\Theodore_Tweed_Roosevelt_0003.jpg,0,0.02035158
3,data\calibration\lfw\lfw\Kieran_Prendergast\Kieran_Prendergast_0001.jpg,data\calibration\lfw\lfw\Lachlan_Murdoch\Lachlan_Murdoch_0001.jpg,0,0.01491540
3,data\calibration\lfw\lfw\King_Abdullah_II\King_Abdullah_II_0004.jpg,data\calibration\lfw\lfw\Robert_Hyatt\Robert_Hyatt_0001.jpg,0,-0.04353896
3,data\calibration\lfw\lfw\Kirk_Ferentz\Kirk_Ferentz_0002.jpg,data\calibration\lfw\lfw\Milan_Milutinovic\Milan_Milutinovic_0001.jpg,0,-0.10424255
3,data\calibration\lfw\lfw\Lachlan_Murdoch\Lachlan_Murdoch_0001.jpg,data\calibration\lfw\lfw\Mickey_Sherman\Mickey_Sherman_0001.jpg,0,-0.08082622
3,data\calibration\lfw\lfw\Larry_Flynt\Larry_Flynt_0001.jpg,data\calibration\lfw\lfw\Phil_Cline\Phil_Cline_0001.jpg,0,-0.02861350
3,data\calibration\lfw\lfw\Larry_Greene\Larry_Greene_0001.jpg,data\calibration\lfw\lfw\Mike_Brey\Mike_Brey_0002.jpg,0,0.04227092
3,data\calibration\lfw\lfw\Laurence_Tribe\Laurence_Tribe_0001.jpg,data\calibration\lfw\lfw\Uthai_Pimchaichon\Uthai_Pimchaichon_0001.jpg,0,0.03209510
3,data\calibration\lfw\lfw\Lee_Ann_Terlaji\Lee_Ann_Terlaji_0001.jpg,data\calibration\lfw\lfw\Roman_Coppola\Roman_Coppola_0001.jpg,0,-0.09102894
3,data\calibration\lfw\lfw\Lee_Yuan-tseh\Lee_Yuan-tseh_0001.jpg,data\calibration\lfw\lfw\Shafal_Mosed\Shafal_Mosed_0001.jpg,0,0.08874951
3,data\calibration\lfw\lfw\Lee_Yuan-tseh\Lee_Yuan-tseh_0001.jpg,data\calibration\lfw\lfw\Yuri_Malenchenko\Yuri_Malenchenko_0002.jpg,0,-0.00582943
3,data\calibration\lfw\lfw\Leland_Chapman\Leland_Chapman_0001.jpg,data\calibration\lfw\lfw\Theodore_Tweed_Roosevelt\Theodore_Tweed_Roosevelt_0001.jpg,0,0.01547580
3,data\calibration\lfw\lfw\Leslie_Moonves\Leslie_Moonves_0002.jpg,data\calibration\lfw\lfw\Robert_Hyatt\Robert_Hyatt_0001.jpg,0,0.00051358
3,data\calibration\lfw\lfw\Lisa_Murkowski\Lisa_Murkowski_0001.jpg,data\calibration\lfw\lfw\Serge_Klarsfeld\Serge_Klarsfeld_0001.jpg,0,0.02648741
3,data\calibration\lfw\lfw\Magui_Serna\Magui_Serna_0001.jpg,data\calibration\lfw\lfw\Maura_Tierney\Maura_Tierney_0001.jpg,0,-0.00937261
3,data\calibration\lfw\lfw\Mahdi_Al_Bassam\Mahdi_Al_Bassam_0001.jpg,data\calibration\lfw\lfw\Marc-Andre_Fleury\Marc-Andre_Fleury_0002.jpg,0,0.02347545
3,data\calibration\lfw\lfw\Mahdi_Al_Bassam\Mahdi_Al_Bassam_0001.jpg,data\calibration\lfw\lfw\Mother_Teresa\Mother_Teresa_0001.jpg,0,0.02008706
3,data\calibration\lfw\lfw\Malak_Habbak\Malak_Habbak_0001.jpg,data\calibration\lfw\lfw\Prince_Harry\Prince_Harry_0003.jpg,0,-0.03513175
3,data\calibration\lfw\lfw\Manuel_Pellegrini\Manuel_Pellegrini_0001.jpg,data\calibration\lfw\lfw\Rolf_Eckrodt\Rolf_Eckrodt_0001.jpg,0,0.09121152
3,data\calibration\lfw\lfw\Manuela_Montebrun\Manuela_Montebrun_0001.jpg,data\calibration\lfw\lfw\Martina_McBride\Martina_McBride_0002.jpg,0,0.15702859
3,data\calibration\lfw\lfw\Manuela_Montebrun\Manuela_Montebrun_0001.jpg,data\calibration\lfw\lfw\Steven_Seagal\Steven_Seagal_0002.jpg,0,0.09176825
3,data\calibration\lfw\lfw\Marion_Fahnestock\Marion_Fahnestock_0001.jpg,data\calibration\lfw\lfw\Wen_Jiabao\Wen_Jiabao_0003.jpg,0,0.08085166
3,data\calibration\lfw\lfw\Mark_Hamister\Mark_Hamister_0001.jpg,data\calibration\lfw\lfw\Xiang_Xu\Xiang_Xu_0001.jpg,0,0.06511033
3,data\calibration\lfw\lfw\Martha_Martinez_Flores\Martha_Martinez_Flores_0001.jpg,data\calibration\lfw\lfw\Mike_Brey\Mike_Brey_0002.jpg,0,0.06498906
3,data\calibration\lfw\lfw\Martha_Stewart\Martha_Stewart_0005.jpg,data\calibration\lfw\lfw\Victor_Kraatz\Victor_Kraatz_0001.jpg,0,-0.05193574
3,data\calibration\lfw\lfw\Martin_Lawrence\Martin_Lawrence_0001.jpg,data\calibration\lfw\lfw\Mickey_Sherman\Mickey_Sherman_0001.jpg,0,-0.00100729
3,data\calibration\lfw\lfw\Martin_Lawrence\Martin_Lawrence_0001.jpg,data\calibration\lfw\lfw\Penny_Lancaster\Penny_Lancaster_0001.jpg,0,0.04188086
3,data\calibration\lfw\lfw\Martin_McCauley\Martin_McCauley_0002.jpg,data\calibration\lfw\lfw\Steven_Seagal\Steven_Seagal_0001.jpg,0,-0.04755441
3,data\calibration\lfw\lfw\Martin_Verkerk\Martin_Verkerk_0001.jpg,data\calibration\lfw\lfw\Steven_Seagal\Steven_Seagal_0001.jpg,0,0.06953069
3,data\calibration\lfw\lfw\Martina_McBride\Martina_McBride_0003.jpg,data\calibration\lfw\lfw\Peter_Schultz\Peter_Schultz_0001.jpg,0,0.07758238
3,data\calibration\lfw\lfw\Masamori_Tokuyama\Masamori_Tokuyama_0001.jpg,data\calibration\lfw\lfw\Regina_Ip\Regina_Ip_0001.jpg,0,0.07909545
3,data\calibration\lfw\lfw\Masamori_Tokuyama\Masamori_Tokuyama_0001.jpg,data\calibration\lfw\lfw\Serge_Melac\Serge_Melac_0001.jpg,0,0.00243280
3,data\calibration\lfw\lfw\Matt_Doherty\Matt_Doherty_0002.jpg,data\calibration\lfw\lfw\Saoud_Al_Faisal\Saoud_Al_Faisal_0001.jpg,0,-0.04297295
3,data\calibration\lfw\lfw\Meghann_Shaughnessy\Meghann_Shaughnessy_0001.jpg,data\calibration\lfw\lfw\William_Perry\William_Perry_0001.jpg,0,0.03516732
3,data\calibration\lfw\lfw\Mehmet_Ali_Sahin\Mehmet_Ali_Sahin_0001.jpg,data\calibration\lfw\lfw\Peri_Gilpin\Peri_Gilpin_0001.jpg,0,-0.02599881
3,data\calibration\lfw\lfw\Mehmet_Ali_Sahin\Mehmet_Ali_Sahin_0001.jpg,data\calibration\lfw\lfw\Raquel_Welch\Raquel_Welch_0002.jpg,0,-0.02432888
3,data\calibration\lfw\lfw\Michael_Capellas\Michael_Capellas_0001.jpg,data\calibration\lfw\lfw\Victor_Garber\Victor_Garber_0001.jpg,0,0.01178066
3,data\calibration\lfw\lfw\Mickey_Sherman\Mickey_Sherman_0001.jpg,data\calibration\lfw\lfw\Roman_Coppola\Roman_Coppola_0001.jpg,0,0.00167184
3,data\calibration\lfw\lfw\Mike_Brey\Mike_Brey_0002.jpg,data\calibration\lfw\lfw\Nick_Markakis\Nick_Markakis_0001.jpg,0,-0.07642561
3,data\calibration\lfw\lfw\Mike_Johanns\Mike_Johanns_0001.jpg,data\calibration\lfw\lfw\Pascal_Lamy\Pascal_Lamy_0001.jpg,0,-0.00351896
3,data\calibration\lfw\lfw\Mike_Matheny\Mike_Matheny_0001.jpg,data\calibration\lfw\lfw\Norm_Coleman\Norm_Coleman_0005.jpg,0,-0.05071350
3,data\calibration\lfw\lfw\Mohammad_Mustapha_Miro\Mohammad_Mustapha_Miro_0001.jpg,data\calibration\lfw\lfw\Steve_Mariucci\Steve_Mariucci_0002.jpg,0,-0.00869331
3,data\calibration\lfw\lfw\Mother_Teresa\Mother_Teresa_0001.jpg,data\calibration\lfw\lfw\Yekaterina_Guseva\Yekaterina_Guseva_0001.jpg,0,0.05418682
3,data\calibration\lfw\lfw\Nancy_Humbert\Nancy_Humbert_0001.jpg,data\calibration\lfw\lfw\Park_Na-kyong\Park_Na-kyong_0001.jpg,0,-0.07442126
3,data\calibration\lfw\lfw\Nanni_Moretti\Nanni_Moretti_0001.jpg,data\calibration\lfw\lfw\Shigeru_Ishiba\Shigeru_Ishiba_0001.jpg,0,-0.05697828
3,data\calibration\lfw\lfw\Natalia_Dmitrieva\Natalia_Dmitrieva_0001.jpg,data\calibration\lfw\lfw\Willie_Nelson\Willie_Nelson_0001.jpg,0,0.00591232
3,data\calibration\lfw\lfw\Natalie_Juniardi\Natalie_Juniardi_0001.jpg,data\calibration\lfw\lfw\Uthai_Pimchaichon\Uthai_Pimchaichon_0001.jpg,0,-0.07875380
3,data\calibration\lfw\lfw\Nick_Price\Nick_Price_0001.jpg,data\calibration\lfw\lfw\Tab_Turner\Tab_Turner_0001.jpg,0,-0.07381207
3,data\calibration\lfw\lfw\Norm_Coleman\Norm_Coleman_0004.jpg,data\calibration\lfw\lfw\Peri_Gilpin\Peri_Gilpin_0001.jpg,0,-0.01036706
3,data\calibration\lfw\lfw\Norm_Coleman\Norm_Coleman_0007.jpg,data\calibration\lfw\lfw\Scott_McClellan\Scott_McClellan_0005.jpg,0,0.01526720
3,data\calibration\lfw\lfw\Paddy_Torsney\Paddy_Torsney_0001.jpg,data\calibration\lfw\lfw\Tung_Chee-hwa\Tung_Chee-hwa_0009.jpg,0,0.01165635
3,data\calibration\lfw\lfw\Park_Na-kyong\Park_Na-kyong_0001.jpg,data\calibration\lfw\lfw\Vecdi_Gonul\Vecdi_Gonul_0001.jpg,0,0.01450785
3,data\calibration\lfw\lfw\Patrick_Rafter\Patrick_Rafter_0001.jpg,data\calibration\lfw\lfw\Peter_Care\Peter_Care_0001.jpg,0,0.02716220
3,data\calibration\lfw\lfw\Pierre_Van_Hooijdonk\Pierre_Van_Hooijdonk_0001.jpg,data\calibration\lfw\lfw\Scott_McClellan\Scott_McClellan_0001.jpg,0,0.11399645
3,data\calibration\lfw\lfw\Regina_Ip\Regina_Ip_0001.jpg,data\calibration\lfw\lfw\Rohman_al-Ghozi\Rohman_al-Ghozi_0001.jpg,0,-0.04530186
3,data\calibration\lfw\lfw\Renee_Zellweger\Renee_Zellweger_0009.jpg,data\calibration\lfw\lfw\Yuri_Malenchenko\Yuri_Malenchenko_0002.jpg,0,0.05173360
3,data\calibration\lfw\lfw\Rolf_Eckrodt\Rolf_Eckrodt_0002.jpg,data\calibration\lfw\lfw\Teresa_Heinz_Kerry\Teresa_Heinz_Kerry_0001.jpg,0,0.13582465
3,data\calibration\lfw\lfw\Rubens_Barrichello\Rubens_Barrichello_0010.jpg,data\calibration\lfw\lfw\Stella_Tennant\Stella_Tennant_0001.jpg,0,-0.00063279
3,data\calibration\lfw\lfw\Saoud_Al_Faisal\Saoud_Al_Faisal_0001.jpg,data\calibration\lfw\lfw\Vecdi_Gonul\Vecdi_Gonul_0001.jpg,0,0.06809963
3,data\calibration\lfw\lfw\Scott_Dalton\Scott_Dalton_0001.jpg,data\calibration\lfw\lfw\Zach_Safrin\Zach_Safrin_0001.jpg,0,0.00028055
3,data\calibration\lfw\lfw\Scott_McClellan\Scott_McClellan_0002.jpg,data\calibration\lfw\lfw\Tom_Schnackenberg\Tom_Schnackenberg_0001.jpg,0,0.05602905
3,data\calibration\lfw\lfw\Todd_MacCulloch\Todd_MacCulloch_0001.jpg,data\calibration\lfw\lfw\Willie_Nelson\Willie_Nelson_0001.jpg,0,0.04087303
3,data\calibration\lfw\lfw\Tom_Curley\Tom_Curley_0001.jpg,data\calibration\lfw\lfw\Wanda_de_la_Jesus\Wanda_de_la_Jesus_0001.jpg,0,-0.11348831
3,data\calibration\lfw\lfw\Troy_Jenkins\Troy_Jenkins_0001.jpg,data\calibration\lfw\lfw\Walid_Al-Awadi\Walid_Al-Awadi_0001.jpg,0,0.02772473
3,data\calibration\lfw\lfw\William_Overlin\William_Overlin_0001.jpg,data\calibration\lfw\lfw\Yekaterina_Guseva\Yekaterina_Guseva_0001.jpg,0,-0.00832934
4,data\calibration\lfw\lfw\Abdoulaye_Wade\Abdoulaye_Wade_0001.jpg,data\calibration\lfw\lfw\Abdoulaye_Wade\Abdoulaye_Wade_0002.jpg,1,0.75504738
4,data\calibration\lfw\lfw\Abdoulaye_Wade\Abdoulaye_Wade_0001.jpg,data\calibration\lfw\lfw\Abdoulaye_Wade\Abdoulaye_Wade_0003.jpg,1,0.52638936
4,data\calibration\lfw\lfw\Abdoulaye_Wade\Abdoulaye_Wade_0002.jpg,data\calibration\lfw\lfw\Abdoulaye_Wade\Abdoulaye_Wade_0003.jpg,1,0.59516340
4,data\calibration\lfw\lfw\Adam_Sandler\Adam_Sandler_0001.jpg,data\calibration\lfw\lfw\Adam_Sandler\Adam_Sandler_0002.jpg,1,0.67853129
4,data\calibration\lfw\lfw\Adam_Sandler\Adam_Sandler_0001.jpg,data\calibration\lfw\lfw\Adam_Sandler\Adam_Sandler_0004.jpg,1,0.58634323
4,data\calibration\lfw\lfw\Adam_Sandler\Adam_Sandler_0002.jpg,data\calibration\lfw\lfw\Adam_Sandler\Adam_Sandler_0003.jpg,1,0.75733972
4,data\calibration\lfw\lfw\Aicha_El_Ouafi\Aicha_El_Ouafi_0001.jpg,data\calibration\lfw\lfw\Aicha_El_Ouafi\Aicha_El_Ouafi_0003.jpg,1,0.66436720
4,data\calibration\lfw\lfw\Aicha_El_Ouafi\Aicha_El_Ouafi_0002.jpg,data\calibration\lfw\lfw\Aicha_El_Ouafi\Aicha_El_Ouafi_0003.jpg,1,0.68644905
4,data\calibration\lfw\lfw\Akbar_Hashemi_Rafsanjani\Akbar_Hashemi_Rafsanjani_0001.jpg,data\calibration\lfw\lfw\Akbar_Hashemi_Rafsanjani\Akbar_Hashemi_Rafsanjani_0003.jpg,1,0.71946633
4,data\calibration\lfw\lfw\Akbar_Hashemi_Rafsanjani\Akbar_Hashemi_Rafsanjani_0002.jpg,data\calibration\lfw\lfw\Akbar_Hashemi_Rafsanjani\Akbar_Hashemi_Rafsanjani_0003.jpg,1,0.77507830
4,data\calibration\lfw\lfw\Al_Pacino\Al_Pacino_0001.jpg,data\calibration\lfw\lfw\Al_Pacino\Al_Pacino_0002.jpg,1,0.67320096
4,data\calibration\lfw\lfw\Al_Pacino\Al_Pacino_0001.jpg,data\calibration\lfw\lfw\Al_Pacino\Al_Pacino_0003.jpg,1,0.71244979
4,data\calibration\lfw\lfw\Alex_Barros\Alex_Barros_0001.jpg,data\calibration\lfw\lfw\Alex_Barros\Alex_Barros_0002.jpg,1,0.47290584
4,data\calibration\lfw\lfw\Allyson_Felix\Allyson_Felix_0001.jpg,data\calibration\lfw\lfw\Allyson_Felix\Allyson_Felix_0003.jpg,1,0.57237315
4,data\calibration\lfw\lfw\Allyson_Felix\Allyson_Felix_0001.jpg,data\calibration\lfw\lfw\Allyson_Felix\Allyson_Felix_0004.jpg,1,0.66144019
4,data\calibration\lfw\lfw\Allyson_Felix\Allyson_Felix_0001.jpg,data\calibration\lfw\lfw\Allyson_Felix\Allyson_Felix_0005.jpg,1,0.65223938
4,data\calibration\lfw\lfw\Allyson_Felix\Allyson_Felix_0004.jpg,data\calibration\lfw\lfw\Allyson_Felix\Allyson_Felix_0005.jpg,1,0.67914522
4,data\calibration\lfw\lfw\Anastasia_Myskina\Anastasia_Myskina_0001.jpg,data\calibration\lfw\lfw\Anastasia_Myskina\Anastasia_Myskina_0002.jpg,1,0.64310777
4,data\calibration\lfw\lfw\Andy_Roddick\Andy_Roddick_0008.jpg,data\calibration\lfw\lfw\Andy_Roddick\Andy_Roddick_0012.jpg,1,0.56514180
4,data\calibration\lfw\lfw\Andy_Roddick\Andy_Roddick_0010.jpg,data\calibration\lfw\lfw\Andy_Roddick\Andy_Roddick_0015.jpg,1,0.51158708
4,data\calibration\lfw\lfw\Andy_Roddick\Andy_Roddick_0013.jpg,data\calibration\lfw\lfw\Andy_Roddick\Andy_Roddick_0015.jpg,1,0.44262582
4,data\calibration\lfw\lfw\Anna_Nicole_Smith\Anna_Nicole_Smith_0001.jpg,data\calibration\lfw\lfw\Anna_Nicole_Smith\Anna_Nicole_Smith_0002.jpg,1,-0.12176023
4,data\calibration\lfw\lfw\Antonio_Palocci\Antonio_Palocci_0001.jpg,data\calibration\lfw\lfw\Antonio_Palocci\Antonio_Palocci_0008.jpg,1,0.64679897
4,data\calibration\lfw\lfw\Antonio_Palocci\Antonio_Palocci_0003.jpg,data\calibration\lfw\lfw\Antonio_Palocci\Antonio_Palocci_0006.jpg,1,0.64100409
4,data\calibration\lfw\lfw\Antonio_Palocci\Antonio_Palocci_0004.jpg,data\calibration\lfw\lfw\Antonio_Palocci\Antonio_Palocci_0005.jpg,1,0.76535720
4,data\calibration\lfw\lfw\Antonio_Palocci\Antonio_Palocci_0005.jpg,data\calibration\lfw\lfw\Antonio_Palocci\Antonio_Palocci_0007.jpg,1,0.64332777
4,data\calibration\lfw\lfw\Antonio_Palocci\Antonio_Palocci_0006.jpg,data\calibration\lfw\lfw\Antonio_Palocci\Antonio_Palocci_0008.jpg,1,0.64989579
4,data\calibration\lfw\lfw\Arnoldo_Aleman\Arnoldo_Aleman_0001.jpg,data\calibration\lfw\lfw\Arnoldo_Aleman\Arnoldo_Aleman_0003.jpg,1,0.71697932
4,data\calibration\lfw\lfw\Arnoldo_Aleman\Arnoldo_Aleman_0003.jpg,data\calibration\lfw\lfw\Arnoldo_Aleman\Arnoldo_Aleman_0005.jpg,1,0.74446487
4,data\calibration\lfw\lfw\Ashton_Kutcher\Ashton_Kutcher_0001.jpg,data\calibration\lfw\lfw\Ashton_Kutcher\Ashton_Kutcher_0003.jpg,1,0.71708494
4,data\calibration\lfw\lfw\Ashton_Kutcher\Ashton_Kutcher_0002.jpg,data\calibration\lfw\lfw\Ashton_Kutcher\Ashton_Kutcher_0003.jpg,1,0.70157802
4,data\calibration\lfw\lfw\Augusto_Roa_Bastos\Augusto_Roa_Bastos_0001.jpg,data\calibration\lfw\lfw\Augusto_Roa_Bastos\Augusto_Roa_Bastos_0002.jpg,1,0.62273604
4,data\calibration\lfw\lfw\Aung_San_Suu_Kyi\Aung_San_Suu_Kyi_0001.jpg,data\calibration\lfw\lfw\Aung_San_Suu_Kyi\Aung_San_Suu_Kyi_0002.jpg,1,0.60789502
4,data\calibration\lfw\lfw\Barry_Zito\Barry_Zito_0001.jpg,data\calibration\lfw\lfw\Barry_Zito\Barry_Zito_0002.jpg,1,0.55961323
4,data\calibration\lfw\lfw\Bill_Graham\Bill_Graham_0001.jpg,data\calibration\lfw\lfw\Bill_Graham\Bill_Graham_0009.jpg,1,0.66925788
4,data\calibration\lfw\lfw\Bill_Graham\Bill_Graham_0003.jpg,data\calibration\lfw\lfw\Bill_Graham\Bill_Graham_0004.jpg,1,0.72783518
4,data\calibration\lfw\lfw\Bill_Graham\Bill_Graham_0004.jpg,data\calibration\lfw\lfw\Bill_Graham\Bill_Graham_0006.jpg,1,0.84609866
4,data\calibration\lfw\lfw\Bill_Graham\Bill_Graham_0005.jpg,data\calibration\lfw\lfw\Bill_Graham\Bill_Graham_0006.jpg,1,0.80570430
4,data\calibration\lfw\lfw\Bob_Dole\Bob_Dole_0001.jpg,data\calibration\lfw\lfw\Bob_Dole\Bob_Dole_0003.jpg,1,0.65568310
4,data\calibration\lfw\lfw\Bruce_Weber\Bruce_Weber_0001.jpg,data\calibration\lfw\lfw\Bruce_Weber\Bruce_Weber_0002.jpg,1,0.72484320
4,data\calibration\lfw\lfw\Carlos_Mesa\Carlos_Mesa_0001.jpg,data\calibration\lfw\lfw\Carlos_Mesa\Carlos_Mesa_0002.jpg,1,0.66579109
4,data\calibration\lfw\lfw\Carolyn_Dawn_Johnson\Carolyn_Dawn_Johnson_0001.jpg,data\calibration\lfw\lfw\Carolyn_Dawn_Johnson\Carolyn_Dawn_Johnson_0002.jpg,1,0.80397320
4,data\calibration\lfw\lfw\Carolyn_Dawn_Johnson\Carolyn_Dawn_Johnson_0002.jpg,data\calibration\lfw\lfw\Carolyn_Dawn_Johnson\Carolyn_Dawn_Johnson_0003.jpg,1,0.61593705
4,data\calibration\lfw\lfw\Celine_Dion\Celine_Dion_0003.jpg,data\calibration\lfw\lfw\Celine_Dion\Celine_Dion_0008.jpg,1,0.39741045
4,data\calibration\lfw\lfw\Chakib_Khelil\Chakib_Khelil_0001.jpg,data\calibration\lfw\lfw\Chakib_Khelil\Chakib_Khelil_0002.jpg,1,0.75989467
4,data\calibration\lfw\lfw\Chen_Shui-bian\Chen_Shui-bian_0002.jpg,data\calibration\lfw\lfw\Chen_Shui-bian\Chen_Shui-bian_0004.jpg,1,0.45374742
4,data\calibration\lfw\lfw\Chen_Shui-bian\Chen_Shui-bian_0003.jpg,data\calibration\lfw\lfw\Chen_Shui-bian\Chen_Shui-bian_0005.jpg,1,0.64080781
4,data\calibration\lfw\lfw\Christopher_Walken\Christopher_Walken_0001.jpg,data\calibration\lfw\lfw\Christopher_Walken\Christopher_Walken_0003.jpg,1,0.87351418
4,data\calibration\lfw\lfw\Christopher_Walken\Christopher_Walken_0001.jpg,data\calibration\lfw\lfw\Christopher_Walken\Christopher_Walken_0004.jpg,1,0.77098775
4,data\calibration\lfw\lfw\Claudia_Pechstein\Claudia_Pechstein_0001.jpg,data\calibration\lfw\lfw\Claudia_Pechstein\Claudia_Pechstein_0002.jpg,1,0.69452220
4,data\calibration\lfw\lfw\Claudia_Pechstein\Claudia_Pechstein_0001.jpg,data\calibration\lfw\lfw\Claudia_Pechstein\Claudia_Pechstein_0004.jpg,1,0.71306521
4,data\calibration\lfw\lfw\Claudia_Pechstein\Claudia_Pechstein_0003.jpg,data\calibration\lfw\lfw\Claudia_Pechstein\Claudia_Pechstein_0004.jpg,1,0.40735412
4,data\calibration\lfw\lfw\Claudia_Pechstein\Claudia_Pechstein_0003.jpg,data\calibration\lfw\lfw\Claudia_Pechstein\Claudia_Pechstein_0005.jpg,1,0.76738912
4,data\calibration\lfw\lfw\Claudia_Pechstein\Claudia_Pechstein_0004.jpg,data\calibration\lfw\lfw\Claudia_Pechstein\Claudia_Pechstein_0005.jpg,1,0.46054426
4,data\calibration\lfw\lfw\Clay_Aiken\Clay_Aiken_0002.jpg,data\calibration\lfw\lfw\Clay_Aiken\Clay_Aiken_0004.jpg,1,0.62700558
4,data\calibration\lfw\lfw\Clay_Aiken\Clay_Aiken_0003.jpg,data\calibration\lfw\lfw\Clay_Aiken\Clay_Aiken_0004.jpg,1,0.62457949
4,data\calibration\lfw\lfw\Clay_Aiken\Clay_Aiken_0003.jpg,data\calibration\lfw\lfw\Clay_Aiken\Clay_Aiken_0005.jpg,1,0.65097153
4,data\calibration\lfw\lfw\Colin_Powell\Colin_Powell_0040.jpg,data\calibration\lfw\lfw\Colin_Powell\Colin_Powell_0071.jpg,1,0.64046663
4,data\calibration\lfw\lfw\Colin_Powell\Colin_Powell_0049.jpg,data\calibration\lfw\lfw\Colin_Powell\Colin_Powell_0234.jpg,1,0.73170680
4,data\calibration\lfw\lfw\Colin_Powell\Colin_Powell_0133.jpg,data\calibration\lfw\lfw\Colin_Powell\Colin_Powell_0170.jpg,1,0.74267137
4,data\calibration\lfw\lfw\Colin_Powell\Colin_Powell_0182.jpg,data\calibration\lfw\lfw\Colin_Powell\Colin_Powell_0198.jpg,1,0.82194728
4,data\calibration\lfw\lfw\Cristina_Fernandez\Cristina_Fernandez_0001.jpg,data\calibration\lfw\lfw\Cristina_Fernandez\Cristina_Fernandez_0002.jpg,1,0.00922803
4,data\calibration\lfw\lfw\Daisy_Fuentes\Daisy_Fuentes_0002.jpg,data\calibration\lfw\lfw\Daisy_Fuentes\Daisy_Fuentes_0003.jpg,1,0.64274746
4,data\calibration\lfw\lfw\Damon_van_Dam\Damon_van_Dam_0001.jpg,data\calibration\lfw\lfw\Damon_van_Dam\Damon_van_Dam_0002.jpg,1,0.64241034
4,data\calibration\lfw\lfw\Dan_Wheldon\Dan_Wheldon_0001.jpg,data\calibration\lfw\lfw\Dan_Wheldon\Dan_Wheldon_0002.jpg,1,0.56055599
4,data\calibration\lfw\lfw\David_Coulthard\David_Coulthard_0001.jpg,data\calibration\lfw\lfw\David_Coulthard\David_Coulthard_0002.jpg,1,0.70816547
4,data\calibration\lfw\lfw\David_Kelley\David_Kelley_0001.jpg,data\calibration\lfw\lfw\David_Kelley\David_Kelley_0002.jpg,1,0.71230519
4,data\calibration\lfw\lfw\Debra_Brown\Debra_Brown_0001.jpg,data\calibration\lfw\lfw\Debra_Brown\Debra_Brown_0002.jpg,1,0.70304567
4,data\calibration\lfw\lfw\Dennis_Erickson\Dennis_Erickson_0001.jpg,data\calibration\lfw\lfw\Dennis_Erickson\Dennis_Erickson_0002.jpg,1,0.75549906
4,data\calibration\lfw\lfw\Derek_Lowe\Derek_Lowe_0001.jpg,data\calibration\lfw\lfw\Derek_Lowe\Derek_Lowe_0002.jpg,1,0.63369340
4,data\calibration\lfw\lfw\Eddie_Sutton\Eddie_Sutton_0001.jpg,data\calibration\lfw\lfw\Eddie_Sutton\Eddie_Sutton_0002.jpg,1,0.78164518
4,data\calibration\lfw\lfw\Edie_Falco\Edie_Falco_0001.jpg,data\calibration\lfw\lfw\Edie_Falco\Edie_Falco_0002.jpg,1,0.48965126
4,data\calibration\lfw\lfw\Elijah_Wood\Elijah_Wood_0002.jpg,data\calibration\lfw\lfw\Elijah_Wood\Elijah_Wood_0003.jpg,1,0.63930827
4,data\calibration\lfw\lfw\Elizabeth_Hurley\Elizabeth_Hurley_0001.jpg,data\calibration\lfw\lfw\Elizabeth_Hurley\Elizabeth_Hurley_0004.jpg,1,0.56121141
4,data\calibration\lfw\lfw\Elizabeth_Hurley\Elizabeth_Hurley_0002.jpg,data\calibration\lfw\lfw\Elizabeth_Hurley\Elizabeth_Hurley_0005.jpg,1,0.60292870
4,data\calibration\lfw\lfw\Emily_Robison\Emily_Robison_0001.jpg,data\calibration\lfw\lfw\Emily_Robison\Emily_Robison_0002.jpg,1,0.60145926
4,data\calibration\lfw\lfw\Ethan_Hawke\Ethan_Hawke_0001.jpg,data\calibration\lfw\lfw\Ethan_Hawke\Ethan_Hawke_0004.jpg,1,0.65370649
4,data\calibration\lfw\lfw\Eunice_Barber\Eunice_Barber_0001.jpg,data\calibration\lfw\lfw\Eunice_Barber\Eunice_Barber_0002.jpg,1,0.62204051
4,data\calibration\lfw\lfw\Felix_Mantilla\Felix_Mantilla_0001.jpg,data\calibration\lfw\lfw\Felix_Mantilla\Felix_Mantilla_0002.jpg,1,0.55990607
4,data\calibration\lfw\lfw\Fidel_Castro\Fidel_Castro_0001.jpg,data\calibration\lfw\lfw\Fidel_Castro\Fidel_Castro_0018.jpg,1,0.58655590
4,data\calibration\lfw\lfw\Fidel_Castro\Fidel_Castro_0003.jpg,data\calibration\lfw\lfw\Fidel_Castro\Fidel_Castro_0007.jpg,1,0.63036460
4,data\calibration\lfw\lfw\Fidel_Castro\Fidel_Castro_0005.jpg,data\calibration\lfw\lfw\Fidel_Castro\Fidel_Castro_0008.jpg,1,0.61132276
4,data\calibration\lfw\lfw\Fidel_Castro\Fidel_Castro_0008.jpg,data\calibration\lfw\lfw\Fidel_Castro\Fidel_Castro_0012.jpg,1,0.56223357
4,data\calibration\lfw\lfw\Fidel_Castro\Fidel_Castro_0011.jpg,data\calibration\lfw\lfw\Fidel_Castro\Fidel_Castro_0013.jpg,1,0.63784200
4,data\calibration\lfw\lfw\Francisco_Flores\Francisco_Flores_0001.jpg,data\calibration\lfw\lfw\Francisco_Flores\Francisco_Flores_0002.jpg,1,0.78078812
4,data\calibration\lfw\lfw\Francisco_Flores\Francisco_Flores_0001.jpg,data\calibration\lfw\lfw\Francisco_Flores\Francisco_Flores_0003.jpg,1,0.74240983
4,data\calibration\lfw\lfw\Frank_Dunham_Jr\Frank_Dunham_Jr_0001.jpg,data\calibration\lfw\lfw\Frank_Dunham_Jr\Frank_Dunham_Jr_0002.jpg,1,0.69525594
4,data\calibration\lfw\lfw\Franko_Simatovic\Franko_Simatovic_0001.jpg,data\calibration\lfw\lfw\Franko_Simatovic\Franko_Simatovic_0002.jpg,1,0.54948252
4,data\calibration\lfw\lfw\Fred_Eckhard\Fred_Eckhard_0001.jpg,data\calibration\lfw\lfw\Fred_Eckhard\Fred_Eckhard_0002.jpg,1,0.88311481
4,data\calibration\lfw\lfw\Fred_Eckhard\Fred_Eckhard_0001.jpg,data\calibration\lfw\lfw\Fred_Eckhard\Fred_Eckhard_0003.jpg,1,0.88729858
4,data\calibration\lfw\lfw\Fred_Eckhard\Fred_Eckhard_0002.jpg,data\calibration\lfw\lfw\Fred_Eckhard\Fred_Eckhard_0003.jpg,1,0.92313725
4,data\calibration\lfw\lfw\GL_Peiris\GL_Peiris_0001.jpg,data\calibration\lfw\lfw\GL_Peiris\GL_Peiris_0002.jpg,1,0.77769452
4,data\calibration\lfw\lfw\GL_Peiris\GL_Peiris_0001.jpg,data\calibration\lfw\lfw\GL_Peiris\GL_Peiris_0003.jpg,1,0.80559140
4,data\calibration\lfw\lfw\GL_Peiris\GL_Peiris_0002.jpg,data\calibration\lfw\lfw\GL_Peiris\GL_Peiris_0003.jpg,1,0.88815755
4,data\calibration\lfw\lfw\GL_Peiris\GL_Peiris_0002.jpg,data\calibration\lfw\lfw\GL_Peiris\GL_Peiris_0004.jpg,1,0.63607419
4,data\calibration\lfw\lfw\Garry_Kasparov\Garry_Kasparov_0001.jpg,data\calibration\lfw\lfw\Garry_Kasparov\Garry_Kasparov_0002.jpg,1,0.78283900
4,data\calibration\lfw\lfw\Hassan_Nasrallah\Hassan_Nasrallah_0001.jpg,data\calibration\lfw\lfw\Hassan_Nasrallah\Hassan_Nasrallah_0002.jpg,1,0.69375420
4,data\calibration\lfw\lfw\Heidi_Klum\Heidi_Klum_0001.jpg,data\calibration\lfw\lfw\Heidi_Klum\Heidi_Klum_0003.jpg,1,0.69708508
4,data\calibration\lfw\lfw\Heidi_Klum\Heidi_Klum_0001.jpg,data\calibration\lfw\lfw\Heidi_Klum\Heidi_Klum_0004.jpg,1,0.61561990
4,data\calibration\lfw\lfw\Heidi_Klum\Heidi_Klum_0002.jpg,data\calibration\lfw\lfw\Heidi_Klum\Heidi_Klum_0004.jpg,1,0.67336261
4,data\calibration\lfw\lfw\Heidi_Klum\Heidi_Klum_0003.jpg,data\calibration\lfw\lfw\Heidi_Klum\Heidi_Klum_0004.jpg,1,0.63907874
4,data\calibration\lfw\lfw\Heinz_Feldmann\Heinz_Feldmann_0001.jpg,data\calibration\lfw\lfw\Heinz_Feldmann\Heinz_Feldmann_0002.jpg,1,0.89541125
4,data\calibration\lfw\lfw\Heinz_Feldmann\Heinz_Feldmann_0002.jpg,data\calibration\lfw\lfw\Heinz_Feldmann\Heinz_Feldmann_0003.jpg,1,0.74265039
4,data\calibration\lfw\lfw\Iban_Mayo\Iban_Mayo_0001.jpg,data\calibration\lfw\lfw\Iban_Mayo\Iban_Mayo_0002.jpg,1,0.59167731
4,data\calibration\lfw\lfw\Imad_Moustapha\Imad_Moustapha_0001.jpg,data\calibration\lfw\lfw\Imad_Moustapha\Imad_Moustapha_0002.jpg,1,0.87397355
4,data\calibration\lfw\lfw\Inam-ul-Haq\Inam-ul-Haq_0001.jpg,data\calibration\lfw\lfw\Inam-ul-Haq\Inam-ul-Haq_0002.jpg,1,0.67855078
4,data\calibration\lfw\lfw\James_Gandolfini\James_Gandolfini_0001.jpg,data\calibration\lfw\lfw\James_Gandolfini\James_Gandolfini_0003.jpg,1,0.60803139
4,data\calibration\lfw\lfw\James_Gandolfini\James_Gandolfini_0002.jpg,data\calibration\lfw\lfw\James_Gandolfini\James_Gandolfini_0003.jpg,1,0.55301738
4,data\calibration\lfw\lfw\Janet_Thorpe\Janet_Thorpe_0001.jpg,data\calibration\lfw\lfw\Janet_Thorpe\Janet_Thorpe_0002.jpg,1,0.74807382
4,data\calibration\lfw\lfw\Jean-Pierre_Raffarin\Jean-Pierre_Raffarin_0001.jpg,data\calibration\lfw\lfw\Jean-Pierre_Raffarin\Jean-Pierre_Raffarin_0002.jpg,1,0.61631542
4,data\calibration\lfw\lfw\Jean-Pierre_Raffarin\Jean-Pierre_Raffarin_0001.jpg,data\calibration\lfw\lfw\Jean-Pierre_Raffarin\Jean-Pierre_Raffarin_0006.jpg,1,0.65987343
4,data\calibration\lfw\lfw\Jean-Pierre_Raffarin\Jean-Pierre_Raffarin_0003.jpg,data\calibration\lfw\lfw\Jean-Pierre_Raffarin\Jean-Pierre_Raffarin_0004.jpg,1,0.64403141
4,data\calibration\lfw\lfw\Jean-Pierre_Raffarin\Jean-Pierre_Raffarin_0003.jpg,data\calibration\lfw\lfw\Jean-Pierre_Raffarin\Jean-Pierre_Raffarin_0005.jpg,1,0.65401465
4,data\calibration\lfw\lfw\Jean-Pierre_Raffarin\Jean-Pierre_Raffarin_0004.jpg,data\calibration\lfw\lfw\Jean-Pierre_Raffarin\Jean-Pierre_Raffarin_0007.jpg,1,0.65762866
4,data\calibration\lfw\lfw\Jean-Pierre_Raffarin\Jean-Pierre_Raffarin_0005.jpg,data\calibration\lfw\lfw\Jean-Pierre_Raffarin\Jean-Pierre_Raffarin_0007.jpg,1,0.71639913
4,data\calibration\lfw\lfw\Jean-Pierre_Raffarin\Jean-Pierre_Raffarin_0006.jpg,data\calibration\lfw\lfw\Jean-Pierre_Raffarin\Jean-Pierre_Raffarin_0007.jpg,1,0.75172573
4,data\calibration\lfw\lfw\Jeffrey_Scott_Postell\Jeffrey_Scott_Postell_0001.jpg,data\calibration\lfw\lfw\Jeffrey_Scott_Postell\Jeffrey_Scott_Postell_0002.jpg,1,0.80125749
4,data\calibration\lfw\lfw\Jennifer_Capriati\Jennifer_Capriati_0002.jpg,data\calibration\lfw\lfw\Jennifer_Capriati\Jennifer_Capriati_0014.jpg,1,0.45273152
4,data\calibration\lfw\lfw\Jennifer_Capriati\Jennifer_Capriati_0007.jpg,data\calibration\lfw\lfw\Jennifer_Capriati\Jennifer_Capriati_0032.jpg,1,0.48285735
4,data\calibration\lfw\lfw\Jennifer_Capriati\Jennifer_Capriati_0033.jpg,data\calibration\lfw\lfw\Jennifer_Capriati\Jennifer_Capriati_0042.jpg,1,0.28544116
4,data\calibration\lfw\lfw\Job_Cohen\Job_Cohen_0001.jpg,data\calibration\lfw\lfw\Job_Cohen\Job_Cohen_0002.jpg,1,0.81988430
4,data\calibration\lfw\lfw\John_McCormack\John_McCormack_0001.jpg,data\calibration\lfw\lfw\John_McCormack\John_McCormack_0002.jpg,1,0.86801225
4,data\calibration\lfw\lfw\John_Paul_II\John_Paul_II_0001.jpg,data\calibration\lfw\lfw\John_Paul_II\John_Paul_II_0004.jpg,1,0.43871677
4,data\calibration\lfw\lfw\John_Paul_II\John_Paul_II_0002.jpg,data\calibration\lfw\lfw\John_Paul_II\John_Paul_II_0005.jpg,1,0.51952595
4,data\calibration\lfw\lfw\John_Paul_II\John_Paul_II_0002.jpg,data\calibration\lfw\lfw\John_Paul_II\John_Paul_II_0008.jpg,1,0.61674088
4,data\calibration\lfw\lfw\John_Paul_II\John_Paul_II_0004.jpg,data\calibration\lfw\lfw\John_Paul_II\John_Paul_II_0009.jpg,1,0.52386165
4,data\calibration\lfw\lfw\John_Paul_II\John_Paul_II_0010.jpg,data\calibration\lfw\lfw\John_Paul_II\John_Paul_II_0011.jpg,1,0.62256324
4,data\calibration\lfw\lfw\John_Ruiz\John_Ruiz_0001.jpg,data\calibration\lfw\lfw\John_Ruiz\John_Ruiz_0002.jpg,1,0.69889557
4,data\calibration\lfw\lfw\John_Stallworth\John_Stallworth_0001.jpg,data\calibration\lfw\lfw\John_Stallworth\John_Stallworth_0002.jpg,1,0.43655136
4,data\calibration\lfw\lfw\John_Stockton\John_Stockton_0002.jpg,data\calibration\lfw\lfw\John_Stockton\John_Stockton_0004.jpg,1,0.68158406
4,data\calibration\lfw\lfw\John_Travolta\John_Travolta_0002.jpg,data\calibration\lfw\lfw\John_Travolta\John_Travolta_0006.jpg,1,0.70188749
4,data\calibration\lfw\lfw\John_Travolta\John_Travolta_0003.jpg,data\calibration\lfw\lfw\John_Travolta\John_Travolta_0005.jpg,1,0.43975484
4,data\calibration\lfw\lfw\John_Travolta\John_Travolta_0005.jpg,data\calibration\lfw\lfw\John_Travolta\John_Travolta_0007.jpg,1,0.51159948
4,data\calibration\lfw\lfw\Jonathan_Mostow\Jonathan_Mostow_0001.jpg,data\calibration\lfw\lfw\Jonathan_Mostow\Jonathan_Mostow_0002.jpg,1,0.65432924
4,data\calibration\lfw\lfw\Jorge_Arce\Jorge_Arce_0001.jpg,data\calibration\lfw\lfw\Jorge_Arce\Jorge_Arce_0002.jpg,1,0.78352326
4,data\calibration\lfw\lfw\Joschka_Fischer\Joschka_Fischer_0001.jpg,data\calibration\lfw\lfw\Joschka_Fischer\Joschka_Fischer_0010.jpg,1,0.78921622
4,data\calibration\lfw\lfw\Joschka_Fischer\Joschka_Fischer_0006.jpg,data\calibration\lfw\lfw\Joschka_Fischer\Joschka_Fischer_0011.jpg,1,0.63364929
4,data\calibration\lfw\lfw\Joschka_Fischer\Joschka_Fischer_0007.jpg,data\calibration\lfw\lfw\Joschka_Fischer\Joschka_Fischer_0011.jpg,1,0.66816384
4,data\calibration\lfw\lfw\Joschka_Fischer\Joschka_Fischer_0011.jpg,data\calibration\lfw\lfw\Joschka_Fischer\Joschka_Fischer_0017.jpg,1,0.63302290
4,data\calibration\lfw\lfw\Joschka_Fischer\Joschka_Fischer_0015.jpg,data\calibration\lfw\lfw\Joschka_Fischer\Joschka_Fischer_0016.jpg,1,0.77651262
4,data\calibration\lfw\lfw\Jose_Canseco\Jose_Canseco_0001.jpg,data\calibration\lfw\lfw\Jose_Canseco\Jose_Canseco_0003.jpg,1,0.69650424
4,data\calibration\lfw\lfw\Juan_Manuel_Marquez\Juan_Manuel_Marquez_0001.jpg,data\calibration\lfw\lfw\Juan_Manuel_Marquez\Juan_Manuel_Marquez_0002.jpg,1,0.77929503
4,data\calibration\lfw\lfw\Juan_Manuel_Marquez\Juan_Manuel_Marquez_0001.jpg,data\calibration\lfw\lfw\Juan_Manuel_Marquez\Juan_Manuel_Marquez_0003.jpg,1,0.82091701
4,data\calibration\lfw\lfw\Juan_Manuel_Marquez\Juan_Manuel_Marquez_0002.jpg,data\calibration\lfw\lfw\Juan_Manuel_Marquez\Juan_Manuel_Marquez_0003.jpg,1,0.66735876
4,data\calibration\lfw\lfw\Juan_Valencia_Osorio\Juan_Valencia_Osorio_0001.jpg,data\calibration\lfw\lfw\Juan_Valencia_Osorio\Juan_Valencia_Osorio_0002.jpg,1,0.46558049
4,data\calibration\lfw\lfw\Julie_Gerberding\Julie_Gerberding_0009.jpg,data\calibration\lfw\lfw\Julie_Gerberding\Julie_Gerberding_0013.jpg,1,0.76275653
4,data\calibration\lfw\lfw\Julie_Gerberding\Julie_Gerberding_0012.jpg,data\calibration\lfw\lfw\Julie_Gerberding\Julie_Gerberding_0015.jpg,1,0.70322621
4,data\calibration\lfw\lfw\Kate_Hudson\Kate_Hudson_0001.jpg,data\calibration\lfw\lfw\Kate_Hudson\Kate_Hudson_0004.jpg,1,0.50886399
4,data\calibration\lfw\lfw\Kate_Hudson\Kate_Hudson_0001.jpg,data\calibration\lfw\lfw\Kate_Hudson\Kate_Hudson_0008.jpg,1,0.61267084
4,data\calibration\lfw\lfw\Kate_Hudson\Kate_Hudson_0002.jpg,data\calibration\lfw\lfw\Kate_Hudson\Kate_Hudson_0003.jpg,1,0.01746324
4,data\calibration\lfw\lfw\Kate_Hudson\Kate_Hudson_0004.jpg,data\calibration\lfw\lfw\Kate_Hudson\Kate_Hudson_0009.jpg,1,0.50646073
4,data\calibration\lfw\lfw\Kate_Hudson\Kate_Hudson_0006.jpg,data\calibration\lfw\lfw\Kate_Hudson\Kate_Hudson_0007.jpg,1,0.63090646
4,data\calibration\lfw\lfw\Kemal_Dervis\Kemal_Dervis_0001.jpg,data\calibration\lfw\lfw\Kemal_Dervis\Kemal_Dervis_0003.jpg,1,0.77036363
4,data\calibration\lfw\lfw\Kemal_Dervis\Kemal_Dervis_0002.jpg,data\calibration\lfw\lfw\Kemal_Dervis\Kemal_Dervis_0003.jpg,1,0.77246881
4,data\calibration\lfw\lfw\Kenneth_Evans\Kenneth_Evans_0001.jpg,data\calibration\lfw\lfw\Kenneth_Evans\Kenneth_Evans_0002.jpg,1,0.86358756
4,data\calibration\lfw\lfw\Kifah_Ajouri\Kifah_Ajouri_0001.jpg,data\calibration\lfw\lfw\Kifah_Ajouri\Kifah_Ajouri_0002.jpg,1,0.83153737
4,data\calibration\lfw\lfw\Larry_Lucchino\Larry_Lucchino_0001.jpg,data\calibration\lfw\lfw\Larry_Lucchino\Larry_Lucchino_0002.jpg,1,0.72792631
4,data\calibration\lfw\lfw\Latrell_Sprewell\Latrell_Sprewell_0001.jpg,data\calibration\lfw\lfw\Latrell_Sprewell\Latrell_Sprewell_0002.jpg,1,0.53068495
4,data\calibration\lfw\lfw\Lech_Walesa\Lech_Walesa_0001.jpg,data\calibration\lfw\lfw\Lech_Walesa\Lech_Walesa_0002.jpg,1,0.65649933
4,data\calibration\lfw\lfw\Lee_Tae-sik\Lee_Tae-sik_0001.jpg,data\calibration\lfw\lfw\Lee_Tae-sik\Lee_Tae-sik_0002.jpg,1,0.64437276
4,data\calibration\lfw\lfw\Lisa_Marie_Presley\Lisa_Marie_Presley_0001.jpg,data\calibration\lfw\lfw\Lisa_Marie_Presley\Lisa_Marie_Presley_0003.jpg,1,0.59459043
4,data\calibration\lfw\lfw\Liza_Minnelli\Liza_Minnelli_0002.jpg,data\calibration\lfw\lfw\Liza_Minnelli\Liza_Minnelli_0003.jpg,1,0.06755657
4,data\calibration\lfw\lfw\Liza_Minnelli\Liza_Minnelli_0003.jpg,data\calibration\lfw\lfw\Liza_Minnelli\Liza_Minnelli_0004.jpg,1,0.61308545
4,data\calibration\lfw\lfw\Liza_Minnelli\Liza_Minnelli_0003.jpg,data\calibration\lfw\lfw\Liza_Minnelli\Liza_Minnelli_0006.jpg,1,0.75281608
4,data\calibration\lfw\lfw\Liza_Minnelli\Liza_Minnelli_0004.jpg,data\calibration\lfw\lfw\Liza_Minnelli\Liza_Minnelli_0005.jpg,1,0.71904141
4,data\calibration\lfw\lfw\Liza_Minnelli\Liza_Minnelli_0005.jpg,data\calibration\lfw\lfw\Liza_Minnelli\Liza_Minnelli_0006.jpg,1,0.62277442
4,data\calibration\lfw\lfw\Liza_Minnelli\Liza_Minnelli_0006.jpg,data\calibration\lfw\lfw\Liza_Minnelli\Liza_Minnelli_0007.jpg,1,0.82287729
4,data\calibration\lfw\lfw\Madonna\Madonna_0001.jpg,data\calibration\lfw\lfw\Madonna\Madonna_0004.jpg,1,-0.02505259
4,data\calibration\lfw\lfw\Madonna\Madonna_0002.jpg,data\calibration\lfw\lfw\Madonna\Madonna_0003.jpg,1,0.61074054
4,data\calibration\lfw\lfw\Madonna\Madonna_0004.jpg,data\calibration\lfw\lfw\Madonna\Madonna_0005.jpg,1,0.02732984
4,data\calibration\lfw\lfw\Mariah_Carey\Mariah_Carey_0003.jpg,data\calibration\lfw\lfw\Mariah_Carey\Mariah_Carey_0006.jpg,1,0.53254217
4,data\calibration\lfw\lfw\Mary_Tyler_Moore\Mary_Tyler_Moore_0001.jpg,data\calibration\lfw\lfw\Mary_Tyler_Moore\Mary_Tyler_Moore_0002.jpg,1,0.59588641
4,data\calibration\lfw\lfw\Mathias_Reichhold\Mathias_Reichhold_0001.jpg,data\calibration\lfw\lfw\Mathias_Reichhold\Mathias_Reichhold_0002.jpg,1,0.67274988
4,data\calibration\lfw\lfw\Matt_Damon\Matt_Damon_0001.jpg,data\calibration\lfw\lfw\Matt_Damon\Matt_Damon_0002.jpg,1,0.66403311
4,data\calibration\lfw\lfw\Matt_Damon\Matt_Damon_0001.jpg,data\calibration\lfw\lfw\Matt_Damon\Matt_Damon_0003.jpg,1,0.68066436
4,data\calibration\lfw\lfw\Matt_Damon\Matt_Damon_0002.jpg,data\calibration\lfw\lfw\Matt_Damon\Matt_Damon_0004.jpg,1,0.65022075
4,data\calibration\lfw\lfw\Matt_Damon\Matt_Damon_0003.jpg,data\calibration\lfw\lfw\Matt_Damon\Matt_Damon_0004.jpg,1,0.56482536
4,data\calibration\lfw\lfw\Maureen_Fanning\Maureen_Fanning_0001.jpg,data\calibration\lfw\lfw\Maureen_Fanning\Maureen_Fanning_0002.jpg,1,0.72749066
4,data\calibration\lfw\lfw\Melanie_Griffith\Melanie_Griffith_0001.jpg,data\calibration\lfw\lfw\Melanie_Griffith\Melanie_Griffith_0002.jpg,1,0.39203131
4,data\calibration\lfw\lfw\Melanie_Griffith\Melanie_Griffith_0001.jpg,data\calibration\lfw\lfw\Melanie_Griffith\Melanie_Griffith_0003.jpg,1,0.43237549
4,data\calibration\lfw\lfw\Melanie_Griffith\Melanie_Griffith_0002.jpg,data\calibration\lfw\lfw\Melanie_Griffith\Melanie_Griffith_0003.jpg,1,0.44554466
4,data\calibration\lfw\lfw\Michael_Ballack\Michael_Ballack_0001.jpg,data\calibration\lfw\lfw\Michael_Ballack\Michael_Ballack_0002.jpg,1,0.62865752
4,data\calibration\lfw\lfw\Michael_Winterbottom\Michael_Winterbottom_0001.jpg,data\calibration\lfw\lfw\Michael_Winterbottom\Michael_Winterbottom_0003.jpg,1,0.70681477
4,data\calibration\lfw\lfw\Michael_Winterbottom\Michael_Winterbottom_0002.jpg,data\calibration\lfw\lfw\Michael_Winterbottom\Michael_Winterbottom_0003.jpg,1,0.81629539
4,data\calibration\lfw\lfw\Michelle_Collins\Michelle_Collins_0001.jpg,data\calibration\lfw\lfw\Michelle_Collins\Michelle_Collins_0002.jpg,1,0.82859683
4,data\calibration\lfw\lfw\Milo_Maestrecampo\Milo_Maestrecampo_0001.jpg,data\calibration\lfw\lfw\Milo_Maestrecampo\Milo_Maestrecampo_0002.jpg,1,0.79133058
4,data\calibration\lfw\lfw\Mohamed_Benaissa\Mohamed_Benaissa_0001.jpg,data\calibration\lfw\lfw\Mohamed_Benaissa\Mohamed_Benaissa_0002.jpg,1,0.66901559
4,data\calibration\lfw\lfw\Mohamed_ElBaradei\Mohamed_ElBaradei_0002.jpg,data\calibration\lfw\lfw\Mohamed_ElBaradei\Mohamed_ElBaradei_0004.jpg,1,0.75105870
4,data\calibration\lfw\lfw\Mohamed_ElBaradei\Mohamed_ElBaradei_0003.jpg,data\calibration\lfw\lfw\Mohamed_ElBaradei\Mohamed_ElBaradei_0008.jpg,1,0.74519223
4,data\calibration\lfw\lfw\Muhammad_Ali\Muhammad_Ali_0001.jpg,data\calibration\lfw\lfw\Muhammad_Ali\Muhammad_Ali_0003.jpg,1,0.55291378
4,data\calibration\lfw\lfw\Muhammad_Ali\Muhammad_Ali_0001.jpg,data\calibration\lfw\lfw\Muhammad_Ali\Muhammad_Ali_0007.jpg,1,0.62050664
4,data\calibration\lfw\lfw\Muhammad_Ali\Muhammad_Ali_0002.jpg,data\calibration\lfw\lfw\Muhammad_Ali\Muhammad_Ali_0005.jpg,1,0.72314703
4,data\calibration\lfw\lfw\Muhammad_Ali\Muhammad_Ali_0006.jpg,data\calibration\lfw\lfw\Muhammad_Ali\Muhammad_Ali_0010.jpg,1,0.75090569
4,data\calibration\lfw\lfw\Muhammad_Ali\Muhammad_Ali_0007.jpg,data\calibration\lfw\lfw\Muhammad_Ali\Muhammad_Ali_0009.jpg,1,0.75370222
4,data\calibration\lfw\lfw\Mukesh_Ambani\Mukesh_Ambani_0001.jpg,data\calibration\lfw\lfw\Mukesh_Ambani\Mukesh_Ambani_0002.jpg,1,0.66491872
4,data\calibration\lfw\lfw\Mukesh_Ambani\Mukesh_Ambani_0001.jpg,data\calibration\lfw\lfw\Mukesh_Ambani\Mukesh_Ambani_0003.jpg,1,0.61587822
4,data\calibration\lfw\lfw\Paris_Hilton\Paris_Hilton_0001.jpg,data\calibration\lfw\lfw\Paris_Hilton\Paris_Hilton_0002.jpg,1,0.90173864
4,data\calibration\lfw\lfw\Pat_Cox\Pat_Cox_0001.jpg,data\calibration\lfw\lfw\Pat_Cox\Pat_Cox_0002.jpg,1,0.03882062
4,data\calibration\lfw\lfw\Paul_Burrell\Paul_Burrell_0003.jpg,data\calibration\lfw\lfw\Paul_Burrell\Paul_Burrell_0007.jpg,1,0.77011383
4,data\calibration\lfw\lfw\Paul_Burrell\Paul_Burrell_0005.jpg,data\calibration\lfw\lfw\Paul_Burrell\Paul_Burrell_0011.jpg,1,0.68330920
4,data\calibration\lfw\lfw\Paul_Burrell\Paul_Burrell_0008.jpg,data\calibration\lfw\lfw\Paul_Burrell\Paul_Burrell_0010.jpg,1,0.88874221
4,data\calibration\lfw\lfw\Paul_Wolfowitz\Paul_Wolfowitz_0008.jpg,data\calibration\lfw\lfw\Paul_Wolfowitz\Paul_Wolfowitz_0010.jpg,1,0.83169621
4,data\calibration\lfw\lfw\Paula_Radcliffe\Paula_Radcliffe_0001.jpg,data\calibration\lfw\lfw\Paula_Radcliffe\Paula_Radcliffe_0002.jpg,1,0.72203279
4,data\calibration\lfw\lfw\Paula_Radcliffe\Paula_Radcliffe_0001.jpg,data\calibration\lfw\lfw\Paula_Radcliffe\Paula_Radcliffe_0003.jpg,1,0.59734374
4,data\calibration\lfw\lfw\Paula_Radcliffe\Paula_Radcliffe_0002.jpg,data\calibration\lfw\lfw\Paula_Radcliffe\Paula_Radcliffe_0003.jpg,1,0.65771991
4,data\calibration\lfw\lfw\Paula_Radcliffe\Paula_Radcliffe_0002.jpg,data\calibration\lfw\lfw\Paula_Radcliffe\Paula_Radcliffe_0004.jpg,1,0.54105955
4,data\calibration\lfw\lfw\Paula_Radcliffe\Paula_Radcliffe_0003.jpg,data\calibration\lfw\lfw\Paula_Radcliffe\Paula_Radcliffe_0004.jpg,1,0.45694137
4,data\calibration\lfw\lfw\Paula_Radcliffe\Paula_Radcliffe_0003.jpg,data\calibration\lfw\lfw\Paula_Radcliffe\Paula_Radcliffe_0005.jpg,1,0.47140351
4,data\calibration\lfw\lfw\Paula_Radcliffe\Paula_Radcliffe_0004.jpg,data\calibration\lfw\lfw\Paula_Radcliffe\Paula_Radcliffe_0005.jpg,1,0.32355532
4,data\calibration\lfw\lfw\Paulo_Cesar_Pinheiro\Paulo_Cesar_Pinheiro_0001.jpg,data\calibration\lfw\lfw\Paulo_Cesar_Pinheiro\Paulo_Cesar_Pinheiro_0002.jpg,1,0.93348700
4,data\calibration\lfw\lfw\Pedro_Solbes\Pedro_Solbes_0001.jpg,data\calibration\lfw\lfw\Pedro_Solbes\Pedro_Solbes_0003.jpg,1,0.61125284
4,data\calibration\lfw\lfw\Pedro_Solbes\Pedro_Solbes_0001.jpg,data\calibration\lfw\lfw\Pedro_Solbes\Pedro_Solbes_0004.jpg,1,0.60871273
4,data\calibration\lfw\lfw\Pedro_Solbes\Pedro_Solbes_0002.jpg,data\calibration\lfw\lfw\Pedro_Solbes\Pedro_Solbes_0003.jpg,1,0.74290669
4,data\calibration\lfw\lfw\Pedro_Solbes\Pedro_Solbes_0003.jpg,data\calibration\lfw\lfw\Pedro_Solbes\Pedro_Solbes_0004.jpg,1,0.74168891
4,data\calibration\lfw\lfw\Pete_Carroll\Pete_Carroll_0001.jpg,data\calibration\lfw\lfw\Pete_Carroll\Pete_Carroll_0002.jpg,1,0.65581352
4,data\calibration\lfw\lfw\Pete_Carroll\Pete_Carroll_0001.jpg,data\calibration\lfw\lfw\Pete_Carroll\Pete_Carroll_0003.jpg,1,0.62955481
4,data\calibration\lfw\lfw\Pete_Carroll\Pete_Carroll_0002.jpg,data\calibration\lfw\lfw\Pete_Carroll\Pete_Carroll_0003.jpg,1,0.64439362
4,data\calibration\lfw\lfw\Pete_Sampras\Pete_Sampras_0002.jpg,data\calibration\lfw\lfw\Pete_Sampras\Pete_Sampras_0012.jpg,1,0.67943215
4,data\calibration\lfw\lfw\Pete_Sampras\Pete_Sampras_0002.jpg,data\calibration\lfw\lfw\Pete_Sampras\Pete_Sampras_0013.jpg,1,0.58450973
4,data\calibration\lfw\lfw\Pete_Sampras\Pete_Sampras_0003.jpg,data\calibration\lfw\lfw\Pete_Sampras\Pete_Sampras_0015.jpg,1,-0.09516346
4,data\calibration\lfw\lfw\Pete_Sampras\Pete_Sampras_0004.jpg,data\calibration\lfw\lfw\Pete_Sampras\Pete_Sampras_0020.jpg,1,0.68580669
4,data\calibration\lfw\lfw\Pete_Sampras\Pete_Sampras_0006.jpg,data\calibration\lfw\lfw\Pete_Sampras\Pete_Sampras_0007.jpg,1,0.67704636
4,data\calibration\lfw\lfw\Pete_Sampras\Pete_Sampras_0006.jpg,data\calibration\lfw\lfw\Pete_Sampras\Pete_Sampras_0008.jpg,1,0.64584577
4,data\calibration\lfw\lfw\Pete_Sampras\Pete_Sampras_0010.jpg,data\calibration\lfw\lfw\Pete_Sampras\Pete_Sampras_0013.jpg,1,0.63505632
4,data\calibration\lfw\lfw\Pete_Sampras\Pete_Sampras_0012.jpg,data\calibration\lfw\lfw\Pete_Sampras\Pete_Sampras_0015.jpg,1,0.75445294
4,data\calibration\lfw\lfw\Peter_Struck\Peter_Struck_0001.jpg,data\calibration\lfw\lfw\Peter_Struck\Peter_Struck_0005.jpg,1,0.66022319
4,data\calibration\lfw\lfw\Peter_Struck\Peter_Struck_0002.jpg,data\calibration\lfw\lfw\Peter_Struck\Peter_Struck_0005.jpg,1,0.68254042
4,data\calibration\lfw\lfw\Phil_Vassar\Phil_Vassar_0001.jpg,data\calibration\lfw\lfw\Phil_Vassar\Phil_Vassar_0002.jpg,1,0.64168906
4,data\calibration\lfw\lfw\Pierre_Boulanger\Pierre_Boulanger_0001.jpg,data\calibration\lfw\lfw\Pierre_Boulanger\Pierre_Boulanger_0002.jpg,1,0.77408791
4,data\calibration\lfw\lfw\Prince_Willem-Alexander\Prince_Willem-Alexander_0001.jpg,data\calibration\lfw\lfw\Prince_Willem-Alexander\Prince_Willem-Alexander_0002.jpg,1,0.62075537
4,data\calibration\lfw\lfw\Prince_Willem-Alexander\Prince_Willem-Alexander_0001.jpg,data\calibration\lfw\lfw\Prince_Willem-Alexander\Prince_Willem-Alexander_0003.jpg,1,0.64964181
4,data\calibration\lfw\lfw\Prince_Willem-Alexander\Prince_Willem-Alexander_0002.jpg,data\calibration\lfw\lfw\Prince_Willem-Alexander\Prince_Willem-Alexander_0003.jpg,1,0.96494299
4,data\calibration\lfw\lfw\Queen_Elizabeth_II\Queen_Elizabeth_II_0003.jpg,data\calibration\lfw\lfw\Queen_Elizabeth_II\Queen_Elizabeth_II_0007.jpg,1,0.69271803
4,data\calibration\lfw\lfw\Queen_Elizabeth_II\Queen_Elizabeth_II_0009.jpg,data\calibration\lfw\lfw\Queen_Elizabeth_II\Queen_Elizabeth_II_0012.jpg,1,0.74495035
4,data\calibration\lfw\lfw\Queen_Elizabeth_II\Queen_Elizabeth_II_0010.jpg,data\calibration\lfw\lfw\Queen_Elizabeth_II\Queen_Elizabeth_II_0011.jpg,1,0.65923893
4,data\calibration\lfw\lfw\Queen_Elizabeth_II\Queen_Elizabeth_II_0010.jpg,data\calibration\lfw\lfw\Queen_Elizabeth_II\Queen_Elizabeth_II_0012.jpg,1,0.54124790
4,data\calibration\lfw\lfw\Ray_Nagin\Ray_Nagin_0001.jpg,data\calibration\lfw\lfw\Ray_Nagin\Ray_Nagin_0002.jpg,1,0.77875054
4,data\calibration\lfw\lfw\Ricardo_Maduro\Ricardo_Maduro_0001.jpg,data\calibration\lfw\lfw\Ricardo_Maduro\Ricardo_Maduro_0002.jpg,1,0.70998424
4,data\calibration\lfw\lfw\Richard_Branson\Richard_Branson_0001.jpg,data\calibration\lfw\lfw\Richard_Branson\Richard_Branson_0002.jpg,1,0.65497160
4,data\calibration\lfw\lfw\Richard_Virenque\Richard_Virenque_0001.jpg,data\calibration\lfw\lfw\Richard_Virenque\Richard_Virenque_0004.jpg,1,0.55421376
4,data\calibration\lfw\lfw\Richard_Virenque\Richard_Virenque_0001.jpg,data\calibration\lfw\lfw\Richard_Virenque\Richard_Virenque_0006.jpg,1,0.62440026
4,data\calibration\lfw\lfw\Richard_Virenque\Richard_Virenque_0001.jpg,data\calibration\lfw\lfw\Richard_Virenque\Richard_Virenque_0007.jpg,1,0.48461139
4,data\calibration\lfw\lfw\Richard_Virenque\Richard_Virenque_0002.jpg,data\calibration\lfw\lfw\Richard_Virenque\Richard_Virenque_0007.jpg,1,0.54191673
4,data\calibration\lfw\lfw\Richard_Virenque\Richard_Virenque_0002.jpg,data\calibration\lfw\lfw\Richard_Virenque\Richard_Virenque_0008.jpg,1,0.52202392
4,data\calibration\lfw\lfw\Rick_Carlisle\Rick_Carlisle_0002.jpg,data\calibration\lfw\lfw\Rick_Carlisle\Rick_Carlisle_0004.jpg,1,0.67680174
4,data\calibration\lfw\lfw\Rick_Wagoner\Rick_Wagoner_0001.jpg,data\calibration\lfw\lfw\Rick_Wagoner\Rick_Wagoner_0002.jpg,1,0.70578390
4,data\calibration\lfw\lfw\Robbie_Williams\Robbie_Williams_0001.jpg,data\calibration\lfw\lfw\Robbie_Williams\Robbie_Williams_0002.jpg,1,0.62625015
4,data\calibration\lfw\lfw\Robbie_Williams\Robbie_Williams_0001.jpg,data\calibration\lfw\lfw\Robbie_Williams\Robbie_Williams_0003.jpg,1,0.56491911
4,data\calibration\lfw\lfw\Roberto_Carlos\Roberto_Carlos_0002.jpg,data\calibration\lfw\lfw\Roberto_Carlos\Roberto_Carlos_0003.jpg,1,0.78732663
4,data\calibration\lfw\lfw\Roberto_Carlos\Roberto_Carlos_0002.jpg,data\calibration\lfw\lfw\Roberto_Carlos\Roberto_Carlos_0004.jpg,1,0.70757085
4,data\calibration\lfw\lfw\Ruben_Studdard\Ruben_Studdard_0001.jpg,data\calibration\lfw\lfw\Ruben_Studdard\Ruben_Studdard_0002.jpg,1,0.76473993
4,data\calibration\lfw\lfw\Sammy_Sosa\Sammy_Sosa_0001.jpg,data\calibration\lfw\lfw\Sammy_Sosa\Sammy_Sosa_0002.jpg,1,0.49543628
4,data\calibration\lfw\lfw\Sarah_Jessica_Parker\Sarah_Jessica_Parker_0001.jpg,data\calibration\lfw\lfw\Sarah_Jessica_Parker\Sarah_Jessica_Parker_0003.jpg,1,0.44399062
4,data\calibration\lfw\lfw\Sarah_Jessica_Parker\Sarah_Jessica_Parker_0002.jpg,data\calibration\lfw\lfw\Sarah_Jessica_Parker\Sarah_Jessica_Parker_0004.jpg,1,0.04308901
4,data\calibration\lfw\lfw\Sarah_Jessica_Parker\Sarah_Jessica_Parker_0003.jpg,data\calibration\lfw\lfw\Sarah_Jessica_Parker\Sarah_Jessica_Parker_0004.jpg,1,-0.04704056
4,data\calibration\lfw\lfw\Sharon_Davis\Sharon_Davis_0001.jpg,data\calibration\lfw\lfw\Sharon_Davis\Sharon_Davis_0002.jpg,1,0.06210026
4,data\calibration\lfw\lfw\Shaul_Mofaz\Shaul_Mofaz_0001.jpg,data\calibration\lfw\lfw\Shaul_Mofaz\Shaul_Mofaz_0002.jpg,1,0.75591618
4,data\calibration\lfw\lfw\Shaul_Mofaz\Shaul_Mofaz_0002.jpg,data\calibration\lfw\lfw\Shaul_Mofaz\Shaul_Mofaz_0003.jpg,1,0.76746893
4,data\calibration\lfw\lfw\Stan_Heath\Stan_Heath_0001.jpg,data\calibration\lfw\lfw\Stan_Heath\Stan_Heath_0002.jpg,1,0.70503503
4,data\calibration\lfw\lfw\Svetlana_Koroleva\Svetlana_Koroleva_0001.jpg,data\calibration\lfw\lfw\Svetlana_Koroleva\Svetlana_Koroleva_0002.jpg,1,0.89196682
4,data\calibration\lfw\lfw\Terrell_Suggs\Terrell_Suggs_0001.jpg,data\calibration\lfw\lfw\Terrell_Suggs\Terrell_Suggs_0002.jpg,1,0.76036882
4,data\calibration\lfw\lfw\Tim_Henman\Tim_Henman_0002.jpg,data\calibration\lfw\lfw\Tim_Henman\Tim_Henman_0012.jpg,1,0.65189379
4,data\calibration\lfw\lfw\Tim_Henman\Tim_Henman_0008.jpg,data\calibration\lfw\lfw\Tim_Henman\Tim_Henman_0019.jpg,1,0.66398746
4,data\calibration\lfw\lfw\Tom_Daschle\Tom_Daschle_0007.jpg,data\calibration\lfw\lfw\Tom_Daschle\Tom_Daschle_0008.jpg,1,0.81599241
4,data\calibration\lfw\lfw\Tom_Daschle\Tom_Daschle_0015.jpg,data\calibration\lfw\lfw\Tom_Daschle\Tom_Daschle_0021.jpg,1,0.57705671
4,data\calibration\lfw\lfw\Tom_Daschle\Tom_Daschle_0015.jpg,data\calibration\lfw\lfw\Tom_Daschle\Tom_Daschle_0022.jpg,1,0.75083572
4,data\calibration\lfw\lfw\Tony_Curtis\Tony_Curtis_0001.jpg,data\calibration\lfw\lfw\Tony_Curtis\Tony_Curtis_0002.jpg,1,0.68767053
4,data\calibration\lfw\lfw\Valentino_Rossi\Valentino_Rossi_0001.jpg,data\calibration\lfw\lfw\Valentino_Rossi\Valentino_Rossi_0002.jpg,1,0.71015191
4,data\calibration\lfw\lfw\Valentino_Rossi\Valentino_Rossi_0002.jpg,data\calibration\lfw\lfw\Valentino_Rossi\Valentino_Rossi_0004.jpg,1,0.66866440
4,data\calibration\lfw\lfw\Valentino_Rossi\Valentino_Rossi_0003.jpg,data\calibration\lfw\lfw\Valentino_Rossi\Valentino_Rossi_0006.jpg,1,0.59497863
4,data\calibration\lfw\lfw\Valentino_Rossi\Valentino_Rossi_0004.jpg,data\calibration\lfw\lfw\Valentino_Rossi\Valentino_Rossi_0005.jpg,1,0.57858413
4,data\calibration\lfw\lfw\Valentino_Rossi\Valentino_Rossi_0005.jpg,data\calibration\lfw\lfw\Valentino_Rossi\Valentino_Rossi_0006.jpg,1,0.67434669
4,data\calibration\lfw\lfw\Vanessa_Redgrave\Vanessa_Redgrave_0001.jpg,data\calibration\lfw\lfw\Vanessa_Redgrave\Vanessa_Redgrave_0003.jpg,1,0.62518525
4,data\calibration\lfw\lfw\Vanessa_Redgrave\Vanessa_Redgrave_0001.jpg,data\calibration\lfw\lfw\Vanessa_Redgrave\Vanessa_Redgrave_0004.jpg,1,0.62441880
4,data\calibration\lfw\lfw\Vanessa_Redgrave\Vanessa_Redgrave_0002.jpg,data\calibration\lfw\lfw\Vanessa_Redgrave\Vanessa_Redgrave_0005.jpg,1,0.67627531
4,data\calibration\lfw\lfw\Vanessa_Redgrave\Vanessa_Redgrave_0003.jpg,data\calibration\lfw\lfw\Vanessa_Redgrave\Vanessa_Redgrave_0004.jpg,1,0.83577442
4,data\calibration\lfw\lfw\Victoria_Clarke\Victoria_Clarke_0001.jpg,data\calibration\lfw\lfw\Victoria_Clarke\Victoria_Clarke_0005.jpg,1,0.64142495
4,data\calibration\lfw\lfw\Vladimiro_Montesinos\Vladimiro_Montesinos_0001.jpg,data\calibration\lfw\lfw\Vladimiro_Montesinos\Vladimiro_Montesinos_0002.jpg,1,0.55986071
4,data\calibration\lfw\lfw\Vladimiro_Montesinos\Vladimiro_Montesinos_0001.jpg,data\calibration\lfw\lfw\Vladimiro_Montesinos\Vladimiro_Montesinos_0003.jpg,1,0.56865609
4,data\calibration\lfw\lfw\Vladimiro_Montesinos\Vladimiro_Montesinos_0002.jpg,data\calibration\lfw\lfw\Vladimiro_Montesinos\Vladimiro_Montesinos_0003.jpg,1,0.57056600
4,data\calibration\lfw\lfw\Wayne_Ferreira\Wayne_Ferreira_0001.jpg,data\calibration\lfw\lfw\Wayne_Ferreira\Wayne_Ferreira_0002.jpg,1,0.75783342
4,data\calibration\lfw\lfw\Wayne_Ferreira\Wayne_Ferreira_0001.jpg,data\calibration\lfw\lfw\Wayne_Ferreira\Wayne_Ferreira_0003.jpg,1,0.70957899
4,data\calibration\lfw\lfw\Wayne_Ferreira\Wayne_Ferreira_0001.jpg,data\calibration\lfw\lfw\Wayne_Ferreira\Wayne_Ferreira_0005.jpg,1,0.78097439
4,data\calibration\lfw\lfw\Wayne_Ferreira\Wayne_Ferreira_0002.jpg,data\calibration\lfw\lfw\Wayne_Ferreira\Wayne_Ferreira_0005.jpg,1,0.79234213
4,data\calibration\lfw\lfw\Wayne_Ferreira\Wayne_Ferreira_0003.jpg,data\calibration\lfw\lfw\Wayne_Ferreira\Wayne_Ferreira_0004.jpg,1,0.73269415
4,data\calibration\lfw\lfw\Will_Smith\Will_Smith_0001.jpg,data\calibration\lfw\lfw\Will_Smith\Will_Smith_0002.jpg,1,0.66733110
4,data\calibration\lfw\lfw\Yasser_Arafat\Yasser_Arafat_0001.jpg,data\calibration\lfw\lfw\Yasser_Arafat\Yasser_Arafat_0006.jpg,1,0.69468385
4,data\calibration\lfw\lfw\Yasser_Arafat\Yasser_Arafat_0001.jpg,data\calibration\lfw\lfw\Yasser_Arafat\Yasser_Arafat_0008.jpg,1,0.79372281
4,data\calibration\lfw\lfw\Yasser_Arafat\Yasser_Arafat_0002.jpg,data\calibration\lfw\lfw\Yasser_Arafat\Yasser_Arafat_0003.jpg,1,0.89377052
4,data\calibration\lfw\lfw\Yasser_Arafat\Yasser_Arafat_0002.jpg,data\calibration\lfw\lfw\Yasser_Arafat\Yasser_Arafat_0005.jpg,1,0.00721484
4,data\calibration\lfw\lfw\Yasser_Arafat\Yasser_Arafat_0003.jpg,data\calibration\lfw\lfw\Yasser_Arafat\Yasser_Arafat_0004.jpg,1,0.69253981
4,data\calibration\lfw\lfw\Yasser_Arafat\Yasser_Arafat_0003.jpg,data\calibration\lfw\lfw\Yasser_Arafat\Yasser_Arafat_0008.jpg,1,0.84653920
4,data\calibration\lfw\lfw\Yasser_Arafat\Yasser_Arafat_0004.jpg,data\calibration\lfw\lfw\Yasser_Arafat\Yasser_Arafat_0005.jpg,1,0.00292704
4,data\calibration\lfw\lfw\Yasser_Arafat\Yasser_Arafat_0005.jpg,data\calibration\lfw\lfw\Yasser_Arafat\Yasser_Arafat_0008.jpg,1,-0.04796701
4,data\calibration\lfw\lfw\Yuri_Fedotov\Yuri_Fedotov_0001.jpg,data\calibration\lfw\lfw\Yuri_Fedotov\Yuri_Fedotov_0002.jpg,1,0.75331241
4,data\calibration\lfw\lfw\Zoran_Djindjic\Zoran_Djindjic_0001.jpg,data\calibration\lfw\lfw\Zoran_Djindjic\Zoran_Djindjic_0003.jpg,1,0.75489002
4,data\calibration\lfw\lfw\Zoran_Djindjic\Zoran_Djindjic_0001.jpg,data\calibration\lfw\lfw\Zoran_Djindjic\Zoran_Djindjic_0004.jpg,1,0.66778684
4,data\calibration\lfw\lfw\Aaron_Patterson\Aaron_Patterson_0001.jpg,data\calibration\lfw\lfw\Frank_Bell\Frank_Bell_0001.jpg,0,-0.05870822
4,data\calibration\lfw\lfw\Abdoulaye_Wade\Abdoulaye_Wade_0004.jpg,data\calibration\lfw\lfw\Bruce_Weber\Bruce_Weber_0002.jpg,0,0.06612425
4,data\calibration\lfw\lfw\Abner_Martinez\Abner_Martinez_0001.jpg,data\calibration\lfw\lfw\Carlos_Alberto\Carlos_Alberto_0001.jpg,0,0.01503838
4,data\calibration\lfw\lfw\Adam_Sandler\Adam_Sandler_0002.jpg,data\calibration\lfw\lfw\Matthew_Ouimet\Matthew_Ouimet_0001.jpg,0,0.04893759
4,data\calibration\lfw\lfw\Adam_Sandler\Adam_Sandler_0003.jpg,data\calibration\lfw\lfw\Saeed_Anwar\Saeed_Anwar_0001.jpg,0,0.07707807
4,data\calibration\lfw\lfw\Adolfo_Aguilar_Zinser\Adolfo_Aguilar_Zinser_0003.jpg,data\calibration\lfw\lfw\Jaime_Pressly\Jaime_Pressly_0001.jpg,0,0.12536785
4,data\calibration\lfw\lfw\Agnelo_Queiroz\Agnelo_Queiroz_0001.jpg,data\calibration\lfw\lfw\Aung_San_Suu_Kyi\Aung_San_Suu_Kyi_0002.jpg,0,0.02220345
4,data\calibration\lfw\lfw\Agnelo_Queiroz\Agnelo_Queiroz_0001.jpg,data\calibration\lfw\lfw\Dave_Barr\Dave_Barr_0001.jpg,0,-0.06913418
4,data\calibration\lfw\lfw\Aicha_El_Ouafi\Aicha_El_Ouafi_0003.jpg,data\calibration\lfw\lfw\Michael_Lechner\Michael_Lechner_0001.jpg,0,-0.02426690
4,data\calibration\lfw\lfw\Akbar_Hashemi_Rafsanjani\Akbar_Hashemi_Rafsanjani_0001.jpg,data\calibration\lfw\lfw\Larry_Harris\Larry_Harris_0001.jpg,0,0.01619506
4,data\calibration\lfw\lfw\Al_Pacino\Al_Pacino_0002.jpg,data\calibration\lfw\lfw\Charles_Cope\Charles_Cope_0001.jpg,0,0.04594328
4,data\calibration\lfw\lfw\Alex_Barros\Alex_Barros_0001.jpg,data\calibration\lfw\lfw\Brandon_Jones\Brandon_Jones_0001.jpg,0,0.02184691
4,data\calibration\lfw\lfw\Alex_Barros\Alex_Barros_0002.jpg,data\calibration\lfw\lfw\Will_Smith\Will_Smith_0002.jpg,0,0.00881380
4,data\calibration\lfw\lfw\Alex_Ferguson\Alex_Ferguson_0001.jpg,data\calibration\lfw\lfw\Rainer_Gut\Rainer_Gut_0001.jpg,0,-0.05127607
4,data\calibration\lfw\lfw\Alex_Wallau\Alex_Wallau_0001.jpg,data\calibration\lfw\lfw\Shireen_Amir_Begum\Shireen_Amir_Begum_0001.jpg,0,-0.01649804
4,data\calibration\lfw\lfw\Alexandra_Jackson\Alexandra_Jackson_0001.jpg,data\calibration\lfw\lfw\Larry_Harris\Larry_Harris_0001.jpg,0,-0.07769927
4,data\calibration\lfw\lfw\Alfonso_Portillo\Alfonso_Portillo_0001.jpg,data\calibration\lfw\lfw\Benito_Santiago\Benito_Santiago_0001.jpg,0,-0.01020703
4,data\calibration\lfw\lfw\Alfonso_Portillo\Alfonso_Portillo_0001.jpg,data\calibration\lfw\lfw\Faye_Alibocus\Faye_Alibocus_0001.jpg,0,0.08061798
4,data\calibration\lfw\lfw\Alfonso_Portillo\Alfonso_Portillo_0001.jpg,data\calibration\lfw\lfw\Fidel_Castro\Fidel_Castro_0017.jpg,0,0.05683843
4,data\calibration\lfw\lfw\Ali_Abdullah_Saleh\Ali_Abdullah_Saleh_0001.jpg,data\calibration\lfw\lfw\Khalid_Qazi\Khalid_Qazi_0001.jpg,0,0.03619822
4,data\calibration\lfw\lfw\Allan_Houston\Allan_Houston_0001.jpg,data\calibration\lfw\lfw\Andy_Garcia\Andy_Garcia_0001.jpg,0,-0.03223133
4,data\calibration\lfw\lfw\Allan_Houston\Allan_Houston_0001.jpg,data\calibration\lfw\lfw\Heidi_Klum\Heidi_Klum_0001.jpg,0,0.06435119
4,data\calibration\lfw\lfw\Allan_Houston\Allan_Houston_0001.jpg,data\calibration\lfw\lfw\Thomas_Mesereau_Jr\Thomas_Mesereau_Jr_0001.jpg,0,0.07093437
4,data\calibration\lfw\lfw\Ally_Sheedy\Ally_Sheedy_0001.jpg,data\calibration\lfw\lfw\Hugh_Carey\Hugh_Carey_0001.jpg,0,-0.01631334
4,data\calibration\lfw\lfw\Ally_Sheedy\Ally_Sheedy_0001.jpg,data\calibration\lfw\lfw\Myung_Yang\Myung_Yang_0001.jpg,0,-0.03694626
4,data\calibration\lfw\lfw\Amanda_Marsh\Amanda_Marsh_0001.jpg,data\calibration\lfw\lfw\Tony_Curtis\Tony_Curtis_0002.jpg,0,0.08857716
4,data\calibration\lfw\lfw\Anastasia_Myskina\Anastasia_Myskina_0001.jpg,data\calibration\lfw\lfw\Raul_Gonzalez\Raul_Gonzalez_0001.jpg,0,-0.00505396
4,data\calibration\lfw\lfw\Anastasia_Myskina\Anastasia_Myskina_0003.jpg,data\calibration\lfw\lfw\Len_Jenoff\Len_Jenoff_0002.jpg,0,-0.00124210
4,data\calibration\lfw\lfw\Andrzej_Tyszkiewicz\Andrzej_Tyszkiewicz_0001.jpg,data\calibration\lfw\lfw\Wes_Craven\Wes_Craven_0001.jpg,0,0.10579676
4,data\calibration\lfw\lfw\Andy_Griggs\Andy_Griggs_0001.jpg,data\calibration\lfw\lfw\Lech_Walesa\Lech_Walesa_0002.jpg,0,-0.00598939
4,data\calibration\lfw\lfw\Andy_Rooney\Andy_Rooney_0001.jpg,data\calibration\lfw\lfw\Jessica_Simpson\Jessica_Simpson_0001.jpg,0,-0.02434922
4,data\calibration\lfw\lfw\Anna_Nicole_Smith\Anna_Nicole_Smith_0002.jpg,data\calibration\lfw\lfw\Marcus_Garrettson\Marcus_Garrettson_0001.jpg,0,-0.06299643
4,data\calibration\lfw\lfw\Antonio_Palocci\Antonio_Palocci_0003.jpg,data\calibration\lfw\lfw\Liza_Minnelli\Liza_Minnelli_0001.jpg,0,-0.07897241
4,data\calibration\lfw\lfw\Antonio_Palocci\Antonio_Palocci_0005.jpg,data\calibration\lfw\lfw\JC_Chasez\JC_Chasez_0001.jpg,0,0.01894883
4,data\calibration\lfw\lfw\Antonio_Palocci\Antonio_Palocci_0005.jpg,data\calibration\lfw\lfw\Jose_Woldenberg\Jose_Woldenberg_0001.jpg,0,0.05348345
4,data\calibration\lfw\lfw\Antonio_Palocci\Antonio_Palocci_0006.jpg,data\calibration\lfw\lfw\John_Geoghan\John_Geoghan_0001.jpg,0,0.00687674
4,data\calibration\lfw\lfw\Antonio_Palocci\Antonio_Palocci_0008.jpg,data\calibration\lfw\lfw\Hans_Corell\Hans_Corell_0001.jpg,0,-0.08870269
4,data\calibration\lfw\lfw\Arif_Mardin\Arif_Mardin_0001.jpg,data\calibration\lfw\lfw\Eduardo_Fischer\Eduardo_Fischer_0001.jpg,0,-0.07620697
4,data\calibration\lfw\lfw\Arnaud_Lagardere\Arnaud_Lagardere_0001.jpg,data\calibration\lfw\lfw\Melanie_Griffith\Melanie_Griffith_0003.jpg,0,-0.03054930
4,data\calibration\lfw\lfw\Ashton_Kutcher\Ashton_Kutcher_0002.jpg,data\calibration\lfw\lfw\Daniel_Barenboim\Daniel_Barenboim_0001.jpg,0,-0.08779863
4,data\calibration\lfw\lfw\Asif_Hanif\Asif_Hanif_0001.jpg,data\calibration\lfw\lfw\Robbie_Williams\Robbie_Williams_0001.jpg,0,-0.08125917
4,data\calibration\lfw\lfw\Asmaa_Assad\Asmaa_Assad_0001.jpg,data\calibration\lfw\lfw\Barry_Hinson\Barry_Hinson_0001.jpg,0,-0.01625690
4,data\calibration\lfw\lfw\Aung_San_Suu_Kyi\Aung_San_Suu_Kyi_0001.jpg,data\calibration\lfw\lfw\Charla_Moye\Charla_Moye_0001.jpg,0,0.01198567
4,data\calibration\lfw\lfw\Azmi_Bishara\Azmi_Bishara_0001.jpg,data\calibration\lfw\lfw\Sammy_Sosa\Sammy_Sosa_0002.jpg,0,0.07900562
4,data\calibration\lfw\lfw\Barry_Hinson\Barry_Hinson_0001.jpg,data\calibration\lfw\lfw\Nino_DAngelo\Nino_DAngelo_0001.jpg,0,0.02432022
4,data\calibration\lfw\lfw\Barry_Zito\Barry_Zito_0002.jpg,data\calibration\lfw\lfw\Chris_Gratton\Chris_Gratton_0001.jpg,0,-0.05189981
4,data\calibration\lfw\lfw\Bill_Graham\Bill_Graham_0008.jpg,data\calibration\lfw\lfw\Michelle_Hofland\Michelle_Hofland_0001.jpg,0,0.04341185
4,data\calibration\lfw\lfw\Bill_Graham\Bill_Graham_0009.jpg,data\calibration\lfw\lfw\Jacqueline_Marris\Jacqueline_Marris_0001.jpg,0,0.02984751
4,data\calibration\lfw\lfw\Bill_Readdy\Bill_Readdy_0001.jpg,data\calibration\lfw\lfw\Brendan_Gaughan\Brendan_Gaughan_0001.jpg,0,0.01343444
4,data\calibration\lfw\lfw\Bill_Readdy\Bill_Readdy_0001.jpg,data\calibration\lfw\lfw\Jaymon_Crabb\Jaymon_Crabb_0001.jpg,0,0.00914791
4,data\calibration\lfw\lfw\Bill_Readdy\Bill_Readdy_0001.jpg,data\calibration\lfw\lfw\Yasser_Arafat\Yasser_Arafat_0003.jpg,0,-0.07157589
4,data\calibration\lfw\lfw\Billy_Rork\Billy_Rork_0001.jpg,data\calibration\lfw\lfw\Eva_Mendes\Eva_Mendes_0001.jpg,0,0.11782433
4,data\calibration\lfw\lfw\Billy_Rork\Billy_Rork_0001.jpg,data\calibration\lfw\lfw\German_Khan\German_Khan_0001.jpg,0,0.04651166
4,data\calibration\lfw\lfw\Billy_Rork\Billy_Rork_0001.jpg,data\calibration\lfw\lfw\Peter_Struck\Peter_Struck_0002.jpg,0,0.08019469
4,data\calibration\lfw\lfw\Bison_Dele\Bison_Dele_0001.jpg,data\calibration\lfw\lfw\Brian_McIntyre\Brian_McIntyre_0001.jpg,0,-0.00184803
4,data\calibration\lfw\lfw\Bob_Dole\Bob_Dole_0002.jpg,data\calibration\lfw\lfw\Dai_Chul_Chyung\Dai_Chul_Chyung_0001.jpg,0,0.05438289
4,data\calibration\lfw\lfw\Bob_Dole\Bob_Dole_0002.jpg,data\calibration\lfw\lfw\John_Henry\John_Henry_0001.jpg,0,-0.03438750
4,data\calibration\lfw\lfw\Bob_Dole\Bob_Dole_0003.jpg,data\calibration\lfw\lfw\Chris_Gratton\Chris_Gratton_0001.jpg,0,0.00944028
4,data\calibration\lfw\lfw\Bob_Dole\Bob_Dole_0003.jpg,data\calibration\lfw\lfw\Hugh_Carey\Hugh_Carey_0001.jpg,0,-0.00093421
4,data\calibration\lfw\lfw\Bob_Geldof\Bob_Geldof_0001.jpg,data\calibration\lfw\lfw\Zoran_Djindjic\Zoran_Djindjic_0002.jpg,0,0.06690576
4,data\calibration\lfw\lfw\Bob_Geldof\Bob_Geldof_0002.jpg,data\calibration\lfw\lfw\Ed_Wade\Ed_Wade_0001.jpg,0,0.10874418
4,data\calibration\lfw\lfw\Bob_Holden\Bob_Holden_0001.jpg,data\calibration\lfw\lfw\Fernando_Leon_de_Aranoa\Fernando_Leon_de_Aranoa_0001.jpg,0,0.06697439
4,data\calibration\lfw\lfw\Bob_Iger\Bob_Iger_0001.jpg,data\calibration\lfw\lfw\Edie_Falco\Edie_Falco_0001.jpg,0,-0.01648552
4,data\calibration\lfw\lfw\Bob_Iger\Bob_Iger_0001.jpg,data\calibration\lfw\lfw\Jean-Claude_Van_Damme\Jean-Claude_Van_Damme_0001.jpg,0,0.01067124
4,data\calibration\lfw\lfw\Brian_Clemens\Brian_Clemens_0001.jpg,data\calibration\lfw\lfw\Brian_Meadors\Brian_Meadors_0001.jpg,0,0.05194216
4,data\calibration\lfw\lfw\Brian_Clemens\Brian_Clemens_0001.jpg,data\calibration\lfw\lfw\Melanie_Griffith\Melanie_Griffith_0002.jpg,0,-0.05733985
4,data\calibration\lfw\lfw\Brian_Heidik\Brian_Heidik_0002.jpg,data\calibration\lfw\lfw\Djabir_Said-Guerni\Djabir_Said-Guerni_0001.jpg,0,-0.00342539
4,data\calibration\lfw\lfw\Brian_McIntyre\Brian_McIntyre_0001.jpg,data\calibration\lfw\lfw\Hans_Corell\Hans_Corell_0001.jpg,0,0.08891238
4,data\calibration\lfw\lfw\Brian_McIntyre\Brian_McIntyre_0001.jpg,data\calibration\lfw\lfw\Mohammed_Abulhasan\Mohammed_Abulhasan_0001.jpg,0,-0.08835336
4,data\calibration\lfw\lfw\Brian_Pavlich\Brian_Pavlich_0001.jpg,data\calibration\lfw\lfw\Ruben_Wolkowyski\Ruben_Wolkowyski_0001.jpg,0,0.04944965
4,data\calibration\lfw\lfw\Brook_Robinson\Brook_Robinson_0001.jpg,data\calibration\lfw\lfw\Tom_McClintock\Tom_McClintock_0001.jpg,0,-0.01412916
4,data\calibration\lfw\lfw\Brooke_Adams\Brooke_Adams_0001.jpg,data\calibration\lfw\lfw\Paula_Prentiss\Paula_Prentiss_0001.jpg,0,0.05246260
4,data\calibration\lfw\lfw\Brooke_Gordon\Brooke_Gordon_0001.jpg,data\calibration\lfw\lfw\Joschka_Fischer\Joschka_Fischer_0012.jpg,0,-0.00789663
4,data\calibration\lfw\lfw\Bruce_Weber\Bruce_Weber_0001.jpg,data\calibration\lfw\lfw\Hal_Sellers\Hal_Sellers_0001.jpg,0,0.01881357
4,data\calibration\lfw\lfw\Bryan_Thomas\Bryan_Thomas_0001.jpg,data\calibration\lfw\lfw\Joey_Mantia\Joey_Mantia_0001.jpg,0,-0.05415216
4,data\calibration\lfw\lfw\Bustam_A_Zedan_Aljanabi\Bustam_A_Zedan_Aljanabi_0001.jpg,data\calibration\lfw\lfw\Kajsa_Bergqvist\Kajsa_Bergqvist_0001.jpg,0,-0.00144780
4,data\calibration\lfw\lfw\Calvin_Joseph_Coleman\Calvin_Joseph_Coleman_0001.jpg,data\calibration\lfw\lfw\Hassan_Nasrallah\Hassan_Nasrallah_0001.jpg,0,-0.03324777
4,data\calibration\lfw\lfw\Carla_Sullivan\Carla_Sullivan_0001.jpg,data\calibration\lfw\lfw\Edie_Falco\Edie_Falco_0001.jpg,0,-0.06062582
4,data\calibration\lfw\lfw\Carlos_Barragan\Carlos_Barragan_0001.jpg,data\calibration\lfw\lfw\Chen_Shui-bian\Chen_Shui-bian_0003.jpg,0,0.04668548
4,data\calibration\lfw\lfw\Carlos_Salinas\Carlos_Salinas_0001.jpg,data\calibration\lfw\lfw\Norman_Mailer\Norman_Mailer_0001.jpg,0,-0.07072368
4,data\calibration\lfw\lfw\Carlos_Salinas\Carlos_Salinas_0001.jpg,data\calibration\lfw\lfw\Sonya_Walger\Sonya_Walger_0001.jpg,0,-0.06886082
4,data\calibration\lfw\lfw\Carolyn_Dawn_Johnson\Carolyn_Dawn_Johnson_0003.jpg,data\calibration\lfw\lfw\Lydia_Shum\Lydia_Shum_0001.jpg,0,0.01528165
4,data\calibration\lfw\lfw\Carolyn_Kuhl\Carolyn_Kuhl_0001.jpg,data\calibration\lfw\lfw\Pierre_Boulanger\Pierre_Boulanger_0001.jpg,0,-0.04953757
4,data\calibration\lfw\lfw\Celine_Dion\Celine_Dion_0002.jpg,data\calibration\lfw\lfw\John_Stallworth\John_Stallworth_0002.jpg,0,0.14180760
4,data\calibration\lfw\lfw\Celine_Dion\Celine_Dion_0005.jpg,data\calibration\lfw\lfw\Linda_Baboolal\Linda_Baboolal_0001.jpg,0,0.05206522
4,data\calibration\lfw\lfw\Celine_Dion\Celine_Dion_0005.jpg,data\calibration\lfw\lfw\Tom_Poston\Tom_Poston_0001.jpg,0,-0.05572494
4,data\calibration\lfw\lfw\Chakib_Khelil\Chakib_Khelil_0002.jpg,data\calibration\lfw\lfw\Chuck_Woolery\Chuck_Woolery_0001.jpg,0,-0.01354610
4,data\calibration\lfw\lfw\Charla_Moye\Charla_Moye_0001.jpg,data\calibration\lfw\lfw\Patti_Balgojevich\Patti_Balgojevich_0001.jpg,0,-0.09966161
4,data\calibration\lfw\lfw\Charles_Cope\Charles_Cope_0001.jpg,data\calibration\lfw\lfw\Garry_Alejano\Garry_Alejano_0001.jpg,0,-0.00472236
4,data\calibration\lfw\lfw\Charles_Holzner\Charles_Holzner_0001.jpg,data\calibration\lfw\lfw\Eurico_Guterres\Eurico_Guterres_0001.jpg,0,0.07509169
4,data\calibration\lfw\lfw\Charles_Holzner\Charles_Holzner_0001.jpg,data\calibration\lfw\lfw\Greg_Kinnear\Greg_Kinnear_0001.jpg,0,-0.06519313
4,data\calibration\lfw\lfw\Chen_Shui-bian\Chen_Shui-bian_0003.jpg,data\calibration\lfw\lfw\Gaston_Gaudio\Gaston_Gaudio_0001.jpg,0,-0.03559519
4,data\calibration\lfw\lfw\Chris_Gratton\Chris_Gratton_0001.jpg,data\calibration\lfw\lfw\Mario_Vasquez_Rana\Mario_Vasquez_Rana_0001.jpg,0,-0.00179889
4,data\calibration\lfw\lfw\Chris_Kolanas\Chris_Kolanas_0001.jpg,data\calibration\lfw\lfw\Joshua_Gracin\Joshua_Gracin_0001.jpg,0,-0.04502302
4,data\calibration\lfw\lfw\Claudia_Pechstein\Claudia_Pechstein_0002.jpg,data\calibration\lfw\lfw\Mireille_Jospin-Dandieu\Mireille_Jospin-Dandieu_0001.jpg,0,-0.12375373
4,data\calibration\lfw\lfw\Clay_Aiken\Clay_Aiken_0001.jpg,data\calibration\lfw\lfw\Svetlana_Koroleva\Svetlana_Koroleva_0001.jpg,0,-0.02137053
4,data\calibration\lfw\lfw\Colin_Powell\Colin_Powell_0095.jpg,data\calibration\lfw\lfw\Frank_Hsieh\Frank_Hsieh_0001.jpg,0,0.03918598
4,data\calibration\lfw\lfw\Craig_David\Craig_David_0001.jpg,data\calibration\lfw\lfw\Tom_McClintock\Tom_McClintock_0001.jpg,0,0.02962229
4,data\calibration\lfw\lfw\Craig_Wilson\Craig_Wilson_0001.jpg,data\calibration\lfw\lfw\Kajsa_Bergqvist\Kajsa_Bergqvist_0001.jpg,0,0.01358344
4,data\calibration\lfw\lfw\Cristina_Fernandez\Cristina_Fernandez_0002.jpg,data\calibration\lfw\lfw\Stephen_Cooper\Stephen_Cooper_0001.jpg,0,-0.11830855
4,data\calibration\lfw\lfw\Curtis_Joseph\Curtis_Joseph_0001.jpg,data\calibration\lfw\lfw\Terrell_Suggs\Terrell_Suggs_0002.jpg,0,0.03107950
4,data\calibration\lfw\lfw\Cynthia_Rowley\Cynthia_Rowley_0001.jpg,data\calibration\lfw\lfw\Michael_Friedman\Michael_Friedman_0001.jpg,0,-0.07324950
4,data\calibration\lfw\lfw\Damon_van_Dam\Damon_van_Dam_0002.jpg,data\calibration\lfw\lfw\Jason_Sorens\Jason_Sorens_0001.jpg,0,-0.05066304
4,data\calibration\lfw\lfw\Daniel_Barenboim\Daniel_Barenboim_0001.jpg,data\calibration\lfw\lfw\Tyler_Grillo\Tyler_Grillo_0001.jpg,0,-0.03141285
4,data\calibration\lfw\lfw\Daniel_Bruehl\Daniel_Bruehl_0001.jpg,data\calibration\lfw\lfw\Gus_Frerotte\Gus_Frerotte_0001.jpg,0,-0.03021887
4,data\calibration\lfw\lfw\Daniel_Bruehl\Daniel_Bruehl_0001.jpg,data\calibration\lfw\lfw\Max_Mosley\Max_Mosley_0001.jpg,0,0.09334785
4,data\calibration\lfw\lfw\Daniel_Bruehl\Daniel_Bruehl_0001.jpg,data\calibration\lfw\lfw\Ramon_Cardenas\Ramon_Cardenas_0001.jpg,0,0.08883061
4,data\calibration\lfw\lfw\Daniele_Bergamin\Daniele_Bergamin_0001.jpg,data\calibration\lfw\lfw\Kenneth_Evans\Kenneth_Evans_0001.jpg,0,0.01440009
4,data\calibration\lfw\lfw\Danielle_Spencer\Danielle_Spencer_0001.jpg,data\calibration\lfw\lfw\Rachel_Wheatley\Rachel_Wheatley_0001.jpg,0,-0.05648352
4,data\calibration\lfw\lfw\Darcy_Regier\Darcy_Regier_0001.jpg,data\calibration\lfw\lfw\William_Hurt\William_Hurt_0001.jpg,0,-0.00782655
4,data\calibration\lfw\lfw\Dave_Matthews\Dave_Matthews_0001.jpg,data\calibration\lfw\lfw\Linda_Dano\Linda_Dano_0001.jpg,0,-0.01385413
4,data\calibration\lfw\lfw\Dave_Matthews\Dave_Matthews_0001.jpg,data\calibration\lfw\lfw\Paul_Burrell\Paul_Burrell_0007.jpg,0,-0.03216759
4,data\calibration\lfw\lfw\Dave_McNealey\Dave_McNealey_0001.jpg,data\calibration\lfw\lfw\Gerald_Riley\Gerald_Riley_0001.jpg,0,0.00190773
4,data\calibration\lfw\lfw\David_Bisbal\David_Bisbal_0001.jpg,data\calibration\lfw\lfw\Terri_Clark\Terri_Clark_0001.jpg,0,-0.04504536
4,data\calibration\lfw\lfw\David_Chase\David_Chase_0001.jpg,data\calibration\lfw\lfw\Ekaterina_Dmitriev\Ekaterina_Dmitriev_0001.jpg,0,0.10087900
4,data\calibration\lfw\lfw\David_McCullough\David_McCullough_0001.jpg,data\calibration\lfw\lfw\Evo_Morales\Evo_Morales_0001.jpg,0,-0.04063283
4,data\calibration\lfw\lfw\David_McKiernan\David_McKiernan_0001.jpg,data\calibration\lfw\lfw\Fernando_Leon_de_Aranoa\Fernando_Leon_de_Aranoa_0001.jpg,0,-0.02771175
4,data\calibration\lfw\lfw\David_McKiernan\David_McKiernan_0001.jpg,data\calibration\lfw\lfw\Jane_Leeves\Jane_Leeves_0001.jpg,0,-0.06107100
4,data\calibration\lfw\lfw\Dennis_Erickson\Dennis_Erickson_0002.jpg,data\calibration\lfw\lfw\Hisham_Halawi\Hisham_Halawi_0001.jpg,0,0.18727432
4,data\calibration\lfw\lfw\Dennis_Erickson\Dennis_Erickson_0002.jpg,data\calibration\lfw\lfw\Noer_Muis\Noer_Muis_0001.jpg,0,-0.10617249
4,data\calibration\lfw\lfw\Derek_Lowe\Derek_Lowe_0002.jpg,data\calibration\lfw\lfw\Hisham_Halawi\Hisham_Halawi_0001.jpg,0,-0.05411201
4,data\calibration\lfw\lfw\Derek_Lowe\Derek_Lowe_0002.jpg,data\calibration\lfw\lfw\Madonna\Madonna_0001.jpg,0,-0.04981590
4,data\calibration\lfw\lfw\Derek_Lowe\Derek_Lowe_0002.jpg,data\calibration\lfw\lfw\Mohamed_Benaissa\Mohamed_Benaissa_0001.jpg,0,-0.00885260
4,data\calibration\lfw\lfw\Diego_Colorado\Diego_Colorado_0001.jpg,data\calibration\lfw\lfw\Jason_Sorens\Jason_Sorens_0001.jpg,0,-0.01812501
4,data\calibration\lfw\lfw\Diego_Colorado\Diego_Colorado_0001.jpg,data\calibration\lfw\lfw\John_Gordnick\John_Gordnick_0001.jpg,0,0.01970738
4,data\calibration\lfw\lfw\Diego_Diego_Lerman\Diego_Diego_Lerman_0001.jpg,data\calibration\lfw\lfw\Francisco_Flores\Francisco_Flores_0002.jpg,0,0.02242522
4,data\calibration\lfw\lfw\Diego_Diego_Lerman\Diego_Diego_Lerman_0001.jpg,data\calibration\lfw\lfw\Lesley_Coppin\Lesley_Coppin_0001.jpg,0,0.05913112
4,data\calibration\lfw\lfw\Djabir_Said-Guerni\Djabir_Said-Guerni_0001.jpg,data\calibration\lfw\lfw\Paul_Tracy\Paul_Tracy_0001.jpg,0,-0.07873953
4,data\calibration\lfw\lfw\Djabir_Said-Guerni\Djabir_Said-Guerni_0001.jpg,data\calibration\lfw\lfw\Pedro_Solbes\Pedro_Solbes_0003.jpg,0,0.08084790
4,data\calibration\lfw\lfw\Dominik_Hrbaty\Dominik_Hrbaty_0001.jpg,data\calibration\lfw\lfw\Toshi_Izawa\Toshi_Izawa_0001.jpg,0,-0.01546436
4,data\calibration\lfw\lfw\Donald_Keck\Donald_Keck_0001.jpg,data\calibration\lfw\lfw\Kyoko_Nakayama\Kyoko_Nakayama_0001.jpg,0,0.05142786
4,data\calibration\lfw\lfw\Donald_Keck\Donald_Keck_0001.jpg,data\calibration\lfw\lfw\Tom_Poston\Tom_Poston_0001.jpg,0,-0.06310359
4,data\calibration\lfw\lfw\Donna_Walker\Donna_Walker_0001.jpg,data\calibration\lfw\lfw\Jacqueline_Marris\Jacqueline_Marris_0001.jpg,0,-0.00611751
4,data\calibration\lfw\lfw\Dragan_Covic\Dragan_Covic_0001.jpg,data\calibration\lfw\lfw\Todd_Reid\Todd_Reid_0001.jpg,0,0.04324322
4,data\calibration\lfw\lfw\Dudley_Rogers\Dudley_Rogers_0001.jpg,data\calibration\lfw\lfw\Syed_Ibrahim\Syed_Ibrahim_0001.jpg,0,-0.06545676
4,data\calibration\lfw\lfw\Dunn_Lampton\Dunn_Lampton_0001.jpg,data\calibration\lfw\lfw\Jessica_Simpson\Jessica_Simpson_0001.jpg,0,0.06849642
4,data\calibration\lfw\lfw\Dustin_Hoffman\Dustin_Hoffman_0001.jpg,data\calibration\lfw\lfw\Nicole_Parker\Nicole_Parker_0001.jpg,0,-0.02743729
4,data\calibration\lfw\lfw\Ed_Wade\Ed_Wade_0001.jpg,data\calibration\lfw\lfw\Roger_Staubach\Roger_Staubach_0001.jpg,0,-0.01749222
4,data\calibration\lfw\lfw\Ed_Wade\Ed_Wade_0001.jpg,data\calibration\lfw\lfw\Terri_Clark\Terri_Clark_0001.jpg,0,-0.00798452
4,data\calibration\lfw\lfw\Eddie_Lucio\Eddie_Lucio_0001.jpg,data\calibration\lfw\lfw\Patti_Balgojevich\Patti_Balgojevich_0001.jpg,0,0.03947698
4,data\calibration\lfw\lfw\Eddie_Sutton\Eddie_Sutton_0001.jpg,data\calibration\lfw\lfw\James_Wattana\James_Wattana_0001.jpg,0,-0.10357238
4,data\calibration\lfw\lfw\Eddie_Sutton\Eddie_Sutton_0001.jpg,data\calibration\lfw\lfw\Jeanne_Anne_Schroeder\Jeanne_Anne_Schroeder_0001.jpg,0,-0.06779808
4,data\calibration\lfw\lfw\Eddie_Sutton\Eddie_Sutton_0002.jpg,data\calibration\lfw\lfw\Ronald_Ito\Ronald_Ito_0001.jpg,0,0.02020281
4,data\calibration\lfw\lfw\Eduardo_Fischer\Eduardo_Fischer_0001.jpg,data\calibration\lfw\lfw\Kimberly_Bruckner\Kimberly_Bruckner_0001.jpg,0,-0.07540969
4,data\calibration\lfw\lfw\Edward_Lohn\Edward_Lohn_0001.jpg,data\calibration\lfw\lfw\Lily_Safra\Lily_Safra_0001.jpg,0,-0.02618340
4,data\calibration\lfw\lfw\Edward_Lohn\Edward_Lohn_0001.jpg,data\calibration\lfw\lfw\Nino_DAngelo\Nino_DAngelo_0001.jpg,0,0.01942359
4,data\calibration\lfw\lfw\Ekaterina_Dmitriev\Ekaterina_Dmitriev_0001.jpg,data\calibration\lfw\lfw\Mitch_Kupchak\Mitch_Kupchak_0001.jpg,0,-0.10920464
4,data\calibration\lfw\lfw\Eladio_Larez\Eladio_Larez_0001.jpg,data\calibration\lfw\lfw\Frank_Pallone\Frank_Pallone_0001.jpg,0,0.10248854
4,data\calibration\lfw\lfw\Eli_Broad\Eli_Broad_0001.jpg,data\calibration\lfw\lfw\Ravan_AG_Farhadi\Ravan_AG_Farhadi_0001.jpg,0,0.00182992
4,data\calibration\lfw\lfw\Elijah_Wood\Elijah_Wood_0002.jpg,data\calibration\lfw\lfw\Stefano_Gabbana\Stefano_Gabbana_0001.jpg,0,-0.02038216
4,data\calibration\lfw\lfw\Elijah_Wood\Elijah_Wood_0003.jpg,data\calibration\lfw\lfw\Marcus_Garrettson\Marcus_Garrettson_0001.jpg,0,-0.01186352
4,data\calibration\lfw\lfw\Elijan_Ingram\Elijan_Ingram_0001.jpg,data\calibration\lfw\lfw\Michelle_Hofland\Michelle_Hofland_0001.jpg,0,-0.09731713
4,data\calibration\lfw\lfw\Elijan_Ingram\Elijan_Ingram_0001.jpg,data\calibration\lfw\lfw\Nastia_Liukin\Nastia_Liukin_0001.jpg,0,0.04568496
4,data\calibration\lfw\lfw\Elvis_Costello\Elvis_Costello_0001.jpg,data\calibration\lfw\lfw\Jaime_Pressly\Jaime_Pressly_0001.jpg,0,-0.03553994
4,data\calibration\lfw\lfw\Emelie_Loit\Emelie_Loit_0001.jpg,data\calibration\lfw\lfw\Thomas_Mesereau_Jr\Thomas_Mesereau_Jr_0001.jpg,0,0.01336068
4,data\calibration\lfw\lfw\Eric_Staal\Eric_Staal_0001.jpg,data\calibration\lfw\lfw\Jerry_Lewis\Jerry_Lewis_0001.jpg,0,-0.06218386
4,data\calibration\lfw\lfw\Erin_Hershey_Presley\Erin_Hershey_Presley_0001.jpg,data\calibration\lfw\lfw\Frank_Dunham_Jr\Frank_Dunham_Jr_0001.jpg,0,0.07749781
4,data\calibration\lfw\lfw\Erin_Hershey_Presley\Erin_Hershey_Presley_0001.jpg,data\calibration\lfw\lfw\Yukio_Hatoyama\Yukio_Hatoyama_0001.jpg,0,-0.06479068
4,data\calibration\lfw\lfw\Eva_Mendes\Eva_Mendes_0001.jpg,data\calibration\lfw\lfw\Larry_Harris\Larry_Harris_0001.jpg,0,-0.00064259
4,data\calibration\lfw\lfw\Faye_Alibocus\Faye_Alibocus_0001.jpg,data\calibration\lfw\lfw\Frank_Bell\Frank_Bell_0001.jpg,0,-0.04035036
4,data\calibration\lfw\lfw\Faye_Alibocus\Faye_Alibocus_0001.jpg,data\calibration\lfw\lfw\Tommy_Tubberville\Tommy_Tubberville_0001.jpg,0,0.02414575
4,data\calibration\lfw\lfw\Felix_Mantilla\Felix_Mantilla_0001.jpg,data\calibration\lfw\lfw\Jerry_Lewis\Jerry_Lewis_0001.jpg,0,0.01004372
4,data\calibration\lfw\lfw\Fernando_Leon_de_Aranoa\Fernando_Leon_de_Aranoa_0001.jpg,data\calibration\lfw\lfw\John_Scarlett\John_Scarlett_0001.jpg,0,-0.03886198
4,data\calibration\lfw\lfw\Fernando_Leon_de_Aranoa\Fernando_Leon_de_Aranoa_0001.jpg,data\calibration\lfw\lfw\Mike_Leach\Mike_Leach_0001.jpg,0,-0.07654825
4,data\calibration\lfw\lfw\Fidel_Castro\Fidel_Castro_0007.jpg,data\calibration\lfw\lfw\Hu_Maoyuan\Hu_Maoyuan_0001.jpg,0,-0.00869477
4,data\calibration\lfw\lfw\Francisco_Flores\Francisco_Flores_0004.jpg,data\calibration\lfw\lfw\Hisham_Halawi\Hisham_Halawi_0001.jpg,0,-0.07646787
4,data\calibration\lfw\lfw\Frank_Bell\Frank_Bell_0001.jpg,data\calibration\lfw\lfw\Khatol_Mohammad_Zai\Khatol_Mohammad_Zai_0001.jpg,0,-0.06874150
4,data\calibration\lfw\lfw\Frank_Dunham_Jr\Frank_Dunham_Jr_0001.jpg,data\calibration\lfw\lfw\Tom_McClintock\Tom_McClintock_0001.jpg,0,-0.04118624
4,data\calibration\lfw\lfw\Frank_Hsieh\Frank_Hsieh_0001.jpg,data\calibration\lfw\lfw\Paula_Prentiss\Paula_Prentiss_0001.jpg,0,0.00494443
4,data\calibration\lfw\lfw\Frank_Pallone\Frank_Pallone_0001.jpg,data\calibration\lfw\lfw\Jim_Wall\Jim_Wall_0001.jpg,0,0.00160101
4,data\calibration\lfw\lfw\Frank_Pallone\Frank_Pallone_0001.jpg,data\calibration\lfw\lfw\Mary_Tyler_Moore\Mary_Tyler_Moore_0002.jpg,0,-0.05474450
4,data\calibration\lfw\lfw\Frank_Schmoekel\Frank_Schmoekel_0001.jpg,data\calibration\lfw\lfw\Ronald_Ito\Ronald_Ito_0001.jpg,0,0.03726482
4,data\calibration\lfw\lfw\Franko_Simatovic\Franko_Simatovic_0002.jpg,data\calibration\lfw\lfw\Tyler_Grillo\Tyler_Grillo_0001.jpg,0,0.15939099
4,data\calibration\lfw\lfw\Franz_Gsell\Franz_Gsell_0001.jpg,data\calibration\lfw\lfw\John_Scarlett\John_Scarlett_0001.jpg,0,0.06868389
4,data\calibration\lfw\lfw\Franz_Gsell\Franz_Gsell_0001.jpg,data\calibration\lfw\lfw\Sarah_Jessica_Parker\Sarah_Jessica_Parker_0002.jpg,0,-0.04012683
4,data\calibration\lfw\lfw\Fred_Eckhard\Fred_Eckhard_0001.jpg,data\calibration\lfw\lfw\Rachel_Wheatley\Rachel_Wheatley_0001.jpg,0,-0.04589740
4,data\calibration\lfw\lfw\Garry_Alejano\Garry_Alejano_0001.jpg,data\calibration\lfw\lfw\Iban_Mayo\Iban_Mayo_0001.jpg,0,-0.01306705
4,data\calibration\lfw\lfw\Garry_Alejano\Garry_Alejano_0001.jpg,data\calibration\lfw\lfw\Michael_Olowokandi\Michael_Olowokandi_0001.jpg,0,-0.11000411
4,data\calibration\lfw\lfw\Garry_Alejano\Garry_Alejano_0001.jpg,data\calibration\lfw\lfw\Peter_Struck\Peter_Struck_0005.jpg,0,-0.00829628
4,data\calibration\lfw\lfw\Gary_Marshall\Gary_Marshall_0001.jpg,data\calibration\lfw\lfw\Rashid_Qureshi\Rashid_Qureshi_0001.jpg,0,0.01384971
4,data\calibration\lfw\lfw\Gerald_Fitch\Gerald_Fitch_0001.jpg,data\calibration\lfw\lfw\Robin_Williams\Robin_Williams_0001.jpg,0,0.10051823
4,data\calibration\lfw\lfw\Gerald_Riley\Gerald_Riley_0001.jpg,data\calibration\lfw\lfw\Michael_Hagee\Michael_Hagee_0001.jpg,0,-0.05935214
4,data\calibration\lfw\lfw\Hal_Sellers\Hal_Sellers_0001.jpg,data\calibration\lfw\lfw\Janet_Thorpe\Janet_Thorpe_0001.jpg,0,-0.09015080
4,data\calibration\lfw\lfw\Hans_Corell\Hans_Corell_0001.jpg,data\calibration\lfw\lfw\John_Gordnick\John_Gordnick_0001.jpg,0,-0.03491050
4,data\calibration\lfw\lfw\Heidi_Klum\Heidi_Klum_0002.jpg,data\calibration\lfw\lfw\Paul_Reiser\Paul_Reiser_0001.jpg,0,-0.04232705
4,data\calibration\lfw\lfw\Heidi_Klum\Heidi_Klum_0003.jpg,data\calibration\lfw\lfw\Pedro_Solbes\Pedro_Solbes_0001.jpg,0,-0.06826326
4,data\calibration\lfw\lfw\Hermando_Harton\Hermando_Harton_0001.jpg,data\calibration\lfw\lfw\Paris_Hilton\Paris_Hilton_0002.jpg,0,0.09198418
4,data\calibration\lfw\lfw\Holly_Robinson_Peete\Holly_Robinson_Peete_0001.jpg,data\calibration\lfw\lfw\Michael_Hagee\Michael_Hagee_0001.jpg,0,-0.13282716
4,data\calibration\lfw\lfw\Howard_Ross\Howard_Ross_0001.jpg,data\calibration\lfw\lfw\Kajsa_Bergqvist\Kajsa_Bergqvist_0001.jpg,0,0.04368431
4,data\calibration\lfw\lfw\Howard_Ross\Howard_Ross_0001.jpg,data\calibration\lfw\lfw\Patsy_Hardy\Patsy_Hardy_0001.jpg,0,-0.10305725
4,data\calibration\lfw\lfw\Hugh_Carey\Hugh_Carey_0001.jpg,data\calibration\lfw\lfw\Lawrence_Roberts\Lawrence_Roberts_0001.jpg,0,-0.00369718
4,data\calibration\lfw\lfw\Hugh_Carey\Hugh_Carey_0001.jpg,data\calibration\lfw\lfw\Tracee_Treadwell\Tracee_Treadwell_0001.jpg,0,0.00463441
4,data\calibration\lfw\lfw\Iban_Mayo\Iban_Mayo_0002.jpg,data\calibration\lfw\lfw\Juan_Valencia_Osorio\Juan_Valencia_Osorio_0001.jpg,0,-0.05006635
4,data\calibration\lfw\lfw\Iban_Mayo\Iban_Mayo_0002.jpg,data\calibration\lfw\lfw\Rosalie_Perkov\Rosalie_Perkov_0001.jpg,0,0.09635739
4,data\calibration\lfw\lfw\Ibrahim_Al-Marashi\Ibrahim_Al-Marashi_0001.jpg,data\calibration\lfw\lfw\John_Travolta\John_Travolta_0003.jpg,0,0.02059585
4,data\calibration\lfw\lfw\Ibrahim_Al-Marashi\Ibrahim_Al-Marashi_0001.jpg,data\calibration\lfw\lfw\Joshua_Gracin\Joshua_Gracin_0001.jpg,0,0.10098711
4,data\calibration\lfw\lfw\Imad_Moustapha\Imad_Moustapha_0002.jpg,data\calibration\lfw\lfw\Kyoko_Nakayama\Kyoko_Nakayama_0001.jpg,0,-0.00206742
4,data\calibration\lfw\lfw\Ira_Einhorn\Ira_Einhorn_0001.jpg,data\calibration\lfw\lfw\John_Ruiz\John_Ruiz_0002.jpg,0,-0.00772495
4,data\calibration\lfw\lfw\Jacqueline_Marris\Jacqueline_Marris_0001.jpg,data\calibration\lfw\lfw\Matthew_Ouimet\Matthew_Ouimet_0001.jpg,0,-0.02508133
4,data\calibration\lfw\lfw\Jaime_Pressly\Jaime_Pressly_0001.jpg,data\calibration\lfw\lfw\Tiago_Splitter\Tiago_Splitter_0001.jpg,0,0.03514677
4,data\calibration\lfw\lfw\James_Brown\James_Brown_0001.jpg,data\calibration\lfw\lfw\Mary_Blige\Mary_Blige_0001.jpg,0,0.06688092
4,data\calibration\lfw\lfw\James_Brown\James_Brown_0001.jpg,data\calibration\lfw\lfw\Paul_Reiser\Paul_Reiser_0001.jpg,0,0.01723612
4,data\calibration\lfw\lfw\James_Mathis\James_Mathis_0001.jpg,data\calibration\lfw\lfw\Yuri_Fedotov\Yuri_Fedotov_0001.jpg,0,0.05406623
4,data\calibration\lfw\lfw\James_Wattana\James_Wattana_0001.jpg,data\calibration\lfw\lfw\Paul_Reiser\Paul_Reiser_0001.jpg,0,0.01318507
4,data\calibration\lfw\lfw\James_Wattana\James_Wattana_0001.jpg,data\calibration\lfw\lfw\Ron_Kirk\Ron_Kirk_0001.jpg,0,0.07530279
4,data\calibration\lfw\lfw\James_Young\James_Young_0001.jpg,data\calibration\lfw\lfw\Jeffrey_Scott_Postell\Jeffrey_Scott_Postell_0002.jpg,0,-0.04753942
4,data\calibration\lfw\lfw\James_Young\James_Young_0001.jpg,data\calibration\lfw\lfw\Ronald_Harwood\Ronald_Harwood_0001.jpg,0,-0.02570834
4,data\calibration\lfw\lfw\Jane_Leeves\Jane_Leeves_0001.jpg,data\calibration\lfw\lfw\Tom_McClintock\Tom_McClintock_0001.jpg,0,0.00028308
4,data\calibration\lfw\lfw\Janet_Crawford\Janet_Crawford_0001.jpg,data\calibration\lfw\lfw\Thomas_Scavone\Thomas_Scavone_0001.jpg,0,-0.04617130
4,data\calibration\lfw\lfw\Jason_Sorens\Jason_Sorens_0001.jpg,data\calibration\lfw\lfw\Lidija_Djukanovic\Lidija_Djukanovic_0001.jpg,0,-0.07991329
4,data\calibration\lfw\lfw\Jason_Vale\Jason_Vale_0001.jpg,data\calibration\lfw\lfw\Marcus_Garrettson\Marcus_Garrettson_0001.jpg,0,0.01455994
4,data\calibration\lfw\lfw\Jason_Vale\Jason_Vale_0001.jpg,data\calibration\lfw\lfw\Zoran_Djindjic\Zoran_Djindjic_0003.jpg,0,0.01611132
4,data\calibration\lfw\lfw\Jaymon_Crabb\Jaymon_Crabb_0001.jpg,data\calibration\lfw\lfw\Ted_Christopher\Ted_Christopher_0001.jpg,0,0.03621765
4,data\calibration\lfw\lfw\Jeff_Weaver\Jeff_Weaver_0001.jpg,data\calibration\lfw\lfw\Kyoko_Nakayama\Kyoko_Nakayama_0001.jpg,0,0.01018111
4,data\calibration\lfw\lfw\Jeff_Weaver\Jeff_Weaver_0001.jpg,data\calibration\lfw\lfw\Rosalie_Perkov\Rosalie_Perkov_0001.jpg,0,0.08009121
4,data\calibration\lfw\lfw\Jeffrey_Scott_Postell\Jeffrey_Scott_Postell_0001.jpg,data\calibration\lfw\lfw\Tara_Dawn_Christensen\Tara_Dawn_Christensen_0001.jpg,0,-0.06965707
4,data\calibration\lfw\lfw\Jeffrey_Scott_Postell\Jeffrey_Scott_Postell_0002.jpg,data\calibration\lfw\lfw\Lesley_Coppin\Lesley_Coppin_0001.jpg,0,0.04854349
4,data\calibration\lfw\lfw\Jennifer_Capriati\Jennifer_Capriati_0026.jpg,data\calibration\lfw\lfw\Ruben_Wolkowyski\Ruben_Wolkowyski_0001.jpg,0,-0.02606930
4,data\calibration\lfw\lfw\Jim_Bunning\Jim_Bunning_0001.jpg,data\calibration\lfw\lfw\Terence_Newman\Terence_Newman_0001.jpg,0,0.10225904
4,data\calibration\lfw\lfw\Jim_Jeffords\Jim_Jeffords_0001.jpg,data\calibration\lfw\lfw\Peter_Rasch\Peter_Rasch_0001.jpg,0,0.04977988
4,data\calibration\lfw\lfw\Jim_Jeffords\Jim_Jeffords_0001.jpg,data\calibration\lfw\lfw\Tom_Sizemore\Tom_Sizemore_0001.jpg,0,-0.00147141
4,data\calibration\lfw\lfw\Job_Cohen\Job_Cohen_0001.jpg,data\calibration\lfw\lfw\John_Stockton\John_Stockton_0002.jpg,0,-0.00109869
4,data\calibration\lfw\lfw\John_Franco\John_Franco_0001.jpg,data\calibration\lfw\lfw\Paul_Wolfowitz\Paul_Wolfowitz_0004.jpg,0,-0.00576952
4,data\calibration\lfw\lfw\John_Gordnick\John_Gordnick_0001.jpg,data\calibration\lfw\lfw\Linda_Dano\Linda_Dano_0001.jpg,0,0.04019075
4,data\calibration\lfw\lfw\John_Gordnick\John_Gordnick_0001.jpg,data\calibration\lfw\lfw\Paul_Vathis\Paul_Vathis_0001.jpg,0,-0.07421891
4,data\calibration\lfw\lfw\John_Gordnick\John_Gordnick_0001.jpg,data\calibration\lfw\lfw\Yasser_Arafat\Yasser_Arafat_0003.jpg,0,-0.06616972
4,data\calibration\lfw\lfw\John_Stockton\John_Stockton_0004.jpg,data\calibration\lfw\lfw\Patsy_Hardy\Patsy_Hardy_0001.jpg,0,0.06444150
4,data\calibration\lfw\lfw\John_Travolta\John_Travolta_0002.jpg,data\calibration\lfw\lfw\Lech_Walesa\Lech_Walesa_0001.jpg,0,-0.09721522
4,data\calibration\lfw\lfw\Juan_Valencia_Osorio\Juan_Valencia_Osorio_0001.jpg,data\calibration\lfw\lfw\Tom_Daschle\Tom_Daschle_0006.jpg,0,-0.05376799
4,data\calibration\lfw\lfw\Juergen_Schrempp\Juergen_Schrempp_0001.jpg,data\calibration\lfw\lfw\Mitt_Romney\Mitt_Romney_0001.jpg,0,0.10457532
4,data\calibration\lfw\lfw\Julien_Boutter\Julien_Boutter_0001.jpg,data\calibration\lfw\lfw\Saeed_Anwar\Saeed_Anwar_0001.jpg,0,0.00657959
4,data\calibration\lfw\lfw\Kaisser_Bazan\Kaisser_Bazan_0001.jpg,data\calibration\lfw\lfw\Lawrence_Vito\Lawrence_Vito_0001.jpg,0,-0.04165998
4,data\calibration\lfw\lfw\Kaisser_Bazan\Kaisser_Bazan_0001.jpg,data\calibration\lfw\lfw\Pierre_Lacroix\Pierre_Lacroix_0001.jpg,0,0.04378727
4,data\calibration\lfw\lfw\Kajsa_Bergqvist\Kajsa_Bergqvist_0001.jpg,data\calibration\lfw\lfw\Tayshaun_Prince\Tayshaun_Prince_0001.jpg,0,-0.07348034
4,data\calibration\lfw\lfw\Keith_Snyder\Keith_Snyder_0001.jpg,data\calibration\lfw\lfw\Terri_Clark\Terri_Clark_0001.jpg,0,0.00212406
4,data\calibration\lfw\lfw\Kemal_Dervis\Kemal_Dervis_0003.jpg,data\calibration\lfw\lfw\Roger_Staubach\Roger_Staubach_0001.jpg,0,-0.03672972
4,data\calibration\lfw\lfw\Kifah_Ajouri\Kifah_Ajouri_0001.jpg,data\calibration\lfw\lfw\Laurie_Pirtle\Laurie_Pirtle_0001.jpg,0,0.05061292
4,data\calibration\lfw\lfw\Kifah_Ajouri\Kifah_Ajouri_0001.jpg,data\calibration\lfw\lfw\Raul_Gonzalez\Raul_Gonzalez_0001.jpg,0,0.00034469
4,data\calibration\lfw\lfw\Kimberly_Bruckner\Kimberly_Bruckner_0001.jpg,data\calibration\lfw\lfw\Pete_Carroll\Pete_Carroll_0001.jpg,0,0.00381442
4,data\calibration\lfw\lfw\Kirk_Douglas\Kirk_Douglas_0001.jpg,data\calibration\lfw\lfw\Nida_Blanca\Nida_Blanca_0001.jpg,0,-0.00912015
4,data\calibration\lfw\lfw\Larry_Harris\Larry_Harris_0001.jpg,data\calibration\lfw\lfw\Michael_Lechner\Michael_Lechner_0001.jpg,0,-0.03946910
4,data\calibration\lfw\lfw\Larry_Lucchino\Larry_Lucchino_0001.jpg,data\calibration\lfw\lfw\Rudy_Tomjanovich\Rudy_Tomjanovich_0001.jpg,0,0.11649752
4,data\calibration\lfw\lfw\Latrell_Sprewell\Latrell_Sprewell_0001.jpg,data\calibration\lfw\lfw\Rosalie_Perkov\Rosalie_Perkov_0001.jpg,0,0.03592001
4,data\calibration\lfw\lfw\Laura_Schlessinger\Laura_Schlessinger_0001.jpg,data\calibration\lfw\lfw\Tony_Curtis\Tony_Curtis_0001.jpg,0,0.03114707
4,data\calibration\lfw\lfw\Laurie_Pirtle\Laurie_Pirtle_0001.jpg,data\calibration\lfw\lfw\Roberta_Combs\Roberta_Combs_0001.jpg,0,0.04076330
4,data\calibration\lfw\lfw\Lawrence_Roberts\Lawrence_Roberts_0001.jpg,data\calibration\lfw\lfw\Lynne_Thigpen\Lynne_Thigpen_0001.jpg,0,-0.04660929
4,data\calibration\lfw\lfw\Lawrence_Roberts\Lawrence_Roberts_0001.jpg,data\calibration\lfw\lfw\Nick_Cassavetes\Nick_Cassavetes_0001.jpg,0,-0.01739216
4,data\calibration\lfw\lfw\Lech_Walesa\Lech_Walesa_0002.jpg,data\calibration\lfw\lfw\Rick_Wagoner\Rick_Wagoner_0002.jpg,0,0.06725209
4,data\calibration\lfw\lfw\Len_Jenoff\Len_Jenoff_0002.jpg,data\calibration\lfw\lfw\Tom_Daschle\Tom_Daschle_0007.jpg,0,0.01744493
4,data\calibration\lfw\lfw\Lew_Rywin\Lew_Rywin_0001.jpg,data\calibration\lfw\lfw\Terri_Clark\Terri_Clark_0001.jpg,0,-0.02021721
4,data\calibration\lfw\lfw\Linda_Dano\Linda_Dano_0001.jpg,data\calibration\lfw\lfw\Terence_Newman\Terence_Newman_0001.jpg,0,0.03020056
4,data\calibration\lfw\lfw\Lydia_Shum\Lydia_Shum_0001.jpg,data\calibration\lfw\lfw\Mario_Vasquez_Rana\Mario_Vasquez_Rana_0001.jpg,0,-0.01815715
4,data\calibration\lfw\lfw\Lynne_Thigpen\Lynne_Thigpen_0001.jpg,data\calibration\lfw\lfw\Mary_Blige\Mary_Blige_0001.jpg,0,-0.02914075
4,data\calibration\lfw\lfw\Malcolm_Glazer\Malcolm_Glazer_0001.jpg,data\calibration\lfw\lfw\Noer_Muis\Noer_Muis_0001.jpg,0,-0.07803246
4,data\calibration\lfw\lfw\Malcolm_Glazer\Malcolm_Glazer_0001.jpg,data\calibration\lfw\lfw\Tabare_Vazquez\Tabare_Vazquez_0001.jpg,0,-0.02318847
4,data\calibration\lfw\lfw\Marc_Bulger\Marc_Bulger_0001.jpg,data\calibration\lfw\lfw\Paul_Wolfowitz\Paul_Wolfowitz_0007.jpg,0,-0.00706026
4,data\calibration\lfw\lfw\Marcus_Garrettson\Marcus_Garrettson_0001.jpg,data\calibration\lfw\lfw\Pham_Sy_Chien\Pham_Sy_Chien_0001.jpg,0,-0.01720457
4,data\calibration\lfw\lfw\Marcus_Garrettson\Marcus_Garrettson_0001.jpg,data\calibration\lfw\lfw\Roberto_Carlos\Roberto_Carlos_0003.jpg,0,0.05256432
4,data\calibration\lfw\lfw\Maribel_Dominguez\Maribel_Dominguez_0001.jpg,data\calibration\lfw\lfw\Michael_Winterbottom\Michael_Winterbottom_0003.jpg,0,0.04231731
4,data\calibration\lfw\lfw\Marion_Barry\Marion_Barry_0001.jpg,data\calibration\lfw\lfw\Steve_Peace\Steve_Peace_0001.jpg,0,-0.00609949
4,data\calibration\lfw\lfw\Mark_Hogan\Mark_Hogan_0001.jpg,data\calibration\lfw\lfw\Queen_Elizabeth_II\Queen_Elizabeth_II_0011.jpg,0,-0.02436602
4,data\calibration\lfw\lfw\Mark_Hogan\Mark_Hogan_0001.jpg,data\calibration\lfw\lfw\Roger_Toussaint\Roger_Toussaint_0001.jpg,0,0.05654633
4,data\calibration\lfw\lfw\Mary_Blige\Mary_Blige_0001.jpg,data\calibration\lfw\lfw\Raul_Gonzalez\Raul_Gonzalez_0001.jpg,0,0.02378281
4,data\calibration\lfw\lfw\Massoud_Barzani\Massoud_Barzani_0001.jpg,data\calibration\lfw\lfw\Pierre_Lacroix\Pierre_Lacroix_0001.jpg,0,0.08575998
4,data\calibration\lfw\lfw\Max_Mosley\Max_Mosley_0001.jpg,data\calibration\lfw\lfw\Raul_Gonzalez\Raul_Gonzalez_0001.jpg,0,0.01098468
4,data\calibration\lfw\lfw\Melvin_Talbert\Melvin_Talbert_0001.jpg,data\calibration\lfw\lfw\Rudy_Tomjanovich\Rudy_Tomjanovich_0001.jpg,0,0.00035696
4,data\calibration\lfw\lfw\Michael_Hagee\Michael_Hagee_0001.jpg,data\calibration\lfw\lfw\Sonya_Walger\Sonya_Walger_0001.jpg,0,-0.01338246
4,data\calibration\lfw\lfw\Michael_Killeen\Michael_Killeen_0001.jpg,data\calibration\lfw\lfw\Sammy_Sosa\Sammy_Sosa_0002.jpg,0,0.08681638
4,data\calibration\lfw\lfw\Michael_Olowokandi\Michael_Olowokandi_0001.jpg,data\calibration\lfw\lfw\Pete_Carroll\Pete_Carroll_0002.jpg,0,0.07632647
4,data\calibration\lfw\lfw\Michael_Winterbottom\Michael_Winterbottom_0001.jpg,data\calibration\lfw\lfw\Pierre_Boulanger\Pierre_Boulanger_0001.jpg,0,0.03298235
4,data\calibration\lfw\lfw\Mike_Price\Mike_Price_0002.jpg,data\calibration\lfw\lfw\Tom_Miller\Tom_Miller_0001.jpg,0,-0.03142283
4,data\calibration\lfw\lfw\Milo_Maestrecampo\Milo_Maestrecampo_0001.jpg,data\calibration\lfw\lfw\Yuri_Fedotov\Yuri_Fedotov_0001.jpg,0,-0.08887080
4,data\calibration\lfw\lfw\Milo_Maestrecampo\Milo_Maestrecampo_0002.jpg,data\calibration\lfw\lfw\Steve_Peace\Steve_Peace_0001.jpg,0,0.02744263
4,data\calibration\lfw\lfw\Milo_Maestrecampo\Milo_Maestrecampo_0003.jpg,data\calibration\lfw\lfw\Stacey_Dales-Schuman\Stacey_Dales-Schuman_0001.jpg,0,-0.02489261
4,data\calibration\lfw\lfw\Mitt_Romney\Mitt_Romney_0001.jpg,data\calibration\lfw\lfw\Nida_Blanca\Nida_Blanca_0001.jpg,0,0.03892883
4,data\calibration\lfw\lfw\Mohamed_ElBaradei\Mohamed_ElBaradei_0008.jpg,data\calibration\lfw\lfw\Rachel_Wheatley\Rachel_Wheatley_0001.jpg,0,-0.15758355
4,data\calibration\lfw\lfw\Mohammad_Aktar\Mohammad_Aktar_0001.jpg,data\calibration\lfw\lfw\Rafeeuddin_Ahmed\Rafeeuddin_Ahmed_0001.jpg,0,0.03087313
4,data\calibration\lfw\lfw\Mohammad_Aktar\Mohammad_Aktar_0001.jpg,data\calibration\lfw\lfw\Tom_McClintock\Tom_McClintock_0001.jpg,0,-0.02809517
4,data\calibration\lfw\lfw\Mohammed_Abulhasan\Mohammed_Abulhasan_0001.jpg,data\calibration\lfw\lfw\Stephane_Rousseau\Stephane_Rousseau_0001.jpg,0,0.00335718
4,data\calibration\lfw\lfw\Mohammed_Abulhasan\Mohammed_Abulhasan_0001.jpg,data\calibration\lfw\lfw\Vladimiro_Montesinos\Vladimiro_Montesinos_0001.jpg,0,0.03228487
4,data\calibration\lfw\lfw\Nastia_Liukin\Nastia_Liukin_0001.jpg,data\calibration\lfw\lfw\Nicole_Parker\Nicole_Parker_0001.jpg,0,-0.02079399
4,data\calibration\lfw\lfw\Nastia_Liukin\Nastia_Liukin_0001.jpg,data\calibration\lfw\lfw\Sharon_Davis\Sharon_Davis_0002.jpg,0,-0.04319380
4,data\calibration\lfw\lfw\Nicolas_Latorre\Nicolas_Latorre_0001.jpg,data\calibration\lfw\lfw\Paula_Prentiss\Paula_Prentiss_0001.jpg,0,-0.00804714
4,data\calibration\lfw\lfw\Nicolas_Latorre\Nicolas_Latorre_0001.jpg,data\calibration\lfw\lfw\Vassilis_Xiros\Vassilis_Xiros_0001.jpg,0,0.06117528
4,data\calibration\lfw\lfw\Nicolas_Latorre\Nicolas_Latorre_0001.jpg,data\calibration\lfw\lfw\William_Delahunt\William_Delahunt_0001.jpg,0,-0.01280895
4,data\calibration\lfw\lfw\Pete_Sampras\Pete_Sampras_0010.jpg,data\calibration\lfw\lfw\Stan_Heath\Stan_Heath_0001.jpg,0,-0.03566201
4,data\calibration\lfw\lfw\Phil_Vassar\Phil_Vassar_0002.jpg,data\calibration\lfw\lfw\Tabare_Vazquez\Tabare_Vazquez_0001.jpg,0,0.06487402
4,data\calibration\lfw\lfw\Philip_Zalewski\Philip_Zalewski_0001.jpg,data\calibration\lfw\lfw\Stefan_Holm\Stefan_Holm_0001.jpg,0,0.03838893
4,data\calibration\lfw\lfw\Roberto_Carlos\Roberto_Carlos_0001.jpg,data\calibration\lfw\lfw\Yasser_Arafat\Yasser_Arafat_0005.jpg,0,0.07563584
4,data\calibration\lfw\lfw\Roger_Cook\Roger_Cook_0001.jpg,data\calibration\lfw\lfw\Wilbert_Foy\Wilbert_Foy_0001.jpg,0,0.05188749
4,data\calibration\lfw\lfw\Roger_Staubach\Roger_Staubach_0001.jpg,data\calibration\lfw\lfw\Severino_Antinori\Severino_Antinori_0001.jpg,0,0.07234585
4,data\calibration\lfw\lfw\Ron_Kirk\Ron_Kirk_0001.jpg,data\calibration\lfw\lfw\Troy_Hudson\Troy_Hudson_0001.jpg,0,-0.07452781
4,data\calibration\lfw\lfw\Sammy_Sosa\Sammy_Sosa_0002.jpg,data\calibration\lfw\lfw\Stan_Heath\Stan_Heath_0002.jpg,0,-0.03195023
4,data\calibration\lfw\lfw\Sandra_Ceccarelli\Sandra_Ceccarelli_0001.jpg,data\calibration\lfw\lfw\Stephen_Cooper\Stephen_Cooper_0001.jpg,0,-0.05893693
4,data\calibration\lfw\lfw\Sandra_Ceccarelli\Sandra_Ceccarelli_0001.jpg,data\calibration\lfw\lfw\Tom_Coughlin\Tom_Coughlin_0001.jpg,0,0.00459902
4,data\calibration\lfw\lfw\Shireen_Amir_Begum\Shireen_Amir_Begum_0001.jpg,data\calibration\lfw\lfw\Sushma_Swaraj\Sushma_Swaraj_0001.jpg,0,-0.08111960
4,data\calibration\lfw\lfw\Sinead_OConnor\Sinead_OConnor_0001.jpg,data\calibration\lfw\lfw\Stephane_Rochon\Stephane_Rochon_0001.jpg,0,-0.08480977
5,data\calibration\lfw\lfw\Aitor_Gonzalez\Aitor_Gonzalez_0001.jpg,data\calibration\lfw\lfw\Aitor_Gonzalez\Aitor_Gonzalez_0002.jpg,1,0.68821299
5,data\calibration\lfw\lfw\Alec_Baldwin\Alec_Baldwin_0002.jpg,data\calibration\lfw\lfw\Alec_Baldwin\Alec_Baldwin_0004.jpg,1,0.63901865
5,data\calibration\lfw\lfw\Allison_Janney\Allison_Janney_0001.jpg,data\calibration\lfw\lfw\Allison_Janney\Allison_Janney_0002.jpg,1,0.62912309
5,data\calibration\lfw\lfw\Alvaro_Noboa\Alvaro_Noboa_0001.jpg,data\calibration\lfw\lfw\Alvaro_Noboa\Alvaro_Noboa_0003.jpg,1,0.79724634
5,data\calibration\lfw\lfw\Alvaro_Noboa\Alvaro_Noboa_0002.jpg,data\calibration\lfw\lfw\Alvaro_Noboa\Alvaro_Noboa_0003.jpg,1,0.69647467
5,data\calibration\lfw\lfw\Amanda_Coetzer\Amanda_Coetzer_0001.jpg,data\calibration\lfw\lfw\Amanda_Coetzer\Amanda_Coetzer_0002.jpg,1,0.72538108
5,data\calibration\lfw\lfw\Amer_al-Saadi\Amer_al-Saadi_0001.jpg,data\calibration\lfw\lfw\Amer_al-Saadi\Amer_al-Saadi_0003.jpg,1,0.70433515
5,data\calibration\lfw\lfw\Amer_al-Saadi\Amer_al-Saadi_0001.jpg,data\calibration\lfw\lfw\Amer_al-Saadi\Amer_al-Saadi_0004.jpg,1,0.74911177
5,data\calibration\lfw\lfw\Amer_al-Saadi\Amer_al-Saadi_0002.jpg,data\calibration\lfw\lfw\Amer_al-Saadi\Amer_al-Saadi_0004.jpg,1,0.71836448
5,data\calibration\lfw\lfw\Ana_Guevara\Ana_Guevara_0002.jpg,data\calibration\lfw\lfw\Ana_Guevara\Ana_Guevara_0007.jpg,1,0.65543294
5,data\calibration\lfw\lfw\Ana_Guevara\Ana_Guevara_0003.jpg,data\calibration\lfw\lfw\Ana_Guevara\Ana_Guevara_0007.jpg,1,0.69824547
5,data\calibration\lfw\lfw\Anneli_Jaatteenmaki\Anneli_Jaatteenmaki_0001.jpg,data\calibration\lfw\lfw\Anneli_Jaatteenmaki\Anneli_Jaatteenmaki_0002.jpg,1,0.58231682
5,data\calibration\lfw\lfw\Ari_Fleischer\Ari_Fleischer_0006.jpg,data\calibration\lfw\lfw\Ari_Fleischer\Ari_Fleischer_0009.jpg,1,0.74199045
5,data\calibration\lfw\lfw\Ari_Fleischer\Ari_Fleischer_0007.jpg,data\calibration\lfw\lfw\Ari_Fleischer\Ari_Fleischer_0012.jpg,1,0.73291850
5,data\calibration\lfw\lfw\Arianna_Huffington\Arianna_Huffington_0001.jpg,data\calibration\lfw\lfw\Arianna_Huffington\Arianna_Huffington_0002.jpg,1,0.49063474
5,data\calibration\lfw\lfw\Arianna_Huffington\Arianna_Huffington_0001.jpg,data\calibration\lfw\lfw\Arianna_Huffington\Arianna_Huffington_0004.jpg,1,0.59622502
5,data\calibration\lfw\lfw\Arianna_Huffington\Arianna_Huffington_0002.jpg,data\calibration\lfw\lfw\Arianna_Huffington\Arianna_Huffington_0003.jpg,1,0.66549051
5,data\calibration\lfw\lfw\Arianna_Huffington\Arianna_Huffington_0002.jpg,data\calibration\lfw\lfw\Arianna_Huffington\Arianna_Huffington_0004.jpg,1,0.59913439
5,data\calibration\lfw\lfw\Arnaud_Clement\Arnaud_Clement_0001.jpg,data\calibration\lfw\lfw\Arnaud_Clement\Arnaud_Clement_0002.jpg,1,0.44910067
5,data\calibration\lfw\lfw\Arsinee_Khanjian\Arsinee_Khanjian_0001.jpg,data\calibration\lfw\lfw\Arsinee_Khanjian\Arsinee_Khanjian_0002.jpg,1,0.60454315
5,data\calibration\lfw\lfw\Art_Howe\Art_Howe_0001.jpg,data\calibration\lfw\lfw\Art_Howe\Art_Howe_0002.jpg,1,0.63858676
5,data\calibration\lfw\lfw\Art_Howe\Art_Howe_0001.jpg,data\calibration\lfw\lfw\Art_Howe\Art_Howe_0003.jpg,1,0.82845420
5,data\calibration\lfw\lfw\Art_Howe\Art_Howe_0001.jpg,data\calibration\lfw\lfw\Art_Howe\Art_Howe_0004.jpg,1,0.59860134
5,data\calibration\lfw\lfw\Art_Howe\Art_Howe_0002.jpg,data\calibration\lfw\lfw\Art_Howe\Art_Howe_0003.jpg,1,0.59379297
5,data\calibration\lfw\lfw\Art_Howe\Art_Howe_0003.jpg,data\calibration\lfw\lfw\Art_Howe\Art_Howe_0004.jpg,1,0.55532110
5,data\calibration\lfw\lfw\Ben_Affleck\Ben_Affleck_0002.jpg,data\calibration\lfw\lfw\Ben_Affleck\Ben_Affleck_0003.jpg,1,0.66972125
5,data\calibration\lfw\lfw\Ben_Affleck\Ben_Affleck_0002.jpg,data\calibration\lfw\lfw\Ben_Affleck\Ben_Affleck_0004.jpg,1,0.60225183
5,data\calibration\lfw\lfw\Ben_Affleck\Ben_Affleck_0002.jpg,data\calibration\lfw\lfw\Ben_Affleck\Ben_Affleck_0007.jpg,1,0.56225687
5,data\calibration\lfw\lfw\Ben_Affleck\Ben_Affleck_0003.jpg,data\calibration\lfw\lfw\Ben_Affleck\Ben_Affleck_0006.jpg,1,0.57566774
5,data\calibration\lfw\lfw\Ben_Affleck\Ben_Affleck_0005.jpg,data\calibration\lfw\lfw\Ben_Affleck\Ben_Affleck_0006.jpg,1,0.69170475
5,data\calibration\lfw\lfw\Betsy_Smith\Betsy_Smith_0001.jpg,data\calibration\lfw\lfw\Betsy_Smith\Betsy_Smith_0002.jpg,1,0.00177843
5,data\calibration\lfw\lfw\Bill_Callahan\Bill_Callahan_0001.jpg,data\calibration\lfw\lfw\Bill_Callahan\Bill_Callahan_0003.jpg,1,0.73988581
5,data\calibration\lfw\lfw\Blythe_Hartley\Blythe_Hartley_0001.jpg,data\calibration\lfw\lfw\Blythe_Hartley\Blythe_Hartley_0002.jpg,1,0.70371211
5,data\calibration\lfw\lfw\Bob_Huggins\Bob_Huggins_0001.jpg,data\calibration\lfw\lfw\Bob_Huggins\Bob_Huggins_0003.jpg,1,0.47216713
5,data\calibration\lfw\lfw\Bob_Huggins\Bob_Huggins_0003.jpg,data\calibration\lfw\lfw\Bob_Huggins\Bob_Huggins_0004.jpg,1,0.52505946
5,data\calibration\lfw\lfw\Bobby_Goldwater\Bobby_Goldwater_0001.jpg,data\calibration\lfw\lfw\Bobby_Goldwater\Bobby_Goldwater_0002.jpg,1,0.81279635
5,data\calibration\lfw\lfw\Bono\Bono_0001.jpg,data\calibration\lfw\lfw\Bono\Bono_0002.jpg,1,0.57725203
5,data\calibration\lfw\lfw\Bono\Bono_0001.jpg,data\calibration\lfw\lfw\Bono\Bono_0003.jpg,1,0.39834398
5,data\calibration\lfw\lfw\Bono\Bono_0002.jpg,data\calibration\lfw\lfw\Bono\Bono_0003.jpg,1,0.45906287
5,data\calibration\lfw\lfw\Brad_Garrett\Brad_Garrett_0001.jpg,data\calibration\lfw\lfw\Brad_Garrett\Brad_Garrett_0003.jpg,1,0.60778761
5,data\calibration\lfw\lfw\Brad_Garrett\Brad_Garrett_0002.jpg,data\calibration\lfw\lfw\Brad_Garrett\Brad_Garrett_0003.jpg,1,0.67399830
5,data\calibration\lfw\lfw\Brad_Garrett\Brad_Garrett_0002.jpg,data\calibration\lfw\lfw\Brad_Garrett\Brad_Garrett_0004.jpg,1,0.64592344
5,data\calibration\lfw\lfw\Brian_Mulroney\Brian_Mulroney_0001.jpg,data\calibration\lfw\lfw\Brian_Mulroney\Brian_Mulroney_0002.jpg,1,0.71798134
5,data\calibration\lfw\lfw\Bud_Selig\Bud_Selig_0001.jpg,data\calibration\lfw\lfw\Bud_Selig\Bud_Selig_0002.jpg,1,0.52794963
5,data\calibration\lfw\lfw\Bud_Selig\Bud_Selig_0002.jpg,data\calibration\lfw\lfw\Bud_Selig\Bud_Selig_0003.jpg,1,0.59747410
5,data\calibration\lfw\lfw\Bud_Selig\Bud_Selig_0002.jpg,data\calibration\lfw\lfw\Bud_Selig\Bud_Selig_0004.jpg,1,0.62186724
5,data\calibration\lfw\lfw\Carla_Del_Ponte\Carla_Del_Ponte_0001.jpg,data\calibration\lfw\lfw\Carla_Del_Ponte\Carla_Del_Ponte_0002.jpg,1,0.68013817
5,data\calibration\lfw\lfw\Carla_Del_Ponte\Carla_Del_Ponte_0002.jpg,data\calibration\lfw\lfw\Carla_Del_Ponte\Carla_Del_Ponte_0004.jpg,1,0.71208590
5,data\calibration\lfw\lfw\Carla_Del_Ponte\Carla_Del_Ponte_0002.jpg,data\calibration\lfw\lfw\Carla_Del_Ponte\Carla_Del_Ponte_0005.jpg,1,0.74304044
5,data\calibration\lfw\lfw\Carla_Del_Ponte\Carla_Del_Ponte_0003.jpg,data\calibration\lfw\lfw\Carla_Del_Ponte\Carla_Del_Ponte_0005.jpg,1,0.65069538
5,data\calibration\lfw\lfw\Carlos_Ghosn\Carlos_Ghosn_0001.jpg,data\calibration\lfw\lfw\Carlos_Ghosn\Carlos_Ghosn_0002.jpg,1,0.81312031
5,data\calibration\lfw\lfw\Carlos_Manuel_Pruneda\Carlos_Manuel_Pruneda_0001.jpg,data\calibration\lfw\lfw\Carlos_Manuel_Pruneda\Carlos_Manuel_Pruneda_0002.jpg,1,0.71289021
5,data\calibration\lfw\lfw\Carlos_Manuel_Pruneda\Carlos_Manuel_Pruneda_0001.jpg,data\calibration\lfw\lfw\Carlos_Manuel_Pruneda\Carlos_Manuel_Pruneda_0003.jpg,1,0.70138526
5,data\calibration\lfw\lfw\Carlos_Menem\Carlos_Menem_0002.jpg,data\calibration\lfw\lfw\Carlos_Menem\Carlos_Menem_0021.jpg,1,0.72996157
5,data\calibration\lfw\lfw\Carlos_Menem\Carlos_Menem_0005.jpg,data\calibration\lfw\lfw\Carlos_Menem\Carlos_Menem_0018.jpg,1,0.67090380
5,data\calibration\lfw\lfw\Carlos_Menem\Carlos_Menem_0008.jpg,data\calibration\lfw\lfw\Carlos_Menem\Carlos_Menem_0015.jpg,1,0.70189267
5,data\calibration\lfw\lfw\Carlos_Menem\Carlos_Menem_0011.jpg,data\calibration\lfw\lfw\Carlos_Menem\Carlos_Menem_0012.jpg,1,0.69308949
5,data\calibration\lfw\lfw\Carlos_Menem\Carlos_Menem_0014.jpg,data\calibration\lfw\lfw\Carlos_Menem\Carlos_Menem_0021.jpg,1,0.78308254
5,data\calibration\lfw\lfw\Carlos_Menem\Carlos_Menem_0016.jpg,data\calibration\lfw\lfw\Carlos_Menem\Carlos_Menem_0018.jpg,1,0.75206155
5,data\calibration\lfw\lfw\Carmen_Electra\Carmen_Electra_0003.jpg,data\calibration\lfw\lfw\Carmen_Electra\Carmen_Electra_0004.jpg,1,0.57633233
5,data\calibration\lfw\lfw\Carmen_Electra\Carmen_Electra_0004.jpg,data\calibration\lfw\lfw\Carmen_Electra\Carmen_Electra_0006.jpg,1,0.58161509
5,data\calibration\lfw\lfw\Charlotte_Rampling\Charlotte_Rampling_0001.jpg,data\calibration\lfw\lfw\Charlotte_Rampling\Charlotte_Rampling_0002.jpg,1,0.57318592
5,data\calibration\lfw\lfw\Chick_Hearn\Chick_Hearn_0001.jpg,data\calibration\lfw\lfw\Chick_Hearn\Chick_Hearn_0002.jpg,1,0.76017374
5,data\calibration\lfw\lfw\Christine_Todd_Whitman\Christine_Todd_Whitman_0002.jpg,data\calibration\lfw\lfw\Christine_Todd_Whitman\Christine_Todd_Whitman_0003.jpg,1,0.49404079
5,data\calibration\lfw\lfw\Christine_Todd_Whitman\Christine_Todd_Whitman_0005.jpg,data\calibration\lfw\lfw\Christine_Todd_Whitman\Christine_Todd_Whitman_0006.jpg,1,0.01854398
5,data\calibration\lfw\lfw\Christopher_Reeve\Christopher_Reeve_0001.jpg,data\calibration\lfw\lfw\Christopher_Reeve\Christopher_Reeve_0003.jpg,1,0.69965738
5,data\calibration\lfw\lfw\Chuck_Amato\Chuck_Amato_0001.jpg,data\calibration\lfw\lfw\Chuck_Amato\Chuck_Amato_0002.jpg,1,0.82145840
5,data\calibration\lfw\lfw\Cindy_Crawford\Cindy_Crawford_0002.jpg,data\calibration\lfw\lfw\Cindy_Crawford\Cindy_Crawford_0003.jpg,1,0.53079563
5,data\calibration\lfw\lfw\Cindy_Margolis\Cindy_Margolis_0001.jpg,data\calibration\lfw\lfw\Cindy_Margolis\Cindy_Margolis_0002.jpg,1,0.62763697
5,data\calibration\lfw\lfw\Claire_Danes\Claire_Danes_0001.jpg,data\calibration\lfw\lfw\Claire_Danes\Claire_Danes_0003.jpg,1,0.58556300
5,data\calibration\lfw\lfw\Claire_Danes\Claire_Danes_0002.jpg,data\calibration\lfw\lfw\Claire_Danes\Claire_Danes_0003.jpg,1,0.81928617
5,data\calibration\lfw\lfw\Conan_OBrien\Conan_OBrien_0001.jpg,data\calibration\lfw\lfw\Conan_OBrien\Conan_OBrien_0002.jpg,1,0.69516742
5,data\calibration\lfw\lfw\Conan_OBrien\Conan_OBrien_0002.jpg,data\calibration\lfw\lfw\Conan_OBrien\Conan_OBrien_0003.jpg,1,0.73908389
5,data\calibration\lfw\lfw\Conan_OBrien\Conan_OBrien_0002.jpg,data\calibration\lfw\lfw\Conan_OBrien\Conan_OBrien_0004.jpg,1,0.74092388
5,data\calibration\lfw\lfw\Conchita_Martinez\Conchita_Martinez_0001.jpg,data\calibration\lfw\lfw\Conchita_Martinez\Conchita_Martinez_0002.jpg,1,0.85474503
5,data\calibration\lfw\lfw\Conchita_Martinez\Conchita_Martinez_0001.jpg,data\calibration\lfw\lfw\Conchita_Martinez\Conchita_Martinez_0003.jpg,1,0.70808077
5,data\calibration\lfw\lfw\Dan_Morales\Dan_Morales_0001.jpg,data\calibration\lfw\lfw\Dan_Morales\Dan_Morales_0002.jpg,1,0.66467333
5,data\calibration\lfw\lfw\Dan_Morales\Dan_Morales_0001.jpg,data\calibration\lfw\lfw\Dan_Morales\Dan_Morales_0003.jpg,1,0.63680619
5,data\calibration\lfw\lfw\David_Hyde_Pierce\David_Hyde_Pierce_0001.jpg,data\calibration\lfw\lfw\David_Hyde_Pierce\David_Hyde_Pierce_0002.jpg,1,0.65620232
5,data\calibration\lfw\lfw\David_Hyde_Pierce\David_Hyde_Pierce_0001.jpg,data\calibration\lfw\lfw\David_Hyde_Pierce\David_Hyde_Pierce_0003.jpg,1,0.67861754
5,data\calibration\lfw\lfw\David_Hyde_Pierce\David_Hyde_Pierce_0002.jpg,data\calibration\lfw\lfw\David_Hyde_Pierce\David_Hyde_Pierce_0003.jpg,1,0.75236118
5,data\calibration\lfw\lfw\David_Hyde_Pierce\David_Hyde_Pierce_0002.jpg,data\calibration\lfw\lfw\David_Hyde_Pierce\David_Hyde_Pierce_0004.jpg,1,0.58354408
5,data\calibration\lfw\lfw\David_Myers\David_Myers_0001.jpg,data\calibration\lfw\lfw\David_Myers\David_Myers_0002.jpg,1,0.64442372
5,data\calibration\lfw\lfw\David_Nalbandian\David_Nalbandian_0001.jpg,data\calibration\lfw\lfw\David_Nalbandian\David_Nalbandian_0003.jpg,1,0.42861009
5,data\calibration\lfw\lfw\David_Nalbandian\David_Nalbandian_0002.jpg,data\calibration\lfw\lfw\David_Nalbandian\David_Nalbandian_0009.jpg,1,0.54242289
5,data\calibration\lfw\lfw\David_Nalbandian\David_Nalbandian_0003.jpg,data\calibration\lfw\lfw\David_Nalbandian\David_Nalbandian_0004.jpg,1,0.67420393
5,data\calibration\lfw\lfw\David_Nalbandian\David_Nalbandian_0004.jpg,data\calibration\lfw\lfw\David_Nalbandian\David_Nalbandian_0013.jpg,1,0.57079548
5,data\calibration\lfw\lfw\David_Nalbandian\David_Nalbandian_0011.jpg,data\calibration\lfw\lfw\David_Nalbandian\David_Nalbandian_0012.jpg,1,0.74323624
5,data\calibration\lfw\lfw\David_Stern\David_Stern_0001.jpg,data\calibration\lfw\lfw\David_Stern\David_Stern_0002.jpg,1,0.63801706
5,data\calibration\lfw\lfw\David_Stern\David_Stern_0002.jpg,data\calibration\lfw\lfw\David_Stern\David_Stern_0003.jpg,1,0.60000044
5,data\calibration\lfw\lfw\Derek_Jeter\Derek_Jeter_0002.jpg,data\calibration\lfw\lfw\Derek_Jeter\Derek_Jeter_0003.jpg,1,0.57519633
5,data\calibration\lfw\lfw\Derek_Jeter\Derek_Jeter_0002.jpg,data\calibration\lfw\lfw\Derek_Jeter\Derek_Jeter_0004.jpg,1,0.63177466
5,data\calibration\lfw\lfw\Donatella_Versace\Donatella_Versace_0001.jpg,data\calibration\lfw\lfw\Donatella_Versace\Donatella_Versace_0003.jpg,1,0.52848941
5,data\calibration\lfw\lfw\Donatella_Versace\Donatella_Versace_0002.jpg,data\calibration\lfw\lfw\Donatella_Versace\Donatella_Versace_0003.jpg,1,0.57711881
5,data\calibration\lfw\lfw\Donna_Shalala\Donna_Shalala_0001.jpg,data\calibration\lfw\lfw\Donna_Shalala\Donna_Shalala_0002.jpg,1,0.78157085
5,data\calibration\lfw\lfw\Edmund_Hillary\Edmund_Hillary_0001.jpg,data\calibration\lfw\lfw\Edmund_Hillary\Edmund_Hillary_0002.jpg,1,0.71808726
5,data\calibration\lfw\lfw\Edmund_Hillary\Edmund_Hillary_0001.jpg,data\calibration\lfw\lfw\Edmund_Hillary\Edmund_Hillary_0003.jpg,1,0.67199147
5,data\calibration\lfw\lfw\Edmund_Hillary\Edmund_Hillary_0002.jpg,data\calibration\lfw\lfw\Edmund_Hillary\Edmund_Hillary_0003.jpg,1,0.71408612
5,data\calibration\lfw\lfw\Elisabeth_Schumacher\Elisabeth_Schumacher_0001.jpg,data\calibration\lfw\lfw\Elisabeth_Schumacher\Elisabeth_Schumacher_0002.jpg,1,0.00700542
5,data\calibration\lfw\lfw\Elizabeth_Smart\Elizabeth_Smart_0003.jpg,data\calibration\lfw\lfw\Elizabeth_Smart\Elizabeth_Smart_0005.jpg,1,0.58141720
5,data\calibration\lfw\lfw\Erin_Runnion\Erin_Runnion_0001.jpg,data\calibration\lfw\lfw\Erin_Runnion\Erin_Runnion_0003.jpg,1,0.65217417
5,data\calibration\lfw\lfw\Erin_Runnion\Erin_Runnion_0002.jpg,data\calibration\lfw\lfw\Erin_Runnion\Erin_Runnion_0003.jpg,1,0.67299354
5,data\calibration\lfw\lfw\Erin_Runnion\Erin_Runnion_0002.jpg,data\calibration\lfw\lfw\Erin_Runnion\Erin_Runnion_0004.jpg,1,0.61134714
5,data\calibration\lfw\lfw\Erin_Runnion\Erin_Runnion_0003.jpg,data\calibration\lfw\lfw\Erin_Runnion\Erin_Runnion_0004.jpg,1,0.62602854
5,data\calibration\lfw\lfw\Fernando_Henrique_Cardoso\Fernando_Henrique_Cardoso_0001.jpg,data\calibration\lfw\lfw\Fernando_Henrique_Cardoso\Fernando_Henrique_Cardoso_0002.jpg,1,0.56799662
5,data\calibration\lfw\lfw\Fernando_Henrique_Cardoso\Fernando_Henrique_Cardoso_0001.jpg,data\calibration\lfw\lfw\Fernando_Henrique_Cardoso\Fernando_Henrique_Cardoso_0003.jpg,1,0.63780856
5,data\calibration\lfw\lfw\Fernando_Henrique_Cardoso\Fernando_Henrique_Cardoso_0001.jpg,data\calibration\lfw\lfw\Fernando_Henrique_Cardoso\Fernando_Henrique_Cardoso_0004.jpg,1,0.69395667
5,data\calibration\lfw\lfw\Fernando_Henrique_Cardoso\Fernando_Henrique_Cardoso_0002.jpg,data\calibration\lfw\lfw\Fernando_Henrique_Cardoso\Fernando_Henrique_Cardoso_0007.jpg,1,0.63737935
5,data\calibration\lfw\lfw\Fernando_Henrique_Cardoso\Fernando_Henrique_Cardoso_0005.jpg,data\calibration\lfw\lfw\Fernando_Henrique_Cardoso\Fernando_Henrique_Cardoso_0007.jpg,1,0.70745146
5,data\calibration\lfw\lfw\Fernando_Henrique_Cardoso\Fernando_Henrique_Cardoso_0006.jpg,data\calibration\lfw\lfw\Fernando_Henrique_Cardoso\Fernando_Henrique_Cardoso_0007.jpg,1,0.70232910
5,data\calibration\lfw\lfw\Francis_Mer\Francis_Mer_0001.jpg,data\calibration\lfw\lfw\Francis_Mer\Francis_Mer_0002.jpg,1,0.69480181
5,data\calibration\lfw\lfw\Franz_Fischler\Franz_Fischler_0001.jpg,data\calibration\lfw\lfw\Franz_Fischler\Franz_Fischler_0002.jpg,1,0.76465321
5,data\calibration\lfw\lfw\Gary_Locke\Gary_Locke_0001.jpg,data\calibration\lfw\lfw\Gary_Locke\Gary_Locke_0002.jpg,1,0.72181904
5,data\calibration\lfw\lfw\Gerry_Adams\Gerry_Adams_0001.jpg,data\calibration\lfw\lfw\Gerry_Adams\Gerry_Adams_0003.jpg,1,0.69674456
5,data\calibration\lfw\lfw\Gerry_Adams\Gerry_Adams_0001.jpg,data\calibration\lfw\lfw\Gerry_Adams\Gerry_Adams_0007.jpg,1,0.75212741
5,data\calibration\lfw\lfw\Gerry_Adams\Gerry_Adams_0002.jpg,data\calibration\lfw\lfw\Gerry_Adams\Gerry_Adams_0006.jpg,1,0.67423147
5,data\calibration\lfw\lfw\Gerry_Adams\Gerry_Adams_0003.jpg,data\calibration\lfw\lfw\Gerry_Adams\Gerry_Adams_0005.jpg,1,0.78302574
5,data\calibration\lfw\lfw\Gerry_Adams\Gerry_Adams_0004.jpg,data\calibration\lfw\lfw\Gerry_Adams\Gerry_Adams_0006.jpg,1,0.75058615
5,data\calibration\lfw\lfw\Gerry_Adams\Gerry_Adams_0005.jpg,data\calibration\lfw\lfw\Gerry_Adams\Gerry_Adams_0006.jpg,1,0.76977396
5,data\calibration\lfw\lfw\Gianna_Angelopoulos-Daskalaki\Gianna_Angelopoulos-Daskalaki_0001.jpg,data\calibration\lfw\lfw\Gianna_Angelopoulos-Daskalaki\Gianna_Angelopoulos-Daskalaki_0002.jpg,1,0.65485233
5,data\calibration\lfw\lfw\Gil_de_Ferran\Gil_de_Ferran_0001.jpg,data\calibration\lfw\lfw\Gil_de_Ferran\Gil_de_Ferran_0005.jpg,1,0.54992348
5,data\calibration\lfw\lfw\Gil_de_Ferran\Gil_de_Ferran_0002.jpg,data\calibration\lfw\lfw\Gil_de_Ferran\Gil_de_Ferran_0004.jpg,1,0.42846704
5,data\calibration\lfw\lfw\Gil_de_Ferran\Gil_de_Ferran_0003.jpg,data\calibration\lfw\lfw\Gil_de_Ferran\Gil_de_Ferran_0005.jpg,1,0.59423947
5,data\calibration\lfw\lfw\Goh_Kun\Goh_Kun_0001.jpg,data\calibration\lfw\lfw\Goh_Kun\Goh_Kun_0002.jpg,1,0.55893320
5,data\calibration\lfw\lfw\Grady_Irvin_Jr\Grady_Irvin_Jr_0001.jpg,data\calibration\lfw\lfw\Grady_Irvin_Jr\Grady_Irvin_Jr_0002.jpg,1,0.75327778
5,data\calibration\lfw\lfw\Gunter_Pleuger\Gunter_Pleuger_0003.jpg,data\calibration\lfw\lfw\Gunter_Pleuger\Gunter_Pleuger_0005.jpg,1,0.77114975
5,data\calibration\lfw\lfw\Gunter_Pleuger\Gunter_Pleuger_0003.jpg,data\calibration\lfw\lfw\Gunter_Pleuger\Gunter_Pleuger_0006.jpg,1,0.81490403
5,data\calibration\lfw\lfw\Harry_Belafonte\Harry_Belafonte_0001.jpg,data\calibration\lfw\lfw\Harry_Belafonte\Harry_Belafonte_0002.jpg,1,0.73733145
5,data\calibration\lfw\lfw\Harry_Schmidt\Harry_Schmidt_0001.jpg,data\calibration\lfw\lfw\Harry_Schmidt\Harry_Schmidt_0003.jpg,1,0.76856816
5,data\calibration\lfw\lfw\Harry_Schmidt\Harry_Schmidt_0001.jpg,data\calibration\lfw\lfw\Harry_Schmidt\Harry_Schmidt_0004.jpg,1,0.86219311
5,data\calibration\lfw\lfw\Harry_Schmidt\Harry_Schmidt_0002.jpg,data\calibration\lfw\lfw\Harry_Schmidt\Harry_Schmidt_0003.jpg,1,0.87303239
5,data\calibration\lfw\lfw\Harry_Schmidt\Harry_Schmidt_0003.jpg,data\calibration\lfw\lfw\Harry_Schmidt\Harry_Schmidt_0004.jpg,1,0.80069792
5,data\calibration\lfw\lfw\Helen_Clark\Helen_Clark_0002.jpg,data\calibration\lfw\lfw\Helen_Clark\Helen_Clark_0004.jpg,1,0.75035292
5,data\calibration\lfw\lfw\Hermann_Maier\Hermann_Maier_0001.jpg,data\calibration\lfw\lfw\Hermann_Maier\Hermann_Maier_0002.jpg,1,0.60401744
5,data\calibration\lfw\lfw\Ian_Thorpe\Ian_Thorpe_0001.jpg,data\calibration\lfw\lfw\Ian_Thorpe\Ian_Thorpe_0007.jpg,1,0.68225724
5,data\calibration\lfw\lfw\Ian_Thorpe\Ian_Thorpe_0001.jpg,data\calibration\lfw\lfw\Ian_Thorpe\Ian_Thorpe_0010.jpg,1,0.65659690
5,data\calibration\lfw\lfw\Ian_Thorpe\Ian_Thorpe_0003.jpg,data\calibration\lfw\lfw\Ian_Thorpe\Ian_Thorpe_0009.jpg,1,0.59636641
5,data\calibration\lfw\lfw\Ian_Thorpe\Ian_Thorpe_0005.jpg,data\calibration\lfw\lfw\Ian_Thorpe\Ian_Thorpe_0007.jpg,1,0.58645189
5,data\calibration\lfw\lfw\Ian_Thorpe\Ian_Thorpe_0006.jpg,data\calibration\lfw\lfw\Ian_Thorpe\Ian_Thorpe_0010.jpg,1,0.59661889
5,data\calibration\lfw\lfw\Isabelle_Huppert\Isabelle_Huppert_0001.jpg,data\calibration\lfw\lfw\Isabelle_Huppert\Isabelle_Huppert_0002.jpg,1,0.52568489
5,data\calibration\lfw\lfw\James_Butts\James_Butts_0001.jpg,data\calibration\lfw\lfw\James_Butts\James_Butts_0002.jpg,1,0.81010878
5,data\calibration\lfw\lfw\Jan-Michael_Gambill\Jan-Michael_Gambill_0001.jpg,data\calibration\lfw\lfw\Jan-Michael_Gambill\Jan-Michael_Gambill_0002.jpg,1,0.65191978
5,data\calibration\lfw\lfw\Jan-Michael_Gambill\Jan-Michael_Gambill_0002.jpg,data\calibration\lfw\lfw\Jan-Michael_Gambill\Jan-Michael_Gambill_0003.jpg,1,0.65471894
5,data\calibration\lfw\lfw\Jean-Francois_Pontal\Jean-Francois_Pontal_0001.jpg,data\calibration\lfw\lfw\Jean-Francois_Pontal\Jean-Francois_Pontal_0003.jpg,1,0.70656604
5,data\calibration\lfw\lfw\Jean-Marc_de_La_Sabliere\Jean-Marc_de_La_Sabliere_0001.jpg,data\calibration\lfw\lfw\Jean-Marc_de_La_Sabliere\Jean-Marc_de_La_Sabliere_0002.jpg,1,0.63001752
5,data\calibration\lfw\lfw\Jean-Sebastien_Giguere\Jean-Sebastien_Giguere_0001.jpg,data\calibration\lfw\lfw\Jean-Sebastien_Giguere\Jean-Sebastien_Giguere_0002.jpg,1,0.57959884
5,data\calibration\lfw\lfw\Jeb_Bush\Jeb_Bush_0001.jpg,data\calibration\lfw\lfw\Jeb_Bush\Jeb_Bush_0006.jpg,1,0.58855671
5,data\calibration\lfw\lfw\Jeb_Bush\Jeb_Bush_0002.jpg,data\calibration\lfw\lfw\Jeb_Bush\Jeb_Bush_0006.jpg,1,0.67329311
5,data\calibration\lfw\lfw\Jeb_Bush\Jeb_Bush_0005.jpg,data\calibration\lfw\lfw\Jeb_Bush\Jeb_Bush_0007.jpg,1,0.74584609
5,data\calibration\lfw\lfw\Jeffrey_Jones\Jeffrey_Jones_0001.jpg,data\calibration\lfw\lfw\Jeffrey_Jones\Jeffrey_Jones_0002.jpg,1,0.80496383
5,data\calibration\lfw\lfw\Jim_OBrien\Jim_OBrien_0001.jpg,data\calibration\lfw\lfw\Jim_OBrien\Jim_OBrien_0002.jpg,1,0.02239342
5,data\calibration\lfw\lfw\Jim_OBrien\Jim_OBrien_0001.jpg,data\calibration\lfw\lfw\Jim_OBrien\Jim_OBrien_0003.jpg,1,-0.00317596
5,data\calibration\lfw\lfw\Joe_Gatti\Joe_Gatti_0001.jpg,data\calibration\lfw\lfw\Joe_Gatti\Joe_Gatti_0002.jpg,1,0.59424061
5,data\calibration\lfw\lfw\John_Cusack\John_Cusack_0001.jpg,data\calibration\lfw\lfw\John_Cusack\John_Cusack_0002.jpg,1,0.65448767
5,data\calibration\lfw\lfw\John_Edwards\John_Edwards_0001.jpg,data\calibration\lfw\lfw\John_Edwards\John_Edwards_0003.jpg,1,0.73778516
5,data\calibration\lfw\lfw\John_Edwards\John_Edwards_0001.jpg,data\calibration\lfw\lfw\John_Edwards\John_Edwards_0007.jpg,1,0.63337237
5,data\calibration\lfw\lfw\John_Edwards\John_Edwards_0002.jpg,data\calibration\lfw\lfw\John_Edwards\John_Edwards_0005.jpg,1,0.70564049
5,data\calibration\lfw\lfw\John_Edwards\John_Edwards_0003.jpg,data\calibration\lfw\lfw\John_Edwards\John_Edwards_0007.jpg,1,0.66261274
5,data\calibration\lfw\lfw\John_Edwards\John_Edwards_0004.jpg,data\calibration\lfw\lfw\John_Edwards\John_Edwards_0006.jpg,1,0.65948474
5,data\calibration\lfw\lfw\John_Edwards\John_Edwards_0004.jpg,data\calibration\lfw\lfw\John_Edwards\John_Edwards_0008.jpg,1,0.73819655
5,data\calibration\lfw\lfw\John_Edwards\John_Edwards_0006.jpg,data\calibration\lfw\lfw\John_Edwards\John_Edwards_0007.jpg,1,0.68605590
5,data\calibration\lfw\lfw\John_Spencer\John_Spencer_0001.jpg,data\calibration\lfw\lfw\John_Spencer\John_Spencer_0002.jpg,1,0.82810861
5,data\calibration\lfw\lfw\John_Taylor\John_Taylor_0001.jpg,data\calibration\lfw\lfw\John_Taylor\John_Taylor_0002.jpg,1,0.74947697
5,data\calibration\lfw\lfw\John_Walsh\John_Walsh_0001.jpg,data\calibration\lfw\lfw\John_Walsh\John_Walsh_0002.jpg,1,0.70050454
5,data\calibration\lfw\lfw\Jolanta_Kwasniewski\Jolanta_Kwasniewski_0001.jpg,data\calibration\lfw\lfw\Jolanta_Kwasniewski\Jolanta_Kwasniewski_0002.jpg,1,0.57733339
5,data\calibration\lfw\lfw\Jose_Mourinho\Jose_Mourinho_0001.jpg,data\calibration\lfw\lfw\Jose_Mourinho\Jose_Mourinho_0002.jpg,1,0.61637920
5,data\calibration\lfw\lfw\Juergen_Peters\Juergen_Peters_0001.jpg,data\calibration\lfw\lfw\Juergen_Peters\Juergen_Peters_0002.jpg,1,0.74815422
5,data\calibration\lfw\lfw\Kalpana_Chawla\Kalpana_Chawla_0001.jpg,data\calibration\lfw\lfw\Kalpana_Chawla\Kalpana_Chawla_0004.jpg,1,0.79619342
5,data\calibration\lfw\lfw\Kalpana_Chawla\Kalpana_Chawla_0002.jpg,data\calibration\lfw\lfw\Kalpana_Chawla\Kalpana_Chawla_0003.jpg,1,0.72252315
5,data\calibration\lfw\lfw\Kalpana_Chawla\Kalpana_Chawla_0002.jpg,data\calibration\lfw\lfw\Kalpana_Chawla\Kalpana_Chawla_0005.jpg,1,0.68080497
5,data\calibration\lfw\lfw\Kalpana_Chawla\Kalpana_Chawla_0003.jpg,data\calibration\lfw\lfw\Kalpana_Chawla\Kalpana_Chawla_0004.jpg,1,0.75145710
5,data\calibration\lfw\lfw\Kelli_White\Kelli_White_0001.jpg,data\calibration\lfw\lfw\Kelli_White\Kelli_White_0002.jpg,1,0.83169532
5,data\calibration\lfw\lfw\Kim_Jin-sun\Kim_Jin-sun_0001.jpg,data\calibration\lfw\lfw\Kim_Jin-sun\Kim_Jin-sun_0002.jpg,1,0.74171782
5,data\calibration\lfw\lfw\Lana_Clarkson\Lana_Clarkson_0001.jpg,data\calibration\lfw\lfw\Lana_Clarkson\Lana_Clarkson_0002.jpg,1,0.60188961
5,data\calibration\lfw\lfw\Laura_Hernandez\Laura_Hernandez_0001.jpg,data\calibration\lfw\lfw\Laura_Hernandez\Laura_Hernandez_0002.jpg,1,0.73053014
5,data\calibration\lfw\lfw\Laura_Linney\Laura_Linney_0001.jpg,data\calibration\lfw\lfw\Laura_Linney\Laura_Linney_0002.jpg,1,0.64838266
5,data\calibration\lfw\lfw\Laura_Linney\Laura_Linney_0001.jpg,data\calibration\lfw\lfw\Laura_Linney\Laura_Linney_0003.jpg,1,0.66351748
5,data\calibration\lfw\lfw\Laura_Linney\Laura_Linney_0002.jpg,data\calibration\lfw\lfw\Laura_Linney\Laura_Linney_0004.jpg,1,0.68643731
5,data\calibration\lfw\lfw\Laura_Linney\Laura_Linney_0003.jpg,data\calibration\lfw\lfw\Laura_Linney\Laura_Linney_0004.jpg,1,0.66029096
5,data\calibration\lfw\lfw\Lenny_Wilkens\Lenny_Wilkens_0001.jpg,data\calibration\lfw\lfw\Lenny_Wilkens\Lenny_Wilkens_0002.jpg,1,0.80114150
5,data\calibration\lfw\lfw\Lenny_Wilkens\Lenny_Wilkens_0001.jpg,data\calibration\lfw\lfw\Lenny_Wilkens\Lenny_Wilkens_0003.jpg,1,0.68469352
5,data\calibration\lfw\lfw\Lenny_Wilkens\Lenny_Wilkens_0002.jpg,data\calibration\lfw\lfw\Lenny_Wilkens\Lenny_Wilkens_0003.jpg,1,0.69585222
5,data\calibration\lfw\lfw\Lloyd_Ward\Lloyd_Ward_0001.jpg,data\calibration\lfw\lfw\Lloyd_Ward\Lloyd_Ward_0002.jpg,1,0.67729980
5,data\calibration\lfw\lfw\Mahathir_Mohamad\Mahathir_Mohamad_0001.jpg,data\calibration\lfw\lfw\Mahathir_Mohamad\Mahathir_Mohamad_0007.jpg,1,0.50833243
5,data\calibration\lfw\lfw\Mahathir_Mohamad\Mahathir_Mohamad_0001.jpg,data\calibration\lfw\lfw\Mahathir_Mohamad\Mahathir_Mohamad_0012.jpg,1,0.66712141
5,data\calibration\lfw\lfw\Mahathir_Mohamad\Mahathir_Mohamad_0006.jpg,data\calibration\lfw\lfw\Mahathir_Mohamad\Mahathir_Mohamad_0010.jpg,1,0.71236312
5,data\calibration\lfw\lfw\Mark_Cuban\Mark_Cuban_0001.jpg,data\calibration\lfw\lfw\Mark_Cuban\Mark_Cuban_0002.jpg,1,0.66244549
5,data\calibration\lfw\lfw\Mark_Heller\Mark_Heller_0001.jpg,data\calibration\lfw\lfw\Mark_Heller\Mark_Heller_0002.jpg,1,0.69439280
5,data\calibration\lfw\lfw\Mark_Schweiker\Mark_Schweiker_0001.jpg,data\calibration\lfw\lfw\Mark_Schweiker\Mark_Schweiker_0002.jpg,1,0.72806954
5,data\calibration\lfw\lfw\Marty_Mornhinweg\Marty_Mornhinweg_0001.jpg,data\calibration\lfw\lfw\Marty_Mornhinweg\Marty_Mornhinweg_0002.jpg,1,0.67702478
5,data\calibration\lfw\lfw\Marty_Mornhinweg\Marty_Mornhinweg_0001.jpg,data\calibration\lfw\lfw\Marty_Mornhinweg\Marty_Mornhinweg_0003.jpg,1,0.51702422
5,data\calibration\lfw\lfw\Marty_Mornhinweg\Marty_Mornhinweg_0002.jpg,data\calibration\lfw\lfw\Marty_Mornhinweg\Marty_Mornhinweg_0003.jpg,1,0.69339079
5,data\calibration\lfw\lfw\Michael_Phelps\Michael_Phelps_0001.jpg,data\calibration\lfw\lfw\Michael_Phelps\Michael_Phelps_0002.jpg,1,0.75742704
5,data\calibration\lfw\lfw\Michael_Phelps\Michael_Phelps_0002.jpg,data\calibration\lfw\lfw\Michael_Phelps\Michael_Phelps_0004.jpg,1,0.67901528
5,data\calibration\lfw\lfw\Mick_Jagger\Mick_Jagger_0002.jpg,data\calibration\lfw\lfw\Mick_Jagger\Mick_Jagger_0004.jpg,1,0.54317576
5,data\calibration\lfw\lfw\Miguel_Estrada\Miguel_Estrada_0001.jpg,data\calibration\lfw\lfw\Miguel_Estrada\Miguel_Estrada_0002.jpg,1,0.67772692
5,data\calibration\lfw\lfw\Mike_Myers\Mike_Myers_0001.jpg,data\calibration\lfw\lfw\Mike_Myers\Mike_Myers_0006.jpg,1,0.67889524
5,data\calibration\lfw\lfw\Mike_Myers\Mike_Myers_0002.jpg,data\calibration\lfw\lfw\Mike_Myers\Mike_Myers_0003.jpg,1,0.62697488
5,data\calibration\lfw\lfw\Mike_Myers\Mike_Myers_0002.jpg,data\calibration\lfw\lfw\Mike_Myers\Mike_Myers_0004.jpg,1,0.63552016
5,data\calibration\lfw\lfw\Mike_Myers\Mike_Myers_0002.jpg,data\calibration\lfw\lfw\Mike_Myers\Mike_Myers_0005.jpg,1,0.55784225
5,data\calibration\lfw\lfw\Nadine_Vinzens\Nadine_Vinzens_0001.jpg,data\calibration\lfw\lfw\Nadine_Vinzens\Nadine_Vinzens_0002.jpg,1,0.55910349
5,data\calibration\lfw\lfw\Nathan_Lane\Nathan_Lane_0001.jpg,data\calibration\lfw\lfw\Nathan_Lane\Nathan_Lane_0002.jpg,1,0.58778149
5,data\calibration\lfw\lfw\Nicolas_Cage\Nicolas_Cage_0001.jpg,data\calibration\lfw\lfw\Nicolas_Cage\Nicolas_Cage_0002.jpg,1,0.76251590
5,data\calibration\lfw\lfw\Nicolas_Cage\Nicolas_Cage_0002.jpg,data\calibration\lfw\lfw\Nicolas_Cage\Nicolas_Cage_0004.jpg,1,0.76790559
5,data\calibration\lfw\lfw\Nicolas_Cage\Nicolas_Cage_0003.jpg,data\calibration\lfw\lfw\Nicolas_Cage\Nicolas_Cage_0004.jpg,1,0.76729947
5,data\calibration\lfw\lfw\Nicole_Kidman\Nicole_Kidman_0003.jpg,data\calibration\lfw\lfw\Nicole_Kidman\Nicole_Kidman_0011.jpg,1,0.57908458
5,data\calibration\lfw\lfw\Nicole_Kidman\Nicole_Kidman_0008.jpg,data\calibration\lfw\lfw\Nicole_Kidman\Nicole_Kidman_0017.jpg,1,0.65308404
5,data\calibration\lfw\lfw\Nicole_Kidman\Nicole_Kidman_0011.jpg,data\calibration\lfw\lfw\Nicole_Kidman\Nicole_Kidman_0013.jpg,1,0.63940233
5,data\calibration\lfw\lfw\Nicole_Kidman\Nicole_Kidman_0013.jpg,data\calibration\lfw\lfw\Nicole_Kidman\Nicole_Kidman_0014.jpg,1,0.67227614
5,data\calibration\lfw\lfw\Nicole_Kidman\Nicole_Kidman_0015.jpg,data\calibration\lfw\lfw\Nicole_Kidman\Nicole_Kidman_0019.jpg,1,0.28558350
5,data\calibration\lfw\lfw\Omar_Sharif\Omar_Sharif_0001.jpg,data\calibration\lfw\lfw\Omar_Sharif\Omar_Sharif_0002.jpg,1,0.89628816
5,data\calibration\lfw\lfw\Omar_Sharif\Omar_Sharif_0001.jpg,data\calibration\lfw\lfw\Omar_Sharif\Omar_Sharif_0003.jpg,1,0.79359329
5,data\calibration\lfw\lfw\Omar_Sharif\Omar_Sharif_0001.jpg,data\calibration\lfw\lfw\Omar_Sharif\Omar_Sharif_0004.jpg,1,0.71410930
5,data\calibration\lfw\lfw\Omar_Sharif\Omar_Sharif_0002.jpg,data\calibration\lfw\lfw\Omar_Sharif\Omar_Sharif_0003.jpg,1,0.80600530
5,data\calibration\lfw\lfw\Parris_Glendening\Parris_Glendening_0001.jpg,data\calibration\lfw\lfw\Parris_Glendening\Parris_Glendening_0002.jpg,1,0.69624555
5,data\calibration\lfw\lfw\Patrick_Leahy\Patrick_Leahy_0001.jpg,data\calibration\lfw\lfw\Patrick_Leahy\Patrick_Leahy_0002.jpg,1,0.66481650
5,data\calibration\lfw\lfw\Patrick_McEnroe\Patrick_McEnroe_0001.jpg,data\calibration\lfw\lfw\Patrick_McEnroe\Patrick_McEnroe_0002.jpg,1,0.57141149
5,data\calibration\lfw\lfw\Patrick_Stewart\Patrick_Stewart_0001.jpg,data\calibration\lfw\lfw\Patrick_Stewart\Patrick_Stewart_0002.jpg,1,0.72343272
5,data\calibration\lfw\lfw\Paul_Gascoigne\Paul_Gascoigne_0001.jpg,data\calibration\lfw\lfw\Paul_Gascoigne\Paul_Gascoigne_0003.jpg,1,0.65540129
5,data\calibration\lfw\lfw\Peter_Hillary\Peter_Hillary_0001.jpg,data\calibration\lfw\lfw\Peter_Hillary\Peter_Hillary_0002.jpg,1,0.85807371
5,data\calibration\lfw\lfw\Phan_Van_Khai\Phan_Van_Khai_0001.jpg,data\calibration\lfw\lfw\Phan_Van_Khai\Phan_Van_Khai_0002.jpg,1,0.79419959
5,data\calibration\lfw\lfw\Phan_Van_Khai\Phan_Van_Khai_0001.jpg,data\calibration\lfw\lfw\Phan_Van_Khai\Phan_Van_Khai_0003.jpg,1,0.76099235
5,data\calibration\lfw\lfw\Phan_Van_Khai\Phan_Van_Khai_0002.jpg,data\calibration\lfw\lfw\Phan_Van_Khai\Phan_Van_Khai_0003.jpg,1,0.81298214
5,data\calibration\lfw\lfw\Prince_Claus\Prince_Claus_0001.jpg,data\calibration\lfw\lfw\Prince_Claus\Prince_Claus_0004.jpg,1,0.53461397
5,data\calibration\lfw\lfw\Prince_Claus\Prince_Claus_0002.jpg,data\calibration\lfw\lfw\Prince_Claus\Prince_Claus_0003.jpg,1,0.73033088
5,data\calibration\lfw\lfw\Prince_Claus\Prince_Claus_0002.jpg,data\calibration\lfw\lfw\Prince_Claus\Prince_Claus_0004.jpg,1,0.61582249
5,data\calibration\lfw\lfw\Raghad_Saddam_Hussein\Raghad_Saddam_Hussein_0001.jpg,data\calibration\lfw\lfw\Raghad_Saddam_Hussein\Raghad_Saddam_Hussein_0002.jpg,1,0.83808702
5,data\calibration\lfw\lfw\Ray_Allen\Ray_Allen_0001.jpg,data\calibration\lfw\lfw\Ray_Allen\Ray_Allen_0002.jpg,1,0.62088561
5,data\calibration\lfw\lfw\Ray_Allen\Ray_Allen_0002.jpg,data\calibration\lfw\lfw\Ray_Allen\Ray_Allen_0003.jpg,1,0.54364431
5,data\calibration\lfw\lfw\Richard_Crenna\Richard_Crenna_0001.jpg,data\calibration\lfw\lfw\Richard_Crenna\Richard_Crenna_0002.jpg,1,0.73140562
5,data\calibration\lfw\lfw\Richard_Gere\Richard_Gere_0001.jpg,data\calibration\lfw\lfw\Richard_Gere\Richard_Gere_0010.jpg,1,0.56579351
5,data\calibration\lfw\lfw\Richard_Gere\Richard_Gere_0006.jpg,data\calibration\lfw\lfw\Richard_Gere\Richard_Gere_0009.jpg,1,0.63907188
5,data\calibration\lfw\lfw\Richard_Myers\Richard_Myers_0001.jpg,data\calibration\lfw\lfw\Richard_Myers\Richard_Myers_0002.jpg,1,0.06148802
5,data\calibration\lfw\lfw\Richard_Myers\Richard_Myers_0001.jpg,data\calibration\lfw\lfw\Richard_Myers\Richard_Myers_0004.jpg,1,0.00598869
5,data\calibration\lfw\lfw\Richard_Myers\Richard_Myers_0004.jpg,data\calibration\lfw\lfw\Richard_Myers\Richard_Myers_0008.jpg,1,0.64181000
5,data\calibration\lfw\lfw\Richard_Myers\Richard_Myers_0015.jpg,data\calibration\lfw\lfw\Richard_Myers\Richard_Myers_0016.jpg,1,0.76396424
5,data\calibration\lfw\lfw\Rick_Romley\Rick_Romley_0001.jpg,data\calibration\lfw\lfw\Rick_Romley\Rick_Romley_0003.jpg,1,0.77528590
5,data\calibration\lfw\lfw\Rob_Lowe\Rob_Lowe_0001.jpg,data\calibration\lfw\lfw\Rob_Lowe\Rob_Lowe_0003.jpg,1,0.71130848
5,data\calibration\lfw\lfw\Rob_Lowe\Rob_Lowe_0001.jpg,data\calibration\lfw\lfw\Rob_Lowe\Rob_Lowe_0004.jpg,1,0.68375075
5,data\calibration\lfw\lfw\Rob_Lowe\Rob_Lowe_0002.jpg,data\calibration\lfw\lfw\Rob_Lowe\Rob_Lowe_0003.jpg,1,0.68998778
5,data\calibration\lfw\lfw\Rob_Lowe\Rob_Lowe_0003.jpg,data\calibration\lfw\lfw\Rob_Lowe\Rob_Lowe_0004.jpg,1,0.70805532
5,data\calibration\lfw\lfw\Robby_Ginepri\Robby_Ginepri_0001.jpg,data\calibration\lfw\lfw\Robby_Ginepri\Robby_Ginepri_0002.jpg,1,0.60471255
5,data\calibration\lfw\lfw\Robert_Witt\Robert_Witt_0001.jpg,data\calibration\lfw\lfw\Robert_Witt\Robert_Witt_0002.jpg,1,0.81592202
5,data\calibration\lfw\lfw\Rod_Blagojevich\Rod_Blagojevich_0001.jpg,data\calibration\lfw\lfw\Rod_Blagojevich\Rod_Blagojevich_0002.jpg,1,0.77081698
5,data\calibration\lfw\lfw\Rolandas_Paksas\Rolandas_Paksas_0001.jpg,data\calibration\lfw\lfw\Rolandas_Paksas\Rolandas_Paksas_0002.jpg,1,0.52269077
5,data\calibration\lfw\lfw\Russell_Coutts\Russell_Coutts_0001.jpg,data\calibration\lfw\lfw\Russell_Coutts\Russell_Coutts_0002.jpg,1,0.69816667
5,data\calibration\lfw\lfw\Ruth_Dreifuss\Ruth_Dreifuss_0001.jpg,data\calibration\lfw\lfw\Ruth_Dreifuss\Ruth_Dreifuss_0002.jpg,1,0.67650115
5,data\calibration\lfw\lfw\Sally_Kirkland\Sally_Kirkland_0001.jpg,data\calibration\lfw\lfw\Sally_Kirkland\Sally_Kirkland_0004.jpg,1,0.61537874
5,data\calibration\lfw\lfw\Sean_Patrick_OMalley\Sean_Patrick_OMalley_0001.jpg,data\calibration\lfw\lfw\Sean_Patrick_OMalley\Sean_Patrick_OMalley_0003.jpg,1,0.68054414
5,data\calibration\lfw\lfw\Sebastian_Saja\Sebastian_Saja_0001.jpg,data\calibration\lfw\lfw\Sebastian_Saja\Sebastian_Saja_0002.jpg,1,0.50448102
5,data\calibration\lfw\lfw\Sebastian_Saja\Sebastian_Saja_0001.jpg,data\calibration\lfw\lfw\Sebastian_Saja\Sebastian_Saja_0003.jpg,1,0.58714098
5,data\calibration\lfw\lfw\Sila_Calderon\Sila_Calderon_0001.jpg,data\calibration\lfw\lfw\Sila_Calderon\Sila_Calderon_0002.jpg,1,0.77534306
5,data\calibration\lfw\lfw\Sila_Calderon\Sila_Calderon_0001.jpg,data\calibration\lfw\lfw\Sila_Calderon\Sila_Calderon_0003.jpg,1,0.65945816
5,data\calibration\lfw\lfw\Sila_Calderon\Sila_Calderon_0001.jpg,data\calibration\lfw\lfw\Sila_Calderon\Sila_Calderon_0004.jpg,1,0.70459646
5,data\calibration\lfw\lfw\Sila_Calderon\Sila_Calderon_0002.jpg,data\calibration\lfw\lfw\Sila_Calderon\Sila_Calderon_0003.jpg,1,0.68619877
5,data\calibration\lfw\lfw\Stanley_Tong\Stanley_Tong_0001.jpg,data\calibration\lfw\lfw\Stanley_Tong\Stanley_Tong_0002.jpg,1,0.03209480
5,data\calibration\lfw\lfw\Steve_Park\Steve_Park_0001.jpg,data\calibration\lfw\lfw\Steve_Park\Steve_Park_0002.jpg,1,0.70884997
5,data\calibration\lfw\lfw\Susie_Castillo\Susie_Castillo_0001.jpg,data\calibration\lfw\lfw\Susie_Castillo\Susie_Castillo_0002.jpg,1,0.68108785
5,data\calibration\lfw\lfw\Sylvester_Stallone\Sylvester_Stallone_0001.jpg,data\calibration\lfw\lfw\Sylvester_Stallone\Sylvester_Stallone_0005.jpg,1,0.49898878
5,data\calibration\lfw\lfw\Sylvester_Stallone\Sylvester_Stallone_0002.jpg,data\calibration\lfw\lfw\Sylvester_Stallone\Sylvester_Stallone_0004.jpg,1,0.39407045
5,data\calibration\lfw\lfw\Sylvester_Stallone\Sylvester_Stallone_0003.jpg,data\calibration\lfw\lfw\Sylvester_Stallone\Sylvester_Stallone_0008.jpg,1,0.59518743
5,data\calibration\lfw\lfw\Sylvester_Stallone\Sylvester_Stallone_0004.jpg,data\calibration\lfw\lfw\Sylvester_Stallone\Sylvester_Stallone_0005.jpg,1,0.37308434
5,data\calibration\lfw\lfw\Takashi_Sorimachi\Takashi_Sorimachi_0001.jpg,data\calibration\lfw\lfw\Takashi_Sorimachi\Takashi_Sorimachi_0002.jpg,1,0.64198053
5,data\calibration\lfw\lfw\Tang_Jiaxuan\Tang_Jiaxuan_0002.jpg,data\calibration\lfw\lfw\Tang_Jiaxuan\Tang_Jiaxuan_0006.jpg,1,0.76400059
5,data\calibration\lfw\lfw\Tang_Jiaxuan\Tang_Jiaxuan_0002.jpg,data\calibration\lfw\lfw\Tang_Jiaxuan\Tang_Jiaxuan_0011.jpg,1,0.79644203
5,data\calibration\lfw\lfw\Tang_Jiaxuan\Tang_Jiaxuan_0004.jpg,data\calibration\lfw\lfw\Tang_Jiaxuan\Tang_Jiaxuan_0009.jpg,1,0.62551969
5,data\calibration\lfw\lfw\Tang_Jiaxuan\Tang_Jiaxuan_0005.jpg,data\calibration\lfw\lfw\Tang_Jiaxuan\Tang_Jiaxuan_0009.jpg,1,0.63817805
5,data\calibration\lfw\lfw\Tang_Jiaxuan\Tang_Jiaxuan_0007.jpg,data\calibration\lfw\lfw\Tang_Jiaxuan\Tang_Jiaxuan_0010.jpg,1,0.76133221
5,data\calibration\lfw\lfw\Terje_Roed-Larsen\Terje_Roed-Larsen_0001.jpg,data\calibration\lfw\lfw\Terje_Roed-Larsen\Terje_Roed-Larsen_0002.jpg,1,0.68754780
5,data\calibration\lfw\lfw\Thomas_Birmingham\Thomas_Birmingham_0001.jpg,data\calibration\lfw\lfw\Thomas_Birmingham\Thomas_Birmingham_0002.jpg,1,0.66971970
5,data\calibration\lfw\lfw\Tiger_Woods\Tiger_Woods_0002.jpg,data\calibration\lfw\lfw\Tiger_Woods\Tiger_Woods_0006.jpg,1,0.50682992
5,data\calibration\lfw\lfw\Tiger_Woods\Tiger_Woods_0003.jpg,data\calibration\lfw\lfw\Tiger_Woods\Tiger_Woods_0021.jpg,1,0.80521458
5,data\calibration\lfw\lfw\Tiger_Woods\Tiger_Woods_0005.jpg,data\calibration\lfw\lfw\Tiger_Woods\Tiger_Woods_0011.jpg,1,0.54650104
5,data\calibration\lfw\lfw\Tiger_Woods\Tiger_Woods_0005.jpg,data\calibration\lfw\lfw\Tiger_Woods\Tiger_Woods_0012.jpg,1,0.45448449
5,data\calibration\lfw\lfw\Tiger_Woods\Tiger_Woods_0006.jpg,data\calibration\lfw\lfw\Tiger_Woods\Tiger_Woods_0018.jpg,1,0.49866265
5,data\calibration\lfw\lfw\Tiger_Woods\Tiger_Woods_0006.jpg,data\calibration\lfw\lfw\Tiger_Woods\Tiger_Woods_0021.jpg,1,0.54907453
5,data\calibration\lfw\lfw\Tiger_Woods\Tiger_Woods_0009.jpg,data\calibration\lfw\lfw\Tiger_Woods\Tiger_Woods_0012.jpg,1,0.43783802
5,data\calibration\lfw\lfw\Tiger_Woods\Tiger_Woods_0009.jpg,data\calibration\lfw\lfw\Tiger_Woods\Tiger_Woods_0023.jpg,1,0.58869648
5,data\calibration\lfw\lfw\Tiger_Woods\Tiger_Woods_0016.jpg,data\calibration\lfw\lfw\Tiger_Woods\Tiger_Woods_0018.jpg,1,0.72257805
5,data\calibration\lfw\lfw\Tim_Curry\Tim_Curry_0001.jpg,data\calibration\lfw\lfw\Tim_Curry\Tim_Curry_0002.jpg,1,0.74012190
5,data\calibration\lfw\lfw\Tom_Brady\Tom_Brady_0001.jpg,data\calibration\lfw\lfw\Tom_Brady\Tom_Brady_0002.jpg,1,0.48956603
5,data\calibration\lfw\lfw\Toshihiko_Fukui\Toshihiko_Fukui_0001.jpg,data\calibration\lfw\lfw\Toshihiko_Fukui\Toshihiko_Fukui_0002.jpg,1,0.83348995
5,data\calibration\lfw\lfw\Toshihiko_Fukui\Toshihiko_Fukui_0001.jpg,data\calibration\lfw\lfw\Toshihiko_Fukui\Toshihiko_Fukui_0003.jpg,1,0.82322466
5,data\calibration\lfw\lfw\Uma_Thurman\Uma_Thurman_0001.jpg,data\calibration\lfw\lfw\Uma_Thurman\Uma_Thurman_0003.jpg,1,0.66037035
5,data\calibration\lfw\lfw\Uma_Thurman\Uma_Thurman_0002.jpg,data\calibration\lfw\lfw\Uma_Thurman\Uma_Thurman_0003.jpg,1,-0.07940287
5,data\calibration\lfw\lfw\Vaclav_Klaus\Vaclav_Klaus_0001.jpg,data\calibration\lfw\lfw\Vaclav_Klaus\Vaclav_Klaus_0002.jpg,1,0.70435125
5,data\calibration\lfw\lfw\Vanessa_Incontrada\Vanessa_Incontrada_0001.jpg,data\calibration\lfw\lfw\Vanessa_Incontrada\Vanessa_Incontrada_0002.jpg,1,0.74724448
5,data\calibration\lfw\lfw\Vanessa_Incontrada\Vanessa_Incontrada_0001.jpg,data\calibration\lfw\lfw\Vanessa_Incontrada\Vanessa_Incontrada_0003.jpg,1,0.82022166
5,data\calibration\lfw\lfw\Vanessa_Incontrada\Vanessa_Incontrada_0001.jpg,data\calibration\lfw\lfw\Vanessa_Incontrada\Vanessa_Incontrada_0004.jpg,1,0.77144128
5,data\calibration\lfw\lfw\Vanessa_Incontrada\Vanessa_Incontrada_0002.jpg,data\calibration\lfw\lfw\Vanessa_Incontrada\Vanessa_Incontrada_0003.jpg,1,0.66996646
5,data\calibration\lfw\lfw\Vanessa_Incontrada\Vanessa_Incontrada_0002.jpg,data\calibration\lfw\lfw\Vanessa_Incontrada\Vanessa_Incontrada_0004.jpg,1,0.64309192
5,data\calibration\lfw\lfw\Vanessa_Incontrada\Vanessa_Incontrada_0003.jpg,data\calibration\lfw\lfw\Vanessa_Incontrada\Vanessa_Incontrada_0004.jpg,1,0.68017101
5,data\calibration\lfw\lfw\Vin_Diesel\Vin_Diesel_0001.jpg,data\calibration\lfw\lfw\Vin_Diesel\Vin_Diesel_0002.jpg,1,0.60696816
5,data\calibration\lfw\lfw\Vladimir_Spidla\Vladimir_Spidla_0001.jpg,data\calibration\lfw\lfw\Vladimir_Spidla\Vladimir_Spidla_0002.jpg,1,0.78215659
5,data\calibration\lfw\lfw\Vladimir_Spidla\Vladimir_Spidla_0001.jpg,data\calibration\lfw\lfw\Vladimir_Spidla\Vladimir_Spidla_0003.jpg,1,0.74943590
5,data\calibration\lfw\lfw\Vladimir_Spidla\Vladimir_Spidla_0002.jpg,data\calibration\lfw\lfw\Vladimir_Spidla\Vladimir_Spidla_0003.jpg,1,0.75216520
5,data\calibration\lfw\lfw\Win_Aung\Win_Aung_0001.jpg,data\calibration\lfw\lfw\Win_Aung\Win_Aung_0003.jpg,1,0.66582829
5,data\calibration\lfw\lfw\Win_Aung\Win_Aung_0001.jpg,data\calibration\lfw\lfw\Win_Aung\Win_Aung_0004.jpg,1,0.63943875
5,data\calibration\lfw\lfw\Zhang_Ziyi\Zhang_Ziyi_0001.jpg,data\calibration\lfw\lfw\Zhang_Ziyi\Zhang_Ziyi_0003.jpg,1,0.31181368
5,data\calibration\lfw\lfw\Zhang_Ziyi\Zhang_Ziyi_0002.jpg,data\calibration\lfw\lfw\Zhang_Ziyi\Zhang_Ziyi_0003.jpg,1,0.72102261
5,data\calibration\lfw\lfw\Adrian_Annus\Adrian_Annus_0001.jpg,data\calibration\lfw\lfw\Jorge_Marquez-Ruarte\Jorge_Marquez-Ruarte_0001.jpg,0,0.00128309
5,data\calibration\lfw\lfw\Adrian_Annus\Adrian_Annus_0001.jpg,data\calibration\lfw\lfw\Patrick_Bourrat\Patrick_Bourrat_0001.jpg,0,-0.02024661
5,data\calibration\lfw\lfw\Adrian_Murrell\Adrian_Murrell_0001.jpg,data\calibration\lfw\lfw\Jose_Cevallos\Jose_Cevallos_0001.jpg,0,-0.07121559
5,data\calibration\lfw\lfw\Adrian_Murrell\Adrian_Murrell_0001.jpg,data\calibration\lfw\lfw\Paul_Brandt\Paul_Brandt_0001.jpg,0,0.01011375
5,data\calibration\lfw\lfw\Ahmed_Ibrahim_Bilal\Ahmed_Ibrahim_Bilal_0001.jpg,data\calibration\lfw\lfw\Beatrice_Dalle\Beatrice_Dalle_0001.jpg,0,-0.02854128
5,data\calibration\lfw\lfw\Ahmed_Ibrahim_Bilal\Ahmed_Ibrahim_Bilal_0001.jpg,data\calibration\lfw\lfw\Lee_Chang-dong\Lee_Chang-dong_0001.jpg,0,0.00552977
5,data\calibration\lfw\lfw\Aileen_Riggin_Soule\Aileen_Riggin_Soule_0001.jpg,data\calibration\lfw\lfw\Norio_Ohga\Norio_Ohga_0001.jpg,0,-0.06801447
5,data\calibration\lfw\lfw\Aitor_Gonzalez\Aitor_Gonzalez_0002.jpg,data\calibration\lfw\lfw\Horace_Donovan_Reid\Horace_Donovan_Reid_0001.jpg,0,0.05676766
5,data\calibration\lfw\lfw\Ajit_Agarkar\Ajit_Agarkar_0001.jpg,data\calibration\lfw\lfw\Jesse_James\Jesse_James_0001.jpg,0,-0.00930035
5,data\calibration\lfw\lfw\Akbar_Al_Baker\Akbar_Al_Baker_0001.jpg,data\calibration\lfw\lfw\Andrei_Konchalovsky\Andrei_Konchalovsky_0001.jpg,0,-0.02294475
5,data\calibration\lfw\lfw\Akbar_Al_Baker\Akbar_Al_Baker_0001.jpg,data\calibration\lfw\lfw\Bobby_Goldwater\Bobby_Goldwater_0001.jpg,0,0.03616687
5,data\calibration\lfw\lfw\Alain_Cervantes\Alain_Cervantes_0001.jpg,data\calibration\lfw\lfw\Bob_Huggins\Bob_Huggins_0003.jpg,0,-0.04565247
5,data\calibration\lfw\lfw\Alain_Cervantes\Alain_Cervantes_0001.jpg,data\calibration\lfw\lfw\Pierre_Png\Pierre_Png_0001.jpg,0,-0.15518177
5,data\calibration\lfw\lfw\Alanna_Ubach\Alanna_Ubach_0001.jpg,data\calibration\lfw\lfw\Paul_Gascoigne\Paul_Gascoigne_0001.jpg,0,-0.01082170
5,data\calibration\lfw\lfw\Alec_Baldwin\Alec_Baldwin_0004.jpg,data\calibration\lfw\lfw\Goh_Kun\Goh_Kun_0002.jpg,0,-0.03673678
5,data\calibration\lfw\lfw\Alex_Holmes\Alex_Holmes_0001.jpg,data\calibration\lfw\lfw\Beatrice_Dalle\Beatrice_Dalle_0001.jpg,0,0.03300789
5,data\calibration\lfw\lfw\Alfred_Sant\Alfred_Sant_0001.jpg,data\calibration\lfw\lfw\Randall_Tobias\Randall_Tobias_0001.jpg,0,0.02477813
5,data\calibration\lfw\lfw\Alfredo_Moreno\Alfredo_Moreno_0001.jpg,data\calibration\lfw\lfw\Dyab_Abou_Jahjah\Dyab_Abou_Jahjah_0001.jpg,0,0.07293149
5,data\calibration\lfw\lfw\Alfredo_Moreno\Alfredo_Moreno_0001.jpg,data\calibration\lfw\lfw\Suzanne_Torrance\Suzanne_Torrance_0001.jpg,0,-0.04297448
5,data\calibration\lfw\lfw\Alfredo_Pena\Alfredo_Pena_0001.jpg,data\calibration\lfw\lfw\Emmanuel_Milingo\Emmanuel_Milingo_0001.jpg,0,0.07746688
5,data\calibration\lfw\lfw\Alvaro_Noboa\Alvaro_Noboa_0001.jpg,data\calibration\lfw\lfw\Phan_Van_Khai\Phan_Van_Khai_0001.jpg,0,0.05727345
5,data\calibration\lfw\lfw\Alvaro_Noboa\Alvaro_Noboa_0002.jpg,data\calibration\lfw\lfw\Timothy_Rigas\Timothy_Rigas_0001.jpg,0,-0.02143428
5,data\calibration\lfw\lfw\Amanda_Coetzer\Amanda_Coetzer_0001.jpg,data\calibration\lfw\lfw\Bridgette_Wilson-Sampras\Bridgette_Wilson-Sampras_0002.jpg,0,0.01057467
5,data\calibration\lfw\lfw\Amanda_Coetzer\Amanda_Coetzer_0001.jpg,data\calibration\lfw\lfw\Eddie_Jordan\Eddie_Jordan_0001.jpg,0,0.04151075
5,data\calibration\lfw\lfw\Amer_al-Saadi\Amer_al-Saadi_0004.jpg,data\calibration\lfw\lfw\Miguel_Cotto\Miguel_Cotto_0001.jpg,0,0.01783233
5,data\calibration\lfw\lfw\Amy_Brenneman\Amy_Brenneman_0001.jpg,data\calibration\lfw\lfw\Russell_Coutts\Russell_Coutts_0002.jpg,0,0.02369188
5,data\calibration\lfw\lfw\Amy_Brenneman\Amy_Brenneman_0001.jpg,data\calibration\lfw\lfw\Terje_Roed-Larsen\Terje_Roed-Larsen_0001.jpg,0,-0.08340029
5,data\calibration\lfw\lfw\Andrew_Firestone\Andrew_Firestone_0001.jpg,data\calibration\lfw\lfw\Harry_Schmidt\Harry_Schmidt_0004.jpg,0,-0.01213342
5,data\calibration\lfw\lfw\Andrew_Firestone\Andrew_Firestone_0001.jpg,data\calibration\lfw\lfw\Ian_Campbell\Ian_Campbell_0001.jpg,0,0.15943223
5,data\calibration\lfw\lfw\Andrew_Firestone\Andrew_Firestone_0001.jpg,data\calibration\lfw\lfw\Jose_Acasuso\Jose_Acasuso_0001.jpg,0,-0.01400085
5,data\calibration\lfw\lfw\Andrew_Firestone\Andrew_Firestone_0001.jpg,data\calibration\lfw\lfw\Omar_Sharif\Omar_Sharif_0004.jpg,0,0.04167369
5,data\calibration\lfw\lfw\Andy_Graves\Andy_Graves_0001.jpg,data\calibration\lfw\lfw\Gil_de_Ferran\Gil_de_Ferran_0001.jpg,0,0.01465323
5,data\calibration\lfw\lfw\Angela_Alvarado_Rosa\Angela_Alvarado_Rosa_0001.jpg,data\calibration\lfw\lfw\Gerald_Calabrese\Gerald_Calabrese_0001.jpg,0,-0.00229865
5,data\calibration\lfw\lfw\Angela_Alvarado_Rosa\Angela_Alvarado_Rosa_0001.jpg,data\calibration\lfw\lfw\Jeffrey_Jones\Jeffrey_Jones_0001.jpg,0,0.09305952
5,data\calibration\lfw\lfw\Anneli_Jaatteenmaki\Anneli_Jaatteenmaki_0002.jpg,data\calibration\lfw\lfw\Eric_Robert_Rudolph\Eric_Robert_Rudolph_0002.jpg,0,0.01265830
5,data\calibration\lfw\lfw\Anneli_Jaatteenmaki\Anneli_Jaatteenmaki_0002.jpg,data\calibration\lfw\lfw\Gerry_Adams\Gerry_Adams_0006.jpg,0,0.02124915
5,data\calibration\lfw\lfw\Anneli_Jaatteenmaki\Anneli_Jaatteenmaki_0002.jpg,data\calibration\lfw\lfw\Jorge_Marquez-Ruarte\Jorge_Marquez-Ruarte_0001.jpg,0,-0.06205205
5,data\calibration\lfw\lfw\Anthony_Corso\Anthony_Corso_0001.jpg,data\calibration\lfw\lfw\Johnny_Benson\Johnny_Benson_0001.jpg,0,-0.02358309
5,data\calibration\lfw\lfw\Anthony_Corso\Anthony_Corso_0001.jpg,data\calibration\lfw\lfw\Ray_Allen\Ray_Allen_0003.jpg,0,-0.01384638
5,data\calibration\lfw\lfw\Anthony_Pico\Anthony_Pico_0001.jpg,data\calibration\lfw\lfw\Stephanie_Cohen_Aloro\Stephanie_Cohen_Aloro_0001.jpg,0,0.04604244
5,data\calibration\lfw\lfw\Ari_Fleischer\Ari_Fleischer_0001.jpg,data\calibration\lfw\lfw\Razali_Ismail\Razali_Ismail_0001.jpg,0,0.12242544
5,data\calibration\lfw\lfw\Ari_Fleischer\Ari_Fleischer_0009.jpg,data\calibration\lfw\lfw\Jean-Marc_de_La_Sabliere\Jean-Marc_de_La_Sabliere_0002.jpg,0,-0.11253189
5,data\calibration\lfw\lfw\Arianna_Huffington\Arianna_Huffington_0004.jpg,data\calibration\lfw\lfw\Philippe_Gagnon\Philippe_Gagnon_0001.jpg,0,-0.04292458
5,data\calibration\lfw\lfw\Arnaud_Clement\Arnaud_Clement_0001.jpg,data\calibration\lfw\lfw\Jeffrey_Jones\Jeffrey_Jones_0002.jpg,0,-0.03008239
5,data\calibration\lfw\lfw\Arnaud_Clement\Arnaud_Clement_0001.jpg,data\calibration\lfw\lfw\King_Gyanendra\King_Gyanendra_0001.jpg,0,-0.02213408
5,data\calibration\lfw\lfw\Arnaud_Clement\Arnaud_Clement_0002.jpg,data\calibration\lfw\lfw\Grady_Irvin_Jr\Grady_Irvin_Jr_0002.jpg,0,-0.09446307
5,data\calibration\lfw\lfw\Arnold_Scott\Arnold_Scott_0001.jpg,data\calibration\lfw\lfw\Randy_Dryer\Randy_Dryer_0001.jpg,0,0.16695568
5,data\calibration\lfw\lfw\Art_Howe\Art_Howe_0002.jpg,data\calibration\lfw\lfw\Luciano_Bovicelli\Luciano_Bovicelli_0001.jpg,0,-0.13073726
5,data\calibration\lfw\lfw\Art_Howe\Art_Howe_0003.jpg,data\calibration\lfw\lfw\Teresa_Worbis\Teresa_Worbis_0001.jpg,0,0.07397732
5,data\calibration\lfw\lfw\Artieas_Shanks\Artieas_Shanks_0001.jpg,data\calibration\lfw\lfw\Derek_King\Derek_King_0001.jpg,0,0.02821726
5,data\calibration\lfw\lfw\Astrid_Betancourt\Astrid_Betancourt_0001.jpg,data\calibration\lfw\lfw\Frederick_Madden\Frederick_Madden_0001.jpg,0,0.01699306
5,data\calibration\lfw\lfw\Barbara_De_Brun\Barbara_De_Brun_0001.jpg,data\calibration\lfw\lfw\Cosmo_Iacavazzi\Cosmo_Iacavazzi_0001.jpg,0,0.02992515
5,data\calibration\lfw\lfw\Barry_Collier\Barry_Collier_0001.jpg,data\calibration\lfw\lfw\Narendra_Modi\Narendra_Modi_0001.jpg,0,-0.05023540
5,data\calibration\lfw\lfw\Ben_Affleck\Ben_Affleck_0003.jpg,data\calibration\lfw\lfw\Patricia_Hearst\Patricia_Hearst_0001.jpg,0,-0.04421939
5,data\calibration\lfw\lfw\Ben_Affleck\Ben_Affleck_0004.jpg,data\calibration\lfw\lfw\Daniel_Scioli\Daniel_Scioli_0001.jpg,0,-0.03594262
5,data\calibration\lfw\lfw\Ben_Affleck\Ben_Affleck_0007.jpg,data\calibration\lfw\lfw\Marcio_de_Souza\Marcio_de_Souza_0001.jpg,0,0.05331648
5,data\calibration\lfw\lfw\Ben_Broussard\Ben_Broussard_0001.jpg,data\calibration\lfw\lfw\Rudi_Voeller\Rudi_Voeller_0001.jpg,0,0.01642083
5,data\calibration\lfw\lfw\Betsy_Smith\Betsy_Smith_0002.jpg,data\calibration\lfw\lfw\Steven_Kinlock\Steven_Kinlock_0001.jpg,0,0.00624775
5,data\calibration\lfw\lfw\Betty_Williams\Betty_Williams_0001.jpg,data\calibration\lfw\lfw\Mary_Catherine_Correll\Mary_Catherine_Correll_0001.jpg,0,0.12291467
5,data\calibration\lfw\lfw\Bianca_Jagger\Bianca_Jagger_0001.jpg,data\calibration\lfw\lfw\Dario_Camuffo\Dario_Camuffo_0001.jpg,0,0.03177273
5,data\calibration\lfw\lfw\Bianca_Jagger\Bianca_Jagger_0001.jpg,data\calibration\lfw\lfw\Fabricio_Oberto\Fabricio_Oberto_0001.jpg,0,-0.06641442
5,data\calibration\lfw\lfw\Bill_Callahan\Bill_Callahan_0001.jpg,data\calibration\lfw\lfw\Gina_Gershon\Gina_Gershon_0001.jpg,0,0.06488428
5,data\calibration\lfw\lfw\Bill_Kollar\Bill_Kollar_0001.jpg,data\calibration\lfw\lfw\Gina_Gershon\Gina_Gershon_0001.jpg,0,0.00140005
5,data\calibration\lfw\lfw\Bill_Kollar\Bill_Kollar_0001.jpg,data\calibration\lfw\lfw\Jose_Miguel_Aleman\Jose_Miguel_Aleman_0001.jpg,0,0.05814782
5,data\calibration\lfw\lfw\Bill_Kollar\Bill_Kollar_0001.jpg,data\calibration\lfw\lfw\Mae_Jemison\Mae_Jemison_0001.jpg,0,-0.01943031
5,data\calibration\lfw\lfw\Bill_Kollar\Bill_Kollar_0001.jpg,data\calibration\lfw\lfw\Mohammed_Ashraf_Hafiz\Mohammed_Ashraf_Hafiz_0001.jpg,0,-0.03402832
5,data\calibration\lfw\lfw\Bill_Kollar\Bill_Kollar_0001.jpg,data\calibration\lfw\lfw\Patty_Sheehan\Patty_Sheehan_0001.jpg,0,-0.07912662
5,data\calibration\lfw\lfw\Bill_Parsons\Bill_Parsons_0001.jpg,data\calibration\lfw\lfw\Donna_Barrera\Donna_Barrera_0001.jpg,0,-0.00730858
5,data\calibration\lfw\lfw\Bill_Stein\Bill_Stein_0001.jpg,data\calibration\lfw\lfw\Vanessa_Incontrada\Vanessa_Incontrada_0004.jpg,0,0.04532380
5,data\calibration\lfw\lfw\Blythe_Hartley\Blythe_Hartley_0001.jpg,data\calibration\lfw\lfw\Jackie_Dennis\Jackie_Dennis_0001.jpg,0,0.04198667
5,data\calibration\lfw\lfw\Blythe_Hartley\Blythe_Hartley_0002.jpg,data\calibration\lfw\lfw\Gil_de_Ferran\Gil_de_Ferran_0002.jpg,0,0.01085898
5,data\calibration\lfw\lfw\Bob_Curtis\Bob_Curtis_0001.jpg,data\calibration\lfw\lfw\Helen_Clark\Helen_Clark_0001.jpg,0,0.02217507
5,data\calibration\lfw\lfw\Bob_Huggins\Bob_Huggins_0003.jpg,data\calibration\lfw\lfw\Sylvester_Stallone\Sylvester_Stallone_0002.jpg,0,0.07869789
5,data\calibration\lfw\lfw\Bobby_Goldwater\Bobby_Goldwater_0001.jpg,data\calibration\lfw\lfw\John_Moxley\John_Moxley_0001.jpg,0,0.01859691
5,data\calibration\lfw\lfw\Bobby_Goldwater\Bobby_Goldwater_0001.jpg,data\calibration\lfw\lfw\Ulrich_Kueperkoch\Ulrich_Kueperkoch_0001.jpg,0,0.05121122
5,data\calibration\lfw\lfw\Bono\Bono_0003.jpg,data\calibration\lfw\lfw\Ian_Huntley\Ian_Huntley_0001.jpg,0,-0.05701070
5,data\calibration\lfw\lfw\Brad_Garrett\Brad_Garrett_0001.jpg,data\calibration\lfw\lfw\Hoda_Asfor\Hoda_Asfor_0001.jpg,0,-0.00763199
5,data\calibration\lfw\lfw\Brad_Garrett\Brad_Garrett_0004.jpg,data\calibration\lfw\lfw\Wang_Nan\Wang_Nan_0001.jpg,0,-0.13234398
5,data\calibration\lfw\lfw\Brandon_Hammond\Brandon_Hammond_0001.jpg,data\calibration\lfw\lfw\Thomas_Kelly\Thomas_Kelly_0001.jpg,0,-0.04287224
5,data\calibration\lfw\lfw\Brandon_Robinson\Brandon_Robinson_0001.jpg,data\calibration\lfw\lfw\Giovanny_Cordoba\Giovanny_Cordoba_0001.jpg,0,0.02108021
5,data\calibration\lfw\lfw\Brandon_Robinson\Brandon_Robinson_0001.jpg,data\calibration\lfw\lfw\Michael_Linscott\Michael_Linscott_0001.jpg,0,0.03370929
5,data\calibration\lfw\lfw\Brandon_Robinson\Brandon_Robinson_0001.jpg,data\calibration\lfw\lfw\Shi_Guangsheng\Shi_Guangsheng_0001.jpg,0,-0.05992676
5,data\calibration\lfw\lfw\Brendan_Stai\Brendan_Stai_0001.jpg,data\calibration\lfw\lfw\Dan_Guerrero\Dan_Guerrero_0001.jpg,0,-0.04456241
5,data\calibration\lfw\lfw\Brett_Boone\Brett_Boone_0001.jpg,data\calibration\lfw\lfw\Jean-Marc_de_La_Sabliere\Jean-Marc_de_La_Sabliere_0001.jpg,0,0.07932284
5,data\calibration\lfw\lfw\Brett_Boone\Brett_Boone_0001.jpg,data\calibration\lfw\lfw\Teresa_Worbis\Teresa_Worbis_0001.jpg,0,-0.03237100
5,data\calibration\lfw\lfw\Brian_Billick\Brian_Billick_0001.jpg,data\calibration\lfw\lfw\Ian_Huntley\Ian_Huntley_0001.jpg,0,0.06735875
5,data\calibration\lfw\lfw\Brian_Billick\Brian_Billick_0001.jpg,data\calibration\lfw\lfw\John_Wayne\John_Wayne_0001.jpg,0,0.02305770
5,data\calibration\lfw\lfw\Brian_Billick\Brian_Billick_0001.jpg,data\calibration\lfw\lfw\Stephanie_Moore\Stephanie_Moore_0001.jpg,0,0.02868538
5,data\calibration\lfw\lfw\Brian_Olson\Brian_Olson_0001.jpg,data\calibration\lfw\lfw\Roberto_Tovar\Roberto_Tovar_0001.jpg,0,0.03860448
5,data\calibration\lfw\lfw\Bud_Selig\Bud_Selig_0001.jpg,data\calibration\lfw\lfw\Franz_Fischler\Franz_Fischler_0001.jpg,0,0.00273125
5,data\calibration\lfw\lfw\Bud_Selig\Bud_Selig_0003.jpg,data\calibration\lfw\lfw\John_Duprey\John_Duprey_0001.jpg,0,-0.06498280
5,data\calibration\lfw\lfw\Carla_Moreno\Carla_Moreno_0001.jpg,data\calibration\lfw\lfw\Suzanne_Torrance\Suzanne_Torrance_0001.jpg,0,-0.02211752
5,data\calibration\lfw\lfw\Carla_Moreno\Carla_Moreno_0001.jpg,data\calibration\lfw\lfw\Tang_Jiaxuan\Tang_Jiaxuan_0003.jpg,0,0.05882375
5,data\calibration\lfw\lfw\Carlos_Beltran\Carlos_Beltran_0001.jpg,data\calibration\lfw\lfw\Ulrich_Kueperkoch\Ulrich_Kueperkoch_0001.jpg,0,0.06361342
5,data\calibration\lfw\lfw\Carlos_Ghosn\Carlos_Ghosn_0001.jpg,data\calibration\lfw\lfw\Jim_Paxson\Jim_Paxson_0001.jpg,0,-0.04300833
5,data\calibration\lfw\lfw\Carlos_Ghosn\Carlos_Ghosn_0002.jpg,data\calibration\lfw\lfw\Ray_Allen\Ray_Allen_0003.jpg,0,0.00631872
5,data\calibration\lfw\lfw\Carlton_Dotson\Carlton_Dotson_0001.jpg,data\calibration\lfw\lfw\Jim_Paxson\Jim_Paxson_0001.jpg,0,0.09464929
5,data\calibration\lfw\lfw\Carlton_Dotson\Carlton_Dotson_0001.jpg,data\calibration\lfw\lfw\Patrick_Bourrat\Patrick_Bourrat_0001.jpg,0,0.06742248
5,data\calibration\lfw\lfw\Carlton_Dotson\Carlton_Dotson_0001.jpg,data\calibration\lfw\lfw\Porter_Goss\Porter_Goss_0001.jpg,0,-0.07220719
5,data\calibration\lfw\lfw\Carlton_Dotson\Carlton_Dotson_0001.jpg,data\calibration\lfw\lfw\Vyacheslav_Fetisov\Vyacheslav_Fetisov_0001.jpg,0,-0.06974371
5,data\calibration\lfw\lfw\Cass_Ballenger\Cass_Ballenger_0001.jpg,data\calibration\lfw\lfw\Norio_Ohga\Norio_Ohga_0001.jpg,0,-0.02536855
5,data\calibration\lfw\lfw\Cecile_de_France\Cecile_de_France_0001.jpg,data\calibration\lfw\lfw\Dyab_Abou_Jahjah\Dyab_Abou_Jahjah_0001.jpg,0,-0.02356933
5,data\calibration\lfw\lfw\Cecile_de_France\Cecile_de_France_0001.jpg,data\calibration\lfw\lfw\Terrence_Kiel\Terrence_Kiel_0001.jpg,0,-0.00919267
5,data\calibration\lfw\lfw\Charles_Bell\Charles_Bell_0001.jpg,data\calibration\lfw\lfw\Tatjana_Gsell\Tatjana_Gsell_0001.jpg,0,0.06314552
5,data\calibration\lfw\lfw\Charlotte_Rampling\Charlotte_Rampling_0001.jpg,data\calibration\lfw\lfw\Lana_Clarkson\Lana_Clarkson_0002.jpg,0,-0.02861882
5,data\calibration\lfw\lfw\Chick_Hearn\Chick_Hearn_0001.jpg,data\calibration\lfw\lfw\Mohammed_Salmane\Mohammed_Salmane_0001.jpg,0,0.02629011
5,data\calibration\lfw\lfw\Christopher_Reeve\Christopher_Reeve_0004.jpg,data\calibration\lfw\lfw\Pauline_Landers\Pauline_Landers_0001.jpg,0,0.03865818
5,data\calibration\lfw\lfw\Christopher_Reeve\Christopher_Reeve_0004.jpg,data\calibration\lfw\lfw\Scott_OGrady\Scott_OGrady_0001.jpg,0,0.01153991
5,data\calibration\lfw\lfw\Cindy_Margolis\Cindy_Margolis_0001.jpg,data\calibration\lfw\lfw\Mark_Cuban\Mark_Cuban_0002.jpg,0,-0.04908827
5,data\calibration\lfw\lfw\Claire_Danes\Claire_Danes_0002.jpg,data\calibration\lfw\lfw\Nadine_Vinzens\Nadine_Vinzens_0001.jpg,0,-0.01377415
5,data\calibration\lfw\lfw\Claudio_Lopez\Claudio_Lopez_0001.jpg,data\calibration\lfw\lfw\Gabrielle_Rose\Gabrielle_Rose_0001.jpg,0,0.00528780
5,data\calibration\lfw\lfw\Collis_Temple_III\Collis_Temple_III_0001.jpg,data\calibration\lfw\lfw\Eva_Amurri\Eva_Amurri_0001.jpg,0,0.00320090
5,data\calibration\lfw\lfw\Collis_Temple_III\Collis_Temple_III_0001.jpg,data\calibration\lfw\lfw\Rob_Niedermayer\Rob_Niedermayer_0001.jpg,0,0.00067746
5,data\calibration\lfw\lfw\Collis_Temple_III\Collis_Temple_III_0001.jpg,data\calibration\lfw\lfw\Santiago_Botero\Santiago_Botero_0001.jpg,0,-0.05659949
5,data\calibration\lfw\lfw\Collis_Temple_III\Collis_Temple_III_0001.jpg,data\calibration\lfw\lfw\Simon_Chalk\Simon_Chalk_0001.jpg,0,-0.02862307
5,data\calibration\lfw\lfw\Conan_OBrien\Conan_OBrien_0001.jpg,data\calibration\lfw\lfw\Liliana_Cavani\Liliana_Cavani_0001.jpg,0,0.06208038
5,data\calibration\lfw\lfw\Corinna_Harfouch\Corinna_Harfouch_0001.jpg,data\calibration\lfw\lfw\Ivo_Dubs\Ivo_Dubs_0001.jpg,0,0.09243295
5,data\calibration\lfw\lfw\Corinna_Harfouch\Corinna_Harfouch_0001.jpg,data\calibration\lfw\lfw\Tim_Curry\Tim_Curry_0001.jpg,0,0.04774558
5,data\calibration\lfw\lfw\Cristina_Kirchner\Cristina_Kirchner_0001.jpg,data\calibration\lfw\lfw\Stefanie_De_Roux\Stefanie_De_Roux_0001.jpg,0,-0.05311150
5,data\calibration\lfw\lfw\Dan_Boyle\Dan_Boyle_0001.jpg,data\calibration\lfw\lfw\Paul_Clark\Paul_Clark_0001.jpg,0,0.14283293
5,data\calibration\lfw\lfw\Dan_Boyle\Dan_Boyle_0001.jpg,data\calibration\lfw\lfw\Thabo_Mbeki\Thabo_Mbeki_0003.jpg,0,0.01488042
5,data\calibration\lfw\lfw\Daniel_Chin\Daniel_Chin_0001.jpg,data\calibration\lfw\lfw\Ian_Huntley\Ian_Huntley_0001.jpg,0,-0.03508285
5,data\calibration\lfw\lfw\Daniel_Chin\Daniel_Chin_0001.jpg,data\calibration\lfw\lfw\Jim_Letten\Jim_Letten_0001.jpg,0,0.08361594
5,data\calibration\lfw\lfw\Daniel_Chin\Daniel_Chin_0001.jpg,data\calibration\lfw\lfw\Julia_Glass\Julia_Glass_0001.jpg,0,0.07977315
5,data\calibration\lfw\lfw\Daniel_Scioli\Daniel_Scioli_0001.jpg,data\calibration\lfw\lfw\Lena_Katina\Lena_Katina_0001.jpg,0,0.05163118
5,data\calibration\lfw\lfw\Daniel_Scioli\Daniel_Scioli_0001.jpg,data\calibration\lfw\lfw\Lindsay_Lohan\Lindsay_Lohan_0001.jpg,0,-0.04311864
5,data\calibration\lfw\lfw\Dario_Camuffo\Dario_Camuffo_0001.jpg,data\calibration\lfw\lfw\Eli_Stutsman\Eli_Stutsman_0001.jpg,0,0.03964172
5,data\calibration\lfw\lfw\David_Brinkley\David_Brinkley_0001.jpg,data\calibration\lfw\lfw\Jeff_Bridges\Jeff_Bridges_0001.jpg,0,-0.13063797
5,data\calibration\lfw\lfw\David_Brinkley\David_Brinkley_0001.jpg,data\calibration\lfw\lfw\Stephen_Arigbabu\Stephen_Arigbabu_0001.jpg,0,-0.08449390
5,data\calibration\lfw\lfw\David_Montoya\David_Montoya_0001.jpg,data\calibration\lfw\lfw\Mary_Elizabeth_Mastrantonio\Mary_Elizabeth_Mastrantonio_0001.jpg,0,-0.05531890
5,data\calibration\lfw\lfw\David_Siegel\David_Siegel_0001.jpg,data\calibration\lfw\lfw\Francis_Mer\Francis_Mer_0001.jpg,0,-0.03907979
5,data\calibration\lfw\lfw\Dennis_Johnson\Dennis_Johnson_0001.jpg,data\calibration\lfw\lfw\Satnarine_Sharma\Satnarine_Sharma_0001.jpg,0,-0.03801438
5,data\calibration\lfw\lfw\Denys_Arcand\Denys_Arcand_0001.jpg,data\calibration\lfw\lfw\Nadine_Vinzens\Nadine_Vinzens_0002.jpg,0,0.05321592
5,data\calibration\lfw\lfw\Derek_Jeter\Derek_Jeter_0001.jpg,data\calibration\lfw\lfw\Tian_Zhuang_Zhuang\Tian_Zhuang_Zhuang_0001.jpg,0,-0.01407749
5,data\calibration\lfw\lfw\Derek_Jeter\Derek_Jeter_0003.jpg,data\calibration\lfw\lfw\Jolanta_Kwasniewski\Jolanta_Kwasniewski_0002.jpg,0,0.02994241
5,data\calibration\lfw\lfw\Derek_King\Derek_King_0001.jpg,data\calibration\lfw\lfw\Yasein_Taher\Yasein_Taher_0001.jpg,0,0.05875084
5,data\calibration\lfw\lfw\Derrick_Battie\Derrick_Battie_0001.jpg,data\calibration\lfw\lfw\Ian_Huntley\Ian_Huntley_0001.jpg,0,0.12367161
5,data\calibration\lfw\lfw\Diego_Armando_Maradona\Diego_Armando_Maradona_0001.jpg,data\calibration\lfw\lfw\Robert_Gordon_Card\Robert_Gordon_Card_0001.jpg,0,-0.07280096
5,data\calibration\lfw\lfw\Don_King\Don_King_0001.jpg,data\calibration\lfw\lfw\Thomas_Kelly\Thomas_Kelly_0001.jpg,0,-0.04056896
5,data\calibration\lfw\lfw\Don_King\Don_King_0001.jpg,data\calibration\lfw\lfw\Zurab_Tsereteli\Zurab_Tsereteli_0001.jpg,0,-0.00498509
5,data\calibration\lfw\lfw\Donna_Barrera\Donna_Barrera_0001.jpg,data\calibration\lfw\lfw\Francis_Mer\Francis_Mer_0002.jpg,0,-0.00342726
5,data\calibration\lfw\lfw\Donna_Shalala\Donna_Shalala_0002.jpg,data\calibration\lfw\lfw\Sereyvuth_Kem\Sereyvuth_Kem_0001.jpg,0,-0.02674125
5,data\calibration\lfw\lfw\Duncan_Fletcher\Duncan_Fletcher_0001.jpg,data\calibration\lfw\lfw\John_Cusack\John_Cusack_0002.jpg,0,0.09257527
5,data\calibration\lfw\lfw\Duncan_Fletcher\Duncan_Fletcher_0001.jpg,data\calibration\lfw\lfw\Mike_Alden\Mike_Alden_0001.jpg,0,-0.06432686
5,data\calibration\lfw\lfw\Dustin_Brown\Dustin_Brown_0001.jpg,data\calibration\lfw\lfw\Jose_Cevallos\Jose_Cevallos_0001.jpg,0,0.06278079
5,data\calibration\lfw\lfw\Dyab_Abou_Jahjah\Dyab_Abou_Jahjah_0001.jpg,data\calibration\lfw\lfw\John_Cornyn\John_Cornyn_0001.jpg,0,0.03507638
5,data\calibration\lfw\lfw\Ed_Mekertichian\Ed_Mekertichian_0001.jpg,data\calibration\lfw\lfw\Paul_Clark\Paul_Clark_0001.jpg,0,-0.00560097
5,data\calibration\lfw\lfw\Edmund_Hillary\Edmund_Hillary_0002.jpg,data\calibration\lfw\lfw\Miguel_Cotto\Miguel_Cotto_0001.jpg,0,0.07701997
5,data\calibration\lfw\lfw\Elena_Likhovtseva\Elena_Likhovtseva_0001.jpg,data\calibration\lfw\lfw\Marty_Mornhinweg\Marty_Mornhinweg_0002.jpg,0,0.03658963
5,data\calibration\lfw\lfw\Eli_Stutsman\Eli_Stutsman_0001.jpg,data\calibration\lfw\lfw\Kalpana_Chawla\Kalpana_Chawla_0004.jpg,0,0.07253136
5,data\calibration\lfw\lfw\Eli_Stutsman\Eli_Stutsman_0001.jpg,data\calibration\lfw\lfw\Marcio_de_Souza\Marcio_de_Souza_0001.jpg,0,0.00076170
5,data\calibration\lfw\lfw\Eli_Stutsman\Eli_Stutsman_0001.jpg,data\calibration\lfw\lfw\Michael_Phelps\Michael_Phelps_0001.jpg,0,0.05246935
5,data\calibration\lfw\lfw\Elizabeth_Regan\Elizabeth_Regan_0001.jpg,data\calibration\lfw\lfw\Eugene_Teslovic\Eugene_Teslovic_0001.jpg,0,-0.02132008
5,data\calibration\lfw\lfw\Emmanuel_Milingo\Emmanuel_Milingo_0001.jpg,data\calibration\lfw\lfw\Enrica_Fico\Enrica_Fico_0001.jpg,0,0.00341231
5,data\calibration\lfw\lfw\Enola_Rice\Enola_Rice_0001.jpg,data\calibration\lfw\lfw\Lana_Clarkson\Lana_Clarkson_0002.jpg,0,0.11276726
5,data\calibration\lfw\lfw\Erin_Runnion\Erin_Runnion_0003.jpg,data\calibration\lfw\lfw\Rob_Lowe\Rob_Lowe_0002.jpg,0,-0.04146264
5,data\calibration\lfw\lfw\Eugene_Teslovic\Eugene_Teslovic_0001.jpg,data\calibration\lfw\lfw\Goh_Kun\Goh_Kun_0001.jpg,0,-0.07314553
5,data\calibration\lfw\lfw\Eugene_Teslovic\Eugene_Teslovic_0001.jpg,data\calibration\lfw\lfw\Jean-Marc_de_La_Sabliere\Jean-Marc_de_La_Sabliere_0002.jpg,0,-0.02885250
5,data\calibration\lfw\lfw\Eva_Amurri\Eva_Amurri_0001.jpg,data\calibration\lfw\lfw\Tanya_Holyk\Tanya_Holyk_0001.jpg,0,0.00213446
5,data\calibration\lfw\lfw\Fabricio_Oberto\Fabricio_Oberto_0001.jpg,data\calibration\lfw\lfw\Rudi_Voeller\Rudi_Voeller_0001.jpg,0,-0.03572605
5,data\calibration\lfw\lfw\Felix_Sanchez\Felix_Sanchez_0001.jpg,data\calibration\lfw\lfw\Ian_Moran\Ian_Moran_0001.jpg,0,-0.00580573
5,data\calibration\lfw\lfw\Fernando_Henrique_Cardoso\Fernando_Henrique_Cardoso_0001.jpg,data\calibration\lfw\lfw\Michael_Phelps\Michael_Phelps_0001.jpg,0,0.00202993
5,data\calibration\lfw\lfw\Fernando_Henrique_Cardoso\Fernando_Henrique_Cardoso_0008.jpg,data\calibration\lfw\lfw\Sherry_Fisher\Sherry_Fisher_0001.jpg,0,-0.04595440
5,data\calibration\lfw\lfw\Francis_Mer\Francis_Mer_0002.jpg,data\calibration\lfw\lfw\Patrick_Bourrat\Patrick_Bourrat_0001.jpg,0,-0.00163594
5,data\calibration\lfw\lfw\Franz_Fischler\Franz_Fischler_0002.jpg,data\calibration\lfw\lfw\Robert_Lange\Robert_Lange_0001.jpg,0,0.01692078
5,data\calibration\lfw\lfw\Frederick_Madden\Frederick_Madden_0001.jpg,data\calibration\lfw\lfw\Gary_Condit\Gary_Condit_0001.jpg,0,0.03664249
5,data\calibration\lfw\lfw\Gary_Bauer\Gary_Bauer_0001.jpg,data\calibration\lfw\lfw\Greg_Hodge\Greg_Hodge_0001.jpg,0,0.07304502
5,data\calibration\lfw\lfw\Gary_Condit\Gary_Condit_0001.jpg,data\calibration\lfw\lfw\Nathan_Lane\Nathan_Lane_0002.jpg,0,0.10324351
5,data\calibration\lfw\lfw\Gary_Locke\Gary_Locke_0001.jpg,data\calibration\lfw\lfw\Marcio_de_Souza\Marcio_de_Souza_0001.jpg,0,-0.01820980
5,data\calibration\lfw\lfw\Gen_Meredith\Gen_Meredith_0001.jpg,data\calibration\lfw\lfw\Matthew_Vaughan\Matthew_Vaughan_0001.jpg,0,-0.06398096
5,data\calibration\lfw\lfw\Gerry_Adams\Gerry_Adams_0008.jpg,data\calibration\lfw\lfw\Jamir_Miller\Jamir_Miller_0001.jpg,0,0.02497863
5,data\calibration\lfw\lfw\Gilles_Panizzi\Gilles_Panizzi_0001.jpg,data\calibration\lfw\lfw\Jim_Piper\Jim_Piper_0001.jpg,0,0.06605688
5,data\calibration\lfw\lfw\Gina_Gershon\Gina_Gershon_0001.jpg,data\calibration\lfw\lfw\Patricia_Garone\Patricia_Garone_0001.jpg,0,-0.06216999
5,data\calibration\lfw\lfw\Gina_Gershon\Gina_Gershon_0001.jpg,data\calibration\lfw\lfw\Zhang_Ziyi\Zhang_Ziyi_0002.jpg,0,-0.05511770
5,data\calibration\lfw\lfw\Giovanny_Cordoba\Giovanny_Cordoba_0001.jpg,data\calibration\lfw\lfw\Jackie_Sherrill\Jackie_Sherrill_0001.jpg,0,0.06135612
5,data\calibration\lfw\lfw\Giovanny_Cordoba\Giovanny_Cordoba_0001.jpg,data\calibration\lfw\lfw\Keith_Olbermann\Keith_Olbermann_0001.jpg,0,0.03818651
5,data\calibration\lfw\lfw\Grady_Irvin_Jr\Grady_Irvin_Jr_0002.jpg,data\calibration\lfw\lfw\Oracene_Williams\Oracene_Williams_0001.jpg,0,0.10231382
5,data\calibration\lfw\lfw\Graeme_Smith\Graeme_Smith_0001.jpg,data\calibration\lfw\lfw\John_Salazar\John_Salazar_0001.jpg,0,-0.06903168
5,data\calibration\lfw\lfw\Graham_Bentley\Graham_Bentley_0001.jpg,data\calibration\lfw\lfw\Jason_Clermont\Jason_Clermont_0001.jpg,0,-0.01980880
5,data\calibration\lfw\lfw\Guillaume_Depardieu\Guillaume_Depardieu_0001.jpg,data\calibration\lfw\lfw\Manuel_Llorente\Manuel_Llorente_0001.jpg,0,0.08301188
5,data\calibration\lfw\lfw\Gunter_Pleuger\Gunter_Pleuger_0001.jpg,data\calibration\lfw\lfw\Nicole_Kidman\Nicole_Kidman_0002.jpg,0,0.00592518
5,data\calibration\lfw\lfw\Gunter_Pleuger\Gunter_Pleuger_0002.jpg,data\calibration\lfw\lfw\Robby_Ginepri\Robby_Ginepri_0001.jpg,0,-0.03696153
5,data\calibration\lfw\lfw\Gunter_Pleuger\Gunter_Pleuger_0003.jpg,data\calibration\lfw\lfw\Vaclav_Klaus\Vaclav_Klaus_0001.jpg,0,0.02885500
5,data\calibration\lfw\lfw\Hanns_Schumacher\Hanns_Schumacher_0001.jpg,data\calibration\lfw\lfw\Martin_Gecht\Martin_Gecht_0001.jpg,0,-0.06648993
5,data\calibration\lfw\lfw\Henri_Proglio\Henri_Proglio_0001.jpg,data\calibration\lfw\lfw\Ibrahim_Haddad\Ibrahim_Haddad_0001.jpg,0,0.09277321
5,data\calibration\lfw\lfw\Henri_Proglio\Henri_Proglio_0001.jpg,data\calibration\lfw\lfw\Jeffery_Hendren\Jeffery_Hendren_0001.jpg,0,0.04957004
5,data\calibration\lfw\lfw\Hermann_Maier\Hermann_Maier_0001.jpg,data\calibration\lfw\lfw\Phan_Van_Khai\Phan_Van_Khai_0001.jpg,0,0.01202184
5,data\calibration\lfw\lfw\Hermann_Maier\Hermann_Maier_0002.jpg,data\calibration\lfw\lfw\Stephen_Arigbabu\Stephen_Arigbabu_0001.jpg,0,-0.04232048
5,data\calibration\lfw\lfw\Hideki_Sato\Hideki_Sato_0001.jpg,data\calibration\lfw\lfw\Peter_Mugyeni\Peter_Mugyeni_0001.jpg,0,0.07997528
5,data\calibration\lfw\lfw\Hideki_Sato\Hideki_Sato_0001.jpg,data\calibration\lfw\lfw\Troy_Aikman\Troy_Aikman_0001.jpg,0,-0.06351286
5,data\calibration\lfw\lfw\Hoda_Asfor\Hoda_Asfor_0001.jpg,data\calibration\lfw\lfw\Juergen_Peters\Juergen_Peters_0001.jpg,0,-0.02123348
5,data\calibration\lfw\lfw\Hoda_Asfor\Hoda_Asfor_0001.jpg,data\calibration\lfw\lfw\Lindsay_Lohan\Lindsay_Lohan_0001.jpg,0,-0.00407552
5,data\calibration\lfw\lfw\Horace_Donovan_Reid\Horace_Donovan_Reid_0001.jpg,data\calibration\lfw\lfw\Rob_Lowe\Rob_Lowe_0001.jpg,0,0.00733160
5,data\calibration\lfw\lfw\Hunter_Kemper\Hunter_Kemper_0001.jpg,data\calibration\lfw\lfw\Marsha_Thomason\Marsha_Thomason_0001.jpg,0,-0.02484385
5,data\calibration\lfw\lfw\Ian_Campbell\Ian_Campbell_0001.jpg,data\calibration\lfw\lfw\Mike_Alden\Mike_Alden_0001.jpg,0,-0.02673075
5,data\calibration\lfw\lfw\Ian_Huntley\Ian_Huntley_0001.jpg,data\calibration\lfw\lfw\Jalen_Rose\Jalen_Rose_0001.jpg,0,0.03714882
5,data\calibration\lfw\lfw\Ian_Huntley\Ian_Huntley_0001.jpg,data\calibration\lfw\lfw\Sebastian_Saja\Sebastian_Saja_0002.jpg,0,0.07173826
5,data\calibration\lfw\lfw\Ian_Moran\Ian_Moran_0001.jpg,data\calibration\lfw\lfw\Stephanie_Cohen_Aloro\Stephanie_Cohen_Aloro_0001.jpg,0,-0.05129107
5,data\calibration\lfw\lfw\Ian_Thorpe\Ian_Thorpe_0005.jpg,data\calibration\lfw\lfw\Mickey_Gilley\Mickey_Gilley_0001.jpg,0,0.04082185
5,data\calibration\lfw\lfw\Ignacio_Antonio_Velasco\Ignacio_Antonio_Velasco_0001.jpg,data\calibration\lfw\lfw\Rich_Brooks\Rich_Brooks_0001.jpg,0,0.01582564
5,data\calibration\lfw\lfw\Iran_Brown\Iran_Brown_0001.jpg,data\calibration\lfw\lfw\Margaret_Caruso\Margaret_Caruso_0001.jpg,0,0.02655692
5,data\calibration\lfw\lfw\Isabelle_Huppert\Isabelle_Huppert_0001.jpg,data\calibration\lfw\lfw\Marcio_de_Souza\Marcio_de_Souza_0001.jpg,0,-0.03004657
5,data\calibration\lfw\lfw\Isabelle_Huppert\Isabelle_Huppert_0002.jpg,data\calibration\lfw\lfw\Phan_Van_Khai\Phan_Van_Khai_0003.jpg,0,-0.03694362
5,data\calibration\lfw\lfw\Ivan_Shvedoff\Ivan_Shvedoff_0001.jpg,data\calibration\lfw\lfw\Josh_Childress\Josh_Childress_0001.jpg,0,-0.04971662
5,data\calibration\lfw\lfw\Ivan_Shvedoff\Ivan_Shvedoff_0001.jpg,data\calibration\lfw\lfw\Miguel_Estrada\Miguel_Estrada_0002.jpg,0,-0.11722253
5,data\calibration\lfw\lfw\Ivan_Shvedoff\Ivan_Shvedoff_0001.jpg,data\calibration\lfw\lfw\Vojislav_Seselj\Vojislav_Seselj_0001.jpg,0,0.04025955
5,data\calibration\lfw\lfw\Izzat_Ibrahim\Izzat_Ibrahim_0001.jpg,data\calibration\lfw\lfw\Jerry_Rice\Jerry_Rice_0001.jpg,0,0.11652243
5,data\calibration\lfw\lfw\Jacques_Villeneuve\Jacques_Villeneuve_0001.jpg,data\calibration\lfw\lfw\Wim_Duisenberg\Wim_Duisenberg_0001.jpg,0,0.01072945
5,data\calibration\lfw\lfw\Jalen_Rose\Jalen_Rose_0001.jpg,data\calibration\lfw\lfw\Suzanne_Torrance\Suzanne_Torrance_0001.jpg,0,0.11832552
5,data\calibration\lfw\lfw\James_Butts\James_Butts_0001.jpg,data\calibration\lfw\lfw\Nicole_Kidman\Nicole_Kidman_0002.jpg,0,-0.03073486
5,data\calibration\lfw\lfw\James_Butts\James_Butts_0002.jpg,data\calibration\lfw\lfw\Jerry_Colangelo\Jerry_Colangelo_0001.jpg,0,0.03182079
5,data\calibration\lfw\lfw\James_Butts\James_Butts_0002.jpg,data\calibration\lfw\lfw\Sherry_Fisher\Sherry_Fisher_0001.jpg,0,0.00263132
5,data\calibration\lfw\lfw\James_May\James_May_0001.jpg,data\calibration\lfw\lfw\Trevor_McDonald\Trevor_McDonald_0001.jpg,0,-0.04204146
5,data\calibration\lfw\lfw\James_May\James_May_0001.jpg,data\calibration\lfw\lfw\Vaclav_Klaus\Vaclav_Klaus_0002.jpg,0,-0.08230303
5,data\calibration\lfw\lfw\Jamie_Cooke\Jamie_Cooke_0001.jpg,data\calibration\lfw\lfw\Kalpana_Chawla\Kalpana_Chawla_0005.jpg,0,-0.05380128
5,data\calibration\lfw\lfw\Jamie_Cooke\Jamie_Cooke_0001.jpg,data\calibration\lfw\lfw\Mickey_Rooney\Mickey_Rooney_0001.jpg,0,-0.09786889
5,data\calibration\lfw\lfw\Jamir_Miller\Jamir_Miller_0001.jpg,data\calibration\lfw\lfw\Laura_Hernandez\Laura_Hernandez_0001.jpg,0,-0.04225774
5,data\calibration\lfw\lfw\Jana_Pittman\Jana_Pittman_0001.jpg,data\calibration\lfw\lfw\Liv_Tyler\Liv_Tyler_0001.jpg,0,0.05045262
5,data\calibration\lfw\lfw\Jason_Clermont\Jason_Clermont_0001.jpg,data\calibration\lfw\lfw\Jose_Carlo_Fernandez\Jose_Carlo_Fernandez_0001.jpg,0,0.03785925
5,data\calibration\lfw\lfw\Jason_Clermont\Jason_Clermont_0001.jpg,data\calibration\lfw\lfw\Patty_Duke\Patty_Duke_0001.jpg,0,-0.06018198
5,data\calibration\lfw\lfw\Jeff_Bridges\Jeff_Bridges_0001.jpg,data\calibration\lfw\lfw\Landon_Donovan\Landon_Donovan_0001.jpg,0,0.01258526
5,data\calibration\lfw\lfw\Jeff_Bridges\Jeff_Bridges_0001.jpg,data\calibration\lfw\lfw\Patty_Duke\Patty_Duke_0001.jpg,0,0.13551971
5,data\calibration\lfw\lfw\Jeffery_Hendren\Jeffery_Hendren_0001.jpg,data\calibration\lfw\lfw\Jeremy_Wotherspoon\Jeremy_Wotherspoon_0001.jpg,0,-0.02119220
5,data\calibration\lfw\lfw\Jennifer_McCoy\Jennifer_McCoy_0001.jpg,data\calibration\lfw\lfw\Manuel_Llorente\Manuel_Llorente_0001.jpg,0,-0.13799024
5,data\calibration\lfw\lfw\Jennifer_McCoy\Jennifer_McCoy_0001.jpg,data\calibration\lfw\lfw\William_Cocksedge\William_Cocksedge_0001.jpg,0,0.01562660
5,data\calibration\lfw\lfw\Jerry_Colangelo\Jerry_Colangelo_0001.jpg,data\calibration\lfw\lfw\Vin_Diesel\Vin_Diesel_0002.jpg,0,-0.07906546
5,data\calibration\lfw\lfw\Jerry_Rice\Jerry_Rice_0001.jpg,data\calibration\lfw\lfw\Joe_Gatti\Joe_Gatti_0002.jpg,0,-0.02576227
5,data\calibration\lfw\lfw\Jessica_Brungo\Jessica_Brungo_0001.jpg,data\calibration\lfw\lfw\Landon_Donovan\Landon_Donovan_0001.jpg,0,-0.01463915
5,data\calibration\lfw\lfw\Jim_OBrien\Jim_OBrien_0001.jpg,data\calibration\lfw\lfw\Nadine_Vinzens\Nadine_Vinzens_0001.jpg,0,0.07024461
5,data\calibration\lfw\lfw\Jim_Paxson\Jim_Paxson_0001.jpg,data\calibration\lfw\lfw\Robert_Gordon_Card\Robert_Gordon_Card_0001.jpg,0,-0.05705241
5,data\calibration\lfw\lfw\Joe_Gatti\Joe_Gatti_0002.jpg,data\calibration\lfw\lfw\Mike_Samp\Mike_Samp_0001.jpg,0,-0.11892726
5,data\calibration\lfw\lfw\Joel_Todd\Joel_Todd_0001.jpg,data\calibration\lfw\lfw\John_Fox\John_Fox_0001.jpg,0,-0.01088857
5,data\calibration\lfw\lfw\Joel_Todd\Joel_Todd_0001.jpg,data\calibration\lfw\lfw\Momir_Nikolic\Momir_Nikolic_0001.jpg,0,-0.01535598
5,data\calibration\lfw\lfw\John_Cornyn\John_Cornyn_0001.jpg,data\calibration\lfw\lfw\Jose_Mourinho\Jose_Mourinho_0002.jpg,0,-0.01704856
5,data\calibration\lfw\lfw\John_Cornyn\John_Cornyn_0001.jpg,data\calibration\lfw\lfw\Robert_Weitzel\Robert_Weitzel_0001.jpg,0,0.00826766
5,data\calibration\lfw\lfw\John_Cornyn\John_Cornyn_0001.jpg,data\calibration\lfw\lfw\Toshihiko_Fukui\Toshihiko_Fukui_0002.jpg,0,0.03877787
5,data\calibration\lfw\lfw\John_Dallager\John_Dallager_0001.jpg,data\calibration\lfw\lfw\Jose_Canseco_Sr\Jose_Canseco_Sr_0001.jpg,0,0.03605352
5,data\calibration\lfw\lfw\John_Spencer\John_Spencer_0002.jpg,data\calibration\lfw\lfw\Stephanie_Moore\Stephanie_Moore_0001.jpg,0,-0.05495659
5,data\calibration\lfw\lfw\John_Walsh\John_Walsh_0001.jpg,data\calibration\lfw\lfw\Kalpana_Chawla\Kalpana_Chawla_0001.jpg,0,-0.11787573
5,data\calibration\lfw\lfw\John_Wright\John_Wright_0001.jpg,data\calibration\lfw\lfw\Sandra_Milo\Sandra_Milo_0001.jpg,0,-0.01075570
5,data\calibration\lfw\lfw\John_Wright\John_Wright_0001.jpg,data\calibration\lfw\lfw\Trevor_McDonald\Trevor_McDonald_0001.jpg,0,0.03314595
5,data\calibration\lfw\lfw\Johnny_Benson\Johnny_Benson_0001.jpg,data\calibration\lfw\lfw\Lana_Clarkson\Lana_Clarkson_0002.jpg,0,0.06607376
5,data\calibration\lfw\lfw\Johnny_Benson\Johnny_Benson_0001.jpg,data\calibration\lfw\lfw\Teresa_Worbis\Teresa_Worbis_0001.jpg,0,-0.03101018
5,data\calibration\lfw\lfw\Jolanta_Kwasniewski\Jolanta_Kwasniewski_0002.jpg,data\calibration\lfw\lfw\Martin_Howard\Martin_Howard_0001.jpg,0,0.05505321
5,data\calibration\lfw\lfw\Jose_Canseco_Sr\Jose_Canseco_Sr_0001.jpg,data\calibration\lfw\lfw\Julia_Glass\Julia_Glass_0001.jpg,0,0.01184659
5,data\calibration\lfw\lfw\Jose_Mourinho\Jose_Mourinho_0001.jpg,data\calibration\lfw\lfw\Joseph_LePore\Joseph_LePore_0001.jpg,0,-0.03709158
5,data\calibration\lfw\lfw\Jose_Mourinho\Jose_Mourinho_0002.jpg,data\calibration\lfw\lfw\LeRoy_Millette_Jr\LeRoy_Millette_Jr_0001.jpg,0,0.11576147
5,data\calibration\lfw\lfw\Jose_Vicente_Rangel\Jose_Vicente_Rangel_0001.jpg,data\calibration\lfw\lfw\Leuris_Pupo\Leuris_Pupo_0001.jpg,0,0.02107534
5,data\calibration\lfw\lfw\Jose_Vicente_Rangel\Jose_Vicente_Rangel_0001.jpg,data\calibration\lfw\lfw\Scott_OGrady\Scott_OGrady_0001.jpg,0,-0.02117669
5,data\calibration\lfw\lfw\Joy_Lee_Sadler\Joy_Lee_Sadler_0001.jpg,data\calibration\lfw\lfw\Laurie_Chan\Laurie_Chan_0001.jpg,0,-0.01095000
5,data\calibration\lfw\lfw\Joy_Lee_Sadler\Joy_Lee_Sadler_0001.jpg,data\calibration\lfw\lfw\Norio_Ohga\Norio_Ohga_0001.jpg,0,0.01968054
5,data\calibration\lfw\lfw\Joy_Lee_Sadler\Joy_Lee_Sadler_0001.jpg,data\calibration\lfw\lfw\Stephanie_Moore\Stephanie_Moore_0001.jpg,0,-0.04929308
5,data\calibration\lfw\lfw\Karen_Pereiras\Karen_Pereiras_0001.jpg,data\calibration\lfw\lfw\Michael_Phelps\Michael_Phelps_0002.jpg,0,-0.00106867
5,data\calibration\lfw\lfw\Keith_Brown\Keith_Brown_0001.jpg,data\calibration\lfw\lfw\Nicole_Kidman\Nicole_Kidman_0017.jpg,0,-0.06527263
5,data\calibration\lfw\lfw\Keith_Brown\Keith_Brown_0001.jpg,data\calibration\lfw\lfw\William_Harrison\William_Harrison_0001.jpg,0,0.02354116
5,data\calibration\lfw\lfw\Keith_Van_Horn\Keith_Van_Horn_0001.jpg,data\calibration\lfw\lfw\Sherry_Fisher\Sherry_Fisher_0001.jpg,0,0.05931760
5,data\calibration\lfw\lfw\Kelli_White\Kelli_White_0001.jpg,data\calibration\lfw\lfw\Rudi_Voeller\Rudi_Voeller_0001.jpg,0,-0.02394198
5,data\calibration\lfw\lfw\King_Gyanendra\King_Gyanendra_0001.jpg,data\calibration\lfw\lfw\Otto_Reich\Otto_Reich_0001.jpg,0,-0.05902420
5,data\calibration\lfw\lfw\Lana_Clarkson\Lana_Clarkson_0001.jpg,data\calibration\lfw\lfw\Mike_Samp\Mike_Samp_0001.jpg,0,0.03571043
5,data\calibration\lfw\lfw\Landon_Donovan\Landon_Donovan_0001.jpg,data\calibration\lfw\lfw\Robby_Ginepri\Robby_Ginepri_0001.jpg,0,0.07011690
5,data\calibration\lfw\lfw\Larry_Tanenbaum\Larry_Tanenbaum_0001.jpg,data\calibration\lfw\lfw\Mike_Samp\Mike_Samp_0001.jpg,0,-0.03210565
5,data\calibration\lfw\lfw\Laura_Ziskin\Laura_Ziskin_0001.jpg,data\calibration\lfw\lfw\Reyyan_Uzuner\Reyyan_Uzuner_0001.jpg,0,0.09101727
5,data\calibration\lfw\lfw\Laura_Ziskin\Laura_Ziskin_0001.jpg,data\calibration\lfw\lfw\Robert_Gordon_Card\Robert_Gordon_Card_0001.jpg,0,-0.02787012
5,data\calibration\lfw\lfw\LeRoy_Millette_Jr\LeRoy_Millette_Jr_0001.jpg,data\calibration\lfw\lfw\Leuris_Pupo\Leuris_Pupo_0001.jpg,0,0.14564694
5,data\calibration\lfw\lfw\Lee_Chang-dong\Lee_Chang-dong_0001.jpg,data\calibration\lfw\lfw\Phil_Bredesen\Phil_Bredesen_0001.jpg,0,0.13806088
5,data\calibration\lfw\lfw\Liliana_Cavani\Liliana_Cavani_0001.jpg,data\calibration\lfw\lfw\Richard_Pennington\Richard_Pennington_0001.jpg,0,0.09095374
5,data\calibration\lfw\lfw\Lindsay_Lohan\Lindsay_Lohan_0001.jpg,data\calibration\lfw\lfw\Mireya_Elisa_Moscoso_Rodriguez\Mireya_Elisa_Moscoso_Rodriguez_0001.jpg,0,0.03732533
5,data\calibration\lfw\lfw\Lloyd_Ward\Lloyd_Ward_0002.jpg,data\calibration\lfw\lfw\Tina_Andrews\Tina_Andrews_0001.jpg,0,0.07072943
5,data\calibration\lfw\lfw\Mark_Heller\Mark_Heller_0001.jpg,data\calibration\lfw\lfw\Nicolas_Kiefer\Nicolas_Kiefer_0001.jpg,0,-0.03703984
5,data\calibration\lfw\lfw\Mark_Heller\Mark_Heller_0001.jpg,data\calibration\lfw\lfw\Parris_Glendening\Parris_Glendening_0001.jpg,0,0.04542746
5,data\calibration\lfw\lfw\Mark_Heller\Mark_Heller_0001.jpg,data\calibration\lfw\lfw\Peter_Hillary\Peter_Hillary_0002.jpg,0,0.02100615
5,data\calibration\lfw\lfw\Martin_Gecht\Martin_Gecht_0001.jpg,data\calibration\lfw\lfw\Peter_Hillary\Peter_Hillary_0001.jpg,0,-0.02820020
5,data\calibration\lfw\lfw\Mary_Elizabeth_Mastrantonio\Mary_Elizabeth_Mastrantonio_0001.jpg,data\calibration\lfw\lfw\Vaclav_Klaus\Vaclav_Klaus_0001.jpg,0,-0.01643821
5,data\calibration\lfw\lfw\Michael_Arif\Michael_Arif_0001.jpg,data\calibration\lfw\lfw\Sean_Patrick_OMalley\Sean_Patrick_OMalley_0003.jpg,0,0.04879754
5,data\calibration\lfw\lfw\Michael_Linscott\Michael_Linscott_0001.jpg,data\calibration\lfw\lfw\Tom_Brady\Tom_Brady_0002.jpg,0,0.01809636
5,data\calibration\lfw\lfw\Mick_Jagger\Mick_Jagger_0003.jpg,data\calibration\lfw\lfw\Oracene_Williams\Oracene_Williams_0001.jpg,0,0.00323057
5,data\calibration\lfw\lfw\Mo_Elleithee\Mo_Elleithee_0001.jpg,data\calibration\lfw\lfw\Tanya_Holyk\Tanya_Holyk_0001.jpg,0,0.07169439
5,data\calibration\lfw\lfw\Mohammed_Ashraf_Hafiz\Mohammed_Ashraf_Hafiz_0001.jpg,data\calibration\lfw\lfw\Rod_Bryden\Rod_Bryden_0001.jpg,0,0.06333529
5,data\calibration\lfw\lfw\Mukhtar_Alytnbayev\Mukhtar_Alytnbayev_0001.jpg,data\calibration\lfw\lfw\Oracene_Williams\Oracene_Williams_0001.jpg,0,-0.07727145
5,data\calibration\lfw\lfw\Patricia_Garone\Patricia_Garone_0001.jpg,data\calibration\lfw\lfw\Sean_Patrick_OMalley\Sean_Patrick_OMalley_0002.jpg,0,-0.08436874
5,data\calibration\lfw\lfw\Patricia_Hearst\Patricia_Hearst_0001.jpg,data\calibration\lfw\lfw\Scott_Dickson\Scott_Dickson_0001.jpg,0,-0.04244851
5,data\calibration\lfw\lfw\Patty_Duke\Patty_Duke_0001.jpg,data\calibration\lfw\lfw\Simon_Chalk\Simon_Chalk_0001.jpg,0,0.16779746
5,data\calibration\lfw\lfw\Paul_Bettany\Paul_Bettany_0001.jpg,data\calibration\lfw\lfw\Ulrich_Kueperkoch\Ulrich_Kueperkoch_0001.jpg,0,-0.08757129
5,data\calibration\lfw\lfw\Paul_Gascoigne\Paul_Gascoigne_0003.jpg,data\calibration\lfw\lfw\Tian_Liang\Tian_Liang_0001.jpg,0,0.07007715
5,data\calibration\lfw\lfw\Paul_Greengrass\Paul_Greengrass_0001.jpg,data\calibration\lfw\lfw\Tim_Pawlenty\Tim_Pawlenty_0001.jpg,0,0.02721115
5,data\calibration\lfw\lfw\Perry_Compton\Perry_Compton_0001.jpg,data\calibration\lfw\lfw\William_Shatner\William_Shatner_0001.jpg,0,0.04940179
5,data\calibration\lfw\lfw\Peter_Camejo\Peter_Camejo_0001.jpg,data\calibration\lfw\lfw\Ruth_Christofferson\Ruth_Christofferson_0001.jpg,0,-0.01648481
5,data\calibration\lfw\lfw\Porter_Goss\Porter_Goss_0001.jpg,data\calibration\lfw\lfw\Tara_Kirk\Tara_Kirk_0001.jpg,0,0.02842800
5,data\calibration\lfw\lfw\Rand_Miller\Rand_Miller_0001.jpg,data\calibration\lfw\lfw\Robert_Nillson\Robert_Nillson_0001.jpg,0,-0.01270190
5,data\calibration\lfw\lfw\Rich_Brooks\Rich_Brooks_0001.jpg,data\calibration\lfw\lfw\Sharess_Harrell\Sharess_Harrell_0001.jpg,0,0.04749226
5,data\calibration\lfw\lfw\Richard_Pennington\Richard_Pennington_0001.jpg,data\calibration\lfw\lfw\Robby_Ginepri\Robby_Ginepri_0002.jpg,0,0.06534896
5,data\calibration\lfw\lfw\Robert_Gordon_Card\Robert_Gordon_Card_0001.jpg,data\calibration\lfw\lfw\William_Shatner\William_Shatner_0001.jpg,0,-0.03323809
5,data\calibration\lfw\lfw\Robert_Kipkoech_Cheruiyot\Robert_Kipkoech_Cheruiyot_0001.jpg,data\calibration\lfw\lfw\Sally_Kirkland\Sally_Kirkland_0003.jpg,0,-0.04518120
5,data\calibration\lfw\lfw\Robert_Kipkoech_Cheruiyot\Robert_Kipkoech_Cheruiyot_0001.jpg,data\calibration\lfw\lfw\Steve_Park\Steve_Park_0001.jpg,0,-0.07081906
5,data\calibration\lfw\lfw\Russell_Coutts\Russell_Coutts_0001.jpg,data\calibration\lfw\lfw\Tian_Liang\Tian_Liang_0001.jpg,0,0.01486757
5,data\calibration\lfw\lfw\Sandra_Milo\Sandra_Milo_0001.jpg,data\calibration\lfw\lfw\Satnarine_Sharma\Satnarine_Sharma_0001.jpg,0,-0.00771812
5,data\calibration\lfw\lfw\Steve_Nesbitt\Steve_Nesbitt_0001.jpg,data\calibration\lfw\lfw\Win_Aung\Win_Aung_0004.jpg,0,0.03142530
5,data\calibration\lfw\lfw\Sylvester_Stallone\Sylvester_Stallone_0007.jpg,data\calibration\lfw\lfw\TJ_Ford\TJ_Ford_0001.jpg,0,-0.14642897
5,data\calibration\lfw\lfw\Sylvie_Guillem\Sylvie_Guillem_0001.jpg,data\calibration\lfw\lfw\Vadim_Devyatovskiy\Vadim_Devyatovskiy_0001.jpg,0,0.08926445
5,data\calibration\lfw\lfw\Tara_Kirk\Tara_Kirk_0001.jpg,data\calibration\lfw\lfw\Win_Aung\Win_Aung_0001.jpg,0,0.00467596
6,data\calibration\lfw\lfw\Aaron_Peirsol\Aaron_Peirsol_0001.jpg,data\calibration\lfw\lfw\Aaron_Peirsol\Aaron_Peirsol_0004.jpg,1,0.56043184
6,data\calibration\lfw\lfw\Aaron_Peirsol\Aaron_Peirsol_0003.jpg,data\calibration\lfw\lfw\Aaron_Peirsol\Aaron_Peirsol_0004.jpg,1,0.64184064
6,data\calibration\lfw\lfw\Adrian_Nastase\Adrian_Nastase_0001.jpg,data\calibration\lfw\lfw\Adrian_Nastase\Adrian_Nastase_0002.jpg,1,0.67824262
6,data\calibration\lfw\lfw\Ahmed_Chalabi\Ahmed_Chalabi_0001.jpg,data\calibration\lfw\lfw\Ahmed_Chalabi\Ahmed_Chalabi_0003.jpg,1,0.80728823
6,data\calibration\lfw\lfw\Ahmed_Chalabi\Ahmed_Chalabi_0001.jpg,data\calibration\lfw\lfw\Ahmed_Chalabi\Ahmed_Chalabi_0005.jpg,1,0.74813962
6,data\calibration\lfw\lfw\Albrecht_Mentz\Albrecht_Mentz_0001.jpg,data\calibration\lfw\lfw\Albrecht_Mentz\Albrecht_Mentz_0002.jpg,1,0.80390376
6,data\calibration\lfw\lfw\Alejandro_Toledo\Alejandro_Toledo_0020.jpg,data\calibration\lfw\lfw\Alejandro_Toledo\Alejandro_Toledo_0036.jpg,1,0.63452357
6,data\calibration\lfw\lfw\Alejandro_Toledo\Alejandro_Toledo_0021.jpg,data\calibration\lfw\lfw\Alejandro_Toledo\Alejandro_Toledo_0024.jpg,1,0.75341779
6,data\calibration\lfw\lfw\Alejandro_Toledo\Alejandro_Toledo_0021.jpg,data\calibration\lfw\lfw\Alejandro_Toledo\Alejandro_Toledo_0030.jpg,1,0.65969294
6,data\calibration\lfw\lfw\Alejandro_Toledo\Alejandro_Toledo_0023.jpg,data\calibration\lfw\lfw\Alejandro_Toledo\Alejandro_Toledo_0027.jpg,1,0.72933894
6,data\calibration\lfw\lfw\Alejandro_Toledo\Alejandro_Toledo_0026.jpg,data\calibration\lfw\lfw\Alejandro_Toledo\Alejandro_Toledo_0029.jpg,1,0.73275054
6,data\calibration\lfw\lfw\Alexander_Losyukov\Alexander_Losyukov_0001.jpg,data\calibration\lfw\lfw\Alexander_Losyukov\Alexander_Losyukov_0003.jpg,1,0.55532712
6,data\calibration\lfw\lfw\Alexander_Losyukov\Alexander_Losyukov_0002.jpg,data\calibration\lfw\lfw\Alexander_Losyukov\Alexander_Losyukov_0003.jpg,1,0.57235146
6,data\calibration\lfw\lfw\Alexander_Losyukov\Alexander_Losyukov_0002.jpg,data\calibration\lfw\lfw\Alexander_Losyukov\Alexander_Losyukov_0004.jpg,1,0.46407932
6,data\calibration\lfw\lfw\Alimzhan_Tokhtakhounov\Alimzhan_Tokhtakhounov_0001.jpg,data\calibration\lfw\lfw\Alimzhan_Tokhtakhounov\Alimzhan_Tokhtakhounov_0002.jpg,1,0.82559144
6,data\calibration\lfw\lfw\Amelie_Mauresmo\Amelie_Mauresmo_0007.jpg,data\calibration\lfw\lfw\Amelie_Mauresmo\Amelie_Mauresmo_0014.jpg,1,0.65956467
6,data\calibration\lfw\lfw\Amelie_Mauresmo\Amelie_Mauresmo_0011.jpg,data\calibration\lfw\lfw\Amelie_Mauresmo\Amelie_Mauresmo_0017.jpg,1,0.60525465
6,data\calibration\lfw\lfw\Amelie_Mauresmo\Amelie_Mauresmo_0014.jpg,data\calibration\lfw\lfw\Amelie_Mauresmo\Amelie_Mauresmo_0017.jpg,1,0.59529835
6,data\calibration\lfw\lfw\Angelo_Reyes\Angelo_Reyes_0001.jpg,data\calibration\lfw\lfw\Angelo_Reyes\Angelo_Reyes_0002.jpg,1,0.78093040
6,data\calibration\lfw\lfw\Angelo_Reyes\Angelo_Reyes_0001.jpg,data\calibration\lfw\lfw\Angelo_Reyes\Angelo_Reyes_0003.jpg,1,0.66648507
6,data\calibration\lfw\lfw\Begum_Khaleda_Zia\Begum_Khaleda_Zia_0001.jpg,data\calibration\lfw\lfw\Begum_Khaleda_Zia\Begum_Khaleda_Zia_0002.jpg,1,0.65610385
6,data\calibration\lfw\lfw\Ben_Curtis\Ben_Curtis_0001.jpg,data\calibration\lfw\lfw\Ben_Curtis\Ben_Curtis_0002.jpg,1,-0.00169797
6,data\calibration\lfw\lfw\Bijan_Namdar_Zangeneh\Bijan_Namdar_Zangeneh_0001.jpg,data\calibration\lfw\lfw\Bijan_Namdar_Zangeneh\Bijan_Namdar_Zangeneh_0002.jpg,1,0.84004956
6,data\calibration\lfw\lfw\Bill_Paxton\Bill_Paxton_0001.jpg,data\calibration\lfw\lfw\Bill_Paxton\Bill_Paxton_0002.jpg,1,0.57866436
6,data\calibration\lfw\lfw\Bill_Paxton\Bill_Paxton_0001.jpg,data\calibration\lfw\lfw\Bill_Paxton\Bill_Paxton_0003.jpg,1,0.70856792
6,data\calibration\lfw\lfw\Bill_Paxton\Bill_Paxton_0002.jpg,data\calibration\lfw\lfw\Bill_Paxton\Bill_Paxton_0004.jpg,1,0.59950352
6,data\calibration\lfw\lfw\Bill_Paxton\Bill_Paxton_0003.jpg,data\calibration\lfw\lfw\Bill_Paxton\Bill_Paxton_0004.jpg,1,0.70771074
6,data\calibration\lfw\lfw\Billy_Crystal\Billy_Crystal_0001.jpg,data\calibration\lfw\lfw\Billy_Crystal\Billy_Crystal_0002.jpg,1,0.61554629
6,data\calibration\lfw\lfw\Billy_Crystal\Billy_Crystal_0001.jpg,data\calibration\lfw\lfw\Billy_Crystal\Billy_Crystal_0003.jpg,1,0.53287232
6,data\calibration\lfw\lfw\Billy_Crystal\Billy_Crystal_0001.jpg,data\calibration\lfw\lfw\Billy_Crystal\Billy_Crystal_0005.jpg,1,0.74213606
6,data\calibration\lfw\lfw\Billy_Crystal\Billy_Crystal_0003.jpg,data\calibration\lfw\lfw\Billy_Crystal\Billy_Crystal_0005.jpg,1,0.60125989
6,data\calibration\lfw\lfw\Billy_Graham\Billy_Graham_0001.jpg,data\calibration\lfw\lfw\Billy_Graham\Billy_Graham_0002.jpg,1,0.70213729
6,data\calibration\lfw\lfw\Bob_Colvin\Bob_Colvin_0001.jpg,data\calibration\lfw\lfw\Bob_Colvin\Bob_Colvin_0002.jpg,1,0.81836861
6,data\calibration\lfw\lfw\Brian_Cowen\Brian_Cowen_0001.jpg,data\calibration\lfw\lfw\Brian_Cowen\Brian_Cowen_0002.jpg,1,0.79192162
6,data\calibration\lfw\lfw\Butch_Davis\Butch_Davis_0001.jpg,data\calibration\lfw\lfw\Butch_Davis\Butch_Davis_0002.jpg,1,0.72662383
6,data\calibration\lfw\lfw\Byron_Scott\Byron_Scott_0001.jpg,data\calibration\lfw\lfw\Byron_Scott\Byron_Scott_0002.jpg,1,0.66378868
6,data\calibration\lfw\lfw\Carol_Burnett\Carol_Burnett_0001.jpg,data\calibration\lfw\lfw\Carol_Burnett\Carol_Burnett_0002.jpg,1,0.71608651
6,data\calibration\lfw\lfw\Charles_Mathews\Charles_Mathews_0001.jpg,data\calibration\lfw\lfw\Charles_Mathews\Charles_Mathews_0002.jpg,1,0.72422433
6,data\calibration\lfw\lfw\Christine_Ebersole\Christine_Ebersole_0001.jpg,data\calibration\lfw\lfw\Christine_Ebersole\Christine_Ebersole_0002.jpg,1,0.71775860
6,data\calibration\lfw\lfw\Claudia_Schiffer\Claudia_Schiffer_0001.jpg,data\calibration\lfw\lfw\Claudia_Schiffer\Claudia_Schiffer_0002.jpg,1,0.76437324
6,data\calibration\lfw\lfw\Condoleezza_Rice\Condoleezza_Rice_0001.jpg,data\calibration\lfw\lfw\Condoleezza_Rice\Condoleezza_Rice_0004.jpg,1,0.71778142
6,data\calibration\lfw\lfw\Condoleezza_Rice\Condoleezza_Rice_0002.jpg,data\calibration\lfw\lfw\Condoleezza_Rice\Condoleezza_Rice_0010.jpg,1,0.77327889
6,data\calibration\lfw\lfw\Condoleezza_Rice\Condoleezza_Rice_0004.jpg,data\calibration\lfw\lfw\Condoleezza_Rice\Condoleezza_Rice_0005.jpg,1,0.04693681
6,data\calibration\lfw\lfw\Condoleezza_Rice\Condoleezza_Rice_0008.jpg,data\calibration\lfw\lfw\Condoleezza_Rice\Condoleezza_Rice_0009.jpg,1,-0.03154831
6,data\calibration\lfw\lfw\Condoleezza_Rice\Condoleezza_Rice_0009.jpg,data\calibration\lfw\lfw\Condoleezza_Rice\Condoleezza_Rice_0010.jpg,1,0.75761205
6,data\calibration\lfw\lfw\Costas_Simitis\Costas_Simitis_0001.jpg,data\calibration\lfw\lfw\Costas_Simitis\Costas_Simitis_0004.jpg,1,0.61613566
6,data\calibration\lfw\lfw\Costas_Simitis\Costas_Simitis_0001.jpg,data\calibration\lfw\lfw\Costas_Simitis\Costas_Simitis_0005.jpg,1,0.69716519
6,data\calibration\lfw\lfw\Costas_Simitis\Costas_Simitis_0003.jpg,data\calibration\lfw\lfw\Costas_Simitis\Costas_Simitis_0005.jpg,1,0.66630363
6,data\calibration\lfw\lfw\Costas_Simitis\Costas_Simitis_0004.jpg,data\calibration\lfw\lfw\Costas_Simitis\Costas_Simitis_0006.jpg,1,0.65331012
6,data\calibration\lfw\lfw\Cristina_Saralegui\Cristina_Saralegui_0001.jpg,data\calibration\lfw\lfw\Cristina_Saralegui\Cristina_Saralegui_0002.jpg,1,0.71596694
6,data\calibration\lfw\lfw\Cruz_Bustamante\Cruz_Bustamante_0001.jpg,data\calibration\lfw\lfw\Cruz_Bustamante\Cruz_Bustamante_0004.jpg,1,0.72860754
6,data\calibration\lfw\lfw\Cruz_Bustamante\Cruz_Bustamante_0003.jpg,data\calibration\lfw\lfw\Cruz_Bustamante\Cruz_Bustamante_0005.jpg,1,0.61129940
6,data\calibration\lfw\lfw\David_Heymann\David_Heymann_0003.jpg,data\calibration\lfw\lfw\David_Heymann\David_Heymann_0005.jpg,1,0.81390750
6,data\calibration\lfw\lfw\Diana_Krall\Diana_Krall_0001.jpg,data\calibration\lfw\lfw\Diana_Krall\Diana_Krall_0006.jpg,1,-0.06859788
6,data\calibration\lfw\lfw\Diana_Krall\Diana_Krall_0003.jpg,data\calibration\lfw\lfw\Diana_Krall\Diana_Krall_0004.jpg,1,0.66206318
6,data\calibration\lfw\lfw\Diana_Munz\Diana_Munz_0001.jpg,data\calibration\lfw\lfw\Diana_Munz\Diana_Munz_0003.jpg,1,0.68501270
6,data\calibration\lfw\lfw\Diana_Munz\Diana_Munz_0002.jpg,data\calibration\lfw\lfw\Diana_Munz\Diana_Munz_0003.jpg,1,0.77876407
6,data\calibration\lfw\lfw\Dominique_de_Villepin\Dominique_de_Villepin_0002.jpg,data\calibration\lfw\lfw\Dominique_de_Villepin\Dominique_de_Villepin_0013.jpg,1,0.54901701
6,data\calibration\lfw\lfw\Dominique_de_Villepin\Dominique_de_Villepin_0003.jpg,data\calibration\lfw\lfw\Dominique_de_Villepin\Dominique_de_Villepin_0008.jpg,1,0.56647801
6,data\calibration\lfw\lfw\Dominique_de_Villepin\Dominique_de_Villepin_0003.jpg,data\calibration\lfw\lfw\Dominique_de_Villepin\Dominique_de_Villepin_0010.jpg,1,0.58671212
6,data\calibration\lfw\lfw\Dominique_de_Villepin\Dominique_de_Villepin_0007.jpg,data\calibration\lfw\lfw\Dominique_de_Villepin\Dominique_de_Villepin_0011.jpg,1,0.60074967
6,data\calibration\lfw\lfw\Dominique_de_Villepin\Dominique_de_Villepin_0010.jpg,data\calibration\lfw\lfw\Dominique_de_Villepin\Dominique_de_Villepin_0014.jpg,1,0.60140407
6,data\calibration\lfw\lfw\Dominique_de_Villepin\Dominique_de_Villepin_0011.jpg,data\calibration\lfw\lfw\Dominique_de_Villepin\Dominique_de_Villepin_0012.jpg,1,0.63830078
6,data\calibration\lfw\lfw\Don_Siegelman\Don_Siegelman_0001.jpg,data\calibration\lfw\lfw\Don_Siegelman\Don_Siegelman_0003.jpg,1,0.75200194
6,data\calibration\lfw\lfw\Don_Siegelman\Don_Siegelman_0002.jpg,data\calibration\lfw\lfw\Don_Siegelman\Don_Siegelman_0004.jpg,1,0.72585416
6,data\calibration\lfw\lfw\Donald_Pettit\Donald_Pettit_0001.jpg,data\calibration\lfw\lfw\Donald_Pettit\Donald_Pettit_0002.jpg,1,0.60726517
6,data\calibration\lfw\lfw\Donald_Pettit\Donald_Pettit_0001.jpg,data\calibration\lfw\lfw\Donald_Pettit\Donald_Pettit_0003.jpg,1,0.74416769
6,data\calibration\lfw\lfw\Donald_Pettit\Donald_Pettit_0002.jpg,data\calibration\lfw\lfw\Donald_Pettit\Donald_Pettit_0003.jpg,1,0.63326490
6,data\calibration\lfw\lfw\Doug_Collins\Doug_Collins_0001.jpg,data\calibration\lfw\lfw\Doug_Collins\Doug_Collins_0002.jpg,1,0.56066686
6,data\calibration\lfw\lfw\Edward_James_Olmos\Edward_James_Olmos_0001.jpg,data\calibration\lfw\lfw\Edward_James_Olmos\Edward_James_Olmos_0002.jpg,1,0.70337397
6,data\calibration\lfw\lfw\Elin_Nordegren\Elin_Nordegren_0001.jpg,data\calibration\lfw\lfw\Elin_Nordegren\Elin_Nordegren_0002.jpg,1,0.60035503
6,data\calibration\lfw\lfw\Elizabeth_Taylor\Elizabeth_Taylor_0001.jpg,data\calibration\lfw\lfw\Elizabeth_Taylor\Elizabeth_Taylor_0002.jpg,1,0.53483945
6,data\calibration\lfw\lfw\Ellen_DeGeneres\Ellen_DeGeneres_0001.jpg,data\calibration\lfw\lfw\Ellen_DeGeneres\Ellen_DeGeneres_0002.jpg,1,0.02374732
6,data\calibration\lfw\lfw\Elton_John\Elton_John_0001.jpg,data\calibration\lfw\lfw\Elton_John\Elton_John_0004.jpg,1,0.59279084
6,data\calibration\lfw\lfw\Elton_John\Elton_John_0002.jpg,data\calibration\lfw\lfw\Elton_John\Elton_John_0003.jpg,1,0.64793509
6,data\calibration\lfw\lfw\Elton_John\Elton_John_0003.jpg,data\calibration\lfw\lfw\Elton_John\Elton_John_0006.jpg,1,0.57681620
6,data\calibration\lfw\lfw\Elton_John\Elton_John_0005.jpg,data\calibration\lfw\lfw\Elton_John\Elton_John_0006.jpg,1,0.70933598
6,data\calibration\lfw\lfw\Elton_John\Elton_John_0005.jpg,data\calibration\lfw\lfw\Elton_John\Elton_John_0007.jpg,1,0.64060599
6,data\calibration\lfw\lfw\Emma_Watson\Emma_Watson_0002.jpg,data\calibration\lfw\lfw\Emma_Watson\Emma_Watson_0003.jpg,1,0.72940707
6,data\calibration\lfw\lfw\Emma_Watson\Emma_Watson_0003.jpg,data\calibration\lfw\lfw\Emma_Watson\Emma_Watson_0004.jpg,1,0.67319757
6,data\calibration\lfw\lfw\Emma_Watson\Emma_Watson_0003.jpg,data\calibration\lfw\lfw\Emma_Watson\Emma_Watson_0005.jpg,1,0.67735887
6,data\calibration\lfw\lfw\Fabrice_Santoro\Fabrice_Santoro_0001.jpg,data\calibration\lfw\lfw\Fabrice_Santoro\Fabrice_Santoro_0003.jpg,1,0.56385744
6,data\calibration\lfw\lfw\Fabrice_Santoro\Fabrice_Santoro_0002.jpg,data\calibration\lfw\lfw\Fabrice_Santoro\Fabrice_Santoro_0003.jpg,1,0.51529908
6,data\calibration\lfw\lfw\Flavia_Delaroli\Flavia_Delaroli_0001.jpg,data\calibration\lfw\lfw\Flavia_Delaroli\Flavia_Delaroli_0002.jpg,1,0.58679885
6,data\calibration\lfw\lfw\George_Lopez\George_Lopez_0001.jpg,data\calibration\lfw\lfw\George_Lopez\George_Lopez_0004.jpg,1,0.61836398
6,data\calibration\lfw\lfw\George_Lopez\George_Lopez_0002.jpg,data\calibration\lfw\lfw\George_Lopez\George_Lopez_0004.jpg,1,0.60913026
6,data\calibration\lfw\lfw\George_Lopez\George_Lopez_0002.jpg,data\calibration\lfw\lfw\George_Lopez\George_Lopez_0005.jpg,1,0.68874633
6,data\calibration\lfw\lfw\George_Lopez\George_Lopez_0004.jpg,data\calibration\lfw\lfw\George_Lopez\George_Lopez_0005.jpg,1,0.86059690
6,data\calibration\lfw\lfw\Gerard_Depardieu\Gerard_Depardieu_0001.jpg,data\calibration\lfw\lfw\Gerard_Depardieu\Gerard_Depardieu_0002.jpg,1,0.88883924
6,data\calibration\lfw\lfw\Gerhard_Schroeder\Gerhard_Schroeder_0005.jpg,data\calibration\lfw\lfw\Gerhard_Schroeder\Gerhard_Schroeder_0043.jpg,1,0.75415206
6,data\calibration\lfw\lfw\Gerhard_Schroeder\Gerhard_Schroeder_0017.jpg,data\calibration\lfw\lfw\Gerhard_Schroeder\Gerhard_Schroeder_0025.jpg,1,0.78302848
6,data\calibration\lfw\lfw\Gerhard_Schroeder\Gerhard_Schroeder_0027.jpg,data\calibration\lfw\lfw\Gerhard_Schroeder\Gerhard_Schroeder_0032.jpg,1,0.66955632
6,data\calibration\lfw\lfw\Gerhard_Schroeder\Gerhard_Schroeder_0045.jpg,data\calibration\lfw\lfw\Gerhard_Schroeder\Gerhard_Schroeder_0067.jpg,1,0.70923495
6,data\calibration\lfw\lfw\Gerhard_Schroeder\Gerhard_Schroeder_0066.jpg,data\calibration\lfw\lfw\Gerhard_Schroeder\Gerhard_Schroeder_0100.jpg,1,0.68053335
6,data\calibration\lfw\lfw\Gilberto_Rodriguez_Orejuela\Gilberto_Rodriguez_Orejuela_0001.jpg,data\calibration\lfw\lfw\Gilberto_Rodriguez_Orejuela\Gilberto_Rodriguez_Orejuela_0003.jpg,1,0.71095347
6,data\calibration\lfw\lfw\Gilberto_Rodriguez_Orejuela\Gilberto_Rodriguez_Orejuela_0002.jpg,data\calibration\lfw\lfw\Gilberto_Rodriguez_Orejuela\Gilberto_Rodriguez_Orejuela_0003.jpg,1,0.84242153
6,data\calibration\lfw\lfw\Gilberto_Rodriguez_Orejuela\Gilberto_Rodriguez_Orejuela_0003.jpg,data\calibration\lfw\lfw\Gilberto_Rodriguez_Orejuela\Gilberto_Rodriguez_Orejuela_0004.jpg,1,0.66501194
6,data\calibration\lfw\lfw\Giuseppe_Gibilisco\Giuseppe_Gibilisco_0001.jpg,data\calibration\lfw\lfw\Giuseppe_Gibilisco\Giuseppe_Gibilisco_0003.jpg,1,0.64042377
6,data\calibration\lfw\lfw\Giuseppe_Gibilisco\Giuseppe_Gibilisco_0001.jpg,data\calibration\lfw\lfw\Giuseppe_Gibilisco\Giuseppe_Gibilisco_0004.jpg,1,0.61278582
6,data\calibration\lfw\lfw\Giuseppe_Gibilisco\Giuseppe_Gibilisco_0003.jpg,data\calibration\lfw\lfw\Giuseppe_Gibilisco\Giuseppe_Gibilisco_0004.jpg,1,0.69147098
6,data\calibration\lfw\lfw\Guillermo_Canas\Guillermo_Canas_0001.jpg,data\calibration\lfw\lfw\Guillermo_Canas\Guillermo_Canas_0002.jpg,1,0.78718692
6,data\calibration\lfw\lfw\Guillermo_Canas\Guillermo_Canas_0001.jpg,data\calibration\lfw\lfw\Guillermo_Canas\Guillermo_Canas_0003.jpg,1,0.59727174
6,data\calibration\lfw\lfw\Guillermo_Canas\Guillermo_Canas_0002.jpg,data\calibration\lfw\lfw\Guillermo_Canas\Guillermo_Canas_0004.jpg,1,0.60761589
6,data\calibration\lfw\lfw\Guillermo_Canas\Guillermo_Canas_0003.jpg,data\calibration\lfw\lfw\Guillermo_Canas\Guillermo_Canas_0004.jpg,1,0.67191887
6,data\calibration\lfw\lfw\Hans_Blix\Hans_Blix_0007.jpg,data\calibration\lfw\lfw\Hans_Blix\Hans_Blix_0008.jpg,1,0.63661408
6,data\calibration\lfw\lfw\Hans_Blix\Hans_Blix_0007.jpg,data\calibration\lfw\lfw\Hans_Blix\Hans_Blix_0018.jpg,1,0.52180833
6,data\calibration\lfw\lfw\Hans_Blix\Hans_Blix_0007.jpg,data\calibration\lfw\lfw\Hans_Blix\Hans_Blix_0038.jpg,1,0.58796459
6,data\calibration\lfw\lfw\Hans_Blix\Hans_Blix_0008.jpg,data\calibration\lfw\lfw\Hans_Blix\Hans_Blix_0024.jpg,1,0.66179848
6,data\calibration\lfw\lfw\Hans_Blix\Hans_Blix_0009.jpg,data\calibration\lfw\lfw\Hans_Blix\Hans_Blix_0012.jpg,1,0.66069418
6,data\calibration\lfw\lfw\Hans_Blix\Hans_Blix_0026.jpg,data\calibration\lfw\lfw\Hans_Blix\Hans_Blix_0036.jpg,1,0.52426475
6,data\calibration\lfw\lfw\Hans_Blix\Hans_Blix_0027.jpg,data\calibration\lfw\lfw\Hans_Blix\Hans_Blix_0037.jpg,1,0.70834398
6,data\calibration\lfw\lfw\Hans_Blix\Hans_Blix_0031.jpg,data\calibration\lfw\lfw\Hans_Blix\Hans_Blix_0037.jpg,1,0.65279287
6,data\calibration\lfw\lfw\Heath_Ledger\Heath_Ledger_0001.jpg,data\calibration\lfw\lfw\Heath_Ledger\Heath_Ledger_0002.jpg,1,0.53264457
6,data\calibration\lfw\lfw\Heath_Ledger\Heath_Ledger_0001.jpg,data\calibration\lfw\lfw\Heath_Ledger\Heath_Ledger_0004.jpg,1,0.62754393
6,data\calibration\lfw\lfw\Heath_Ledger\Heath_Ledger_0002.jpg,data\calibration\lfw\lfw\Heath_Ledger\Heath_Ledger_0003.jpg,1,0.67032135
6,data\calibration\lfw\lfw\Heath_Ledger\Heath_Ledger_0002.jpg,data\calibration\lfw\lfw\Heath_Ledger\Heath_Ledger_0004.jpg,1,0.64328164
6,data\calibration\lfw\lfw\Herta_Daeubler-Gmelin\Herta_Daeubler-Gmelin_0001.jpg,data\calibration\lfw\lfw\Herta_Daeubler-Gmelin\Herta_Daeubler-Gmelin_0002.jpg,1,0.79002899
6,data\calibration\lfw\lfw\Hilary_Duff\Hilary_Duff_0001.jpg,data\calibration\lfw\lfw\Hilary_Duff\Hilary_Duff_0003.jpg,1,0.63523513
6,data\calibration\lfw\lfw\Hilary_Duff\Hilary_Duff_0002.jpg,data\calibration\lfw\lfw\Hilary_Duff\Hilary_Duff_0003.jpg,1,0.52539212
6,data\calibration\lfw\lfw\Hosni_Mubarak\Hosni_Mubarak_0006.jpg,data\calibration\lfw\lfw\Hosni_Mubarak\Hosni_Mubarak_0007.jpg,1,0.64456362
6,data\calibration\lfw\lfw\Hun_Sen\Hun_Sen_0001.jpg,data\calibration\lfw\lfw\Hun_Sen\Hun_Sen_0004.jpg,1,0.58638006
6,data\calibration\lfw\lfw\Hun_Sen\Hun_Sen_0002.jpg,data\calibration\lfw\lfw\Hun_Sen\Hun_Sen_0004.jpg,1,0.59566063
6,data\calibration\lfw\lfw\Iain_Duncan_Smith\Iain_Duncan_Smith_0001.jpg,data\calibration\lfw\lfw\Iain_Duncan_Smith\Iain_Duncan_Smith_0003.jpg,1,0.70425719
6,data\calibration\lfw\lfw\Iain_Duncan_Smith\Iain_Duncan_Smith_0002.jpg,data\calibration\lfw\lfw\Iain_Duncan_Smith\Iain_Duncan_Smith_0003.jpg,1,0.74690008
6,data\calibration\lfw\lfw\Iain_Duncan_Smith\Iain_Duncan_Smith_0002.jpg,data\calibration\lfw\lfw\Iain_Duncan_Smith\Iain_Duncan_Smith_0004.jpg,1,0.76396018
6,data\calibration\lfw\lfw\Iain_Duncan_Smith\Iain_Duncan_Smith_0003.jpg,data\calibration\lfw\lfw\Iain_Duncan_Smith\Iain_Duncan_Smith_0004.jpg,1,0.77699327
6,data\calibration\lfw\lfw\Inocencio_Arias\Inocencio_Arias_0001.jpg,data\calibration\lfw\lfw\Inocencio_Arias\Inocencio_Arias_0002.jpg,1,0.68085808
6,data\calibration\lfw\lfw\JK_Rowling\JK_Rowling_0001.jpg,data\calibration\lfw\lfw\JK_Rowling\JK_Rowling_0002.jpg,1,0.53251398
6,data\calibration\lfw\lfw\JK_Rowling\JK_Rowling_0002.jpg,data\calibration\lfw\lfw\JK_Rowling\JK_Rowling_0003.jpg,1,0.68482780
6,data\calibration\lfw\lfw\JK_Rowling\JK_Rowling_0002.jpg,data\calibration\lfw\lfw\JK_Rowling\JK_Rowling_0004.jpg,1,0.82067674
6,data\calibration\lfw\lfw\JK_Rowling\JK_Rowling_0003.jpg,data\calibration\lfw\lfw\JK_Rowling\JK_Rowling_0005.jpg,1,0.60808206
6,data\calibration\lfw\lfw\Jackie_Chan\Jackie_Chan_0001.jpg,data\calibration\lfw\lfw\Jackie_Chan\Jackie_Chan_0003.jpg,1,0.77665561
6,data\calibration\lfw\lfw\Jackie_Chan\Jackie_Chan_0005.jpg,data\calibration\lfw\lfw\Jackie_Chan\Jackie_Chan_0008.jpg,1,0.63742852
6,data\calibration\lfw\lfw\Jane_Kaczmarek\Jane_Kaczmarek_0001.jpg,data\calibration\lfw\lfw\Jane_Kaczmarek\Jane_Kaczmarek_0002.jpg,1,0.78407604
6,data\calibration\lfw\lfw\Janet_Napolitano\Janet_Napolitano_0001.jpg,data\calibration\lfw\lfw\Janet_Napolitano\Janet_Napolitano_0002.jpg,1,0.77382392
6,data\calibration\lfw\lfw\Janet_Napolitano\Janet_Napolitano_0001.jpg,data\calibration\lfw\lfw\Janet_Napolitano\Janet_Napolitano_0004.jpg,1,0.72105503
6,data\calibration\lfw\lfw\Jay_Leno\Jay_Leno_0001.jpg,data\calibration\lfw\lfw\Jay_Leno\Jay_Leno_0003.jpg,1,0.62588203
6,data\calibration\lfw\lfw\Jay_Leno\Jay_Leno_0002.jpg,data\calibration\lfw\lfw\Jay_Leno\Jay_Leno_0003.jpg,1,0.71849394
6,data\calibration\lfw\lfw\Jean-David_Levitte\Jean-David_Levitte_0001.jpg,data\calibration\lfw\lfw\Jean-David_Levitte\Jean-David_Levitte_0002.jpg,1,0.77990252
6,data\calibration\lfw\lfw\Jean-David_Levitte\Jean-David_Levitte_0001.jpg,data\calibration\lfw\lfw\Jean-David_Levitte\Jean-David_Levitte_0004.jpg,1,0.64440423
6,data\calibration\lfw\lfw\Jean-David_Levitte\Jean-David_Levitte_0002.jpg,data\calibration\lfw\lfw\Jean-David_Levitte\Jean-David_Levitte_0005.jpg,1,0.73031175
6,data\calibration\lfw\lfw\Jean-David_Levitte\Jean-David_Levitte_0003.jpg,data\calibration\lfw\lfw\Jean-David_Levitte\Jean-David_Levitte_0004.jpg,1,0.68237847
6,data\calibration\lfw\lfw\Jean-David_Levitte\Jean-David_Levitte_0004.jpg,data\calibration\lfw\lfw\Jean-David_Levitte\Jean-David_Levitte_0009.jpg,1,0.68444818
6,data\calibration\lfw\lfw\Jeff_Van_Gundy\Jeff_Van_Gundy_0001.jpg,data\calibration\lfw\lfw\Jeff_Van_Gundy\Jeff_Van_Gundy_0002.jpg,1,0.66088408
6,data\calibration\lfw\lfw\Jeff_Van_Gundy\Jeff_Van_Gundy_0001.jpg,data\calibration\lfw\lfw\Jeff_Van_Gundy\Jeff_Van_Gundy_0003.jpg,1,0.54668605
6,data\calibration\lfw\lfw\Jeff_Van_Gundy\Jeff_Van_Gundy_0002.jpg,data\calibration\lfw\lfw\Jeff_Van_Gundy\Jeff_Van_Gundy_0003.jpg,1,0.63539040
6,data\calibration\lfw\lfw\Jim_Furyk\Jim_Furyk_0001.jpg,data\calibration\lfw\lfw\Jim_Furyk\Jim_Furyk_0006.jpg,1,0.77894574
6,data\calibration\lfw\lfw\Jim_Furyk\Jim_Furyk_0003.jpg,data\calibration\lfw\lfw\Jim_Furyk\Jim_Furyk_0006.jpg,1,0.73518527
6,data\calibration\lfw\lfw\John_Garamendi\John_Garamendi_0001.jpg,data\calibration\lfw\lfw\John_Garamendi\John_Garamendi_0002.jpg,1,0.67413151
6,data\calibration\lfw\lfw\John_Rigas\John_Rigas_0001.jpg,data\calibration\lfw\lfw\John_Rigas\John_Rigas_0002.jpg,1,0.73983330
6,data\calibration\lfw\lfw\John_Warner\John_Warner_0001.jpg,data\calibration\lfw\lfw\John_Warner\John_Warner_0002.jpg,1,0.66260093
6,data\calibration\lfw\lfw\John_Warner\John_Warner_0001.jpg,data\calibration\lfw\lfw\John_Warner\John_Warner_0003.jpg,1,0.66822481
6,data\calibration\lfw\lfw\John_Warner\John_Warner_0002.jpg,data\calibration\lfw\lfw\John_Warner\John_Warner_0004.jpg,1,0.71546239
6,data\calibration\lfw\lfw\John_Warner\John_Warner_0003.jpg,data\calibration\lfw\lfw\John_Warner\John_Warner_0004.jpg,1,0.78029847
6,data\calibration\lfw\lfw\Julia_Tymoshenko\Julia_Tymoshenko_0001.jpg,data\calibration\lfw\lfw\Julia_Tymoshenko\Julia_Tymoshenko_0002.jpg,1,0.07600783
6,data\calibration\lfw\lfw\Julia_Tymoshenko\Julia_Tymoshenko_0001.jpg,data\calibration\lfw\lfw\Julia_Tymoshenko\Julia_Tymoshenko_0003.jpg,1,0.09261803
6,data\calibration\lfw\lfw\Julia_Tymoshenko\Julia_Tymoshenko_0002.jpg,data\calibration\lfw\lfw\Julia_Tymoshenko\Julia_Tymoshenko_0003.jpg,1,0.67383134
6,data\calibration\lfw\lfw\Keith_Bogans\Keith_Bogans_0001.jpg,data\calibration\lfw\lfw\Keith_Bogans\Keith_Bogans_0003.jpg,1,0.64539570
6,data\calibration\lfw\lfw\Keith_Bogans\Keith_Bogans_0002.jpg,data\calibration\lfw\lfw\Keith_Bogans\Keith_Bogans_0003.jpg,1,0.81806248
6,data\calibration\lfw\lfw\Ken_Macha\Ken_Macha_0001.jpg,data\calibration\lfw\lfw\Ken_Macha\Ken_Macha_0003.jpg,1,0.54731917
6,data\calibration\lfw\lfw\Ken_Macha\Ken_Macha_0002.jpg,data\calibration\lfw\lfw\Ken_Macha\Ken_Macha_0003.jpg,1,0.41167688
6,data\calibration\lfw\lfw\Kenneth_Bowersox\Kenneth_Bowersox_0001.jpg,data\calibration\lfw\lfw\Kenneth_Bowersox\Kenneth_Bowersox_0002.jpg,1,0.74961537
6,data\calibration\lfw\lfw\Kenneth_Bowersox\Kenneth_Bowersox_0001.jpg,data\calibration\lfw\lfw\Kenneth_Bowersox\Kenneth_Bowersox_0003.jpg,1,0.74591172
6,data\calibration\lfw\lfw\Kenneth_Bowersox\Kenneth_Bowersox_0002.jpg,data\calibration\lfw\lfw\Kenneth_Bowersox\Kenneth_Bowersox_0003.jpg,1,0.75731093
6,data\calibration\lfw\lfw\Kristanna_Loken\Kristanna_Loken_0001.jpg,data\calibration\lfw\lfw\Kristanna_Loken\Kristanna_Loken_0002.jpg,1,0.72603595
6,data\calibration\lfw\lfw\Kristanna_Loken\Kristanna_Loken_0003.jpg,data\calibration\lfw\lfw\Kristanna_Loken\Kristanna_Loken_0004.jpg,1,-0.01225017
6,data\calibration\lfw\lfw\Kristanna_Loken\Kristanna_Loken_0004.jpg,data\calibration\lfw\lfw\Kristanna_Loken\Kristanna_Loken_0005.jpg,1,0.69329768
6,data\calibration\lfw\lfw\LK_Advani\LK_Advani_0001.jpg,data\calibration\lfw\lfw\LK_Advani\LK_Advani_0002.jpg,1,0.66901898
6,data\calibration\lfw\lfw\LK_Advani\LK_Advani_0001.jpg,data\calibration\lfw\lfw\LK_Advani\LK_Advani_0003.jpg,1,0.60070521
6,data\calibration\lfw\lfw\Lauren_Killian\Lauren_Killian_0001.jpg,data\calibration\lfw\lfw\Lauren_Killian\Lauren_Killian_0002.jpg,1,0.72049391
6,data\calibration\lfw\lfw\Lennox_Lewis\Lennox_Lewis_0001.jpg,data\calibration\lfw\lfw\Lennox_Lewis\Lennox_Lewis_0002.jpg,1,0.68482393
6,data\calibration\lfw\lfw\Lennox_Lewis\Lennox_Lewis_0001.jpg,data\calibration\lfw\lfw\Lennox_Lewis\Lennox_Lewis_0003.jpg,1,0.62114960
6,data\calibration\lfw\lfw\Lili_Taylor\Lili_Taylor_0001.jpg,data\calibration\lfw\lfw\Lili_Taylor\Lili_Taylor_0002.jpg,1,0.59430903
6,data\calibration\lfw\lfw\Lily_Tomlin\Lily_Tomlin_0001.jpg,data\calibration\lfw\lfw\Lily_Tomlin\Lily_Tomlin_0002.jpg,1,0.57387537
6,data\calibration\lfw\lfw\Lon_Kruger\Lon_Kruger_0001.jpg,data\calibration\lfw\lfw\Lon_Kruger\Lon_Kruger_0002.jpg,1,0.69801301
6,data\calibration\lfw\lfw\Lynn_Abraham\Lynn_Abraham_0001.jpg,data\calibration\lfw\lfw\Lynn_Abraham\Lynn_Abraham_0002.jpg,1,0.83343214
6,data\calibration\lfw\lfw\Mahmoud_Abbas\Mahmoud_Abbas_0007.jpg,data\calibration\lfw\lfw\Mahmoud_Abbas\Mahmoud_Abbas_0011.jpg,1,0.68747479
6,data\calibration\lfw\lfw\Mahmoud_Abbas\Mahmoud_Abbas_0015.jpg,data\calibration\lfw\lfw\Mahmoud_Abbas\Mahmoud_Abbas_0020.jpg,1,0.63738060
6,data\calibration\lfw\lfw\Mahmoud_Abbas\Mahmoud_Abbas_0022.jpg,data\calibration\lfw\lfw\Mahmoud_Abbas\Mahmoud_Abbas_0027.jpg,1,0.78656775
6,data\calibration\lfw\lfw\Mark_Richt\Mark_Richt_0001.jpg,data\calibration\lfw\lfw\Mark_Richt\Mark_Richt_0002.jpg,1,0.59122366
6,data\calibration\lfw\lfw\Mark_Richt\Mark_Richt_0001.jpg,data\calibration\lfw\lfw\Mark_Richt\Mark_Richt_0003.jpg,1,0.68542343
6,data\calibration\lfw\lfw\Mary-Kate_Olsen\Mary-Kate_Olsen_0001.jpg,data\calibration\lfw\lfw\Mary-Kate_Olsen\Mary-Kate_Olsen_0002.jpg,1,0.75463402
6,data\calibration\lfw\lfw\Mary-Kate_Olsen\Mary-Kate_Olsen_0002.jpg,data\calibration\lfw\lfw\Mary-Kate_Olsen\Mary-Kate_Olsen_0003.jpg,1,0.50977200
6,data\calibration\lfw\lfw\Matt_Dillon\Matt_Dillon_0001.jpg,data\calibration\lfw\lfw\Matt_Dillon\Matt_Dillon_0002.jpg,1,0.70010227
6,data\calibration\lfw\lfw\Max_Mayfield\Max_Mayfield_0001.jpg,data\calibration\lfw\lfw\Max_Mayfield\Max_Mayfield_0002.jpg,1,0.75256282
6,data\calibration\lfw\lfw\Megan_Mullally\Megan_Mullally_0001.jpg,data\calibration\lfw\lfw\Megan_Mullally\Megan_Mullally_0002.jpg,1,0.02642882
6,data\calibration\lfw\lfw\Megan_Mullally\Megan_Mullally_0001.jpg,data\calibration\lfw\lfw\Megan_Mullally\Megan_Mullally_0003.jpg,1,-0.08237856
6,data\calibration\lfw\lfw\Michael_Caine\Michael_Caine_0001.jpg,data\calibration\lfw\lfw\Michael_Caine\Michael_Caine_0002.jpg,1,0.13305487
6,data\calibration\lfw\lfw\Michael_Caine\Michael_Caine_0001.jpg,data\calibration\lfw\lfw\Michael_Caine\Michael_Caine_0003.jpg,1,0.08834185
6,data\calibration\lfw\lfw\Michael_Caine\Michael_Caine_0003.jpg,data\calibration\lfw\lfw\Michael_Caine\Michael_Caine_0004.jpg,1,0.71357882
6,data\calibration\lfw\lfw\Michael_J_Sheehan\Michael_J_Sheehan_0001.jpg,data\calibration\lfw\lfw\Michael_J_Sheehan\Michael_J_Sheehan_0002.jpg,1,0.77175319
6,data\calibration\lfw\lfw\Michael_Keaton\Michael_Keaton_0001.jpg,data\calibration\lfw\lfw\Michael_Keaton\Michael_Keaton_0002.jpg,1,0.72181034
6,data\calibration\lfw\lfw\Michael_Powell\Michael_Powell_0001.jpg,data\calibration\lfw\lfw\Michael_Powell\Michael_Powell_0002.jpg,1,0.64399540
6,data\calibration\lfw\lfw\Michael_Powell\Michael_Powell_0001.jpg,data\calibration\lfw\lfw\Michael_Powell\Michael_Powell_0003.jpg,1,0.62399870
6,data\calibration\lfw\lfw\Michael_Powell\Michael_Powell_0001.jpg,data\calibration\lfw\lfw\Michael_Powell\Michael_Powell_0005.jpg,1,0.70155472
6,data\calibration\lfw\lfw\Michael_Powell\Michael_Powell_0002.jpg,data\calibration\lfw\lfw\Michael_Powell\Michael_Powell_0003.jpg,1,0.80350047
6,data\calibration\lfw\lfw\Michael_Powell\Michael_Powell_0002.jpg,data\calibration\lfw\lfw\Michael_Powell\Michael_Powell_0004.jpg,1,0.78936207
6,data\calibration\lfw\lfw\Michael_Powell\Michael_Powell_0002.jpg,data\calibration\lfw\lfw\Michael_Powell\Michael_Powell_0005.jpg,1,0.62402970
6,data\calibration\lfw\lfw\Michael_Powell\Michael_Powell_0004.jpg,data\calibration\lfw\lfw\Michael_Powell\Michael_Powell_0005.jpg,1,0.65118909
6,data\calibration\lfw\lfw\Miguel_Contreras\Miguel_Contreras_0001.jpg,data\calibration\lfw\lfw\Miguel_Contreras\Miguel_Contreras_0002.jpg,1,0.57979059
6,data\calibration\lfw\lfw\Mike_Weir\Mike_Weir_0001.jpg,data\calibration\lfw\lfw\Mike_Weir\Mike_Weir_0006.jpg,1,0.62683022
6,data\calibration\lfw\lfw\Mike_Weir\Mike_Weir_0003.jpg,data\calibration\lfw\lfw\Mike_Weir\Mike_Weir_0011.jpg,1,0.55430371
6,data\calibration\lfw\lfw\Mikhail_Kasyanov\Mikhail_Kasyanov_0001.jpg,data\calibration\lfw\lfw\Mikhail_Kasyanov\Mikhail_Kasyanov_0002.jpg,1,0.76042724
6,data\calibration\lfw\lfw\Mikhail_Kasyanov\Mikhail_Kasyanov_0001.jpg,data\calibration\lfw\lfw\Mikhail_Kasyanov\Mikhail_Kasyanov_0003.jpg,1,0.72933954
6,data\calibration\lfw\lfw\Mikhail_Kasyanov\Mikhail_Kasyanov_0003.jpg,data\calibration\lfw\lfw\Mikhail_Kasyanov\Mikhail_Kasyanov_0004.jpg,1,0.86883527
6,data\calibration\lfw\lfw\Mohammed_Baqir_al-Hakim\Mohammed_Baqir_al-Hakim_0001.jpg,data\calibration\lfw\lfw\Mohammed_Baqir_al-Hakim\Mohammed_Baqir_al-Hakim_0003.jpg,1,0.81518114
6,data\calibration\lfw\lfw\Monica_Lewinsky\Monica_Lewinsky_0001.jpg,data\calibration\lfw\lfw\Monica_Lewinsky\Monica_Lewinsky_0002.jpg,1,0.62886405
6,data\calibration\lfw\lfw\Monica_Lewinsky\Monica_Lewinsky_0001.jpg,data\calibration\lfw\lfw\Monica_Lewinsky\Monica_Lewinsky_0003.jpg,1,0.50439936
6,data\calibration\lfw\lfw\Monica_Lewinsky\Monica_Lewinsky_0002.jpg,data\calibration\lfw\lfw\Monica_Lewinsky\Monica_Lewinsky_0003.jpg,1,0.59234321
6,data\calibration\lfw\lfw\Nan_Wang\Nan_Wang_0001.jpg,data\calibration\lfw\lfw\Nan_Wang\Nan_Wang_0003.jpg,1,0.75320590
6,data\calibration\lfw\lfw\Nan_Wang\Nan_Wang_0002.jpg,data\calibration\lfw\lfw\Nan_Wang\Nan_Wang_0003.jpg,1,0.66556352
6,data\calibration\lfw\lfw\Nan_Wang\Nan_Wang_0003.jpg,data\calibration\lfw\lfw\Nan_Wang\Nan_Wang_0004.jpg,1,0.67149460
6,data\calibration\lfw\lfw\Nancy_Demme\Nancy_Demme_0001.jpg,data\calibration\lfw\lfw\Nancy_Demme\Nancy_Demme_0002.jpg,1,0.79683554
6,data\calibration\lfw\lfw\Nancy_Reagan\Nancy_Reagan_0001.jpg,data\calibration\lfw\lfw\Nancy_Reagan\Nancy_Reagan_0002.jpg,1,0.52353668
6,data\calibration\lfw\lfw\Naoto_Kan\Naoto_Kan_0001.jpg,data\calibration\lfw\lfw\Naoto_Kan\Naoto_Kan_0003.jpg,1,0.94378501
6,data\calibration\lfw\lfw\Naoto_Kan\Naoto_Kan_0002.jpg,data\calibration\lfw\lfw\Naoto_Kan\Naoto_Kan_0003.jpg,1,0.90586954
6,data\calibration\lfw\lfw\Natasha_McElhone\Natasha_McElhone_0001.jpg,data\calibration\lfw\lfw\Natasha_McElhone\Natasha_McElhone_0002.jpg,1,0.88691145
6,data\calibration\lfw\lfw\Natasha_McElhone\Natasha_McElhone_0001.jpg,data\calibration\lfw\lfw\Natasha_McElhone\Natasha_McElhone_0003.jpg,1,0.82898915
6,data\calibration\lfw\lfw\Neri_Marcore\Neri_Marcore_0001.jpg,data\calibration\lfw\lfw\Neri_Marcore\Neri_Marcore_0002.jpg,1,0.69968140
6,data\calibration\lfw\lfw\Nicholas_Tse\Nicholas_Tse_0001.jpg,data\calibration\lfw\lfw\Nicholas_Tse\Nicholas_Tse_0002.jpg,1,0.61455542
6,data\calibration\lfw\lfw\Nicolas_Escude\Nicolas_Escude_0001.jpg,data\calibration\lfw\lfw\Nicolas_Escude\Nicolas_Escude_0002.jpg,1,0.73049194
6,data\calibration\lfw\lfw\Noelle_Bush\Noelle_Bush_0001.jpg,data\calibration\lfw\lfw\Noelle_Bush\Noelle_Bush_0003.jpg,1,0.71880013
6,data\calibration\lfw\lfw\Noelle_Bush\Noelle_Bush_0001.jpg,data\calibration\lfw\lfw\Noelle_Bush\Noelle_Bush_0004.jpg,1,0.65408063
6,data\calibration\lfw\lfw\Noelle_Bush\Noelle_Bush_0002.jpg,data\calibration\lfw\lfw\Noelle_Bush\Noelle_Bush_0004.jpg,1,0.10726532
6,data\calibration\lfw\lfw\Orrin_Hatch\Orrin_Hatch_0001.jpg,data\calibration\lfw\lfw\Orrin_Hatch\Orrin_Hatch_0002.jpg,1,0.66445804
6,data\calibration\lfw\lfw\Padraig_Harrington\Padraig_Harrington_0001.jpg,data\calibration\lfw\lfw\Padraig_Harrington\Padraig_Harrington_0003.jpg,1,0.65153587
6,data\calibration\lfw\lfw\Pedro_Almodovar\Pedro_Almodovar_0001.jpg,data\calibration\lfw\lfw\Pedro_Almodovar\Pedro_Almodovar_0002.jpg,1,0.78622544
6,data\calibration\lfw\lfw\Pedro_Almodovar\Pedro_Almodovar_0003.jpg,data\calibration\lfw\lfw\Pedro_Almodovar\Pedro_Almodovar_0005.jpg,1,0.62237281
6,data\calibration\lfw\lfw\Pedro_Almodovar\Pedro_Almodovar_0005.jpg,data\calibration\lfw\lfw\Pedro_Almodovar\Pedro_Almodovar_0006.jpg,1,0.84462512
6,data\calibration\lfw\lfw\Penelope_Ann_Miller\Penelope_Ann_Miller_0001.jpg,data\calibration\lfw\lfw\Penelope_Ann_Miller\Penelope_Ann_Miller_0002.jpg,1,0.72975236
6,data\calibration\lfw\lfw\Peter_Arnett\Peter_Arnett_0001.jpg,data\calibration\lfw\lfw\Peter_Arnett\Peter_Arnett_0003.jpg,1,0.64270908
6,data\calibration\lfw\lfw\Peter_Arnett\Peter_Arnett_0002.jpg,data\calibration\lfw\lfw\Peter_Arnett\Peter_Arnett_0003.jpg,1,0.58867955
6,data\calibration\lfw\lfw\Petria_Thomas\Petria_Thomas_0001.jpg,data\calibration\lfw\lfw\Petria_Thomas\Petria_Thomas_0002.jpg,1,0.82261080
6,data\calibration\lfw\lfw\Petro_Symonenko\Petro_Symonenko_0001.jpg,data\calibration\lfw\lfw\Petro_Symonenko\Petro_Symonenko_0002.jpg,1,0.67273158
6,data\calibration\lfw\lfw\Prince_Charles\Prince_Charles_0001.jpg,data\calibration\lfw\lfw\Prince_Charles\Prince_Charles_0002.jpg,1,0.86160040
6,data\calibration\lfw\lfw\Prince_Charles\Prince_Charles_0003.jpg,data\calibration\lfw\lfw\Prince_Charles\Prince_Charles_0004.jpg,1,0.69595438
6,data\calibration\lfw\lfw\Prince_Charles\Prince_Charles_0003.jpg,data\calibration\lfw\lfw\Prince_Charles\Prince_Charles_0005.jpg,1,0.68613118
6,data\calibration\lfw\lfw\Raoul_Ruiz\Raoul_Ruiz_0001.jpg,data\calibration\lfw\lfw\Raoul_Ruiz\Raoul_Ruiz_0002.jpg,1,0.74643594
6,data\calibration\lfw\lfw\Raoul_Ruiz\Raoul_Ruiz_0002.jpg,data\calibration\lfw\lfw\Raoul_Ruiz\Raoul_Ruiz_0003.jpg,1,0.72149295
6,data\calibration\lfw\lfw\Raoul_Ruiz\Raoul_Ruiz_0002.jpg,data\calibration\lfw\lfw\Raoul_Ruiz\Raoul_Ruiz_0004.jpg,1,0.81141847
6,data\calibration\lfw\lfw\Raoul_Ruiz\Raoul_Ruiz_0003.jpg,data\calibration\lfw\lfw\Raoul_Ruiz\Raoul_Ruiz_0004.jpg,1,0.79472953
6,data\calibration\lfw\lfw\Ricky_Ponting\Ricky_Ponting_0001.jpg,data\calibration\lfw\lfw\Ricky_Ponting\Ricky_Ponting_0002.jpg,1,0.74477541
6,data\calibration\lfw\lfw\Robert_Stack\Robert_Stack_0001.jpg,data\calibration\lfw\lfw\Robert_Stack\Robert_Stack_0002.jpg,1,0.72396213
6,data\calibration\lfw\lfw\Robin_Cook\Robin_Cook_0001.jpg,data\calibration\lfw\lfw\Robin_Cook\Robin_Cook_0002.jpg,1,0.81874669
6,data\calibration\lfw\lfw\Roger_Federer\Roger_Federer_0004.jpg,data\calibration\lfw\lfw\Roger_Federer\Roger_Federer_0005.jpg,1,0.65088564
6,data\calibration\lfw\lfw\Roger_Federer\Roger_Federer_0004.jpg,data\calibration\lfw\lfw\Roger_Federer\Roger_Federer_0007.jpg,1,0.68142903
6,data\calibration\lfw\lfw\Roger_Federer\Roger_Federer_0006.jpg,data\calibration\lfw\lfw\Roger_Federer\Roger_Federer_0007.jpg,1,0.90039241
6,data\calibration\lfw\lfw\Ronaldo_Luis_Nazario_de_Lima\Ronaldo_Luis_Nazario_de_Lima_0001.jpg,data\calibration\lfw\lfw\Ronaldo_Luis_Nazario_de_Lima\Ronaldo_Luis_Nazario_de_Lima_0004.jpg,1,0.80709523
6,data\calibration\lfw\lfw\Ronaldo_Luis_Nazario_de_Lima\Ronaldo_Luis_Nazario_de_Lima_0002.jpg,data\calibration\lfw\lfw\Ronaldo_Luis_Nazario_de_Lima\Ronaldo_Luis_Nazario_de_Lima_0003.jpg,1,0.77963358
6,data\calibration\lfw\lfw\Ronaldo_Luis_Nazario_de_Lima\Ronaldo_Luis_Nazario_de_Lima_0002.jpg,data\calibration\lfw\lfw\Ronaldo_Luis_Nazario_de_Lima\Ronaldo_Luis_Nazario_de_Lima_0004.jpg,1,0.70842093
6,data\calibration\lfw\lfw\Ronaldo_Luis_Nazario_de_Lima\Ronaldo_Luis_Nazario_de_Lima_0003.jpg,data\calibration\lfw\lfw\Ronaldo_Luis_Nazario_de_Lima\Ronaldo_Luis_Nazario_de_Lima_0004.jpg,1,0.78926623
6,data\calibration\lfw\lfw\Roy_Williams\Roy_Williams_0001.jpg,data\calibration\lfw\lfw\Roy_Williams\Roy_Williams_0003.jpg,1,0.57409382
6,data\calibration\lfw\lfw\Roy_Williams\Roy_Williams_0002.jpg,data\calibration\lfw\lfw\Roy_Williams\Roy_Williams_0004.jpg,1,0.59565377
6,data\calibration\lfw\lfw\Sally_Ride\Sally_Ride_0001.jpg,data\calibration\lfw\lfw\Sally_Ride\Sally_Ride_0002.jpg,1,0.63156593
6,data\calibration\lfw\lfw\Scott_McNealy\Scott_McNealy_0001.jpg,data\calibration\lfw\lfw\Scott_McNealy\Scott_McNealy_0002.jpg,1,0.72728592
6,data\calibration\lfw\lfw\Scott_Peterson\Scott_Peterson_0001.jpg,data\calibration\lfw\lfw\Scott_Peterson\Scott_Peterson_0002.jpg,1,0.60855979
6,data\calibration\lfw\lfw\Scott_Peterson\Scott_Peterson_0001.jpg,data\calibration\lfw\lfw\Scott_Peterson\Scott_Peterson_0005.jpg,1,0.63590020
6,data\calibration\lfw\lfw\Scott_Peterson\Scott_Peterson_0002.jpg,data\calibration\lfw\lfw\Scott_Peterson\Scott_Peterson_0005.jpg,1,0.62334234
6,data\calibration\lfw\lfw\Scott_Peterson\Scott_Peterson_0003.jpg,data\calibration\lfw\lfw\Scott_Peterson\Scott_Peterson_0004.jpg,1,0.64577997
6,data\calibration\lfw\lfw\Scott_Ritter\Scott_Ritter_0001.jpg,data\calibration\lfw\lfw\Scott_Ritter\Scott_Ritter_0002.jpg,1,0.71727365
6,data\calibration\lfw\lfw\Sean_OKeefe\Sean_OKeefe_0003.jpg,data\calibration\lfw\lfw\Sean_OKeefe\Sean_OKeefe_0004.jpg,1,0.77863175
6,data\calibration\lfw\lfw\Sean_Penn\Sean_Penn_0001.jpg,data\calibration\lfw\lfw\Sean_Penn\Sean_Penn_0002.jpg,1,0.73253125
6,data\calibration\lfw\lfw\Sean_Penn\Sean_Penn_0002.jpg,data\calibration\lfw\lfw\Sean_Penn\Sean_Penn_0003.jpg,1,0.69019485
6,data\calibration\lfw\lfw\Sebastien_Grosjean\Sebastien_Grosjean_0001.jpg,data\calibration\lfw\lfw\Sebastien_Grosjean\Sebastien_Grosjean_0002.jpg,1,0.60489893
6,data\calibration\lfw\lfw\Sebastien_Grosjean\Sebastien_Grosjean_0001.jpg,data\calibration\lfw\lfw\Sebastien_Grosjean\Sebastien_Grosjean_0004.jpg,1,0.67733479
6,data\calibration\lfw\lfw\Sharon_Stone\Sharon_Stone_0001.jpg,data\calibration\lfw\lfw\Sharon_Stone\Sharon_Stone_0002.jpg,1,0.47827452
6,data\calibration\lfw\lfw\Sharon_Stone\Sharon_Stone_0001.jpg,data\calibration\lfw\lfw\Sharon_Stone\Sharon_Stone_0003.jpg,1,0.44821262
6,data\calibration\lfw\lfw\Sharon_Stone\Sharon_Stone_0001.jpg,data\calibration\lfw\lfw\Sharon_Stone\Sharon_Stone_0004.jpg,1,0.39774188
6,data\calibration\lfw\lfw\Sharon_Stone\Sharon_Stone_0001.jpg,data\calibration\lfw\lfw\Sharon_Stone\Sharon_Stone_0005.jpg,1,0.42636356
6,data\calibration\lfw\lfw\Sharon_Stone\Sharon_Stone_0002.jpg,data\calibration\lfw\lfw\Sharon_Stone\Sharon_Stone_0004.jpg,1,0.53233063
6,data\calibration\lfw\lfw\Sonia_Gandhi\Sonia_Gandhi_0001.jpg,data\calibration\lfw\lfw\Sonia_Gandhi\Sonia_Gandhi_0003.jpg,1,0.76388025
6,data\calibration\lfw\lfw\Sonia_Gandhi\Sonia_Gandhi_0001.jpg,data\calibration\lfw\lfw\Sonia_Gandhi\Sonia_Gandhi_0004.jpg,1,0.65395302
6,data\calibration\lfw\lfw\Steve_Backley\Steve_Backley_0001.jpg,data\calibration\lfw\lfw\Steve_Backley\Steve_Backley_0002.jpg,1,0.77759242
6,data\calibration\lfw\lfw\Steven_Hatfill\Steven_Hatfill_0001.jpg,data\calibration\lfw\lfw\Steven_Hatfill\Steven_Hatfill_0002.jpg,1,0.75906903
6,data\calibration\lfw\lfw\Tassos_Papadopoulos\Tassos_Papadopoulos_0001.jpg,data\calibration\lfw\lfw\Tassos_Papadopoulos\Tassos_Papadopoulos_0003.jpg,1,0.75244230
6,data\calibration\lfw\lfw\Taufik_Hidayat\Taufik_Hidayat_0001.jpg,data\calibration\lfw\lfw\Taufik_Hidayat\Taufik_Hidayat_0002.jpg,1,0.83247399
6,data\calibration\lfw\lfw\Taufik_Hidayat\Taufik_Hidayat_0001.jpg,data\calibration\lfw\lfw\Taufik_Hidayat\Taufik_Hidayat_0003.jpg,1,0.72224981
6,data\calibration\lfw\lfw\Taufik_Hidayat\Taufik_Hidayat_0002.jpg,data\calibration\lfw\lfw\Taufik_Hidayat\Taufik_Hidayat_0003.jpg,1,0.75494552
6,data\calibration\lfw\lfw\Thomas_Malchow\Thomas_Malchow_0001.jpg,data\calibration\lfw\lfw\Thomas_Malchow\Thomas_Malchow_0002.jpg,1,0.66902387
6,data\calibration\lfw\lfw\Tom_Cruise\Tom_Cruise_0003.jpg,data\calibration\lfw\lfw\Tom_Cruise\Tom_Cruise_0005.jpg,1,0.12567718
6,data\calibration\lfw\lfw\Tom_Cruise\Tom_Cruise_0004.jpg,data\calibration\lfw\lfw\Tom_Cruise\Tom_Cruise_0010.jpg,1,0.52103800
6,data\calibration\lfw\lfw\Tom_Cruise\Tom_Cruise_0006.jpg,data\calibration\lfw\lfw\Tom_Cruise\Tom_Cruise_0010.jpg,1,0.76757157
6,data\calibration\lfw\lfw\Toni_Braxton\Toni_Braxton_0001.jpg,data\calibration\lfw\lfw\Toni_Braxton\Toni_Braxton_0003.jpg,1,0.55639261
6,data\calibration\lfw\lfw\Wayne_Gretzky\Wayne_Gretzky_0001.jpg,data\calibration\lfw\lfw\Wayne_Gretzky\Wayne_Gretzky_0002.jpg,1,0.79075044
6,data\calibration\lfw\lfw\Wayne_Gretzky\Wayne_Gretzky_0001.jpg,data\calibration\lfw\lfw\Wayne_Gretzky\Wayne_Gretzky_0004.jpg,1,0.63774729
6,data\calibration\lfw\lfw\William_Bulger\William_Bulger_0001.jpg,data\calibration\lfw\lfw\William_Bulger\William_Bulger_0003.jpg,1,0.59952343
6,data\calibration\lfw\lfw\William_Bulger\William_Bulger_0002.jpg,data\calibration\lfw\lfw\William_Bulger\William_Bulger_0004.jpg,1,0.63772523
6,data\calibration\lfw\lfw\Winona_Ryder\Winona_Ryder_0012.jpg,data\calibration\lfw\lfw\Winona_Ryder\Winona_Ryder_0013.jpg,1,-0.00467951
6,data\calibration\lfw\lfw\Winona_Ryder\Winona_Ryder_0012.jpg,data\calibration\lfw\lfw\Winona_Ryder\Winona_Ryder_0018.jpg,1,-0.00493503
6,data\calibration\lfw\lfw\Winona_Ryder\Winona_Ryder_0012.jpg,data\calibration\lfw\lfw\Winona_Ryder\Winona_Ryder_0019.jpg,1,-0.02801604
6,data\calibration\lfw\lfw\Xanana_Gusmao\Xanana_Gusmao_0001.jpg,data\calibration\lfw\lfw\Xanana_Gusmao\Xanana_Gusmao_0004.jpg,1,0.74721676
6,data\calibration\lfw\lfw\Xanana_Gusmao\Xanana_Gusmao_0002.jpg,data\calibration\lfw\lfw\Xanana_Gusmao\Xanana_Gusmao_0003.jpg,1,0.57439703
6,data\calibration\lfw\lfw\Xanana_Gusmao\Xanana_Gusmao_0003.jpg,data\calibration\lfw\lfw\Xanana_Gusmao\Xanana_Gusmao_0005.jpg,1,0.55680001
6,data\calibration\lfw\lfw\Xanana_Gusmao\Xanana_Gusmao_0004.jpg,data\calibration\lfw\lfw\Xanana_Gusmao\Xanana_Gusmao_0005.jpg,1,0.55426896
6,data\calibration\lfw\lfw\Yann_Martel\Yann_Martel_0001.jpg,data\calibration\lfw\lfw\Yann_Martel\Yann_Martel_0002.jpg,1,0.83552730
6,data\calibration\lfw\lfw\Yashwant_Sinha\Yashwant_Sinha_0001.jpg,data\calibration\lfw\lfw\Yashwant_Sinha\Yashwant_Sinha_0003.jpg,1,0.68063742
6,data\calibration\lfw\lfw\Yashwant_Sinha\Yashwant_Sinha_0001.jpg,data\calibration\lfw\lfw\Yashwant_Sinha\Yashwant_Sinha_0005.jpg,1,0.72055310
6,data\calibration\lfw\lfw\Yashwant_Sinha\Yashwant_Sinha_0005.jpg,data\calibration\lfw\lfw\Yashwant_Sinha\Yashwant_Sinha_0007.jpg,1,0.74144691
6,data\calibration\lfw\lfw\Aaron_Guiel\Aaron_Guiel_0001.jpg,data\calibration\lfw\lfw\Pascal_Rheaume\Pascal_Rheaume_0001.jpg,0,0.01223803
6,data\calibration\lfw\lfw\Aaron_Guiel\Aaron_Guiel_0001.jpg,data\calibration\lfw\lfw\Steve_Zahn\Steve_Zahn_0001.jpg,0,0.06449496
6,data\calibration\lfw\lfw\Adrian_Nastase\Adrian_Nastase_0002.jpg,data\calibration\lfw\lfw\Princess_Victoria\Princess_Victoria_0001.jpg,0,0.00586053
6,data\calibration\lfw\lfw\Ahmed_Chalabi\Ahmed_Chalabi_0001.jpg,data\calibration\lfw\lfw\Rosario_Dawson\Rosario_Dawson_0001.jpg,0,-0.06194784
6,data\calibration\lfw\lfw\Ahmed_Ghazi\Ahmed_Ghazi_0001.jpg,data\calibration\lfw\lfw\Julia_Tymoshenko\Julia_Tymoshenko_0003.jpg,0,-0.01828316
6,data\calibration\lfw\lfw\Ahmet_Demir\Ahmet_Demir_0001.jpg,data\calibration\lfw\lfw\Wally_Szczerbiak\Wally_Szczerbiak_0001.jpg,0,-0.05192254
6,data\calibration\lfw\lfw\Ain_Seppik\Ain_Seppik_0001.jpg,data\calibration\lfw\lfw\Gerhard_Schroeder\Gerhard_Schroeder_0055.jpg,0,0.06455190
6,data\calibration\lfw\lfw\Ain_Seppik\Ain_Seppik_0001.jpg,data\calibration\lfw\lfw\Misty_Dawn_Clymer\Misty_Dawn_Clymer_0001.jpg,0,0.07531979
6,data\calibration\lfw\lfw\Ain_Seppik\Ain_Seppik_0001.jpg,data\calibration\lfw\lfw\Raoul_Ruiz\Raoul_Ruiz_0001.jpg,0,0.02146589
6,data\calibration\lfw\lfw\Ain_Seppik\Ain_Seppik_0001.jpg,data\calibration\lfw\lfw\Susan_Whelan\Susan_Whelan_0001.jpg,0,0.00945232
6,data\calibration\lfw\lfw\Aishwarya_Rai\Aishwarya_Rai_0001.jpg,data\calibration\lfw\lfw\Chloe_Sevigny\Chloe_Sevigny_0001.jpg,0,-0.03802218
6,data\calibration\lfw\lfw\Aishwarya_Rai\Aishwarya_Rai_0001.jpg,data\calibration\lfw\lfw\Dinah_Turner\Dinah_Turner_0001.jpg,0,-0.00505015
6,data\calibration\lfw\lfw\Aishwarya_Rai\Aishwarya_Rai_0001.jpg,data\calibration\lfw\lfw\Rosario_Dawson\Rosario_Dawson_0001.jpg,0,-0.02550007
6,data\calibration\lfw\lfw\Alan_Zemaitis\Alan_Zemaitis_0001.jpg,data\calibration\lfw\lfw\Lauren_Killian\Lauren_Killian_0001.jpg,0,-0.00414550
6,data\calibration\lfw\lfw\Alex_Cejka\Alex_Cejka_0001.jpg,data\calibration\lfw\lfw\Taufik_Hidayat\Taufik_Hidayat_0002.jpg,0,-0.05126090
6,data\calibration\lfw\lfw\Alexandre_Daigle\Alexandre_Daigle_0001.jpg,data\calibration\lfw\lfw\Brent_Coles\Brent_Coles_0001.jpg,0,0.00810224
6,data\calibration\lfw\lfw\Ali_Bin_Hussein\Ali_Bin_Hussein_0001.jpg,data\calibration\lfw\lfw\Ben_Cahoon\Ben_Cahoon_0001.jpg,0,-0.05144477
6,data\calibration\lfw\lfw\Ali_Bin_Hussein\Ali_Bin_Hussein_0001.jpg,data\calibration\lfw\lfw\Oswald_Gruebel\Oswald_Gruebel_0001.jpg,0,-0.05055428
6,data\calibration\lfw\lfw\Ali_Bin_Hussein\Ali_Bin_Hussein_0001.jpg,data\calibration\lfw\lfw\Raf_Vallone\Raf_Vallone_0001.jpg,0,-0.02627614
6,data\calibration\lfw\lfw\Alimzhan_Tokhtakhounov\Alimzhan_Tokhtakhounov_0001.jpg,data\calibration\lfw\lfw\Jeane_Kirkpatrick\Jeane_Kirkpatrick_0001.jpg,0,0.01800351
6,data\calibration\lfw\lfw\Alimzhan_Tokhtakhounov\Alimzhan_Tokhtakhounov_0002.jpg,data\calibration\lfw\lfw\Butch_Davis\Butch_Davis_0001.jpg,0,0.04842608
6,data\calibration\lfw\lfw\Alisha_Richman\Alisha_Richman_0001.jpg,data\calibration\lfw\lfw\Camille_Lewis\Camille_Lewis_0001.jpg,0,-0.03621854
6,data\calibration\lfw\lfw\Alisha_Richman\Alisha_Richman_0001.jpg,data\calibration\lfw\lfw\Katerina_Smrzova\Katerina_Smrzova_0001.jpg,0,0.07782292
6,data\calibration\lfw\lfw\Alisha_Richman\Alisha_Richman_0001.jpg,data\calibration\lfw\lfw\Miguel_Rosseto\Miguel_Rosseto_0001.jpg,0,0.05957700
6,data\calibration\lfw\lfw\Amelie_Mauresmo\Amelie_Mauresmo_0003.jpg,data\calibration\lfw\lfw\Laura_Flessel\Laura_Flessel_0001.jpg,0,0.11468270
6,data\calibration\lfw\lfw\Amelie_Mauresmo\Amelie_Mauresmo_0018.jpg,data\calibration\lfw\lfw\Bob_Colvin\Bob_Colvin_0001.jpg,0,0.08041561
6,data\calibration\lfw\lfw\Ana_Claudia_Talancon\Ana_Claudia_Talancon_0001.jpg,data\calibration\lfw\lfw\Piers_Sellers\Piers_Sellers_0001.jpg,0,-0.01953041
6,data\calibration\lfw\lfw\Andrea_Kiser\Andrea_Kiser_0001.jpg,data\calibration\lfw\lfw\Ellen_Barkin\Ellen_Barkin_0001.jpg,0,0.00526155
6,data\calibration\lfw\lfw\Andrea_Kiser\Andrea_Kiser_0001.jpg,data\calibration\lfw\lfw\Imre_Kertasz\Imre_Kertasz_0001.jpg,0,0.01532348
6,data\calibration\lfw\lfw\Andrea_Kiser\Andrea_Kiser_0001.jpg,data\calibration\lfw\lfw\Matt_Dillon\Matt_Dillon_0001.jpg,0,-0.14009884
6,data\calibration\lfw\lfw\Andrea_Kiser\Andrea_Kiser_0001.jpg,data\calibration\lfw\lfw\Yann_Martel\Yann_Martel_0002.jpg,0,-0.02415733
6,data\calibration\lfw\lfw\Andres_DAlessandro\Andres_DAlessandro_0001.jpg,data\calibration\lfw\lfw\Leticia_Van_de_Putte\Leticia_Van_de_Putte_0001.jpg,0,0.05012323
6,data\calibration\lfw\lfw\Andres_DAlessandro\Andres_DAlessandro_0001.jpg,data\calibration\lfw\lfw\Ronaldo_Luis_Nazario_de_Lima\Ronaldo_Luis_Nazario_de_Lima_0001.jpg,0,0.10447717
6,data\calibration\lfw\lfw\Anette_Hosoi\Anette_Hosoi_0001.jpg,data\calibration\lfw\lfw\Rolf_Zimmermann\Rolf_Zimmermann_0001.jpg,0,-0.01018968
6,data\calibration\lfw\lfw\Anette_Hosoi\Anette_Hosoi_0001.jpg,data\calibration\lfw\lfw\Sheila_Taormina\Sheila_Taormina_0001.jpg,0,0.19655819
6,data\calibration\lfw\lfw\Anette_Hosoi\Anette_Hosoi_0001.jpg,data\calibration\lfw\lfw\Tora_Takagi\Tora_Takagi_0001.jpg,0,-0.02629178
6,data\calibration\lfw\lfw\Angelo_Reyes\Angelo_Reyes_0001.jpg,data\calibration\lfw\lfw\Chip_Knight\Chip_Knight_0001.jpg,0,-0.02645999
6,data\calibration\lfw\lfw\Angelo_Reyes\Angelo_Reyes_0001.jpg,data\calibration\lfw\lfw\Oliver_Neuville\Oliver_Neuville_0001.jpg,0,-0.05191121
6,data\calibration\lfw\lfw\Anne_Heche\Anne_Heche_0001.jpg,data\calibration\lfw\lfw\Sasha_Alexander\Sasha_Alexander_0001.jpg,0,0.02009053
6,data\calibration\lfw\lfw\Anne_Heche\Anne_Heche_0001.jpg,data\calibration\lfw\lfw\Tanya_Lindenmuth\Tanya_Lindenmuth_0001.jpg,0,0.02402068
6,data\calibration\lfw\lfw\Antje_Buschschulte\Antje_Buschschulte_0001.jpg,data\calibration\lfw\lfw\Jerry_Angelo\Jerry_Angelo_0001.jpg,0,0.02455595
6,data\calibration\lfw\lfw\Anton_Balasingham\Anton_Balasingham_0001.jpg,data\calibration\lfw\lfw\Matt_Siebrandt\Matt_Siebrandt_0001.jpg,0,0.02376463
6,data\calibration\lfw\lfw\Anton_Balasingham\Anton_Balasingham_0001.jpg,data\calibration\lfw\lfw\Will_Ferrell\Will_Ferrell_0001.jpg,0,-0.03017417
6,data\calibration\lfw\lfw\Armando_Avila_Panchame\Armando_Avila_Panchame_0001.jpg,data\calibration\lfw\lfw\Monica_Gabrielle\Monica_Gabrielle_0001.jpg,0,0.07051859
6,data\calibration\lfw\lfw\Armando_Avila_Panchame\Armando_Avila_Panchame_0001.jpg,data\calibration\lfw\lfw\Retief_Goosen\Retief_Goosen_0001.jpg,0,-0.05723138
6,data\calibration\lfw\lfw\BJ_Habibie\BJ_Habibie_0001.jpg,data\calibration\lfw\lfw\Craig_MacTavish\Craig_MacTavish_0001.jpg,0,0.04289193
6,data\calibration\lfw\lfw\Baz_Luhrmann\Baz_Luhrmann_0001.jpg,data\calibration\lfw\lfw\Danny_Avalon\Danny_Avalon_0001.jpg,0,-0.03477754
6,data\calibration\lfw\lfw\Begum_Khaleda_Zia\Begum_Khaleda_Zia_0001.jpg,data\calibration\lfw\lfw\Eric_Idle\Eric_Idle_0001.jpg,0,0.00859000
6,data\calibration\lfw\lfw\Begum_Khaleda_Zia\Begum_Khaleda_Zia_0001.jpg,data\calibration\lfw\lfw\Michael_Andretti\Michael_Andretti_0001.jpg,0,0.03607648
6,data\calibration\lfw\lfw\Begum_Khaleda_Zia\Begum_Khaleda_Zia_0001.jpg,data\calibration\lfw\lfw\Picabo_Street\Picabo_Street_0001.jpg,0,-0.10117047
6,data\calibration\lfw\lfw\Ben_Cahoon\Ben_Cahoon_0001.jpg,data\calibration\lfw\lfw\Nate_Blackwell\Nate_Blackwell_0001.jpg,0,0.09710003
6,data\calibration\lfw\lfw\Ben_Cahoon\Ben_Cahoon_0001.jpg,data\calibration\lfw\lfw\Roy_Williams\Roy_Williams_0003.jpg,0,0.02010333
6,data\calibration\lfw\lfw\Ben_Curtis\Ben_Curtis_0003.jpg,data\calibration\lfw\lfw\Jim_Calhoun\Jim_Calhoun_0001.jpg,0,-0.06937224
6,data\calibration\lfw\lfw\Benicio_Del_Toro\Benicio_Del_Toro_0001.jpg,data\calibration\lfw\lfw\Elizabeth_Taylor\Elizabeth_Taylor_0001.jpg,0,0.04910861
6,data\calibration\lfw\lfw\Benicio_Del_Toro\Benicio_Del_Toro_0001.jpg,data\calibration\lfw\lfw\Ismail_Khan\Ismail_Khan_0001.jpg,0,0.02610549
6,data\calibration\lfw\lfw\Benicio_Del_Toro\Benicio_Del_Toro_0001.jpg,data\calibration\lfw\lfw\Tonya_Payne\Tonya_Payne_0001.jpg,0,-0.04151056
6,data\calibration\lfw\lfw\Bijan_Namdar_Zangeneh\Bijan_Namdar_Zangeneh_0001.jpg,data\calibration\lfw\lfw\Petro_Symonenko\Petro_Symonenko_0001.jpg,0,-0.02265929
6,data\calibration\lfw\lfw\Billy_Graham\Billy_Graham_0001.jpg,data\calibration\lfw\lfw\Karin_Pilsaeter\Karin_Pilsaeter_0001.jpg,0,-0.03029813
6,data\calibration\lfw\lfw\Billy_Graham\Billy_Graham_0001.jpg,data\calibration\lfw\lfw\Piers_Sellers\Piers_Sellers_0001.jpg,0,0.03734807
6,data\calibration\lfw\lfw\Billy_Graham\Billy_Graham_0002.jpg,data\calibration\lfw\lfw\Howard_Wilkinson\Howard_Wilkinson_0001.jpg,0,0.01443102
6,data\calibration\lfw\lfw\Bob_Colvin\Bob_Colvin_0002.jpg,data\calibration\lfw\lfw\Janet_Napolitano\Janet_Napolitano_0001.jpg,0,0.02406164
6,data\calibration\lfw\lfw\Boris_Henry\Boris_Henry_0001.jpg,data\calibration\lfw\lfw\John_Reid\John_Reid_0002.jpg,0,-0.02706140
6,data\calibration\lfw\lfw\Brandon_Boyd\Brandon_Boyd_0001.jpg,data\calibration\lfw\lfw\James_Brosnahan\James_Brosnahan_0001.jpg,0,-0.06848013
6,data\calibration\lfw\lfw\Brandon_Boyd\Brandon_Boyd_0001.jpg,data\calibration\lfw\lfw\Neil_Moritz\Neil_Moritz_0001.jpg,0,-0.05024405
6,data\calibration\lfw\lfw\Brent_Coles\Brent_Coles_0001.jpg,data\calibration\lfw\lfw\Zoe_Ball\Zoe_Ball_0001.jpg,0,-0.02187182
6,data\calibration\lfw\lfw\Brett_Hull\Brett_Hull_0001.jpg,data\calibration\lfw\lfw\Gregorio_Rosal\Gregorio_Rosal_0001.jpg,0,-0.01470835
6,data\calibration\lfw\lfw\Brett_Hull\Brett_Hull_0001.jpg,data\calibration\lfw\lfw\Kirsten_Clark\Kirsten_Clark_0001.jpg,0,0.01118378
6,data\calibration\lfw\lfw\Brett_Hull\Brett_Hull_0001.jpg,data\calibration\lfw\lfw\Ralph_Nader\Ralph_Nader_0001.jpg,0,0.14019553
6,data\calibration\lfw\lfw\Brett_Perry\Brett_Perry_0001.jpg,data\calibration\lfw\lfw\Neri_Marcore\Neri_Marcore_0001.jpg,0,0.06141362
6,data\calibration\lfw\lfw\Bruce_Willis\Bruce_Willis_0001.jpg,data\calibration\lfw\lfw\Carlos_Juarez\Carlos_Juarez_0001.jpg,0,0.05126392
6,data\calibration\lfw\lfw\Bruce_Willis\Bruce_Willis_0001.jpg,data\calibration\lfw\lfw\Jim_Carrey\Jim_Carrey_0001.jpg,0,-0.12111054
6,data\calibration\lfw\lfw\Bruce_Willis\Bruce_Willis_0001.jpg,data\calibration\lfw\lfw\Petria_Thomas\Petria_Thomas_0002.jpg,0,0.07087376
6,data\calibration\lfw\lfw\Bryant_Young\Bryant_Young_0001.jpg,data\calibration\lfw\lfw\Jim_Bollman\Jim_Bollman_0001.jpg,0,0.00073325
6,data\calibration\lfw\lfw\Bryant_Young\Bryant_Young_0001.jpg,data\calibration\lfw\lfw\Maurice_Cheeks\Maurice_Cheeks_0001.jpg,0,-0.00130775
6,data\calibration\lfw\lfw\Buddy_Ryan\Buddy_Ryan_0001.jpg,data\calibration\lfw\lfw\James_Brosnahan\James_Brosnahan_0001.jpg,0,-0.07959630
6,data\calibration\lfw\lfw\Buddy_Ryan\Buddy_Ryan_0001.jpg,data\calibration\lfw\lfw\Nancy_Reagan\Nancy_Reagan_0002.jpg,0,0.01004803
6,data\calibration\lfw\lfw\Butch_Davis\Butch_Davis_0002.jpg,data\calibration\lfw\lfw\Herta_Daeubler-Gmelin\Herta_Daeubler-Gmelin_0002.jpg,0,-0.06791747
6,data\calibration\lfw\lfw\Byron_Scott\Byron_Scott_0001.jpg,data\calibration\lfw\lfw\Jane_Clayson\Jane_Clayson_0001.jpg,0,-0.05733456
6,data\calibration\lfw\lfw\Camille_Lewis\Camille_Lewis_0001.jpg,data\calibration\lfw\lfw\Lincoln_Chafee\Lincoln_Chafee_0001.jpg,0,0.04799117
6,data\calibration\lfw\lfw\Camille_Lewis\Camille_Lewis_0001.jpg,data\calibration\lfw\lfw\Nathirah_Hussein\Nathirah_Hussein_0001.jpg,0,0.00316117
6,data\calibration\lfw\lfw\Carol_Burnett\Carol_Burnett_0001.jpg,data\calibration\lfw\lfw\Raf_Vallone\Raf_Vallone_0001.jpg,0,-0.03722558
6,data\calibration\lfw\lfw\Carol_Niedermayer\Carol_Niedermayer_0001.jpg,data\calibration\lfw\lfw\Kristin_Scott\Kristin_Scott_0001.jpg,0,0.07118771
6,data\calibration\lfw\lfw\Catherine_Ndereba\Catherine_Ndereba_0001.jpg,data\calibration\lfw\lfw\Janet_Napolitano\Janet_Napolitano_0004.jpg,0,0.04039406
6,data\calibration\lfw\lfw\Chandrika_Kumaratunga\Chandrika_Kumaratunga_0001.jpg,data\calibration\lfw\lfw\Kevin_Satterfield\Kevin_Satterfield_0001.jpg,0,-0.04384933
6,data\calibration\lfw\lfw\Charles_Mathews\Charles_Mathews_0001.jpg,data\calibration\lfw\lfw\Will_Ferrell\Will_Ferrell_0001.jpg,0,0.01952535
6,data\calibration\lfw\lfw\Charles_Mathews\Charles_Mathews_0002.jpg,data\calibration\lfw\lfw\Kristin_Scott\Kristin_Scott_0001.jpg,0,-0.00739469
6,data\calibration\lfw\lfw\Charlie_Garner\Charlie_Garner_0001.jpg,data\calibration\lfw\lfw\Luo_Linquan\Luo_Linquan_0001.jpg,0,0.09742161
6,data\calibration\lfw\lfw\Charlie_Williams\Charlie_Williams_0001.jpg,data\calibration\lfw\lfw\Julia_Tymoshenko\Julia_Tymoshenko_0001.jpg,0,0.00675529
6,data\calibration\lfw\lfw\Cheryl_Ford\Cheryl_Ford_0001.jpg,data\calibration\lfw\lfw\Chris_Cookson\Chris_Cookson_0001.jpg,0,0.00683250
6,data\calibration\lfw\lfw\Chip_Knight\Chip_Knight_0001.jpg,data\calibration\lfw\lfw\Ronald_Post\Ronald_Post_0001.jpg,0,-0.07883254
6,data\calibration\lfw\lfw\Chloe_Sevigny\Chloe_Sevigny_0001.jpg,data\calibration\lfw\lfw\Emyr_Jones_Parry\Emyr_Jones_Parry_0001.jpg,0,-0.03484165
6,data\calibration\lfw\lfw\Chloe_Sevigny\Chloe_Sevigny_0001.jpg,data\calibration\lfw\lfw\Petria_Thomas\Petria_Thomas_0003.jpg,0,-0.04366548
6,data\calibration\lfw\lfw\Chris_Cornell\Chris_Cornell_0001.jpg,data\calibration\lfw\lfw\Desmon_Farmer\Desmon_Farmer_0001.jpg,0,0.03487631
6,data\calibration\lfw\lfw\Christine_Ebersole\Christine_Ebersole_0002.jpg,data\calibration\lfw\lfw\Paul_Walker\Paul_Walker_0001.jpg,0,-0.04650886
6,data\calibration\lfw\lfw\Christoph_Daum\Christoph_Daum_0001.jpg,data\calibration\lfw\lfw\Scott_Hubbard\Scott_Hubbard_0001.jpg,0,-0.11419487
6,data\calibration\lfw\lfw\Christopher_Conyers\Christopher_Conyers_0001.jpg,data\calibration\lfw\lfw\Michael_Milton\Michael_Milton_0001.jpg,0,-0.01516430
6,data\calibration\lfw\lfw\Christopher_Conyers\Christopher_Conyers_0001.jpg,data\calibration\lfw\lfw\Raoul_Ruiz\Raoul_Ruiz_0001.jpg,0,-0.05718116
6,data\calibration\lfw\lfw\Chuck_Bednarik\Chuck_Bednarik_0001.jpg,data\calibration\lfw\lfw\Mario_Jardel\Mario_Jardel_0001.jpg,0,-0.03051110
6,data\calibration\lfw\lfw\Cindy_Zagorski\Cindy_Zagorski_0001.jpg,data\calibration\lfw\lfw\Rosie_Perez\Rosie_Perez_0001.jpg,0,0.08646734
6,data\calibration\lfw\lfw\Claudia_Schiffer\Claudia_Schiffer_0001.jpg,data\calibration\lfw\lfw\Lynn_Abraham\Lynn_Abraham_0002.jpg,0,-0.00842303
6,data\calibration\lfw\lfw\Claudia_Schiffer\Claudia_Schiffer_0003.jpg,data\calibration\lfw\lfw\Lin_Yung_Hsi\Lin_Yung_Hsi_0001.jpg,0,-0.01110949
6,data\calibration\lfw\lfw\Colin_Cowie\Colin_Cowie_0001.jpg,data\calibration\lfw\lfw\Mstislav_Rostropovich\Mstislav_Rostropovich_0001.jpg,0,0.00056541
6,data\calibration\lfw\lfw\Condoleezza_Rice\Condoleezza_Rice_0002.jpg,data\calibration\lfw\lfw\Mehmet_Okur\Mehmet_Okur_0001.jpg,0,0.11542519
6,data\calibration\lfw\lfw\Condoleezza_Rice\Condoleezza_Rice_0007.jpg,data\calibration\lfw\lfw\Ryan_Nyquist\Ryan_Nyquist_0001.jpg,0,0.04412757
6,data\calibration\lfw\lfw\Costas_Simitis\Costas_Simitis_0002.jpg,data\calibration\lfw\lfw\Lorraine_Fenton\Lorraine_Fenton_0001.jpg,0,0.04318854
6,data\calibration\lfw\lfw\Craig_MacTavish\Craig_MacTavish_0001.jpg,data\calibration\lfw\lfw\Vince_Dooley\Vince_Dooley_0001.jpg,0,-0.03422983
6,data\calibration\lfw\lfw\Cristina_Saralegui\Cristina_Saralegui_0001.jpg,data\calibration\lfw\lfw\Dave_Robertson\Dave_Robertson_0001.jpg,0,0.10362614
6,data\calibration\lfw\lfw\Cruz_Bustamante\Cruz_Bustamante_0002.jpg,data\calibration\lfw\lfw\Dean_Barkley\Dean_Barkley_0003.jpg,0,-0.01883476
6,data\calibration\lfw\lfw\Cyndi_Thompson\Cyndi_Thompson_0001.jpg,data\calibration\lfw\lfw\Nicolas_Escude\Nicolas_Escude_0002.jpg,0,0.07440738
6,data\calibration\lfw\lfw\Cyndi_Thompson\Cyndi_Thompson_0002.jpg,data\calibration\lfw\lfw\Owen_Nolan\Owen_Nolan_0001.jpg,0,0.05569445
6,data\calibration\lfw\lfw\Dalia_Rabin-Pelosoff\Dalia_Rabin-Pelosoff_0001.jpg,data\calibration\lfw\lfw\Sean_Combs\Sean_Combs_0001.jpg,0,-0.03165857
6,data\calibration\lfw\lfw\Daniel_Darnell\Daniel_Darnell_0001.jpg,data\calibration\lfw\lfw\Malcolm_Jamal_Warner\Malcolm_Jamal_Warner_0001.jpg,0,-0.10511743
6,data\calibration\lfw\lfw\Danny_Avalon\Danny_Avalon_0001.jpg,data\calibration\lfw\lfw\Sean_Penn\Sean_Penn_0002.jpg,0,0.00408767
6,data\calibration\lfw\lfw\David_Blaine\David_Blaine_0001.jpg,data\calibration\lfw\lfw\Nicholas_Tse\Nicholas_Tse_0002.jpg,0,-0.14445861
6,data\calibration\lfw\lfw\David_Blaine\David_Blaine_0001.jpg,data\calibration\lfw\lfw\Ramon_Delgado\Ramon_Delgado_0001.jpg,0,0.03870875
6,data\calibration\lfw\lfw\David_Heymann\David_Heymann_0003.jpg,data\calibration\lfw\lfw\Norm_Macdonald\Norm_Macdonald_0001.jpg,0,-0.02255216
6,data\calibration\lfw\lfw\David_Surrett\David_Surrett_0001.jpg,data\calibration\lfw\lfw\Michael_Taylor\Michael_Taylor_0001.jpg,0,0.05353560
6,data\calibration\lfw\lfw\David_Tornberg\David_Tornberg_0001.jpg,data\calibration\lfw\lfw\Ricky_Ponting\Ricky_Ponting_0001.jpg,0,0.06141119
6,data\calibration\lfw\lfw\Deece_Eckstein\Deece_Eckstein_0001.jpg,data\calibration\lfw\lfw\Diana_Munz\Diana_Munz_0001.jpg,0,0.01473530
6,data\calibration\lfw\lfw\Deece_Eckstein\Deece_Eckstein_0001.jpg,data\calibration\lfw\lfw\Tommy_Lewis\Tommy_Lewis_0001.jpg,0,0.04331286
6,data\calibration\lfw\lfw\Denis_Coderre\Denis_Coderre_0001.jpg,data\calibration\lfw\lfw\Don_Siegelman\Don_Siegelman_0001.jpg,0,0.05482016
6,data\calibration\lfw\lfw\Denis_Coderre\Denis_Coderre_0001.jpg,data\calibration\lfw\lfw\John_Eder\John_Eder_0001.jpg,0,0.04198893
6,data\calibration\lfw\lfw\Desmon_Farmer\Desmon_Farmer_0001.jpg,data\calibration\lfw\lfw\Lin_Yung_Hsi\Lin_Yung_Hsi_0001.jpg,0,-0.06494670
6,data\calibration\lfw\lfw\Diana_Krall\Diana_Krall_0004.jpg,data\calibration\lfw\lfw\Ramon_Delgado\Ramon_Delgado_0001.jpg,0,-0.06317174
6,data\calibration\lfw\lfw\Dick_Armey\Dick_Armey_0001.jpg,data\calibration\lfw\lfw\Mehmet_Okur\Mehmet_Okur_0001.jpg,0,0.03817320
6,data\calibration\lfw\lfw\Dinah_Turner\Dinah_Turner_0001.jpg,data\calibration\lfw\lfw\Mekhi_Phifer\Mekhi_Phifer_0001.jpg,0,0.14051753
6,data\calibration\lfw\lfw\Dinah_Turner\Dinah_Turner_0001.jpg,data\calibration\lfw\lfw\Tammy_Helm\Tammy_Helm_0001.jpg,0,0.00973120
6,data\calibration\lfw\lfw\Don_Boudria\Don_Boudria_0001.jpg,data\calibration\lfw\lfw\Roy_Chaderton\Roy_Chaderton_0001.jpg,0,-0.00681978
6,data\calibration\lfw\lfw\Don_Boudria\Don_Boudria_0001.jpg,data\calibration\lfw\lfw\Sananda_Maitreya\Sananda_Maitreya_0001.jpg,0,0.02738819
6,data\calibration\lfw\lfw\Don_Matthews\Don_Matthews_0001.jpg,data\calibration\lfw\lfw\Kirsten_Clark\Kirsten_Clark_0001.jpg,0,0.04830360
6,data\calibration\lfw\lfw\Don_Matthews\Don_Matthews_0001.jpg,data\calibration\lfw\lfw\Pa_Kou_Hang\Pa_Kou_Hang_0001.jpg,0,0.01652672
6,data\calibration\lfw\lfw\Don_Matthews\Don_Matthews_0001.jpg,data\calibration\lfw\lfw\Peter_Arnett\Peter_Arnett_0002.jpg,0,0.05505720
6,data\calibration\lfw\lfw\Don_Siegelman\Don_Siegelman_0002.jpg,data\calibration\lfw\lfw\Elizabeth_Taylor\Elizabeth_Taylor_0002.jpg,0,0.01286377
6,data\calibration\lfw\lfw\Donald_Pettit\Donald_Pettit_0001.jpg,data\calibration\lfw\lfw\Edward_James_Olmos\Edward_James_Olmos_0002.jpg,0,-0.11081117
6,data\calibration\lfw\lfw\Doug_Collins\Doug_Collins_0001.jpg,data\calibration\lfw\lfw\Kristanna_Loken\Kristanna_Loken_0005.jpg,0,-0.07132225
6,data\calibration\lfw\lfw\Dyana_Calub\Dyana_Calub_0001.jpg,data\calibration\lfw\lfw\Ronald_Post\Ronald_Post_0001.jpg,0,0.05335392
6,data\calibration\lfw\lfw\Earl_Counter\Earl_Counter_0001.jpg,data\calibration\lfw\lfw\Joe_Friedberg\Joe_Friedberg_0001.jpg,0,-0.09555125
6,data\calibration\lfw\lfw\Edward_Albee\Edward_Albee_0001.jpg,data\calibration\lfw\lfw\Nicola_Bono\Nicola_Bono_0001.jpg,0,0.05808057
6,data\calibration\lfw\lfw\Edward_Belvin\Edward_Belvin_0001.jpg,data\calibration\lfw\lfw\Jacqueline_Gold\Jacqueline_Gold_0001.jpg,0,0.03248585
6,data\calibration\lfw\lfw\Edward_James_Olmos\Edward_James_Olmos_0002.jpg,data\calibration\lfw\lfw\Mariano_Zabaleta\Mariano_Zabaleta_0001.jpg,0,-0.03543826
6,data\calibration\lfw\lfw\Elin_Nordegren\Elin_Nordegren_0001.jpg,data\calibration\lfw\lfw\George_Brumley_III\George_Brumley_III_0001.jpg,0,-0.02260851
6,data\calibration\lfw\lfw\Elin_Nordegren\Elin_Nordegren_0001.jpg,data\calibration\lfw\lfw\Samantha_Daniels\Samantha_Daniels_0001.jpg,0,-0.08290404
6,data\calibration\lfw\lfw\Elin_Nordegren\Elin_Nordegren_0002.jpg,data\calibration\lfw\lfw\Leszek_Miller\Leszek_Miller_0003.jpg,0,0.07400589
6,data\calibration\lfw\lfw\Elisabeth_Welch\Elisabeth_Welch_0001.jpg,data\calibration\lfw\lfw\Piers_Sellers\Piers_Sellers_0001.jpg,0,-0.14053389
6,data\calibration\lfw\lfw\Elizabeth_Taylor\Elizabeth_Taylor_0001.jpg,data\calibration\lfw\lfw\Olympia_Dukakis\Olympia_Dukakis_0001.jpg,0,0.08436527
6,data\calibration\lfw\lfw\Ellen_DeGeneres\Ellen_DeGeneres_0002.jpg,data\calibration\lfw\lfw\Lorraine_Fenton\Lorraine_Fenton_0001.jpg,0,0.13385801
6,data\calibration\lfw\lfw\Elva_Hsiao\Elva_Hsiao_0001.jpg,data\calibration\lfw\lfw\Samantha_Daniels\Samantha_Daniels_0001.jpg,0,-0.00982177
6,data\calibration\lfw\lfw\Emma_Watson\Emma_Watson_0002.jpg,data\calibration\lfw\lfw\Henry_Hyde\Henry_Hyde_0001.jpg,0,0.01421811
6,data\calibration\lfw\lfw\Emyr_Jones_Parry\Emyr_Jones_Parry_0001.jpg,data\calibration\lfw\lfw\Sally_Clark\Sally_Clark_0001.jpg,0,0.04447288
6,data\calibration\lfw\lfw\Eric_Ryan_Donnelly\Eric_Ryan_Donnelly_0001.jpg,data\calibration\lfw\lfw\Iain_Duncan_Smith\Iain_Duncan_Smith_0001.jpg,0,-0.06152549
6,data\calibration\lfw\lfw\Ernesto_Zedillo\Ernesto_Zedillo_0001.jpg,data\calibration\lfw\lfw\Lenny_Kravitz\Lenny_Kravitz_0001.jpg,0,-0.02619600
6,data\calibration\lfw\lfw\Ernesto_Zedillo\Ernesto_Zedillo_0001.jpg,data\calibration\lfw\lfw\Megan_Mullally\Megan_Mullally_0002.jpg,0,-0.07037232
6,data\calibration\lfw\lfw\Erwin_Mapasseng\Erwin_Mapasseng_0001.jpg,data\calibration\lfw\lfw\Hilary_Duff\Hilary_Duff_0003.jpg,0,-0.00150861
6,data\calibration\lfw\lfw\Evelyn_Lauder\Evelyn_Lauder_0001.jpg,data\calibration\lfw\lfw\Nathan_Powell\Nathan_Powell_0001.jpg,0,-0.01303712
6,data\calibration\lfw\lfw\Fernando_Hierro\Fernando_Hierro_0001.jpg,data\calibration\lfw\lfw\Prince_Charles\Prince_Charles_0002.jpg,0,0.05754677
6,data\calibration\lfw\lfw\Flavia_Delaroli\Flavia_Delaroli_0002.jpg,data\calibration\lfw\lfw\John_Warner\John_Warner_0004.jpg,0,0.06617495
6,data\calibration\lfw\lfw\Flavia_Delaroli\Flavia_Delaroli_0002.jpg,data\calibration\lfw\lfw\Vanessa_Laine\Vanessa_Laine_0001.jpg,0,0.03027206
6,data\calibration\lfw\lfw\Fran_Drescher\Fran_Drescher_0001.jpg,data\calibration\lfw\lfw\Warren_Truss\Warren_Truss_0001.jpg,0,0.02111992
6,data\calibration\lfw\lfw\Fran_Drescher\Fran_Drescher_0002.jpg,data\calibration\lfw\lfw\Jay_Leno\Jay_Leno_0003.jpg,0,0.05077828
6,data\calibration\lfw\lfw\Frank_Murkowski\Frank_Murkowski_0001.jpg,data\calibration\lfw\lfw\James_Brosnahan\James_Brosnahan_0001.jpg,0,0.01736848
6,data\calibration\lfw\lfw\Frank_Stallone\Frank_Stallone_0001.jpg,data\calibration\lfw\lfw\Tommy_Lewis\Tommy_Lewis_0001.jpg,0,0.08914635
6,data\calibration\lfw\lfw\Frank_Stallone\Frank_Stallone_0002.jpg,data\calibration\lfw\lfw\Toni_Braxton\Toni_Braxton_0002.jpg,0,0.04709168
6,data\calibration\lfw\lfw\Gary_Coleman\Gary_Coleman_0001.jpg,data\calibration\lfw\lfw\Koichi_Tanaka\Koichi_Tanaka_0001.jpg,0,-0.05302361
6,data\calibration\lfw\lfw\Gary_Coleman\Gary_Coleman_0001.jpg,data\calibration\lfw\lfw\Uri_Lopolianski\Uri_Lopolianski_0001.jpg,0,0.03363520
6,data\calibration\lfw\lfw\Gary_Sayler\Gary_Sayler_0001.jpg,data\calibration\lfw\lfw\Ralph_Sampson\Ralph_Sampson_0001.jpg,0,-0.01141499
6,data\calibration\lfw\lfw\George_Brumley_III\George_Brumley_III_0001.jpg,data\calibration\lfw\lfw\Will_Ferrell\Will_Ferrell_0001.jpg,0,0.00974316
6,data\calibration\lfw\lfw\George_Lopez\George_Lopez_0005.jpg,data\calibration\lfw\lfw\Iain_Duncan_Smith\Iain_Duncan_Smith_0001.jpg,0,0.04111995
6,data\calibration\lfw\lfw\Georgina_Bardach\Georgina_Bardach_0001.jpg,data\calibration\lfw\lfw\Henry_Hilow\Henry_Hilow_0001.jpg,0,0.00365974
6,data\calibration\lfw\lfw\Gilberto_Rodriguez_Orejuela\Gilberto_Rodriguez_Orejuela_0003.jpg,data\calibration\lfw\lfw\Lennox_Lewis\Lennox_Lewis_0001.jpg,0,-0.12280858
6,data\calibration\lfw\lfw\Gilberto_Rodriguez_Orejuela\Gilberto_Rodriguez_Orejuela_0003.jpg,data\calibration\lfw\lfw\Nancy_Demme\Nancy_Demme_0001.jpg,0,0.05956851
6,data\calibration\lfw\lfw\Gordon_Lightfoot\Gordon_Lightfoot_0001.jpg,data\calibration\lfw\lfw\Lima_Azimi\Lima_Azimi_0001.jpg,0,-0.10319825
6,data\calibration\lfw\lfw\Gordon_Lightfoot\Gordon_Lightfoot_0001.jpg,data\calibration\lfw\lfw\Robert_Nardelli\Robert_Nardelli_0001.jpg,0,0.01316071
6,data\calibration\lfw\lfw\Gracia_Burnham\Gracia_Burnham_0001.jpg,data\calibration\lfw\lfw\Jim_Calhoun\Jim_Calhoun_0001.jpg,0,-0.06754018
6,data\calibration\lfw\lfw\Gregorio_Rosal\Gregorio_Rosal_0001.jpg,data\calibration\lfw\lfw\Richard_Greenberg\Richard_Greenberg_0001.jpg,0,0.03530219
6,data\calibration\lfw\lfw\Guenter_Verheugen\Guenter_Verheugen_0001.jpg,data\calibration\lfw\lfw\Kaspar_Villiger\Kaspar_Villiger_0001.jpg,0,0.01273267
6,data\calibration\lfw\lfw\Guillermo_Canas\Guillermo_Canas_0001.jpg,data\calibration\lfw\lfw\Tim_Duncan\Tim_Duncan_0002.jpg,0,-0.01965962
6,data\calibration\lfw\lfw\Guillermo_Canas\Guillermo_Canas_0002.jpg,data\calibration\lfw\lfw\Michalis_Chrisohoides\Michalis_Chrisohoides_0001.jpg,0,-0.03928984
6,data\calibration\lfw\lfw\Hal_McCoy\Hal_McCoy_0001.jpg,data\calibration\lfw\lfw\Rudolph_Holton\Rudolph_Holton_0001.jpg,0,0.04506226
6,data\calibration\lfw\lfw\Hank_Aaron\Hank_Aaron_0001.jpg,data\calibration\lfw\lfw\Steve_Valentine\Steve_Valentine_0001.jpg,0,0.01642082
6,data\calibration\lfw\lfw\Hans_Eichel\Hans_Eichel_0001.jpg,data\calibration\lfw\lfw\Jimmy_Iovine\Jimmy_Iovine_0001.jpg,0,-0.07106415
6,data\calibration\lfw\lfw\Hashan_Tillakaratne\Hashan_Tillakaratne_0001.jpg,data\calibration\lfw\lfw\John_Warner\John_Warner_0003.jpg,0,-0.00729212
6,data\calibration\lfw\lfw\Heath_Ledger\Heath_Ledger_0002.jpg,data\calibration\lfw\lfw\Melissa_Stark\Melissa_Stark_0001.jpg,0,0.04983100
6,data\calibration\lfw\lfw\Henry_Hilow\Henry_Hilow_0001.jpg,data\calibration\lfw\lfw\Monica_Gabrielle\Monica_Gabrielle_0001.jpg,0,-0.04892451
6,data\calibration\lfw\lfw\Herta_Daeubler-Gmelin\Herta_Daeubler-Gmelin_0002.jpg,data\calibration\lfw\lfw\Koichi_Tanaka\Koichi_Tanaka_0001.jpg,0,0.03200746
6,data\calibration\lfw\lfw\Hilary_Duff\Hilary_Duff_0001.jpg,data\calibration\lfw\lfw\Luther_Htu\Luther_Htu_0001.jpg,0,-0.00841887
6,data\calibration\lfw\lfw\Hun_Sen\Hun_Sen_0002.jpg,data\calibration\lfw\lfw\John_Rigas\John_Rigas_0002.jpg,0,-0.03944727
6,data\calibration\lfw\lfw\Idi_Amin\Idi_Amin_0001.jpg,data\calibration\lfw\lfw\Stephen_Silas\Stephen_Silas_0001.jpg,0,-0.05148680
6,data\calibration\lfw\lfw\Isabel_Orellana\Isabel_Orellana_0001.jpg,data\calibration\lfw\lfw\Spike_Helmick\Spike_Helmick_0001.jpg,0,-0.00049400
6,data\calibration\lfw\lfw\Ismael_Miranda\Ismael_Miranda_0001.jpg,data\calibration\lfw\lfw\Janela_Jara\Janela_Jara_0001.jpg,0,0.04879208
6,data\calibration\lfw\lfw\Ismael_Miranda\Ismael_Miranda_0001.jpg,data\calibration\lfw\lfw\Peter_Greenspun\Peter_Greenspun_0001.jpg,0,-0.06084308
6,data\calibration\lfw\lfw\Ismail_Khan\Ismail_Khan_0001.jpg,data\calibration\lfw\lfw\Malcolm_Jamal_Warner\Malcolm_Jamal_Warner_0001.jpg,0,0.02128566
6,data\calibration\lfw\lfw\JK_Rowling\JK_Rowling_0005.jpg,data\calibration\lfw\lfw\Sasha_Alexander\Sasha_Alexander_0001.jpg,0,0.08310404
6,data\calibration\lfw\lfw\Jackie_Chan\Jackie_Chan_0003.jpg,data\calibration\lfw\lfw\Jennifer_Gratz\Jennifer_Gratz_0001.jpg,0,-0.05794463
6,data\calibration\lfw\lfw\Jacqueline_Edwards\Jacqueline_Edwards_0001.jpg,data\calibration\lfw\lfw\Meg_Wakeman\Meg_Wakeman_0001.jpg,0,0.02889704
6,data\calibration\lfw\lfw\Jacqueline_Edwards\Jacqueline_Edwards_0001.jpg,data\calibration\lfw\lfw\Noor_Mohammed\Noor_Mohammed_0001.jpg,0,0.09221336
6,data\calibration\lfw\lfw\James_Baker\James_Baker_0001.jpg,data\calibration\lfw\lfw\Mike_Tice\Mike_Tice_0001.jpg,0,-0.05925441
6,data\calibration\lfw\lfw\James_Harris\James_Harris_0001.jpg,data\calibration\lfw\lfw\Keith_Bogans\Keith_Bogans_0002.jpg,0,0.01192416
6,data\calibration\lfw\lfw\James_Layug\James_Layug_0001.jpg,data\calibration\lfw\lfw\Ralph_Sampson\Ralph_Sampson_0001.jpg,0,-0.02210564
6,data\calibration\lfw\lfw\Jane_Clayson\Jane_Clayson_0001.jpg,data\calibration\lfw\lfw\Rene_Antonio_Leon_Rodriguez\Rene_Antonio_Leon_Rodriguez_0001.jpg,0,-0.00218011
6,data\calibration\lfw\lfw\Jane_Kaczmarek\Jane_Kaczmarek_0002.jpg,data\calibration\lfw\lfw\Morris_Watts\Morris_Watts_0001.jpg,0,-0.00354720
6,data\calibration\lfw\lfw\Jane_Russell\Jane_Russell_0001.jpg,data\calibration\lfw\lfw\Martin_ONeill\Martin_ONeill_0001.jpg,0,-0.07916673
6,data\calibration\lfw\lfw\Janela_Jara\Janela_Jara_0001.jpg,data\calibration\lfw\lfw\Kirsten_Clark\Kirsten_Clark_0001.jpg,0,0.05062339
6,data\calibration\lfw\lfw\Janela_Jara\Janela_Jara_0001.jpg,data\calibration\lfw\lfw\Pa_Kou_Hang\Pa_Kou_Hang_0001.jpg,0,0.24342029
6,data\calibration\lfw\lfw\Janela_Jara\Janela_Jara_0001.jpg,data\calibration\lfw\lfw\Ricky_Cottrill\Ricky_Cottrill_0001.jpg,0,0.02618333
6,data\calibration\lfw\lfw\Janet_Napolitano\Janet_Napolitano_0002.jpg,data\calibration\lfw\lfw\Laurie_Laychak\Laurie_Laychak_0001.jpg,0,-0.04098104
6,data\calibration\lfw\lfw\Javier_Camara\Javier_Camara_0001.jpg,data\calibration\lfw\lfw\Nate_Blackwell\Nate_Blackwell_0001.jpg,0,-0.01101351
6,data\calibration\lfw\lfw\Jeane_Kirkpatrick\Jeane_Kirkpatrick_0001.jpg,data\calibration\lfw\lfw\Jeff_Van_Gundy\Jeff_Van_Gundy_0003.jpg,0,-0.01709128
6,data\calibration\lfw\lfw\Jeane_Kirkpatrick\Jeane_Kirkpatrick_0001.jpg,data\calibration\lfw\lfw\Richard_Greenberg\Richard_Greenberg_0001.jpg,0,0.01060314
6,data\calibration\lfw\lfw\Jeff_Van_Gundy\Jeff_Van_Gundy_0001.jpg,data\calibration\lfw\lfw\Richard_Naughton\Richard_Naughton_0001.jpg,0,0.02767903
6,data\calibration\lfw\lfw\Jeffrey_Katzenberg\Jeffrey_Katzenberg_0001.jpg,data\calibration\lfw\lfw\Susan_Whelan\Susan_Whelan_0001.jpg,0,-0.04041614
6,data\calibration\lfw\lfw\Jennette_Bradley\Jennette_Bradley_0001.jpg,data\calibration\lfw\lfw\Tammy_Helm\Tammy_Helm_0001.jpg,0,-0.07098616
6,data\calibration\lfw\lfw\Jim_Furyk\Jim_Furyk_0006.jpg,data\calibration\lfw\lfw\Linn_Thornton\Linn_Thornton_0001.jpg,0,-0.00028681
6,data\calibration\lfw\lfw\John_Eastman\John_Eastman_0001.jpg,data\calibration\lfw\lfw\Ricky_Ponting\Ricky_Ponting_0001.jpg,0,-0.05696062
6,data\calibration\lfw\lfw\John_F_Kennedy_Jr\John_F_Kennedy_Jr_0002.jpg,data\calibration\lfw\lfw\Nathan_Powell\Nathan_Powell_0001.jpg,0,-0.03366430
6,data\calibration\lfw\lfw\John_Garamendi\John_Garamendi_0001.jpg,data\calibration\lfw\lfw\Petro_Symonenko\Petro_Symonenko_0002.jpg,0,0.01497243
6,data\calibration\lfw\lfw\John_Madden\John_Madden_0001.jpg,data\calibration\lfw\lfw\Sara_Silverman\Sara_Silverman_0001.jpg,0,0.02673313
6,data\calibration\lfw\lfw\Jose_Luis_Rodriguez_Zapatero\Jose_Luis_Rodriguez_Zapatero_0001.jpg,data\calibration\lfw\lfw\Rene_Antonio_Leon_Rodriguez\Rene_Antonio_Leon_Rodriguez_0001.jpg,0,-0.02335605
6,data\calibration\lfw\lfw\Jose_Luis_Rodriguez_Zapatero\Jose_Luis_Rodriguez_Zapatero_0001.jpg,data\calibration\lfw\lfw\Steve_Lenard\Steve_Lenard_0001.jpg,0,-0.00107921
6,data\calibration\lfw\lfw\Jose_Santos\Jose_Santos_0001.jpg,data\calibration\lfw\lfw\Michael_Boyce\Michael_Boyce_0001.jpg,0,-0.05941572
6,data\calibration\lfw\lfw\Joseph_Kabila\Joseph_Kabila_0001.jpg,data\calibration\lfw\lfw\Rose_Linkins\Rose_Linkins_0001.jpg,0,0.02914844
6,data\calibration\lfw\lfw\Juan_Francisco_Palencia\Juan_Francisco_Palencia_0001.jpg,data\calibration\lfw\lfw\Kristanna_Loken\Kristanna_Loken_0002.jpg,0,-0.00828132
6,data\calibration\lfw\lfw\Juan_Francisco_Palencia\Juan_Francisco_Palencia_0001.jpg,data\calibration\lfw\lfw\Warren_Truss\Warren_Truss_0001.jpg,0,0.00557177
6,data\calibration\lfw\lfw\Juan_Roman_Riquelme\Juan_Roman_Riquelme_0001.jpg,data\calibration\lfw\lfw\Ralph_Sampson\Ralph_Sampson_0001.jpg,0,0.01298102
6,data\calibration\lfw\lfw\Julia_Tymoshenko\Julia_Tymoshenko_0002.jpg,data\calibration\lfw\lfw\Luis_Sanchez\Luis_Sanchez_0001.jpg,0,0.06140184
6,data\calibration\lfw\lfw\Karin_Pilsaeter\Karin_Pilsaeter_0001.jpg,data\calibration\lfw\lfw\Mike_Flanagan\Mike_Flanagan_0001.jpg,0,-0.03967811
6,data\calibration\lfw\lfw\Karin_Pilsaeter\Karin_Pilsaeter_0001.jpg,data\calibration\lfw\lfw\Petria_Thomas\Petria_Thomas_0003.jpg,0,-0.00197634
6,data\calibration\lfw\lfw\Keith_Bogans\Keith_Bogans_0002.jpg,data\calibration\lfw\lfw\Martin_ONeill\Martin_ONeill_0001.jpg,0,-0.10514992
6,data\calibration\lfw\lfw\Kelly_Leigh\Kelly_Leigh_0001.jpg,data\calibration\lfw\lfw\Spike_Helmick\Spike_Helmick_0001.jpg,0,-0.00699961
6,data\calibration\lfw\lfw\Ken_Macha\Ken_Macha_0003.jpg,data\calibration\lfw\lfw\Tommy_Lewis\Tommy_Lewis_0001.jpg,0,-0.01743464
6,data\calibration\lfw\lfw\Kenneth_Carlsen\Kenneth_Carlsen_0001.jpg,data\calibration\lfw\lfw\Robin_Cook\Robin_Cook_0001.jpg,0,-0.06421290
6,data\calibration\lfw\lfw\Kevin_Borseth\Kevin_Borseth_0001.jpg,data\calibration\lfw\lfw\Michael_Caine\Michael_Caine_0004.jpg,0,-0.03879922
6,data\calibration\lfw\lfw\Koichi_Tanaka\Koichi_Tanaka_0001.jpg,data\calibration\lfw\lfw\Ricardo_Lopez_Murphy\Ricardo_Lopez_Murphy_0001.jpg,0,0.01732877
6,data\calibration\lfw\lfw\Kristin_Scott\Kristin_Scott_0001.jpg,data\calibration\lfw\lfw\Max_Mayfield\Max_Mayfield_0002.jpg,0,0.10054266
6,data\calibration\lfw\lfw\Laura_Flessel\Laura_Flessel_0001.jpg,data\calibration\lfw\lfw\Owen_Nolan\Owen_Nolan_0001.jpg,0,0.01022207
6,data\calibration\lfw\lfw\Lauren_Killian\Lauren_Killian_0002.jpg,data\calibration\lfw\lfw\Tommy_Lewis\Tommy_Lewis_0001.jpg,0,-0.07831540
6,data\calibration\lfw\lfw\Laurie_Laychak\Laurie_Laychak_0001.jpg,data\calibration\lfw\lfw\Pa_Kou_Hang\Pa_Kou_Hang_0001.jpg,0,-0.05923714
6,data\calibration\lfw\lfw\Lawrence_Di_Rita\Lawrence_Di_Rita_0001.jpg,data\calibration\lfw\lfw\Mekhi_Phifer\Mekhi_Phifer_0001.jpg,0,-0.10427201
6,data\calibration\lfw\lfw\Lennox_Lewis\Lennox_Lewis_0003.jpg,data\calibration\lfw\lfw\Monte_Kiffin\Monte_Kiffin_0001.jpg,0,0.08741173
6,data\calibration\lfw\lfw\Leon_Lai\Leon_Lai_0001.jpg,data\calibration\lfw\lfw\Monica_Lewinsky\Monica_Lewinsky_0001.jpg,0,-0.02653044
6,data\calibration\lfw\lfw\Leon_Lai\Leon_Lai_0001.jpg,data\calibration\lfw\lfw\Sun_Myung_Moon\Sun_Myung_Moon_0001.jpg,0,0.08198635
6,data\calibration\lfw\lfw\Lily_Tomlin\Lily_Tomlin_0001.jpg,data\calibration\lfw\lfw\Marcos_Daniel_Jimenez\Marcos_Daniel_Jimenez_0001.jpg,0,-0.03322621
6,data\calibration\lfw\lfw\Lily_Tomlin\Lily_Tomlin_0002.jpg,data\calibration\lfw\lfw\Sim_Yong\Sim_Yong_0001.jpg,0,0.03643747
6,data\calibration\lfw\lfw\Linn_Thornton\Linn_Thornton_0001.jpg,data\calibration\lfw\lfw\Sherri_Coale\Sherri_Coale_0001.jpg,0,-0.00504152
6,data\calibration\lfw\lfw\Linn_Thornton\Linn_Thornton_0001.jpg,data\calibration\lfw\lfw\Tom_Cruise\Tom_Cruise_0002.jpg,0,-0.02275508
6,data\calibration\lfw\lfw\Lloyd_Mudiwa\Lloyd_Mudiwa_0001.jpg,data\calibration\lfw\lfw\Sebastien_Grosjean\Sebastien_Grosjean_0001.jpg,0,0.01282219
6,data\calibration\lfw\lfw\Lois_Smart\Lois_Smart_0001.jpg,data\calibration\lfw\lfw\Tavis_Smiley\Tavis_Smiley_0001.jpg,0,0.03713017
6,data\calibration\lfw\lfw\Luis_Sanchez\Luis_Sanchez_0001.jpg,data\calibration\lfw\lfw\Petro_Symonenko\Petro_Symonenko_0001.jpg,0,0.09585131
6,data\calibration\lfw\lfw\Luo_Linquan\Luo_Linquan_0001.jpg,data\calibration\lfw\lfw\Martin_ONeill\Martin_ONeill_0001.jpg,0,0.03365183
6,data\calibration\lfw\lfw\Luther_Htu\Luther_Htu_0001.jpg,data\calibration\lfw\lfw\Steve_Karsay\Steve_Karsay_0001.jpg,0,-0.03755705
6,data\calibration\lfw\lfw\Lynn_Abraham\Lynn_Abraham_0001.jpg,data\calibration\lfw\lfw\Michael_Keaton\Michael_Keaton_0002.jpg,0,0.00149320
6,data\calibration\lfw\lfw\Lynn_Abraham\Lynn_Abraham_0002.jpg,data\calibration\lfw\lfw\Mariano_Zabaleta\Mariano_Zabaleta_0001.jpg,0,0.03468581
6,data\calibration\lfw\lfw\Mark_Richt\Mark_Richt_0003.jpg,data\calibration\lfw\lfw\Wilton_Gregory\Wilton_Gregory_0001.jpg,0,0.01341963
6,data\calibration\lfw\lfw\Martha_Smith\Martha_Smith_0001.jpg,data\calibration\lfw\lfw\Ray_Sherman\Ray_Sherman_0001.jpg,0,-0.02603506
6,data\calibration\lfw\lfw\Martin_ONeill\Martin_ONeill_0001.jpg,data\calibration\lfw\lfw\Mike_Weir\Mike_Weir_0011.jpg,0,0.00211487
6,data\calibration\lfw\lfw\Mary-Kate_Olsen\Mary-Kate_Olsen_0001.jpg,data\calibration\lfw\lfw\Sim_Yong\Sim_Yong_0001.jpg,0,0.07889044
6,data\calibration\lfw\lfw\Matt_Siebrandt\Matt_Siebrandt_0001.jpg,data\calibration\lfw\lfw\Rodney_Dangerfield\Rodney_Dangerfield_0001.jpg,0,-0.06477195
6,data\calibration\lfw\lfw\Maurice_Cheeks\Maurice_Cheeks_0001.jpg,data\calibration\lfw\lfw\Steve_Austin\Steve_Austin_0001.jpg,0,-0.02179755
6,data\calibration\lfw\lfw\Mehmet_Okur\Mehmet_Okur_0001.jpg,data\calibration\lfw\lfw\Randy_Travis\Randy_Travis_0001.jpg,0,0.05395439
6,data\calibration\lfw\lfw\Michael_McNeely\Michael_McNeely_0001.jpg,data\calibration\lfw\lfw\Sean_Combs\Sean_Combs_0001.jpg,0,0.02314025
6,data\calibration\lfw\lfw\Michael_Milton\Michael_Milton_0001.jpg,data\calibration\lfw\lfw\Wilfredo_Moreno\Wilfredo_Moreno_0001.jpg,0,-0.05320814
6,data\calibration\lfw\lfw\Michael_Powell\Michael_Powell_0001.jpg,data\calibration\lfw\lfw\Scott_Weiland\Scott_Weiland_0001.jpg,0,-0.04451007
6,data\calibration\lfw\lfw\Miguel_Rosseto\Miguel_Rosseto_0001.jpg,data\calibration\lfw\lfw\Pascal_Rheaume\Pascal_Rheaume_0001.jpg,0,0.05733506
6,data\calibration\lfw\lfw\Miguel_Rosseto\Miguel_Rosseto_0001.jpg,data\calibration\lfw\lfw\Ricky_Ponting\Ricky_Ponting_0002.jpg,0,0.02143053
6,data\calibration\lfw\lfw\Mike_Flanagan\Mike_Flanagan_0001.jpg,data\calibration\lfw\lfw\Mohammed_Baqir_al-Hakim\Mohammed_Baqir_al-Hakim_0002.jpg,0,0.03085225
6,data\calibration\lfw\lfw\Mike_Tice\Mike_Tice_0001.jpg,data\calibration\lfw\lfw\Patti_Smith\Patti_Smith_0001.jpg,0,0.01670640
6,data\calibration\lfw\lfw\Mohammed_Baqir_al-Hakim\Mohammed_Baqir_al-Hakim_0002.jpg,data\calibration\lfw\lfw\Tatyana_Tomashova\Tatyana_Tomashova_0001.jpg,0,-0.02468209
6,data\calibration\lfw\lfw\Mufti_Mohammad_Syed\Mufti_Mohammad_Syed_0001.jpg,data\calibration\lfw\lfw\Raoul_Ruiz\Raoul_Ruiz_0004.jpg,0,-0.09736156
6,data\calibration\lfw\lfw\Nancy_Demme\Nancy_Demme_0001.jpg,data\calibration\lfw\lfw\Roger_Mahony\Roger_Mahony_0001.jpg,0,0.03927153
6,data\calibration\lfw\lfw\Nancy_Reagan\Nancy_Reagan_0001.jpg,data\calibration\lfw\lfw\Rafael_Bielsa\Rafael_Bielsa_0001.jpg,0,-0.04954392
6,data\calibration\lfw\lfw\Natasha_McElhone\Natasha_McElhone_0002.jpg,data\calibration\lfw\lfw\Robert_Nardelli\Robert_Nardelli_0001.jpg,0,-0.00346991
6,data\calibration\lfw\lfw\Nathirah_Hussein\Nathirah_Hussein_0001.jpg,data\calibration\lfw\lfw\Susan_Whelan\Susan_Whelan_0001.jpg,0,0.01165999
6,data\calibration\lfw\lfw\Neil_Moritz\Neil_Moritz_0001.jpg,data\calibration\lfw\lfw\Roy_Williams\Roy_Williams_0002.jpg,0,0.03121574
6,data\calibration\lfw\lfw\Neil_Moritz\Neil_Moritz_0001.jpg,data\calibration\lfw\lfw\Xanana_Gusmao\Xanana_Gusmao_0005.jpg,0,-0.12525269
6,data\calibration\lfw\lfw\Nelson_Shanks\Nelson_Shanks_0001.jpg,data\calibration\lfw\lfw\Pedro_Martinez\Pedro_Martinez_0001.jpg,0,0.08787482
6,data\calibration\lfw\lfw\Nelson_Shanks\Nelson_Shanks_0001.jpg,data\calibration\lfw\lfw\Ren_Qingjin\Ren_Qingjin_0001.jpg,0,0.02344680
6,data\calibration\lfw\lfw\Noor_Mohammed\Noor_Mohammed_0001.jpg,data\calibration\lfw\lfw\Scott_Weiland\Scott_Weiland_0001.jpg,0,0.01037355
6,data\calibration\lfw\lfw\Oswald_Gruebel\Oswald_Gruebel_0001.jpg,data\calibration\lfw\lfw\Richard_Penniman\Richard_Penniman_0001.jpg,0,-0.05086033
6,data\calibration\lfw\lfw\Parthiv_Patel\Parthiv_Patel_0001.jpg,data\calibration\lfw\lfw\Tonya_Payne\Tonya_Payne_0001.jpg,0,-0.02872401
6,data\calibration\lfw\lfw\Pauley_Perrette\Pauley_Perrette_0001.jpg,data\calibration\lfw\lfw\Roy_Williams\Roy_Williams_0004.jpg,0,0.01631210
6,data\calibration\lfw\lfw\Peter_Arnett\Peter_Arnett_0002.jpg,data\calibration\lfw\lfw\Rodney_Dangerfield\Rodney_Dangerfield_0001.jpg,0,0.13860339
6,data\calibration\lfw\lfw\Peter_Greenspun\Peter_Greenspun_0001.jpg,data\calibration\lfw\lfw\Rod_Thorn\Rod_Thorn_0001.jpg,0,0.01575065
6,data\calibration\lfw\lfw\Peter_Harvey\Peter_Harvey_0001.jpg,data\calibration\lfw\lfw\Warren_Truss\Warren_Truss_0001.jpg,0,0.03111157
6,data\calibration\lfw\lfw\Raja_Ramani\Raja_Ramani_0001.jpg,data\calibration\lfw\lfw\Richard_Greenberg\Richard_Greenberg_0001.jpg,0,-0.07451838
6,data\calibration\lfw\lfw\Raja_Ramani\Raja_Ramani_0001.jpg,data\calibration\lfw\lfw\Will_Young\Will_Young_0001.jpg,0,0.01647906
6,data\calibration\lfw\lfw\Ralph_Sampson\Ralph_Sampson_0001.jpg,data\calibration\lfw\lfw\Samantha_Daniels\Samantha_Daniels_0001.jpg,0,-0.01555324
6,data\calibration\lfw\lfw\Raoul_Ruiz\Raoul_Ruiz_0003.jpg,data\calibration\lfw\lfw\Tirunesh_Dibaba\Tirunesh_Dibaba_0001.jpg,0,0.02612530
6,data\calibration\lfw\lfw\Ren_Qingjin\Ren_Qingjin_0001.jpg,data\calibration\lfw\lfw\Wilton_Gregory\Wilton_Gregory_0001.jpg,0,-0.04486991
6,data\calibration\lfw\lfw\Ricardo_Lopez_Murphy\Ricardo_Lopez_Murphy_0002.jpg,data\calibration\lfw\lfw\Roberto_Robaina\Roberto_Robaina_0001.jpg,0,0.07791211
6,data\calibration\lfw\lfw\Ricky_Ponting\Ricky_Ponting_0001.jpg,data\calibration\lfw\lfw\Ronaldo_Luis_Nazario_de_Lima\Ronaldo_Luis_Nazario_de_Lima_0004.jpg,0,-0.02276913
6,data\calibration\lfw\lfw\Robin_Cook\Robin_Cook_0001.jpg,data\calibration\lfw\lfw\Wilton_Gregory\Wilton_Gregory_0001.jpg,0,0.06472220
6,data\calibration\lfw\lfw\Roger_Federer\Roger_Federer_0004.jpg,data\calibration\lfw\lfw\Steve_Backley\Steve_Backley_0002.jpg,0,0.03249042
6,data\calibration\lfw\lfw\Ronald_Post\Ronald_Post_0001.jpg,data\calibration\lfw\lfw\Steve_Karsay\Steve_Karsay_0001.jpg,0,0.02598373
6,data\calibration\lfw\lfw\Ryan_Nyquist\Ryan_Nyquist_0001.jpg,data\calibration\lfw\lfw\Winona_Ryder\Winona_Ryder_0022.jpg,0,0.04288322
6,data\calibration\lfw\lfw\Sally_Clark\Sally_Clark_0001.jpg,data\calibration\lfw\lfw\Scott_Ritter\Scott_Ritter_0002.jpg,0,-0.02275513
6,data\calibration\lfw\lfw\Samantha_Daniels\Samantha_Daniels_0001.jpg,data\calibration\lfw\lfw\Taufik_Hidayat\Taufik_Hidayat_0003.jpg,0,0.01177709
6,data\calibration\lfw\lfw\Sherri_Coale\Sherri_Coale_0001.jpg,data\calibration\lfw\lfw\Troy_Garity\Troy_Garity_0001.jpg,0,0.01576935
6,data\calibration\lfw\lfw\Steve_Valentine\Steve_Valentine_0001.jpg,data\calibration\lfw\lfw\Toni_Braxton\Toni_Braxton_0002.jpg,0,0.06811544
6,data\calibration\lfw\lfw\Tammy_Helm\Tammy_Helm_0001.jpg,data\calibration\lfw\lfw\Tom_Smothers\Tom_Smothers_0001.jpg,0,-0.07484139
6,data\calibration\lfw\lfw\Tanya_Lindenmuth\Tanya_Lindenmuth_0001.jpg,data\calibration\lfw\lfw\Tora_Takagi\Tora_Takagi_0001.jpg,0,0.08054278
6,data\calibration\lfw\lfw\Toni_Braxton\Toni_Braxton_0003.jpg,data\calibration\lfw\lfw\Yann_Martel\Yann_Martel_0002.jpg,0,-0.08324407
7,data\calibration\lfw\lfw\Adam_Scott\Adam_Scott_0001.jpg,data\calibration\lfw\lfw\Adam_Scott\Adam_Scott_0002.jpg,1,0.41512239
7,data\calibration\lfw\lfw\Ahmad_Masood\Ahmad_Masood_0001.jpg,data\calibration\lfw\lfw\Ahmad_Masood\Ahmad_Masood_0002.jpg,1,0.54682392
7,data\calibration\lfw\lfw\Alan_Mulally\Alan_Mulally_0001.jpg,data\calibration\lfw\lfw\Alan_Mulally\Alan_Mulally_0002.jpg,1,0.65185267
7,data\calibration\lfw\lfw\Alexander_Rumyantsev\Alexander_Rumyantsev_0001.jpg,data\calibration\lfw\lfw\Alexander_Rumyantsev\Alexander_Rumyantsev_0002.jpg,1,0.70056444
7,data\calibration\lfw\lfw\Ali_Abbas\Ali_Abbas_0001.jpg,data\calibration\lfw\lfw\Ali_Abbas\Ali_Abbas_0002.jpg,1,0.65891570
7,data\calibration\lfw\lfw\Amanda_Bynes\Amanda_Bynes_0001.jpg,data\calibration\lfw\lfw\Amanda_Bynes\Amanda_Bynes_0002.jpg,1,0.63613653
7,data\calibration\lfw\lfw\Amanda_Bynes\Amanda_Bynes_0001.jpg,data\calibration\lfw\lfw\Amanda_Bynes\Amanda_Bynes_0003.jpg,1,0.60592186
7,data\calibration\lfw\lfw\Amanda_Bynes\Amanda_Bynes_0001.jpg,data\calibration\lfw\lfw\Amanda_Bynes\Amanda_Bynes_0004.jpg,1,0.56104356
7,data\calibration\lfw\lfw\Amanda_Bynes\Amanda_Bynes_0002.jpg,data\calibration\lfw\lfw\Amanda_Bynes\Amanda_Bynes_0003.jpg,1,0.62511939
7,data\calibration\lfw\lfw\Andrei_Mikhnevich\Andrei_Mikhnevich_0001.jpg,data\calibration\lfw\lfw\Andrei_Mikhnevich\Andrei_Mikhnevich_0002.jpg,1,0.81107301
7,data\calibration\lfw\lfw\Angela_Merkel\Angela_Merkel_0001.jpg,data\calibration\lfw\lfw\Angela_Merkel\Angela_Merkel_0002.jpg,1,0.57137114
7,data\calibration\lfw\lfw\Angela_Merkel\Angela_Merkel_0004.jpg,data\calibration\lfw\lfw\Angela_Merkel\Angela_Merkel_0005.jpg,1,0.72386825
7,data\calibration\lfw\lfw\Angelina_Jolie\Angelina_Jolie_0001.jpg,data\calibration\lfw\lfw\Angelina_Jolie\Angelina_Jolie_0015.jpg,1,0.61643648
7,data\calibration\lfw\lfw\Angelina_Jolie\Angelina_Jolie_0002.jpg,data\calibration\lfw\lfw\Angelina_Jolie\Angelina_Jolie_0011.jpg,1,0.56781524
7,data\calibration\lfw\lfw\Angelina_Jolie\Angelina_Jolie_0008.jpg,data\calibration\lfw\lfw\Angelina_Jolie\Angelina_Jolie_0015.jpg,1,0.64751220
7,data\calibration\lfw\lfw\Angelina_Jolie\Angelina_Jolie_0009.jpg,data\calibration\lfw\lfw\Angelina_Jolie\Angelina_Jolie_0015.jpg,1,0.74128067
7,data\calibration\lfw\lfw\Angelina_Jolie\Angelina_Jolie_0011.jpg,data\calibration\lfw\lfw\Angelina_Jolie\Angelina_Jolie_0020.jpg,1,0.52580434
7,data\calibration\lfw\lfw\Anthony_LaPaglia\Anthony_LaPaglia_0001.jpg,data\calibration\lfw\lfw\Anthony_LaPaglia\Anthony_LaPaglia_0002.jpg,1,0.78315490
7,data\calibration\lfw\lfw\Arlen_Specter\Arlen_Specter_0001.jpg,data\calibration\lfw\lfw\Arlen_Specter\Arlen_Specter_0002.jpg,1,-0.02526604
7,data\calibration\lfw\lfw\Atal_Bihari_Vajpayee\Atal_Bihari_Vajpayee_0004.jpg,data\calibration\lfw\lfw\Atal_Bihari_Vajpayee\Atal_Bihari_Vajpayee_0006.jpg,1,0.70777583
7,data\calibration\lfw\lfw\Barry_Alvarez\Barry_Alvarez_0001.jpg,data\calibration\lfw\lfw\Barry_Alvarez\Barry_Alvarez_0002.jpg,1,0.78045112
7,data\calibration\lfw\lfw\Bill_Belichick\Bill_Belichick_0001.jpg,data\calibration\lfw\lfw\Bill_Belichick\Bill_Belichick_0002.jpg,1,0.76136380
7,data\calibration\lfw\lfw\Bill_Sizemore\Bill_Sizemore_0001.jpg,data\calibration\lfw\lfw\Bill_Sizemore\Bill_Sizemore_0002.jpg,1,0.73440981
7,data\calibration\lfw\lfw\Boris_Yeltsin\Boris_Yeltsin_0001.jpg,data\calibration\lfw\lfw\Boris_Yeltsin\Boris_Yeltsin_0002.jpg,1,0.67434788
7,data\calibration\lfw\lfw\Britney_Spears\Britney_Spears_0004.jpg,data\calibration\lfw\lfw\Britney_Spears\Britney_Spears_0011.jpg,1,0.51054054
7,data\calibration\lfw\lfw\Bruce_Van_De_Velde\Bruce_Van_De_Velde_0001.jpg,data\calibration\lfw\lfw\Bruce_Van_De_Velde\Bruce_Van_De_Velde_0002.jpg,1,0.74946302
7,data\calibration\lfw\lfw\Camilla_Parker_Bowles\Camilla_Parker_Bowles_0001.jpg,data\calibration\lfw\lfw\Camilla_Parker_Bowles\Camilla_Parker_Bowles_0002.jpg,1,-0.02056366
7,data\calibration\lfw\lfw\Carolina_Kluft\Carolina_Kluft_0001.jpg,data\calibration\lfw\lfw\Carolina_Kluft\Carolina_Kluft_0002.jpg,1,0.59568840
7,data\calibration\lfw\lfw\Carson_Palmer\Carson_Palmer_0001.jpg,data\calibration\lfw\lfw\Carson_Palmer\Carson_Palmer_0003.jpg,1,0.61936897
7,data\calibration\lfw\lfw\Carson_Palmer\Carson_Palmer_0002.jpg,data\calibration\lfw\lfw\Carson_Palmer\Carson_Palmer_0003.jpg,1,0.58915097
7,data\calibration\lfw\lfw\Catherine_Deneuve\Catherine_Deneuve_0001.jpg,data\calibration\lfw\lfw\Catherine_Deneuve\Catherine_Deneuve_0004.jpg,1,0.70225513
7,data\calibration\lfw\lfw\Catherine_Deneuve\Catherine_Deneuve_0002.jpg,data\calibration\lfw\lfw\Catherine_Deneuve\Catherine_Deneuve_0005.jpg,1,0.66867745
7,data\calibration\lfw\lfw\Catherine_Deneuve\Catherine_Deneuve_0003.jpg,data\calibration\lfw\lfw\Catherine_Deneuve\Catherine_Deneuve_0005.jpg,1,0.74365819
7,data\calibration\lfw\lfw\Cesar_Maia\Cesar_Maia_0001.jpg,data\calibration\lfw\lfw\Cesar_Maia\Cesar_Maia_0002.jpg,1,0.49754590
7,data\calibration\lfw\lfw\Charles_Moose\Charles_Moose_0010.jpg,data\calibration\lfw\lfw\Charles_Moose\Charles_Moose_0012.jpg,1,0.70322347
7,data\calibration\lfw\lfw\Chen_Liang_Yu\Chen_Liang_Yu_0001.jpg,data\calibration\lfw\lfw\Chen_Liang_Yu\Chen_Liang_Yu_0002.jpg,1,0.67241240
7,data\calibration\lfw\lfw\Choi_Sung-hong\Choi_Sung-hong_0001.jpg,data\calibration\lfw\lfw\Choi_Sung-hong\Choi_Sung-hong_0005.jpg,1,0.07519910
7,data\calibration\lfw\lfw\Choi_Sung-hong\Choi_Sung-hong_0002.jpg,data\calibration\lfw\lfw\Choi_Sung-hong\Choi_Sung-hong_0004.jpg,1,0.63451314
7,data\calibration\lfw\lfw\Choi_Sung-hong\Choi_Sung-hong_0003.jpg,data\calibration\lfw\lfw\Choi_Sung-hong\Choi_Sung-hong_0004.jpg,1,0.70351356
7,data\calibration\lfw\lfw\Christina_Aguilera\Christina_Aguilera_0001.jpg,data\calibration\lfw\lfw\Christina_Aguilera\Christina_Aguilera_0002.jpg,1,0.32373172
7,data\calibration\lfw\lfw\Christina_Aguilera\Christina_Aguilera_0001.jpg,data\calibration\lfw\lfw\Christina_Aguilera\Christina_Aguilera_0004.jpg,1,0.37792787
7,data\calibration\lfw\lfw\Christina_Aguilera\Christina_Aguilera_0002.jpg,data\calibration\lfw\lfw\Christina_Aguilera\Christina_Aguilera_0004.jpg,1,0.38791135
7,data\calibration\lfw\lfw\Clara_Harris\Clara_Harris_0001.jpg,data\calibration\lfw\lfw\Clara_Harris\Clara_Harris_0005.jpg,1,0.70263940
7,data\calibration\lfw\lfw\Clara_Harris\Clara_Harris_0002.jpg,data\calibration\lfw\lfw\Clara_Harris\Clara_Harris_0004.jpg,1,0.71679223
7,data\calibration\lfw\lfw\Coretta_Scott_King\Coretta_Scott_King_0001.jpg,data\calibration\lfw\lfw\Coretta_Scott_King\Coretta_Scott_King_0002.jpg,1,0.75468218
7,data\calibration\lfw\lfw\Coretta_Scott_King\Coretta_Scott_King_0001.jpg,data\calibration\lfw\lfw\Coretta_Scott_King\Coretta_Scott_King_0003.jpg,1,0.71371144
7,data\calibration\lfw\lfw\Coretta_Scott_King\Coretta_Scott_King_0002.jpg,data\calibration\lfw\lfw\Coretta_Scott_King\Coretta_Scott_King_0003.jpg,1,0.83201450
7,data\calibration\lfw\lfw\Courtney_Love\Courtney_Love_0001.jpg,data\calibration\lfw\lfw\Courtney_Love\Courtney_Love_0002.jpg,1,0.28725049
7,data\calibration\lfw\lfw\Daniel_Day-Lewis\Daniel_Day-Lewis_0001.jpg,data\calibration\lfw\lfw\Daniel_Day-Lewis\Daniel_Day-Lewis_0003.jpg,1,0.60582614
7,data\calibration\lfw\lfw\Daniel_Day-Lewis\Daniel_Day-Lewis_0002.jpg,data\calibration\lfw\lfw\Daniel_Day-Lewis\Daniel_Day-Lewis_0003.jpg,1,0.71414095
7,data\calibration\lfw\lfw\Daniela_Hantuchova\Daniela_Hantuchova_0001.jpg,data\calibration\lfw\lfw\Daniela_Hantuchova\Daniela_Hantuchova_0002.jpg,1,0.70881432
7,data\calibration\lfw\lfw\Debra_Messing\Debra_Messing_0001.jpg,data\calibration\lfw\lfw\Debra_Messing\Debra_Messing_0002.jpg,1,-0.01419896
7,data\calibration\lfw\lfw\Dennis_Kucinich\Dennis_Kucinich_0002.jpg,data\calibration\lfw\lfw\Dennis_Kucinich\Dennis_Kucinich_0007.jpg,1,0.70961064
7,data\calibration\lfw\lfw\Dick_Latessa\Dick_Latessa_0001.jpg,data\calibration\lfw\lfw\Dick_Latessa\Dick_Latessa_0002.jpg,1,0.59490573
7,data\calibration\lfw\lfw\Donald_Rumsfeld\Donald_Rumsfeld_0039.jpg,data\calibration\lfw\lfw\Donald_Rumsfeld\Donald_Rumsfeld_0110.jpg,1,0.57587868
7,data\calibration\lfw\lfw\Donald_Rumsfeld\Donald_Rumsfeld_0051.jpg,data\calibration\lfw\lfw\Donald_Rumsfeld\Donald_Rumsfeld_0083.jpg,1,0.71587086
7,data\calibration\lfw\lfw\Donald_Rumsfeld\Donald_Rumsfeld_0060.jpg,data\calibration\lfw\lfw\Donald_Rumsfeld\Donald_Rumsfeld_0067.jpg,1,0.75305700
7,data\calibration\lfw\lfw\Eduard_Shevardnadze\Eduard_Shevardnadze_0001.jpg,data\calibration\lfw\lfw\Eduard_Shevardnadze\Eduard_Shevardnadze_0005.jpg,1,0.81849235
7,data\calibration\lfw\lfw\Edward_Lu\Edward_Lu_0004.jpg,data\calibration\lfw\lfw\Edward_Lu\Edward_Lu_0006.jpg,1,0.67574346
7,data\calibration\lfw\lfw\Edwina_Currie\Edwina_Currie_0001.jpg,data\calibration\lfw\lfw\Edwina_Currie\Edwina_Currie_0002.jpg,1,0.84551740
7,data\calibration\lfw\lfw\Edwina_Currie\Edwina_Currie_0002.jpg,data\calibration\lfw\lfw\Edwina_Currie\Edwina_Currie_0004.jpg,1,0.82652241
7,data\calibration\lfw\lfw\Elizabeth_Shue\Elizabeth_Shue_0001.jpg,data\calibration\lfw\lfw\Elizabeth_Shue\Elizabeth_Shue_0002.jpg,1,0.70075738
7,data\calibration\lfw\lfw\Ellen_Engleman\Ellen_Engleman_0001.jpg,data\calibration\lfw\lfw\Ellen_Engleman\Ellen_Engleman_0002.jpg,1,0.59996992
7,data\calibration\lfw\lfw\Emma_Thompson\Emma_Thompson_0001.jpg,data\calibration\lfw\lfw\Emma_Thompson\Emma_Thompson_0002.jpg,1,0.52711987
7,data\calibration\lfw\lfw\Emma_Thompson\Emma_Thompson_0001.jpg,data\calibration\lfw\lfw\Emma_Thompson\Emma_Thompson_0003.jpg,1,0.48534396
7,data\calibration\lfw\lfw\Emma_Thompson\Emma_Thompson_0002.jpg,data\calibration\lfw\lfw\Emma_Thompson\Emma_Thompson_0003.jpg,1,0.77815491
7,data\calibration\lfw\lfw\Emmit_Smith\Emmit_Smith_0001.jpg,data\calibration\lfw\lfw\Emmit_Smith\Emmit_Smith_0002.jpg,1,0.83712989
7,data\calibration\lfw\lfw\Fayssal_Mekdad\Fayssal_Mekdad_0001.jpg,data\calibration\lfw\lfw\Fayssal_Mekdad\Fayssal_Mekdad_0003.jpg,1,0.75603873
7,data\calibration\lfw\lfw\Fayssal_Mekdad\Fayssal_Mekdad_0001.jpg,data\calibration\lfw\lfw\Fayssal_Mekdad\Fayssal_Mekdad_0004.jpg,1,0.75935262
7,data\calibration\lfw\lfw\Frances_Fisher\Frances_Fisher_0001.jpg,data\calibration\lfw\lfw\Frances_Fisher\Frances_Fisher_0002.jpg,1,-0.04525754
7,data\calibration\lfw\lfw\Frank_Griswold\Frank_Griswold_0001.jpg,data\calibration\lfw\lfw\Frank_Griswold\Frank_Griswold_0002.jpg,1,0.72638899
7,data\calibration\lfw\lfw\Gary_Forsee\Gary_Forsee_0001.jpg,data\calibration\lfw\lfw\Gary_Forsee\Gary_Forsee_0002.jpg,1,0.70433652
7,data\calibration\lfw\lfw\Gloria_Macapagal_Arroyo\Gloria_Macapagal_Arroyo_0003.jpg,data\calibration\lfw\lfw\Gloria_Macapagal_Arroyo\Gloria_Macapagal_Arroyo_0012.jpg,1,0.63243580
7,data\calibration\lfw\lfw\Gloria_Macapagal_Arroyo\Gloria_Macapagal_Arroyo_0003.jpg,data\calibration\lfw\lfw\Gloria_Macapagal_Arroyo\Gloria_Macapagal_Arroyo_0025.jpg,1,0.71095806
7,data\calibration\lfw\lfw\Gloria_Macapagal_Arroyo\Gloria_Macapagal_Arroyo_0008.jpg,data\calibration\lfw\lfw\Gloria_Macapagal_Arroyo\Gloria_Macapagal_Arroyo_0023.jpg,1,0.72108734
7,data\calibration\lfw\lfw\Gregory_Hines\Gregory_Hines_0001.jpg,data\calibration\lfw\lfw\Gregory_Hines\Gregory_Hines_0002.jpg,1,0.72629517
7,data\calibration\lfw\lfw\Gus_Van_Sant\Gus_Van_Sant_0001.jpg,data\calibration\lfw\lfw\Gus_Van_Sant\Gus_Van_Sant_0002.jpg,1,0.78331745
7,data\calibration\lfw\lfw\Gus_Van_Sant\Gus_Van_Sant_0001.jpg,data\calibration\lfw\lfw\Gus_Van_Sant\Gus_Van_Sant_0003.jpg,1,0.80285376
7,data\calibration\lfw\lfw\Gwendal_Peizerat\Gwendal_Peizerat_0001.jpg,data\calibration\lfw\lfw\Gwendal_Peizerat\Gwendal_Peizerat_0002.jpg,1,0.03373273
7,data\calibration\lfw\lfw\Gwendal_Peizerat\Gwendal_Peizerat_0001.jpg,data\calibration\lfw\lfw\Gwendal_Peizerat\Gwendal_Peizerat_0003.jpg,1,0.00256562
7,data\calibration\lfw\lfw\Hal_Gehman\Hal_Gehman_0002.jpg,data\calibration\lfw\lfw\Hal_Gehman\Hal_Gehman_0004.jpg,1,0.78728104
7,data\calibration\lfw\lfw\Hannah_Stockbauer\Hannah_Stockbauer_0001.jpg,data\calibration\lfw\lfw\Hannah_Stockbauer\Hannah_Stockbauer_0002.jpg,1,0.83951986
7,data\calibration\lfw\lfw\Harrison_Ford\Harrison_Ford_0001.jpg,data\calibration\lfw\lfw\Harrison_Ford\Harrison_Ford_0012.jpg,1,0.70602441
7,data\calibration\lfw\lfw\Heizo_Takenaka\Heizo_Takenaka_0001.jpg,data\calibration\lfw\lfw\Heizo_Takenaka\Heizo_Takenaka_0007.jpg,1,0.78970069
7,data\calibration\lfw\lfw\Heizo_Takenaka\Heizo_Takenaka_0003.jpg,data\calibration\lfw\lfw\Heizo_Takenaka\Heizo_Takenaka_0008.jpg,1,0.73049134
7,data\calibration\lfw\lfw\Heizo_Takenaka\Heizo_Takenaka_0003.jpg,data\calibration\lfw\lfw\Heizo_Takenaka\Heizo_Takenaka_0009.jpg,1,0.64970684
7,data\calibration\lfw\lfw\Hichiro_Naemura\Hichiro_Naemura_0001.jpg,data\calibration\lfw\lfw\Hichiro_Naemura\Hichiro_Naemura_0002.jpg,1,0.70200747
7,data\calibration\lfw\lfw\Hipolito_Mejia\Hipolito_Mejia_0001.jpg,data\calibration\lfw\lfw\Hipolito_Mejia\Hipolito_Mejia_0003.jpg,1,0.67055643
7,data\calibration\lfw\lfw\Hipolito_Mejia\Hipolito_Mejia_0001.jpg,data\calibration\lfw\lfw\Hipolito_Mejia\Hipolito_Mejia_0004.jpg,1,0.70497912
7,data\calibration\lfw\lfw\Holly_Hunter\Holly_Hunter_0002.jpg,data\calibration\lfw\lfw\Holly_Hunter\Holly_Hunter_0006.jpg,1,0.64408439
7,data\calibration\lfw\lfw\Holly_Hunter\Holly_Hunter_0003.jpg,data\calibration\lfw\lfw\Holly_Hunter\Holly_Hunter_0007.jpg,1,0.71264648
7,data\calibration\lfw\lfw\Igor_Ivanov\Igor_Ivanov_0005.jpg,data\calibration\lfw\lfw\Igor_Ivanov\Igor_Ivanov_0016.jpg,1,0.60573149
7,data\calibration\lfw\lfw\Intisar_Ajouri\Intisar_Ajouri_0002.jpg,data\calibration\lfw\lfw\Intisar_Ajouri\Intisar_Ajouri_0003.jpg,1,0.80586123
7,data\calibration\lfw\lfw\Jack_Nicholson\Jack_Nicholson_0001.jpg,data\calibration\lfw\lfw\Jack_Nicholson\Jack_Nicholson_0003.jpg,1,0.50472730
7,data\calibration\lfw\lfw\James_Blake\James_Blake_0001.jpg,data\calibration\lfw\lfw\James_Blake\James_Blake_0010.jpg,1,0.61441380
7,data\calibration\lfw\lfw\James_Blake\James_Blake_0004.jpg,data\calibration\lfw\lfw\James_Blake\James_Blake_0006.jpg,1,0.73850644
7,data\calibration\lfw\lfw\James_Blake\James_Blake_0005.jpg,data\calibration\lfw\lfw\James_Blake\James_Blake_0009.jpg,1,0.69782084
7,data\calibration\lfw\lfw\James_Kelly\James_Kelly_0004.jpg,data\calibration\lfw\lfw\James_Kelly\James_Kelly_0005.jpg,1,0.66912007
7,data\calibration\lfw\lfw\James_Kopp\James_Kopp_0002.jpg,data\calibration\lfw\lfw\James_Kopp\James_Kopp_0004.jpg,1,0.71698219
7,data\calibration\lfw\lfw\James_Smith\James_Smith_0001.jpg,data\calibration\lfw\lfw\James_Smith\James_Smith_0002.jpg,1,0.77249700
7,data\calibration\lfw\lfw\Jean_Chretien\Jean_Chretien_0002.jpg,data\calibration\lfw\lfw\Jean_Chretien\Jean_Chretien_0039.jpg,1,0.66062284
7,data\calibration\lfw\lfw\Jean_Chretien\Jean_Chretien_0006.jpg,data\calibration\lfw\lfw\Jean_Chretien\Jean_Chretien_0040.jpg,1,0.68372858
7,data\calibration\lfw\lfw\Jean_Chretien\Jean_Chretien_0008.jpg,data\calibration\lfw\lfw\Jean_Chretien\Jean_Chretien_0035.jpg,1,0.69125539
7,data\calibration\lfw\lfw\Jean_Chretien\Jean_Chretien_0019.jpg,data\calibration\lfw\lfw\Jean_Chretien\Jean_Chretien_0028.jpg,1,0.67433518
7,data\calibration\lfw\lfw\Jean_Chretien\Jean_Chretien_0028.jpg,data\calibration\lfw\lfw\Jean_Chretien\Jean_Chretien_0052.jpg,1,0.62087792
7,data\calibration\lfw\lfw\Jean_Chretien\Jean_Chretien_0029.jpg,data\calibration\lfw\lfw\Jean_Chretien\Jean_Chretien_0037.jpg,1,0.82043105
7,data\calibration\lfw\lfw\Jean_Chretien\Jean_Chretien_0034.jpg,data\calibration\lfw\lfw\Jean_Chretien\Jean_Chretien_0036.jpg,1,0.85453159
7,data\calibration\lfw\lfw\Jeffrey_Immelt\Jeffrey_Immelt_0001.jpg,data\calibration\lfw\lfw\Jeffrey_Immelt\Jeffrey_Immelt_0002.jpg,1,0.77015477
7,data\calibration\lfw\lfw\Jennifer_Aniston\Jennifer_Aniston_0001.jpg,data\calibration\lfw\lfw\Jennifer_Aniston\Jennifer_Aniston_0007.jpg,1,0.56866080
7,data\calibration\lfw\lfw\Jennifer_Aniston\Jennifer_Aniston_0001.jpg,data\calibration\lfw\lfw\Jennifer_Aniston\Jennifer_Aniston_0016.jpg,1,0.53911191
7,data\calibration\lfw\lfw\Jennifer_Aniston\Jennifer_Aniston_0006.jpg,data\calibration\lfw\lfw\Jennifer_Aniston\Jennifer_Aniston_0021.jpg,1,0.52477497
7,data\calibration\lfw\lfw\Jerry_Falwell\Jerry_Falwell_0001.jpg,data\calibration\lfw\lfw\Jerry_Falwell\Jerry_Falwell_0002.jpg,1,0.54583687
7,data\calibration\lfw\lfw\Jesse_Harris\Jesse_Harris_0001.jpg,data\calibration\lfw\lfw\Jesse_Harris\Jesse_Harris_0003.jpg,1,0.75478458
7,data\calibration\lfw\lfw\Jesse_Harris\Jesse_Harris_0002.jpg,data\calibration\lfw\lfw\Jesse_Harris\Jesse_Harris_0003.jpg,1,0.69910854
7,data\calibration\lfw\lfw\Joan_Claybrook\Joan_Claybrook_0001.jpg,data\calibration\lfw\lfw\Joan_Claybrook\Joan_Claybrook_0002.jpg,1,0.71284646
7,data\calibration\lfw\lfw\Joe_Calzaghe\Joe_Calzaghe_0001.jpg,data\calibration\lfw\lfw\Joe_Calzaghe\Joe_Calzaghe_0002.jpg,1,-0.00548668
7,data\calibration\lfw\lfw\Joe_Nichols\Joe_Nichols_0001.jpg,data\calibration\lfw\lfw\Joe_Nichols\Joe_Nichols_0003.jpg,1,0.72944117
7,data\calibration\lfw\lfw\Joe_Nichols\Joe_Nichols_0002.jpg,data\calibration\lfw\lfw\Joe_Nichols\Joe_Nichols_0004.jpg,1,0.71500725
7,data\calibration\lfw\lfw\Joe_Nichols\Joe_Nichols_0003.jpg,data\calibration\lfw\lfw\Joe_Nichols\Joe_Nichols_0004.jpg,1,0.88188660
7,data\calibration\lfw\lfw\Joerg_Haider\Joerg_Haider_0001.jpg,data\calibration\lfw\lfw\Joerg_Haider\Joerg_Haider_0002.jpg,1,0.73019570
7,data\calibration\lfw\lfw\John_Abizaid\John_Abizaid_0001.jpg,data\calibration\lfw\lfw\John_Abizaid\John_Abizaid_0002.jpg,1,0.74505216
7,data\calibration\lfw\lfw\John_Abizaid\John_Abizaid_0001.jpg,data\calibration\lfw\lfw\John_Abizaid\John_Abizaid_0007.jpg,1,0.69954759
7,data\calibration\lfw\lfw\John_Abizaid\John_Abizaid_0002.jpg,data\calibration\lfw\lfw\John_Abizaid\John_Abizaid_0003.jpg,1,0.70124853
7,data\calibration\lfw\lfw\John_Abizaid\John_Abizaid_0004.jpg,data\calibration\lfw\lfw\John_Abizaid\John_Abizaid_0007.jpg,1,0.70940530
7,data\calibration\lfw\lfw\John_Abizaid\John_Abizaid_0004.jpg,data\calibration\lfw\lfw\John_Abizaid\John_Abizaid_0008.jpg,1,0.66425121
7,data\calibration\lfw\lfw\John_Abizaid\John_Abizaid_0005.jpg,data\calibration\lfw\lfw\John_Abizaid\John_Abizaid_0006.jpg,1,0.02624933
7,data\calibration\lfw\lfw\John_Jumper\John_Jumper_0001.jpg,data\calibration\lfw\lfw\John_Jumper\John_Jumper_0002.jpg,1,0.74127299
7,data\calibration\lfw\lfw\John_Mayer\John_Mayer_0001.jpg,data\calibration\lfw\lfw\John_Mayer\John_Mayer_0002.jpg,1,0.86278886
7,data\calibration\lfw\lfw\John_Mayer\John_Mayer_0001.jpg,data\calibration\lfw\lfw\John_Mayer\John_Mayer_0003.jpg,1,0.78759128
7,data\calibration\lfw\lfw\John_Negroponte\John_Negroponte_0005.jpg,data\calibration\lfw\lfw\John_Negroponte\John_Negroponte_0026.jpg,1,0.62293744
7,data\calibration\lfw\lfw\John_Negroponte\John_Negroponte_0008.jpg,data\calibration\lfw\lfw\John_Negroponte\John_Negroponte_0017.jpg,1,0.57890123
7,data\calibration\lfw\lfw\John_Negroponte\John_Negroponte_0028.jpg,data\calibration\lfw\lfw\John_Negroponte\John_Negroponte_0030.jpg,1,0.80277091
7,data\calibration\lfw\lfw\John_Reilly\John_Reilly_0001.jpg,data\calibration\lfw\lfw\John_Reilly\John_Reilly_0002.jpg,1,0.75438750
7,data\calibration\lfw\lfw\John_Rowland\John_Rowland_0001.jpg,data\calibration\lfw\lfw\John_Rowland\John_Rowland_0002.jpg,1,0.61836582
7,data\calibration\lfw\lfw\Johnny_Depp\Johnny_Depp_0001.jpg,data\calibration\lfw\lfw\Johnny_Depp\Johnny_Depp_0002.jpg,1,0.44811568
7,data\calibration\lfw\lfw\Jon_Corzine\Jon_Corzine_0001.jpg,data\calibration\lfw\lfw\Jon_Corzine\Jon_Corzine_0002.jpg,1,0.57310611
7,data\calibration\lfw\lfw\Jose_Dirceu\Jose_Dirceu_0001.jpg,data\calibration\lfw\lfw\Jose_Dirceu\Jose_Dirceu_0002.jpg,1,0.65784538
7,data\calibration\lfw\lfw\Jose_Sarney\Jose_Sarney_0001.jpg,data\calibration\lfw\lfw\Jose_Sarney\Jose_Sarney_0003.jpg,1,0.73663795
7,data\calibration\lfw\lfw\Joseph_Estrada\Joseph_Estrada_0001.jpg,data\calibration\lfw\lfw\Joseph_Estrada\Joseph_Estrada_0003.jpg,1,0.69242030
7,data\calibration\lfw\lfw\Joseph_Estrada\Joseph_Estrada_0002.jpg,data\calibration\lfw\lfw\Joseph_Estrada\Joseph_Estrada_0003.jpg,1,0.78794545
7,data\calibration\lfw\lfw\Juan_Carlos_Ferrero\Juan_Carlos_Ferrero_0009.jpg,data\calibration\lfw\lfw\Juan_Carlos_Ferrero\Juan_Carlos_Ferrero_0017.jpg,1,0.69598967
7,data\calibration\lfw\lfw\Jude_Law\Jude_Law_0001.jpg,data\calibration\lfw\lfw\Jude_Law\Jude_Law_0002.jpg,1,0.52846879
7,data\calibration\lfw\lfw\Katherine_Harris\Katherine_Harris_0001.jpg,data\calibration\lfw\lfw\Katherine_Harris\Katherine_Harris_0002.jpg,1,-0.02024181
7,data\calibration\lfw\lfw\Katherine_Harris\Katherine_Harris_0001.jpg,data\calibration\lfw\lfw\Katherine_Harris\Katherine_Harris_0004.jpg,1,0.68154120
7,data\calibration\lfw\lfw\Katherine_Harris\Katherine_Harris_0003.jpg,data\calibration\lfw\lfw\Katherine_Harris\Katherine_Harris_0004.jpg,1,0.63825732
7,data\calibration\lfw\lfw\Kelly_Clarkson\Kelly_Clarkson_0001.jpg,data\calibration\lfw\lfw\Kelly_Clarkson\Kelly_Clarkson_0002.jpg,1,-0.01824624
7,data\calibration\lfw\lfw\Kiki_Vandeweghe\Kiki_Vandeweghe_0001.jpg,data\calibration\lfw\lfw\Kiki_Vandeweghe\Kiki_Vandeweghe_0002.jpg,1,0.77833569
7,data\calibration\lfw\lfw\Kofi_Annan\Kofi_Annan_0008.jpg,data\calibration\lfw\lfw\Kofi_Annan\Kofi_Annan_0014.jpg,1,0.79688776
7,data\calibration\lfw\lfw\Kofi_Annan\Kofi_Annan_0008.jpg,data\calibration\lfw\lfw\Kofi_Annan\Kofi_Annan_0032.jpg,1,0.80922943
7,data\calibration\lfw\lfw\Kofi_Annan\Kofi_Annan_0013.jpg,data\calibration\lfw\lfw\Kofi_Annan\Kofi_Annan_0025.jpg,1,0.74852359
7,data\calibration\lfw\lfw\Lance_Bass\Lance_Bass_0001.jpg,data\calibration\lfw\lfw\Lance_Bass\Lance_Bass_0004.jpg,1,0.69492465
7,data\calibration\lfw\lfw\Lance_Bass\Lance_Bass_0002.jpg,data\calibration\lfw\lfw\Lance_Bass\Lance_Bass_0004.jpg,1,0.64610326
7,data\calibration\lfw\lfw\Lance_Bass\Lance_Bass_0002.jpg,data\calibration\lfw\lfw\Lance_Bass\Lance_Bass_0005.jpg,1,0.59796262
7,data\calibration\lfw\lfw\Lance_Bass\Lance_Bass_0004.jpg,data\calibration\lfw\lfw\Lance_Bass\Lance_Bass_0005.jpg,1,0.59754479
7,data\calibration\lfw\lfw\Laurent_Gbagbo\Laurent_Gbagbo_0001.jpg,data\calibration\lfw\lfw\Laurent_Gbagbo\Laurent_Gbagbo_0002.jpg,1,0.71100616
7,data\calibration\lfw\lfw\Lee_Soo-hyuck\Lee_Soo-hyuck_0001.jpg,data\calibration\lfw\lfw\Lee_Soo-hyuck\Lee_Soo-hyuck_0002.jpg,1,0.75320387
7,data\calibration\lfw\lfw\Leslie_Caldwell\Leslie_Caldwell_0002.jpg,data\calibration\lfw\lfw\Leslie_Caldwell\Leslie_Caldwell_0003.jpg,1,0.70375741
7,data\calibration\lfw\lfw\Li_Zhaoxing\Li_Zhaoxing_0002.jpg,data\calibration\lfw\lfw\Li_Zhaoxing\Li_Zhaoxing_0007.jpg,1,0.78881806
7,data\calibration\lfw\lfw\Liu_Mingkang\Liu_Mingkang_0001.jpg,data\calibration\lfw\lfw\Liu_Mingkang\Liu_Mingkang_0002.jpg,1,0.76562250
7,data\calibration\lfw\lfw\Luciano_Pavarotti\Luciano_Pavarotti_0001.jpg,data\calibration\lfw\lfw\Luciano_Pavarotti\Luciano_Pavarotti_0002.jpg,1,0.86384016
7,data\calibration\lfw\lfw\Luis_Gonzalez_Macchi\Luis_Gonzalez_Macchi_0001.jpg,data\calibration\lfw\lfw\Luis_Gonzalez_Macchi\Luis_Gonzalez_Macchi_0002.jpg,1,0.62258422
7,data\calibration\lfw\lfw\Luis_Gonzalez_Macchi\Luis_Gonzalez_Macchi_0002.jpg,data\calibration\lfw\lfw\Luis_Gonzalez_Macchi\Luis_Gonzalez_Macchi_0004.jpg,1,0.62584299
7,data\calibration\lfw\lfw\Luis_Gonzalez_Macchi\Luis_Gonzalez_Macchi_0003.jpg,data\calibration\lfw\lfw\Luis_Gonzalez_Macchi\Luis_Gonzalez_Macchi_0004.jpg,1,0.63138169
7,data\calibration\lfw\lfw\Luis_Gonzalez_Macchi\Luis_Gonzalez_Macchi_0003.jpg,data\calibration\lfw\lfw\Luis_Gonzalez_Macchi\Luis_Gonzalez_Macchi_0005.jpg,1,0.67533028
7,data\calibration\lfw\lfw\Luis_Horna\Luis_Horna_0001.jpg,data\calibration\lfw\lfw\Luis_Horna\Luis_Horna_0004.jpg,1,0.65762490
7,data\calibration\lfw\lfw\Luis_Horna\Luis_Horna_0002.jpg,data\calibration\lfw\lfw\Luis_Horna\Luis_Horna_0004.jpg,1,0.41374066
7,data\calibration\lfw\lfw\Luiz_Inacio_Lula_da_Silva\Luiz_Inacio_Lula_da_Silva_0002.jpg,data\calibration\lfw\lfw\Luiz_Inacio_Lula_da_Silva\Luiz_Inacio_Lula_da_Silva_0009.jpg,1,0.69617665
7,data\calibration\lfw\lfw\Luiz_Inacio_Lula_da_Silva\Luiz_Inacio_Lula_da_Silva_0002.jpg,data\calibration\lfw\lfw\Luiz_Inacio_Lula_da_Silva\Luiz_Inacio_Lula_da_Silva_0039.jpg,1,0.65408355
7,data\calibration\lfw\lfw\Luiz_Inacio_Lula_da_Silva\Luiz_Inacio_Lula_da_Silva_0004.jpg,data\calibration\lfw\lfw\Luiz_Inacio_Lula_da_Silva\Luiz_Inacio_Lula_da_Silva_0008.jpg,1,0.78095359
7,data\calibration\lfw\lfw\Luiz_Inacio_Lula_da_Silva\Luiz_Inacio_Lula_da_Silva_0007.jpg,data\calibration\lfw\lfw\Luiz_Inacio_Lula_da_Silva\Luiz_Inacio_Lula_da_Silva_0036.jpg,1,0.77978599
7,data\calibration\lfw\lfw\Luiz_Inacio_Lula_da_Silva\Luiz_Inacio_Lula_da_Silva_0010.jpg,data\calibration\lfw\lfw\Luiz_Inacio_Lula_da_Silva\Luiz_Inacio_Lula_da_Silva_0019.jpg,1,0.72935307
7,data\calibration\lfw\lfw\Luiz_Inacio_Lula_da_Silva\Luiz_Inacio_Lula_da_Silva_0011.jpg,data\calibration\lfw\lfw\Luiz_Inacio_Lula_da_Silva\Luiz_Inacio_Lula_da_Silva_0044.jpg,1,-0.09153155
7,data\calibration\lfw\lfw\Luiz_Inacio_Lula_da_Silva\Luiz_Inacio_Lula_da_Silva_0028.jpg,data\calibration\lfw\lfw\Luiz_Inacio_Lula_da_Silva\Luiz_Inacio_Lula_da_Silva_0044.jpg,1,-0.03854196
7,data\calibration\lfw\lfw\Madeleine_Albright\Madeleine_Albright_0001.jpg,data\calibration\lfw\lfw\Madeleine_Albright\Madeleine_Albright_0002.jpg,1,0.76871073
7,data\calibration\lfw\lfw\Madeleine_Albright\Madeleine_Albright_0002.jpg,data\calibration\lfw\lfw\Madeleine_Albright\Madeleine_Albright_0003.jpg,1,0.71195072
7,data\calibration\lfw\lfw\Marcus_Gronholm\Marcus_Gronholm_0001.jpg,data\calibration\lfw\lfw\Marcus_Gronholm\Marcus_Gronholm_0002.jpg,1,0.50685728
7,data\calibration\lfw\lfw\Marissa_Jaret_Winokur\Marissa_Jaret_Winokur_0001.jpg,data\calibration\lfw\lfw\Marissa_Jaret_Winokur\Marissa_Jaret_Winokur_0002.jpg,1,0.69226807
7,data\calibration\lfw\lfw\Mark_Geragos\Mark_Geragos_0001.jpg,data\calibration\lfw\lfw\Mark_Geragos\Mark_Geragos_0002.jpg,1,0.61815745
7,data\calibration\lfw\lfw\Mark_Philippoussis\Mark_Philippoussis_0002.jpg,data\calibration\lfw\lfw\Mark_Philippoussis\Mark_Philippoussis_0007.jpg,1,0.72015989
7,data\calibration\lfw\lfw\Mark_Philippoussis\Mark_Philippoussis_0003.jpg,data\calibration\lfw\lfw\Mark_Philippoussis\Mark_Philippoussis_0011.jpg,1,0.61345714
7,data\calibration\lfw\lfw\Mark_Philippoussis\Mark_Philippoussis_0004.jpg,data\calibration\lfw\lfw\Mark_Philippoussis\Mark_Philippoussis_0006.jpg,1,0.58540535
7,data\calibration\lfw\lfw\Mark_Philippoussis\Mark_Philippoussis_0004.jpg,data\calibration\lfw\lfw\Mark_Philippoussis\Mark_Philippoussis_0009.jpg,1,0.50783890
7,data\calibration\lfw\lfw\Mark_Philippoussis\Mark_Philippoussis_0006.jpg,data\calibration\lfw\lfw\Mark_Philippoussis\Mark_Philippoussis_0007.jpg,1,0.66665149
7,data\calibration\lfw\lfw\Mark_Philippoussis\Mark_Philippoussis_0006.jpg,data\calibration\lfw\lfw\Mark_Philippoussis\Mark_Philippoussis_0009.jpg,1,0.74327970
7,data\calibration\lfw\lfw\Mark_Philippoussis\Mark_Philippoussis_0007.jpg,data\calibration\lfw\lfw\Mark_Philippoussis\Mark_Philippoussis_0009.jpg,1,0.69957626
7,data\calibration\lfw\lfw\Markus_Naslund\Markus_Naslund_0001.jpg,data\calibration\lfw\lfw\Markus_Naslund\Markus_Naslund_0002.jpg,1,0.84090346
7,data\calibration\lfw\lfw\Martha_Lucia_Ramirez\Martha_Lucia_Ramirez_0002.jpg,data\calibration\lfw\lfw\Martha_Lucia_Ramirez\Martha_Lucia_Ramirez_0004.jpg,1,0.79153645
7,data\calibration\lfw\lfw\Martha_Lucia_Ramirez\Martha_Lucia_Ramirez_0003.jpg,data\calibration\lfw\lfw\Martha_Lucia_Ramirez\Martha_Lucia_Ramirez_0004.jpg,1,0.65355629
7,data\calibration\lfw\lfw\Meryl_Streep\Meryl_Streep_0014.jpg,data\calibration\lfw\lfw\Meryl_Streep\Meryl_Streep_0015.jpg,1,0.63066202
7,data\calibration\lfw\lfw\Mesut_Yilmaz\Mesut_Yilmaz_0001.jpg,data\calibration\lfw\lfw\Mesut_Yilmaz\Mesut_Yilmaz_0002.jpg,1,0.58931649
7,data\calibration\lfw\lfw\Michael_Schumacher\Michael_Schumacher_0002.jpg,data\calibration\lfw\lfw\Michael_Schumacher\Michael_Schumacher_0013.jpg,1,0.64866787
7,data\calibration\lfw\lfw\Michael_Schumacher\Michael_Schumacher_0002.jpg,data\calibration\lfw\lfw\Michael_Schumacher\Michael_Schumacher_0017.jpg,1,0.48027247
7,data\calibration\lfw\lfw\Michael_Schumacher\Michael_Schumacher_0010.jpg,data\calibration\lfw\lfw\Michael_Schumacher\Michael_Schumacher_0011.jpg,1,0.61123157
7,data\calibration\lfw\lfw\Michael_Schumacher\Michael_Schumacher_0013.jpg,data\calibration\lfw\lfw\Michael_Schumacher\Michael_Schumacher_0018.jpg,1,0.56466424
7,data\calibration\lfw\lfw\Michel_Temer\Michel_Temer_0001.jpg,data\calibration\lfw\lfw\Michel_Temer\Michel_Temer_0002.jpg,1,0.70062405
7,data\calibration\lfw\lfw\Michelle_Yeoh\Michelle_Yeoh_0001.jpg,data\calibration\lfw\lfw\Michelle_Yeoh\Michelle_Yeoh_0002.jpg,1,0.62766206
7,data\calibration\lfw\lfw\Michelle_Yeoh\Michelle_Yeoh_0002.jpg,data\calibration\lfw\lfw\Michelle_Yeoh\Michelle_Yeoh_0005.jpg,1,0.58184522
7,data\calibration\lfw\lfw\Monica_Seles\Monica_Seles_0001.jpg,data\calibration\lfw\lfw\Monica_Seles\Monica_Seles_0003.jpg,1,0.54565489
7,data\calibration\lfw\lfw\Monica_Seles\Monica_Seles_0002.jpg,data\calibration\lfw\lfw\Monica_Seles\Monica_Seles_0006.jpg,1,0.71090871
7,data\calibration\lfw\lfw\Monica_Seles\Monica_Seles_0004.jpg,data\calibration\lfw\lfw\Monica_Seles\Monica_Seles_0005.jpg,1,0.83387274
7,data\calibration\lfw\lfw\Moshe_Katsav\Moshe_Katsav_0001.jpg,data\calibration\lfw\lfw\Moshe_Katsav\Moshe_Katsav_0002.jpg,1,0.66256028
7,data\calibration\lfw\lfw\Moshe_Katsav\Moshe_Katsav_0002.jpg,data\calibration\lfw\lfw\Moshe_Katsav\Moshe_Katsav_0003.jpg,1,0.76532406
7,data\calibration\lfw\lfw\Muhammad_Saeed_al-Sahhaf\Muhammad_Saeed_al-Sahhaf_0002.jpg,data\calibration\lfw\lfw\Muhammad_Saeed_al-Sahhaf\Muhammad_Saeed_al-Sahhaf_0005.jpg,1,0.56076109
7,data\calibration\lfw\lfw\Muhammad_Saeed_al-Sahhaf\Muhammad_Saeed_al-Sahhaf_0003.jpg,data\calibration\lfw\lfw\Muhammad_Saeed_al-Sahhaf\Muhammad_Saeed_al-Sahhaf_0004.jpg,1,0.53308254
7,data\calibration\lfw\lfw\Muhammad_Saeed_al-Sahhaf\Muhammad_Saeed_al-Sahhaf_0003.jpg,data\calibration\lfw\lfw\Muhammad_Saeed_al-Sahhaf\Muhammad_Saeed_al-Sahhaf_0005.jpg,1,0.61155522
7,data\calibration\lfw\lfw\Nancy_Sinatra\Nancy_Sinatra_0001.jpg,data\calibration\lfw\lfw\Nancy_Sinatra\Nancy_Sinatra_0002.jpg,1,0.49238944
7,data\calibration\lfw\lfw\Nicanor_Duarte_Frutos\Nicanor_Duarte_Frutos_0003.jpg,data\calibration\lfw\lfw\Nicanor_Duarte_Frutos\Nicanor_Duarte_Frutos_0006.jpg,1,0.67935824
7,data\calibration\lfw\lfw\Nicanor_Duarte_Frutos\Nicanor_Duarte_Frutos_0003.jpg,data\calibration\lfw\lfw\Nicanor_Duarte_Frutos\Nicanor_Duarte_Frutos_0007.jpg,1,0.68313026
7,data\calibration\lfw\lfw\Nicanor_Duarte_Frutos\Nicanor_Duarte_Frutos_0003.jpg,data\calibration\lfw\lfw\Nicanor_Duarte_Frutos\Nicanor_Duarte_Frutos_0011.jpg,1,0.75663185
7,data\calibration\lfw\lfw\Patti_Labelle\Patti_Labelle_0002.jpg,data\calibration\lfw\lfw\Patti_Labelle\Patti_Labelle_0003.jpg,1,0.70389527
7,data\calibration\lfw\lfw\Paul_Pierce\Paul_Pierce_0001.jpg,data\calibration\lfw\lfw\Paul_Pierce\Paul_Pierce_0002.jpg,1,0.53850919
7,data\calibration\lfw\lfw\Paul_Shanley\Paul_Shanley_0002.jpg,data\calibration\lfw\lfw\Paul_Shanley\Paul_Shanley_0003.jpg,1,0.73865032
7,data\calibration\lfw\lfw\Phil_Mickelson\Phil_Mickelson_0001.jpg,data\calibration\lfw\lfw\Phil_Mickelson\Phil_Mickelson_0002.jpg,1,0.67961794
7,data\calibration\lfw\lfw\Princess_Anne\Princess_Anne_0001.jpg,data\calibration\lfw\lfw\Princess_Anne\Princess_Anne_0002.jpg,1,0.61786973
7,data\calibration\lfw\lfw\Princess_Elisabeth\Princess_Elisabeth_0001.jpg,data\calibration\lfw\lfw\Princess_Elisabeth\Princess_Elisabeth_0002.jpg,1,0.68870378
7,data\calibration\lfw\lfw\Priscilla_Owen\Priscilla_Owen_0001.jpg,data\calibration\lfw\lfw\Priscilla_Owen\Priscilla_Owen_0002.jpg,1,0.56757343
7,data\calibration\lfw\lfw\Queen_Rania\Queen_Rania_0002.jpg,data\calibration\lfw\lfw\Queen_Rania\Queen_Rania_0003.jpg,1,0.01941203
7,data\calibration\lfw\lfw\Rachel_Hunter\Rachel_Hunter_0001.jpg,data\calibration\lfw\lfw\Rachel_Hunter\Rachel_Hunter_0004.jpg,1,0.62160355
7,data\calibration\lfw\lfw\Rachel_Hunter\Rachel_Hunter_0002.jpg,data\calibration\lfw\lfw\Rachel_Hunter\Rachel_Hunter_0003.jpg,1,0.70636094
7,data\calibration\lfw\lfw\Rachel_Hunter\Rachel_Hunter_0003.jpg,data\calibration\lfw\lfw\Rachel_Hunter\Rachel_Hunter_0004.jpg,1,0.57645482
7,data\calibration\lfw\lfw\Rafael_Ramirez\Rafael_Ramirez_0001.jpg,data\calibration\lfw\lfw\Rafael_Ramirez\Rafael_Ramirez_0002.jpg,1,0.84441066
7,data\calibration\lfw\lfw\Rafael_Ramirez\Rafael_Ramirez_0002.jpg,data\calibration\lfw\lfw\Rafael_Ramirez\Rafael_Ramirez_0003.jpg,1,0.74210358
7,data\calibration\lfw\lfw\Rafael_Ramirez\Rafael_Ramirez_0002.jpg,data\calibration\lfw\lfw\Rafael_Ramirez\Rafael_Ramirez_0004.jpg,1,0.82679802
7,data\calibration\lfw\lfw\Ralph_Lauren\Ralph_Lauren_0001.jpg,data\calibration\lfw\lfw\Ralph_Lauren\Ralph_Lauren_0002.jpg,1,0.78305268
7,data\calibration\lfw\lfw\Recep_Tayyip_Erdogan\Recep_Tayyip_Erdogan_0002.jpg,data\calibration\lfw\lfw\Recep_Tayyip_Erdogan\Recep_Tayyip_Erdogan_0016.jpg,1,0.72538668
7,data\calibration\lfw\lfw\Recep_Tayyip_Erdogan\Recep_Tayyip_Erdogan_0017.jpg,data\calibration\lfw\lfw\Recep_Tayyip_Erdogan\Recep_Tayyip_Erdogan_0019.jpg,1,0.80704725
7,data\calibration\lfw\lfw\Reese_Witherspoon\Reese_Witherspoon_0003.jpg,data\calibration\lfw\lfw\Reese_Witherspoon\Reese_Witherspoon_0004.jpg,1,0.61786664
7,data\calibration\lfw\lfw\Richard_Armitage\Richard_Armitage_0002.jpg,data\calibration\lfw\lfw\Richard_Armitage\Richard_Armitage_0005.jpg,1,0.63927126
7,data\calibration\lfw\lfw\Richard_Armitage\Richard_Armitage_0006.jpg,data\calibration\lfw\lfw\Richard_Armitage\Richard_Armitage_0007.jpg,1,0.63225675
7,data\calibration\lfw\lfw\Richard_Armitage\Richard_Armitage_0006.jpg,data\calibration\lfw\lfw\Richard_Armitage\Richard_Armitage_0009.jpg,1,0.56006080
7,data\calibration\lfw\lfw\Richard_Armitage\Richard_Armitage_0008.jpg,data\calibration\lfw\lfw\Richard_Armitage\Richard_Armitage_0009.jpg,1,0.68803149
7,data\calibration\lfw\lfw\Richard_Gephardt\Richard_Gephardt_0002.jpg,data\calibration\lfw\lfw\Richard_Gephardt\Richard_Gephardt_0010.jpg,1,0.71997452
7,data\calibration\lfw\lfw\Richard_Gephardt\Richard_Gephardt_0003.jpg,data\calibration\lfw\lfw\Richard_Gephardt\Richard_Gephardt_0011.jpg,1,0.79674941
7,data\calibration\lfw\lfw\Richard_Gephardt\Richard_Gephardt_0005.jpg,data\calibration\lfw\lfw\Richard_Gephardt\Richard_Gephardt_0009.jpg,1,0.80351275
7,data\calibration\lfw\lfw\Richard_Gephardt\Richard_Gephardt_0010.jpg,data\calibration\lfw\lfw\Richard_Gephardt\Richard_Gephardt_0011.jpg,1,0.74216324
7,data\calibration\lfw\lfw\Richard_Norton-Taylor\Richard_Norton-Taylor_0001.jpg,data\calibration\lfw\lfw\Richard_Norton-Taylor\Richard_Norton-Taylor_0002.jpg,1,0.81245345
7,data\calibration\lfw\lfw\Richie_Adubato\Richie_Adubato_0001.jpg,data\calibration\lfw\lfw\Richie_Adubato\Richie_Adubato_0002.jpg,1,0.64662462
7,data\calibration\lfw\lfw\Robert_Bullock\Robert_Bullock_0001.jpg,data\calibration\lfw\lfw\Robert_Bullock\Robert_Bullock_0002.jpg,1,0.01423641
7,data\calibration\lfw\lfw\Robert_Mueller\Robert_Mueller_0004.jpg,data\calibration\lfw\lfw\Robert_Mueller\Robert_Mueller_0005.jpg,1,0.78531903
7,data\calibration\lfw\lfw\Robert_Mugabe\Robert_Mugabe_0001.jpg,data\calibration\lfw\lfw\Robert_Mugabe\Robert_Mugabe_0002.jpg,1,0.76459283
7,data\calibration\lfw\lfw\Robert_Zoellick\Robert_Zoellick_0002.jpg,data\calibration\lfw\lfw\Robert_Zoellick\Robert_Zoellick_0003.jpg,1,0.77553135
7,data\calibration\lfw\lfw\Robert_Zoellick\Robert_Zoellick_0003.jpg,data\calibration\lfw\lfw\Robert_Zoellick\Robert_Zoellick_0007.jpg,1,0.61957479
7,data\calibration\lfw\lfw\Roberto_Benigni\Roberto_Benigni_0001.jpg,data\calibration\lfw\lfw\Roberto_Benigni\Roberto_Benigni_0002.jpg,1,0.72964966
7,data\calibration\lfw\lfw\Roh_Moo-hyun\Roh_Moo-hyun_0028.jpg,data\calibration\lfw\lfw\Roh_Moo-hyun\Roh_Moo-hyun_0032.jpg,1,0.81467396
7,data\calibration\lfw\lfw\Roman_Polanski\Roman_Polanski_0002.jpg,data\calibration\lfw\lfw\Roman_Polanski\Roman_Polanski_0003.jpg,1,0.64186895
7,data\calibration\lfw\lfw\Roman_Polanski\Roman_Polanski_0004.jpg,data\calibration\lfw\lfw\Roman_Polanski\Roman_Polanski_0006.jpg,1,0.67007524
7,data\calibration\lfw\lfw\Ron_Howard\Ron_Howard_0001.jpg,data\calibration\lfw\lfw\Ron_Howard\Ron_Howard_0002.jpg,1,0.75275493
7,data\calibration\lfw\lfw\Ronald_Reagan\Ronald_Reagan_0001.jpg,data\calibration\lfw\lfw\Ronald_Reagan\Ronald_Reagan_0003.jpg,1,0.70368427
7,data\calibration\lfw\lfw\Ronald_Reagan\Ronald_Reagan_0002.jpg,data\calibration\lfw\lfw\Ronald_Reagan\Ronald_Reagan_0003.jpg,1,0.63812858
7,data\calibration\lfw\lfw\Rosemarie_Stack\Rosemarie_Stack_0001.jpg,data\calibration\lfw\lfw\Rosemarie_Stack\Rosemarie_Stack_0002.jpg,1,0.68757248
7,data\calibration\lfw\lfw\Roy_Jones_Jr\Roy_Jones_Jr_0001.jpg,data\calibration\lfw\lfw\Roy_Jones_Jr\Roy_Jones_Jr_0002.jpg,1,0.58326781
7,data\calibration\lfw\lfw\Rupert_Murdoch\Rupert_Murdoch_0001.jpg,data\calibration\lfw\lfw\Rupert_Murdoch\Rupert_Murdoch_0002.jpg,1,0.63087356
7,data\calibration\lfw\lfw\Saburo_Kawabuchi\Saburo_Kawabuchi_0001.jpg,data\calibration\lfw\lfw\Saburo_Kawabuchi\Saburo_Kawabuchi_0002.jpg,1,0.76288301
7,data\calibration\lfw\lfw\Sam_Mendes\Sam_Mendes_0001.jpg,data\calibration\lfw\lfw\Sam_Mendes\Sam_Mendes_0002.jpg,1,0.77024031
7,data\calibration\lfw\lfw\Sam_Torrance\Sam_Torrance_0001.jpg,data\calibration\lfw\lfw\Sam_Torrance\Sam_Torrance_0002.jpg,1,0.80448896
7,data\calibration\lfw\lfw\Sam_Torrance\Sam_Torrance_0001.jpg,data\calibration\lfw\lfw\Sam_Torrance\Sam_Torrance_0003.jpg,1,0.90734261
7,data\calibration\lfw\lfw\Sam_Torrance\Sam_Torrance_0002.jpg,data\calibration\lfw\lfw\Sam_Torrance\Sam_Torrance_0003.jpg,1,0.74623740
7,data\calibration\lfw\lfw\Sergei_Ivanov\Sergei_Ivanov_0001.jpg,data\calibration\lfw\lfw\Sergei_Ivanov\Sergei_Ivanov_0003.jpg,1,0.51778758
7,data\calibration\lfw\lfw\Sergio_Vieira_De_Mello\Sergio_Vieira_De_Mello_0001.jpg,data\calibration\lfw\lfw\Sergio_Vieira_De_Mello\Sergio_Vieira_De_Mello_0002.jpg,1,0.74539250
7,data\calibration\lfw\lfw\Sergio_Vieira_De_Mello\Sergio_Vieira_De_Mello_0004.jpg,data\calibration\lfw\lfw\Sergio_Vieira_De_Mello\Sergio_Vieira_De_Mello_0009.jpg,1,0.71696758
7,data\calibration\lfw\lfw\Sergio_Vieira_De_Mello\Sergio_Vieira_De_Mello_0007.jpg,data\calibration\lfw\lfw\Sergio_Vieira_De_Mello\Sergio_Vieira_De_Mello_0008.jpg,1,0.81412089
7,data\calibration\lfw\lfw\Sergio_Vieira_De_Mello\Sergio_Vieira_De_Mello_0008.jpg,data\calibration\lfw\lfw\Sergio_Vieira_De_Mello\Sergio_Vieira_De_Mello_0011.jpg,1,0.00509022
7,data\calibration\lfw\lfw\Shannon_OBrien\Shannon_OBrien_0001.jpg,data\calibration\lfw\lfw\Shannon_OBrien\Shannon_OBrien_0002.jpg,1,0.62889260
7,data\calibration\lfw\lfw\Sheila_Fraser\Sheila_Fraser_0001.jpg,data\calibration\lfw\lfw\Sheila_Fraser\Sheila_Fraser_0002.jpg,1,0.77801764
7,data\calibration\lfw\lfw\Shimon_Peres\Shimon_Peres_0001.jpg,data\calibration\lfw\lfw\Shimon_Peres\Shimon_Peres_0003.jpg,1,0.70932549
7,data\calibration\lfw\lfw\Shimon_Peres\Shimon_Peres_0003.jpg,data\calibration\lfw\lfw\Shimon_Peres\Shimon_Peres_0004.jpg,1,0.65205395
7,data\calibration\lfw\lfw\Shimon_Peres\Shimon_Peres_0004.jpg,data\calibration\lfw\lfw\Shimon_Peres\Shimon_Peres_0007.jpg,1,0.65241247
7,data\calibration\lfw\lfw\Sourav_Ganguly\Sourav_Ganguly_0001.jpg,data\calibration\lfw\lfw\Sourav_Ganguly\Sourav_Ganguly_0003.jpg,1,0.53448927
7,data\calibration\lfw\lfw\Stanley_McChrystal\Stanley_McChrystal_0001.jpg,data\calibration\lfw\lfw\Stanley_McChrystal\Stanley_McChrystal_0003.jpg,1,0.73039418
7,data\calibration\lfw\lfw\Stanley_McChrystal\Stanley_McChrystal_0002.jpg,data\calibration\lfw\lfw\Stanley_McChrystal\Stanley_McChrystal_0003.jpg,1,0.69910127
7,data\calibration\lfw\lfw\Steve_Lavin\Steve_Lavin_0001.jpg,data\calibration\lfw\lfw\Steve_Lavin\Steve_Lavin_0004.jpg,1,0.72088259
7,data\calibration\lfw\lfw\Strom_Thurmond\Strom_Thurmond_0001.jpg,data\calibration\lfw\lfw\Strom_Thurmond\Strom_Thurmond_0003.jpg,1,0.46172482
7,data\calibration\lfw\lfw\Surakait_Sathirathai\Surakait_Sathirathai_0001.jpg,data\calibration\lfw\lfw\Surakait_Sathirathai\Surakait_Sathirathai_0002.jpg,1,0.08346160
7,data\calibration\lfw\lfw\Susan_Collins\Susan_Collins_0001.jpg,data\calibration\lfw\lfw\Susan_Collins\Susan_Collins_0002.jpg,1,0.59208596
7,data\calibration\lfw\lfw\Tariq_Aziz\Tariq_Aziz_0003.jpg,data\calibration\lfw\lfw\Tariq_Aziz\Tariq_Aziz_0005.jpg,1,0.73741490
7,data\calibration\lfw\lfw\Terry_Stotts\Terry_Stotts_0001.jpg,data\calibration\lfw\lfw\Terry_Stotts\Terry_Stotts_0002.jpg,1,0.75762576
7,data\calibration\lfw\lfw\Thaksin_Shinawatra\Thaksin_Shinawatra_0005.jpg,data\calibration\lfw\lfw\Thaksin_Shinawatra\Thaksin_Shinawatra_0006.jpg,1,0.68754083
7,data\calibration\lfw\lfw\Thomas_OBrien\Thomas_OBrien_0003.jpg,data\calibration\lfw\lfw\Thomas_OBrien\Thomas_OBrien_0009.jpg,1,0.79723275
7,data\calibration\lfw\lfw\Tim_Chapman\Tim_Chapman_0001.jpg,data\calibration\lfw\lfw\Tim_Chapman\Tim_Chapman_0002.jpg,1,0.07788520
7,data\calibration\lfw\lfw\Tom_Hanks\Tom_Hanks_0001.jpg,data\calibration\lfw\lfw\Tom_Hanks\Tom_Hanks_0007.jpg,1,0.73051423
7,data\calibration\lfw\lfw\Tom_Hanks\Tom_Hanks_0004.jpg,data\calibration\lfw\lfw\Tom_Hanks\Tom_Hanks_0006.jpg,1,0.76128525
7,data\calibration\lfw\lfw\Tom_Hanks\Tom_Hanks_0004.jpg,data\calibration\lfw\lfw\Tom_Hanks\Tom_Hanks_0009.jpg,1,0.74240726
7,data\calibration\lfw\lfw\Tom_Hanks\Tom_Hanks_0005.jpg,data\calibration\lfw\lfw\Tom_Hanks\Tom_Hanks_0006.jpg,1,0.62505496
7,data\calibration\lfw\lfw\Tom_Reilly\Tom_Reilly_0001.jpg,data\calibration\lfw\lfw\Tom_Reilly\Tom_Reilly_0002.jpg,1,0.70570832
7,data\calibration\lfw\lfw\Tom_Reilly\Tom_Reilly_0002.jpg,data\calibration\lfw\lfw\Tom_Reilly\Tom_Reilly_0003.jpg,1,0.68754488
7,data\calibration\lfw\lfw\Tommy_Franks\Tommy_Franks_0002.jpg,data\calibration\lfw\lfw\Tommy_Franks\Tommy_Franks_0004.jpg,1,0.51396143
7,data\calibration\lfw\lfw\Tommy_Franks\Tommy_Franks_0004.jpg,data\calibration\lfw\lfw\Tommy_Franks\Tommy_Franks_0008.jpg,1,0.58027303
7,data\calibration\lfw\lfw\Valery_Giscard_dEstaing\Valery_Giscard_dEstaing_0001.jpg,data\calibration\lfw\lfw\Valery_Giscard_dEstaing\Valery_Giscard_dEstaing_0002.jpg,1,0.75046533
7,data\calibration\lfw\lfw\Valery_Giscard_dEstaing\Valery_Giscard_dEstaing_0001.jpg,data\calibration\lfw\lfw\Valery_Giscard_dEstaing\Valery_Giscard_dEstaing_0006.jpg,1,0.63988358
7,data\calibration\lfw\lfw\Vanessa_Williams\Vanessa_Williams_0001.jpg,data\calibration\lfw\lfw\Vanessa_Williams\Vanessa_Williams_0002.jpg,1,0.53390282
7,data\calibration\lfw\lfw\Vanessa_Williams\Vanessa_Williams_0002.jpg,data\calibration\lfw\lfw\Vanessa_Williams\Vanessa_Williams_0003.jpg,1,0.51801085
7,data\calibration\lfw\lfw\Victoria_Beckham\Victoria_Beckham_0001.jpg,data\calibration\lfw\lfw\Victoria_Beckham\Victoria_Beckham_0002.jpg,1,0.26999015
7,data\calibration\lfw\lfw\Victoria_Beckham\Victoria_Beckham_0001.jpg,data\calibration\lfw\lfw\Victoria_Beckham\Victoria_Beckham_0003.jpg,1,0.37586010
7,data\calibration\lfw\lfw\Victoria_Beckham\Victoria_Beckham_0002.jpg,data\calibration\lfw\lfw\Victoria_Beckham\Victoria_Beckham_0003.jpg,1,0.56054878
7,data\calibration\lfw\lfw\Vladimir_Putin\Vladimir_Putin_0016.jpg,data\calibration\lfw\lfw\Vladimir_Putin\Vladimir_Putin_0021.jpg,1,0.82152736
7,data\calibration\lfw\lfw\Vladimir_Putin\Vladimir_Putin_0022.jpg,data\calibration\lfw\lfw\Vladimir_Putin\Vladimir_Putin_0031.jpg,1,0.66168225
7,data\calibration\lfw\lfw\Warren_Beatty\Warren_Beatty_0001.jpg,data\calibration\lfw\lfw\Warren_Beatty\Warren_Beatty_0002.jpg,1,0.74044305
7,data\calibration\lfw\lfw\Yasar_Yakis\Yasar_Yakis_0001.jpg,data\calibration\lfw\lfw\Yasar_Yakis\Yasar_Yakis_0004.jpg,1,0.63543099
7,data\calibration\lfw\lfw\Yoko_Ono\Yoko_Ono_0001.jpg,data\calibration\lfw\lfw\Yoko_Ono\Yoko_Ono_0004.jpg,1,0.73073930
7,data\calibration\lfw\lfw\Yoko_Ono\Yoko_Ono_0002.jpg,data\calibration\lfw\lfw\Yoko_Ono\Yoko_Ono_0004.jpg,1,0.79700053
7,data\calibration\lfw\lfw\AJ_Lamas\AJ_Lamas_0001.jpg,data\calibration\lfw\lfw\Chris_Penn\Chris_Penn_0001.jpg,0,-0.02190797
7,data\calibration\lfw\lfw\Ahmed_Qureia\Ahmed_Qureia_0001.jpg,data\calibration\lfw\lfw\Stanley_McChrystal\Stanley_McChrystal_0003.jpg,0,-0.01065734
7,data\calibration\lfw\lfw\Ahmet_Necdet_Sezer\Ahmet_Necdet_Sezer_0001.jpg,data\calibration\lfw\lfw\John_Rowe\John_Rowe_0001.jpg,0,0.05429273
7,data\calibration\lfw\lfw\Alan_Dreher\Alan_Dreher_0001.jpg,data\calibration\lfw\lfw\Emily_Mason\Emily_Mason_0001.jpg,0,0.01631223
7,data\calibration\lfw\lfw\Alan_Dreher\Alan_Dreher_0001.jpg,data\calibration\lfw\lfw\Francisco_Santos\Francisco_Santos_0001.jpg,0,0.09314430
7,data\calibration\lfw\lfw\Alan_Dreher\Alan_Dreher_0001.jpg,data\calibration\lfw\lfw\Robert_Bullock\Robert_Bullock_0002.jpg,0,0.02028697
7,data\calibration\lfw\lfw\Alan_Mulally\Alan_Mulally_0002.jpg,data\calibration\lfw\lfw\Tomomi_Morita\Tomomi_Morita_0001.jpg,0,-0.04014347
7,data\calibration\lfw\lfw\Alan_Stonecipher\Alan_Stonecipher_0001.jpg,data\calibration\lfw\lfw\Luis_Gonzalez\Luis_Gonzalez_0001.jpg,0,0.01333455
7,data\calibration\lfw\lfw\Alberto_Ruiz_Gallardon\Alberto_Ruiz_Gallardon_0001.jpg,data\calibration\lfw\lfw\James_Smith\James_Smith_0002.jpg,0,-0.03089758
7,data\calibration\lfw\lfw\Alessandra_Cerna\Alessandra_Cerna_0001.jpg,data\calibration\lfw\lfw\John_Darby\John_Darby_0001.jpg,0,-0.03559098
7,data\calibration\lfw\lfw\Alessandra_Cerna\Alessandra_Cerna_0001.jpg,data\calibration\lfw\lfw\John_Rowland\John_Rowland_0002.jpg,0,0.04421406
7,data\calibration\lfw\lfw\Alessandra_Cerna\Alessandra_Cerna_0001.jpg,data\calibration\lfw\lfw\Marina_Canetti\Marina_Canetti_0001.jpg,0,0.03194408
7,data\calibration\lfw\lfw\Alessandra_Cerna\Alessandra_Cerna_0001.jpg,data\calibration\lfw\lfw\Randy_Jackson\Randy_Jackson_0001.jpg,0,0.03955973
7,data\calibration\lfw\lfw\Alessandra_Cerna\Alessandra_Cerna_0001.jpg,data\calibration\lfw\lfw\Richard_Jewell\Richard_Jewell_0001.jpg,0,0.03456669
7,data\calibration\lfw\lfw\Alex_Cabrera\Alex_Cabrera_0001.jpg,data\calibration\lfw\lfw\Fred_Huff\Fred_Huff_0001.jpg,0,0.01158855
7,data\calibration\lfw\lfw\Alex_Cabrera\Alex_Cabrera_0001.jpg,data\calibration\lfw\lfw\Tommy_Franks\Tommy_Franks_0009.jpg,0,0.00400232
7,data\calibration\lfw\lfw\Alex_Corretja\Alex_Corretja_0001.jpg,data\calibration\lfw\lfw\Jacky_Cheung\Jacky_Cheung_0001.jpg,0,0.04842195
7,data\calibration\lfw\lfw\Alexandra_Spann\Alexandra_Spann_0001.jpg,data\calibration\lfw\lfw\Beth_Blough\Beth_Blough_0001.jpg,0,0.02426378
7,data\calibration\lfw\lfw\Ali_Hammoud\Ali_Hammoud_0001.jpg,data\calibration\lfw\lfw\Randy_Jackson\Randy_Jackson_0001.jpg,0,-0.05469633
7,data\calibration\lfw\lfw\Almeida_Baptista\Almeida_Baptista_0001.jpg,data\calibration\lfw\lfw\Jan_Peter_Balkenende\Jan_Peter_Balkenende_0001.jpg,0,-0.07409038
7,data\calibration\lfw\lfw\Almeida_Baptista\Almeida_Baptista_0001.jpg,data\calibration\lfw\lfw\Jason_Mewes\Jason_Mewes_0001.jpg,0,0.05086822
7,data\calibration\lfw\lfw\Almeida_Baptista\Almeida_Baptista_0001.jpg,data\calibration\lfw\lfw\Taoufik_Mathlouthi\Taoufik_Mathlouthi_0001.jpg,0,-0.00429231
7,data\calibration\lfw\lfw\Amanda_Bynes\Amanda_Bynes_0002.jpg,data\calibration\lfw\lfw\Grant_Rossenmeyer\Grant_Rossenmeyer_0001.jpg,0,0.04641318
7,data\calibration\lfw\lfw\Amy_Cotton\Amy_Cotton_0001.jpg,data\calibration\lfw\lfw\Matt_Walters\Matt_Walters_0001.jpg,0,0.09393429
7,data\calibration\lfw\lfw\Amy_Cotton\Amy_Cotton_0001.jpg,data\calibration\lfw\lfw\Roberto_Guaterroma\Roberto_Guaterroma_0001.jpg,0,-0.01804947
7,data\calibration\lfw\lfw\Andrew_Jarecki\Andrew_Jarecki_0001.jpg,data\calibration\lfw\lfw\Barbara_Boxer\Barbara_Boxer_0001.jpg,0,-0.03634586
7,data\calibration\lfw\lfw\Andrew_Jarecki\Andrew_Jarecki_0001.jpg,data\calibration\lfw\lfw\Tessa_Jowell\Tessa_Jowell_0001.jpg,0,0.00921272
7,data\calibration\lfw\lfw\Andy_North\Andy_North_0001.jpg,data\calibration\lfw\lfw\Eric_Hinske\Eric_Hinske_0001.jpg,0,-0.10960935
7,data\calibration\lfw\lfw\Andy_North\Andy_North_0001.jpg,data\calibration\lfw\lfw\Marina_Kuptsova\Marina_Kuptsova_0001.jpg,0,0.11627988
7,data\calibration\lfw\lfw\Andy_North\Andy_North_0001.jpg,data\calibration\lfw\lfw\Phil_Bennett\Phil_Bennett_0001.jpg,0,-0.00596918
7,data\calibration\lfw\lfw\Angela_Merkel\Angela_Merkel_0002.jpg,data\calibration\lfw\lfw\Hal_Gehman\Hal_Gehman_0001.jpg,0,0.00713314
7,data\calibration\lfw\lfw\Angela_Merkel\Angela_Merkel_0003.jpg,data\calibration\lfw\lfw\Anna_Jones\Anna_Jones_0001.jpg,0,-0.05116370
7,data\calibration\lfw\lfw\Angela_Merkel\Angela_Merkel_0003.jpg,data\calibration\lfw\lfw\Frank_Griswold\Frank_Griswold_0001.jpg,0,-0.05996905
7,data\calibration\lfw\lfw\Anna_Jones\Anna_Jones_0001.jpg,data\calibration\lfw\lfw\Ray_Romano\Ray_Romano_0008.jpg,0,0.00597564
7,data\calibration\lfw\lfw\Anthony_LaPaglia\Anthony_LaPaglia_0001.jpg,data\calibration\lfw\lfw\Roberto_Guaterroma\Roberto_Guaterroma_0001.jpg,0,0.09351620
7,data\calibration\lfw\lfw\Arlen_Specter\Arlen_Specter_0001.jpg,data\calibration\lfw\lfw\Bill_Butler\Bill_Butler_0001.jpg,0,0.02561133
7,data\calibration\lfw\lfw\Arlen_Specter\Arlen_Specter_0002.jpg,data\calibration\lfw\lfw\Barbara_Boxer\Barbara_Boxer_0001.jpg,0,0.07674472
7,data\calibration\lfw\lfw\Atal_Bihari_Vajpayee\Atal_Bihari_Vajpayee_0003.jpg,data\calibration\lfw\lfw\Ruben_Sierra\Ruben_Sierra_0001.jpg,0,-0.06505283
7,data\calibration\lfw\lfw\Atsushi_Sato\Atsushi_Sato_0001.jpg,data\calibration\lfw\lfw\Monica_Serra\Monica_Serra_0001.jpg,0,0.02857889
7,data\calibration\lfw\lfw\Baburam_Bhattari\Baburam_Bhattari_0001.jpg,data\calibration\lfw\lfw\Muhammad_Saeed_al-Sahhaf\Muhammad_Saeed_al-Sahhaf_0004.jpg,0,-0.00863747
7,data\calibration\lfw\lfw\Barry_Alvarez\Barry_Alvarez_0001.jpg,data\calibration\lfw\lfw\John_Jones\John_Jones_0001.jpg,0,0.08900871
7,data\calibration\lfw\lfw\Bill_Belichick\Bill_Belichick_0001.jpg,data\calibration\lfw\lfw\John_Petty\John_Petty_0001.jpg,0,0.00908348
7,data\calibration\lfw\lfw\Bill_Belichick\Bill_Belichick_0001.jpg,data\calibration\lfw\lfw\Phillipe_Comtois\Phillipe_Comtois_0001.jpg,0,-0.09928827
7,data\calibration\lfw\lfw\Bill_Belichick\Bill_Belichick_0002.jpg,data\calibration\lfw\lfw\Roger_Machado\Roger_Machado_0001.jpg,0,-0.04506657
7,data\calibration\lfw\lfw\Bill_Byrne\Bill_Byrne_0001.jpg,data\calibration\lfw\lfw\Bill_Sizemore\Bill_Sizemore_0001.jpg,0,0.10780501
7,data\calibration\lfw\lfw\Bill_Curry\Bill_Curry_0001.jpg,data\calibration\lfw\lfw\Ellen_Martin\Ellen_Martin_0001.jpg,0,0.02579995
7,data\calibration\lfw\lfw\Bill_Curry\Bill_Curry_0001.jpg,data\calibration\lfw\lfw\Richard_Langille\Richard_Langille_0001.jpg,0,-0.05782519
7,data\calibration\lfw\lfw\Bill_Curry\Bill_Curry_0001.jpg,data\calibration\lfw\lfw\Roberto_Guaterroma\Roberto_Guaterroma_0001.jpg,0,0.05173941
7,data\calibration\lfw\lfw\Billy_Beane\Billy_Beane_0001.jpg,data\calibration\lfw\lfw\Tom_Welch\Tom_Welch_0001.jpg,0,0.02913344
7,data\calibration\lfw\lfw\Boris_Trajkovski\Boris_Trajkovski_0001.jpg,data\calibration\lfw\lfw\Laurent_Gbagbo\Laurent_Gbagbo_0002.jpg,0,0.03164867
7,data\calibration\lfw\lfw\Brad_Brownell\Brad_Brownell_0001.jpg,data\calibration\lfw\lfw\Hussam_Mohammed_Amin\Hussam_Mohammed_Amin_0001.jpg,0,0.07191851
7,data\calibration\lfw\lfw\Brandon_Fails\Brandon_Fails_0001.jpg,data\calibration\lfw\lfw\Christian_Lirette\Christian_Lirette_0001.jpg,0,0.08241439
7,data\calibration\lfw\lfw\Brandon_Fails\Brandon_Fails_0001.jpg,data\calibration\lfw\lfw\Ellen_Engleman\Ellen_Engleman_0002.jpg,0,-0.02510655
7,data\calibration\lfw\lfw\Brandon_Inge\Brandon_Inge_0001.jpg,data\calibration\lfw\lfw\Eric_Lloyd\Eric_Lloyd_0001.jpg,0,-0.07696977
7,data\calibration\lfw\lfw\Brenda_Magana\Brenda_Magana_0001.jpg,data\calibration\lfw\lfw\Nikolay_Davydenko\Nikolay_Davydenko_0001.jpg,0,-0.04033132
7,data\calibration\lfw\lfw\Brian_Jordan\Brian_Jordan_0001.jpg,data\calibration\lfw\lfw\Joe_Cravens\Joe_Cravens_0001.jpg,0,-0.14299920
7,data\calibration\lfw\lfw\Brian_Lara\Brian_Lara_0001.jpg,data\calibration\lfw\lfw\John_Darby\John_Darby_0001.jpg,0,-0.05858308
7,data\calibration\lfw\lfw\Brian_Lara\Brian_Lara_0001.jpg,data\calibration\lfw\lfw\Stanley_Nelson\Stanley_Nelson_0001.jpg,0,0.04798266
7,data\calibration\lfw\lfw\Calvin_Harrison\Calvin_Harrison_0001.jpg,data\calibration\lfw\lfw\Luis_Gonzalez_Macchi\Luis_Gonzalez_Macchi_0003.jpg,0,0.00994947
7,data\calibration\lfw\lfw\Calvin_Harrison\Calvin_Harrison_0001.jpg,data\calibration\lfw\lfw\Richard_Gephardt\Richard_Gephardt_0009.jpg,0,-0.04066272
7,data\calibration\lfw\lfw\Calvin_Harrison\Calvin_Harrison_0001.jpg,data\calibration\lfw\lfw\Suzanne_Fox\Suzanne_Fox_0001.jpg,0,0.08456732
7,data\calibration\lfw\lfw\Camilla_Parker_Bowles\Camilla_Parker_Bowles_0002.jpg,data\calibration\lfw\lfw\Gustavo_Franco\Gustavo_Franco_0001.jpg,0,0.00191070
7,data\calibration\lfw\lfw\Carina_Lau_Ka-ling\Carina_Lau_Ka-ling_0001.jpg,data\calibration\lfw\lfw\Lin_Yi-fu\Lin_Yi-fu_0001.jpg,0,0.04702056
7,data\calibration\lfw\lfw\Carlos_Ortega\Carlos_Ortega_0003.jpg,data\calibration\lfw\lfw\Lionel_Hampton\Lionel_Hampton_0001.jpg,0,-0.07542409
7,data\calibration\lfw\lfw\Carolina_Kluft\Carolina_Kluft_0003.jpg,data\calibration\lfw\lfw\Gwen_Stefani\Gwen_Stefani_0001.jpg,0,0.14801601
7,data\calibration\lfw\lfw\Carson_Palmer\Carson_Palmer_0003.jpg,data\calibration\lfw\lfw\Richard_Jewell\Richard_Jewell_0001.jpg,0,0.01925786
7,data\calibration\lfw\lfw\Catherine_Deneuve\Catherine_Deneuve_0004.jpg,data\calibration\lfw\lfw\Jade_Jagger\Jade_Jagger_0001.jpg,0,-0.02919629
7,data\calibration\lfw\lfw\Catriona_Le_May_Doan\Catriona_Le_May_Doan_0001.jpg,data\calibration\lfw\lfw\Craig_Burley\Craig_Burley_0001.jpg,0,-0.07961910
7,data\calibration\lfw\lfw\Catriona_Le_May_Doan\Catriona_Le_May_Doan_0001.jpg,data\calibration\lfw\lfw\Phil_Mickelson\Phil_Mickelson_0001.jpg,0,-0.07835110
7,data\calibration\lfw\lfw\Charlie_Deane\Charlie_Deane_0001.jpg,data\calibration\lfw\lfw\Queen_Silvia\Queen_Silvia_0001.jpg,0,0.06314000
7,data\calibration\lfw\lfw\Charlotte_Church\Charlotte_Church_0001.jpg,data\calibration\lfw\lfw\Kaoru_Hasuike\Kaoru_Hasuike_0001.jpg,0,0.03604273
7,data\calibration\lfw\lfw\Charlotte_Church\Charlotte_Church_0001.jpg,data\calibration\lfw\lfw\Sourav_Ganguly\Sourav_Ganguly_0001.jpg,0,-0.00254638
7,data\calibration\lfw\lfw\Cheryl_Hines\Cheryl_Hines_0001.jpg,data\calibration\lfw\lfw\Du_Qinglin\Du_Qinglin_0001.jpg,0,-0.08099411
7,data\calibration\lfw\lfw\Cheryl_Hines\Cheryl_Hines_0001.jpg,data\calibration\lfw\lfw\Lane_Odom\Lane_Odom_0001.jpg,0,0.02048909
7,data\calibration\lfw\lfw\Chin-Hui_Tsao\Chin-Hui_Tsao_0001.jpg,data\calibration\lfw\lfw\Rosemarie_Stack\Rosemarie_Stack_0001.jpg,0,0.08530253
7,data\calibration\lfw\lfw\Choi_Sung-hong\Choi_Sung-hong_0004.jpg,data\calibration\lfw\lfw\Debra_Messing\Debra_Messing_0001.jpg,0,0.09026185
7,data\calibration\lfw\lfw\Choi_Sung-hong\Choi_Sung-hong_0004.jpg,data\calibration\lfw\lfw\Frederique_van_der_Wal\Frederique_van_der_Wal_0001.jpg,0,-0.02405783
7,data\calibration\lfw\lfw\Chris_Penn\Chris_Penn_0001.jpg,data\calibration\lfw\lfw\Phil_Bennett\Phil_Bennett_0001.jpg,0,0.00268551
7,data\calibration\lfw\lfw\Chris_Penn\Chris_Penn_0001.jpg,data\calibration\lfw\lfw\Taoufik_Mathlouthi\Taoufik_Mathlouthi_0001.jpg,0,0.04202930
7,data\calibration\lfw\lfw\Christian_Lirette\Christian_Lirette_0001.jpg,data\calibration\lfw\lfw\Sargis_Sargsian\Sargis_Sargsian_0001.jpg,0,-0.03061622
7,data\calibration\lfw\lfw\Christina_Aguilera\Christina_Aguilera_0002.jpg,data\calibration\lfw\lfw\Joshua_Harapko\Joshua_Harapko_0001.jpg,0,-0.07685318
7,data\calibration\lfw\lfw\Christina_Aguilera\Christina_Aguilera_0004.jpg,data\calibration\lfw\lfw\Jerry_Falwell\Jerry_Falwell_0002.jpg,0,-0.02032537
7,data\calibration\lfw\lfw\Christopher_Amolsch\Christopher_Amolsch_0001.jpg,data\calibration\lfw\lfw\Steve_Pagliuca\Steve_Pagliuca_0001.jpg,0,-0.02189155
7,data\calibration\lfw\lfw\Christopher_Matero\Christopher_Matero_0001.jpg,data\calibration\lfw\lfw\Valery_Giscard_dEstaing\Valery_Giscard_dEstaing_0001.jpg,0,0.02365951
7,data\calibration\lfw\lfw\Claudine_Farrell\Claudine_Farrell_0001.jpg,data\calibration\lfw\lfw\Mike_Miller\Mike_Miller_0002.jpg,0,0.01165527
7,data\calibration\lfw\lfw\Clive_Woodward\Clive_Woodward_0001.jpg,data\calibration\lfw\lfw\Douglas_Faneuil\Douglas_Faneuil_0001.jpg,0,-0.02932655
7,data\calibration\lfw\lfw\Clive_Woodward\Clive_Woodward_0001.jpg,data\calibration\lfw\lfw\Jose_Sarney\Jose_Sarney_0002.jpg,0,0.05247712
7,data\calibration\lfw\lfw\Coretta_Scott_King\Coretta_Scott_King_0001.jpg,data\calibration\lfw\lfw\Robert_Torricelli\Robert_Torricelli_0001.jpg,0,0.08720300
7,data\calibration\lfw\lfw\Cori_Enghusen\Cori_Enghusen_0001.jpg,data\calibration\lfw\lfw\Ernie_Stewart\Ernie_Stewart_0001.jpg,0,0.00873302
7,data\calibration\lfw\lfw\Courtney_Love\Courtney_Love_0001.jpg,data\calibration\lfw\lfw\Jennifer_Aniston\Jennifer_Aniston_0003.jpg,0,-0.04153508
7,data\calibration\lfw\lfw\Courtney_Love\Courtney_Love_0001.jpg,data\calibration\lfw\lfw\Ruben_Sierra\Ruben_Sierra_0001.jpg,0,0.07624030
7,data\calibration\lfw\lfw\Craig_Burley\Craig_Burley_0001.jpg,data\calibration\lfw\lfw\Stanley_McChrystal\Stanley_McChrystal_0003.jpg,0,-0.01618604
7,data\calibration\lfw\lfw\Daniel_Coats\Daniel_Coats_0001.jpg,data\calibration\lfw\lfw\Kathryn_Grayson\Kathryn_Grayson_0001.jpg,0,-0.09083056
7,data\calibration\lfw\lfw\Daniel_Day-Lewis\Daniel_Day-Lewis_0003.jpg,data\calibration\lfw\lfw\Scott_Yates\Scott_Yates_0001.jpg,0,-0.01385203
7,data\calibration\lfw\lfw\Daniela_Hantuchova\Daniela_Hantuchova_0001.jpg,data\calibration\lfw\lfw\Jan_Peter_Balkenende\Jan_Peter_Balkenende_0001.jpg,0,0.06082590
7,data\calibration\lfw\lfw\Danny_Green\Danny_Green_0001.jpg,data\calibration\lfw\lfw\Rodrigo_Rato\Rodrigo_Rato_0001.jpg,0,-0.02385306
7,data\calibration\lfw\lfw\Darin_Erstad\Darin_Erstad_0001.jpg,data\calibration\lfw\lfw\Steve_Fehr\Steve_Fehr_0001.jpg,0,0.09400376
7,data\calibration\lfw\lfw\Daryl_Smith\Daryl_Smith_0001.jpg,data\calibration\lfw\lfw\Reese_Witherspoon\Reese_Witherspoon_0004.jpg,0,-0.02439517
7,data\calibration\lfw\lfw\David_Hanson\David_Hanson_0001.jpg,data\calibration\lfw\lfw\Richard_Norton-Taylor\Richard_Norton-Taylor_0001.jpg,0,0.07148340
7,data\calibration\lfw\lfw\David_Hilt\David_Hilt_0001.jpg,data\calibration\lfw\lfw\Hipolito_Mejia\Hipolito_Mejia_0003.jpg,0,0.06315066
7,data\calibration\lfw\lfw\Dennis_Franchione\Dennis_Franchione_0001.jpg,data\calibration\lfw\lfw\Hugh_Miller\Hugh_Miller_0001.jpg,0,0.03529439
7,data\calibration\lfw\lfw\Dennis_Kucinich\Dennis_Kucinich_0003.jpg,data\calibration\lfw\lfw\Sam_Torrance\Sam_Torrance_0002.jpg,0,0.02574356
7,data\calibration\lfw\lfw\Dennis_Kucinich\Dennis_Kucinich_0004.jpg,data\calibration\lfw\lfw\Radovan_Karadzic\Radovan_Karadzic_0001.jpg,0,-0.10054868
7,data\calibration\lfw\lfw\Dennis_Kucinich\Dennis_Kucinich_0006.jpg,data\calibration\lfw\lfw\Iain_Anderson\Iain_Anderson_0001.jpg,0,0.01198297
7,data\calibration\lfw\lfw\Derek_Bond\Derek_Bond_0001.jpg,data\calibration\lfw\lfw\John_Jumper\John_Jumper_0001.jpg,0,0.09519382
7,data\calibration\lfw\lfw\Diane_Ladd\Diane_Ladd_0001.jpg,data\calibration\lfw\lfw\Trevor_Watson\Trevor_Watson_0001.jpg,0,-0.03289526
7,data\calibration\lfw\lfw\Dick_Latessa\Dick_Latessa_0001.jpg,data\calibration\lfw\lfw\John_Burnett\John_Burnett_0001.jpg,0,0.08907270
7,data\calibration\lfw\lfw\Dick_Latessa\Dick_Latessa_0002.jpg,data\calibration\lfw\lfw\Martha_Beatriz_Roque\Martha_Beatriz_Roque_0001.jpg,0,-0.00734309
7,data\calibration\lfw\lfw\Didier_Defago\Didier_Defago_0001.jpg,data\calibration\lfw\lfw\Jerry_Falwell\Jerry_Falwell_0002.jpg,0,0.00824619
7,data\calibration\lfw\lfw\Don_Hewitt\Don_Hewitt_0001.jpg,data\calibration\lfw\lfw\Guennadi_Chipouline\Guennadi_Chipouline_0001.jpg,0,-0.09262608
7,data\calibration\lfw\lfw\Donald_Carty\Donald_Carty_0001.jpg,data\calibration\lfw\lfw\Ernie_Stewart\Ernie_Stewart_0001.jpg,0,0.02884932
7,data\calibration\lfw\lfw\Donald_Carty\Donald_Carty_0001.jpg,data\calibration\lfw\lfw\Jeffrey_Immelt\Jeffrey_Immelt_0002.jpg,0,0.03202759
7,data\calibration\lfw\lfw\Donald_Carty\Donald_Carty_0001.jpg,data\calibration\lfw\lfw\Vladimir_Putin\Vladimir_Putin_0034.jpg,0,0.05918670
7,data\calibration\lfw\lfw\Du_Qinglin\Du_Qinglin_0001.jpg,data\calibration\lfw\lfw\Meryl_Streep\Meryl_Streep_0007.jpg,0,0.06652399
7,data\calibration\lfw\lfw\Dustan_Mohr\Dustan_Mohr_0001.jpg,data\calibration\lfw\lfw\Edward_Flynn\Edward_Flynn_0001.jpg,0,0.02392667
7,data\calibration\lfw\lfw\Dustan_Mohr\Dustan_Mohr_0001.jpg,data\calibration\lfw\lfw\Enrik_Vendt\Enrik_Vendt_0001.jpg,0,-0.02341301
7,data\calibration\lfw\lfw\Dustan_Mohr\Dustan_Mohr_0001.jpg,data\calibration\lfw\lfw\Nikolay_Davydenko\Nikolay_Davydenko_0001.jpg,0,0.04934921
7,data\calibration\lfw\lfw\Dustan_Mohr\Dustan_Mohr_0001.jpg,data\calibration\lfw\lfw\Sourav_Ganguly\Sourav_Ganguly_0005.jpg,0,-0.03894228
7,data\calibration\lfw\lfw\Dustan_Mohr\Dustan_Mohr_0001.jpg,data\calibration\lfw\lfw\Theo_Angelopoulos\Theo_Angelopoulos_0001.jpg,0,0.03413830
7,data\calibration\lfw\lfw\E_Clay_Shaw\E_Clay_Shaw_0001.jpg,data\calibration\lfw\lfw\Jerry_Jones\Jerry_Jones_0001.jpg,0,-0.07328705
7,data\calibration\lfw\lfw\Eduard_Shevardnadze\Eduard_Shevardnadze_0003.jpg,data\calibration\lfw\lfw\Martha_Lucia_Ramirez\Martha_Lucia_Ramirez_0001.jpg,0,-0.02315977
7,data\calibration\lfw\lfw\Edward_Flynn\Edward_Flynn_0001.jpg,data\calibration\lfw\lfw\Madeleine_Albright\Madeleine_Albright_0002.jpg,0,-0.04905460
7,data\calibration\lfw\lfw\Edward_Lu\Edward_Lu_0001.jpg,data\calibration\lfw\lfw\Robert_Zoellick\Robert_Zoellick_0007.jpg,0,0.04097091
7,data\calibration\lfw\lfw\Edwina_Currie\Edwina_Currie_0004.jpg,data\calibration\lfw\lfw\Eric_Hinske\Eric_Hinske_0002.jpg,0,0.00388507
7,data\calibration\lfw\lfw\Elena_de_Chavez\Elena_de_Chavez_0001.jpg,data\calibration\lfw\lfw\Jack_Goodman\Jack_Goodman_0001.jpg,0,-0.01981681
7,data\calibration\lfw\lfw\Elizabeth_Shue\Elizabeth_Shue_0001.jpg,data\calibration\lfw\lfw\Odai_Hussein\Odai_Hussein_0001.jpg,0,-0.04018767
7,data\calibration\lfw\lfw\Elizabeth_Shue\Elizabeth_Shue_0002.jpg,data\calibration\lfw\lfw\Princess_Hisako\Princess_Hisako_0001.jpg,0,0.03442837
7,data\calibration\lfw\lfw\Elizabeth_Shue\Elizabeth_Shue_0002.jpg,data\calibration\lfw\lfw\Terry_Stotts\Terry_Stotts_0001.jpg,0,-0.03365611
7,data\calibration\lfw\lfw\Ellen_Engleman\Ellen_Engleman_0001.jpg,data\calibration\lfw\lfw\Guennadi_Chipouline\Guennadi_Chipouline_0001.jpg,0,0.04494822
7,data\calibration\lfw\lfw\Ellen_Saracini\Ellen_Saracini_0001.jpg,data\calibration\lfw\lfw\Ray_Romano\Ray_Romano_0006.jpg,0,0.08421255
7,data\calibration\lfw\lfw\Elsa_Zylberstein\Elsa_Zylberstein_0002.jpg,data\calibration\lfw\lfw\Matt_Braker\Matt_Braker_0001.jpg,0,-0.06993748
7,data\calibration\lfw\lfw\Elvis_Stojko\Elvis_Stojko_0001.jpg,data\calibration\lfw\lfw\Jerry_Falwell\Jerry_Falwell_0001.jpg,0,0.06579827
7,data\calibration\lfw\lfw\Elvis_Stojko\Elvis_Stojko_0001.jpg,data\calibration\lfw\lfw\Robert_Mueller\Robert_Mueller_0005.jpg,0,0.04139745
7,data\calibration\lfw\lfw\Emma_Thompson\Emma_Thompson_0003.jpg,data\calibration\lfw\lfw\Nathan_Doudney\Nathan_Doudney_0001.jpg,0,-0.10236567
7,data\calibration\lfw\lfw\Emmit_Smith\Emmit_Smith_0002.jpg,data\calibration\lfw\lfw\Rafael_Ramirez\Rafael_Ramirez_0004.jpg,0,0.00637074
7,data\calibration\lfw\lfw\Enrik_Vendt\Enrik_Vendt_0001.jpg,data\calibration\lfw\lfw\Lane_Odom\Lane_Odom_0001.jpg,0,0.07344159
7,data\calibration\lfw\lfw\Enrique_Oliu\Enrique_Oliu_0001.jpg,data\calibration\lfw\lfw\Markus_Naslund\Markus_Naslund_0001.jpg,0,-0.01506978
7,data\calibration\lfw\lfw\Enrique_Oliu\Enrique_Oliu_0001.jpg,data\calibration\lfw\lfw\William_McDonough\William_McDonough_0001.jpg,0,-0.03257180
7,data\calibration\lfw\lfw\Eric_Hinske\Eric_Hinske_0001.jpg,data\calibration\lfw\lfw\Juan_Antonio_Samaranch\Juan_Antonio_Samaranch_0001.jpg,0,0.00676172
7,data\calibration\lfw\lfw\Eric_Lloyd\Eric_Lloyd_0001.jpg,data\calibration\lfw\lfw\Jessica_Alba\Jessica_Alba_0002.jpg,0,0.10666037
7,data\calibration\lfw\lfw\Eric_Lloyd\Eric_Lloyd_0001.jpg,data\calibration\lfw\lfw\Valery_Giscard_dEstaing\Valery_Giscard_dEstaing_0001.jpg,0,0.04398547
7,data\calibration\lfw\lfw\Ernie_Harwell\Ernie_Harwell_0001.jpg,data\calibration\lfw\lfw\Queen_Beatrix\Queen_Beatrix_0003.jpg,0,0.13577262
7,data\calibration\lfw\lfw\Felipe_Perez_Roque\Felipe_Perez_Roque_0002.jpg,data\calibration\lfw\lfw\MC_Hammer\MC_Hammer_0001.jpg,0,0.01771654
7,data\calibration\lfw\lfw\Frank_Griswold\Frank_Griswold_0001.jpg,data\calibration\lfw\lfw\Yana_Klochkova\Yana_Klochkova_0001.jpg,0,-0.06897493
7,data\calibration\lfw\lfw\Frank_Zappa\Frank_Zappa_0001.jpg,data\calibration\lfw\lfw\Markus_Naslund\Markus_Naslund_0001.jpg,0,0.02319700
7,data\calibration\lfw\lfw\Frederique_van_der_Wal\Frederique_van_der_Wal_0001.jpg,data\calibration\lfw\lfw\Pedro_Mahecha\Pedro_Mahecha_0001.jpg,0,0.06824441
7,data\calibration\lfw\lfw\Frederique_van_der_Wal\Frederique_van_der_Wal_0001.jpg,data\calibration\lfw\lfw\Raja_Zafar-ul-Haq\Raja_Zafar-ul-Haq_0001.jpg,0,-0.02276596
7,data\calibration\lfw\lfw\Gary_Leon_Ridgway\Gary_Leon_Ridgway_0001.jpg,data\calibration\lfw\lfw\Robert_Wagner\Robert_Wagner_0001.jpg,0,0.08456853
7,data\calibration\lfw\lfw\Gary_Leon_Ridgway\Gary_Leon_Ridgway_0001.jpg,data\calibration\lfw\lfw\Scott_Yates\Scott_Yates_0001.jpg,0,-0.01476829
7,data\calibration\lfw\lfw\Gary_Leon_Ridgway\Gary_Leon_Ridgway_0001.jpg,data\calibration\lfw\lfw\Yana_Klochkova\Yana_Klochkova_0001.jpg,0,-0.00956187
7,data\calibration\lfw\lfw\Gene_Keady\Gene_Keady_0001.jpg,data\calibration\lfw\lfw\Mark_Sacco\Mark_Sacco_0001.jpg,0,0.14081402
7,data\calibration\lfw\lfw\George_Gregan\George_Gregan_0001.jpg,data\calibration\lfw\lfw\John_Negroponte\John_Negroponte_0027.jpg,0,-0.00778323
7,data\calibration\lfw\lfw\Glen_DaSilva\Glen_DaSilva_0001.jpg,data\calibration\lfw\lfw\Rachel_Hunter\Rachel_Hunter_0004.jpg,0,-0.00630892
7,data\calibration\lfw\lfw\Glen_DaSilva\Glen_DaSilva_0001.jpg,data\calibration\lfw\lfw\Robert_Mugabe\Robert_Mugabe_0002.jpg,0,0.05009231
7,data\calibration\lfw\lfw\Glen_Sather\Glen_Sather_0001.jpg,data\calibration\lfw\lfw\Leslie_Caldwell\Leslie_Caldwell_0003.jpg,0,0.02982581
7,data\calibration\lfw\lfw\Glen_Sather\Glen_Sather_0001.jpg,data\calibration\lfw\lfw\Trevor_Watson\Trevor_Watson_0001.jpg,0,-0.00918946
7,data\calibration\lfw\lfw\Goran_Zivkovic\Goran_Zivkovic_0001.jpg,data\calibration\lfw\lfw\Lee_Soo-hyuck\Lee_Soo-hyuck_0002.jpg,0,0.07513740
7,data\calibration\lfw\lfw\Goran_Zivkovic\Goran_Zivkovic_0001.jpg,data\calibration\lfw\lfw\Martha_Sahagun_de_Fox\Martha_Sahagun_de_Fox_0001.jpg,0,0.05415414
7,data\calibration\lfw\lfw\Goran_Zivkovic\Goran_Zivkovic_0001.jpg,data\calibration\lfw\lfw\Shane_Reynolds\Shane_Reynolds_0001.jpg,0,-0.01492016
7,data\calibration\lfw\lfw\Grant_Rossenmeyer\Grant_Rossenmeyer_0001.jpg,data\calibration\lfw\lfw\Trevor_Watson\Trevor_Watson_0001.jpg,0,0.02272849
7,data\calibration\lfw\lfw\Gregory_Hines\Gregory_Hines_0001.jpg,data\calibration\lfw\lfw\Marcus_Gronholm\Marcus_Gronholm_0002.jpg,0,-0.09153426
7,data\calibration\lfw\lfw\Guennadi_Chipouline\Guennadi_Chipouline_0001.jpg,data\calibration\lfw\lfw\Tom_Lantos\Tom_Lantos_0001.jpg,0,-0.15680264
7,data\calibration\lfw\lfw\Guillermo_Ortiz\Guillermo_Ortiz_0001.jpg,data\calibration\lfw\lfw\Nestor_Santillan\Nestor_Santillan_0001.jpg,0,-0.02730134
7,data\calibration\lfw\lfw\Guillermo_Ortiz\Guillermo_Ortiz_0002.jpg,data\calibration\lfw\lfw\Strom_Thurmond\Strom_Thurmond_0002.jpg,0,-0.04796659
7,data\calibration\lfw\lfw\Gus_Van_Sant\Gus_Van_Sant_0003.jpg,data\calibration\lfw\lfw\Natalie_Stewart\Natalie_Stewart_0001.jpg,0,0.13554145
7,data\calibration\lfw\lfw\Gwen_Stefani\Gwen_Stefani_0001.jpg,data\calibration\lfw\lfw\Hugh_Miller\Hugh_Miller_0001.jpg,0,-0.03777185
7,data\calibration\lfw\lfw\Gwendal_Peizerat\Gwendal_Peizerat_0003.jpg,data\calibration\lfw\lfw\Turner_Stevenson\Turner_Stevenson_0001.jpg,0,0.08492421
7,data\calibration\lfw\lfw\Hal_Gehman\Hal_Gehman_0001.jpg,data\calibration\lfw\lfw\Scott_Yates\Scott_Yates_0001.jpg,0,-0.01631271
7,data\calibration\lfw\lfw\Hamad_Bin_Isa_al-Khalifa\Hamad_Bin_Isa_al-Khalifa_0001.jpg,data\calibration\lfw\lfw\Marta_Dominguz\Marta_Dominguz_0001.jpg,0,-0.06237041
7,data\calibration\lfw\lfw\Harrison_Ford\Harrison_Ford_0002.jpg,data\calibration\lfw\lfw\Marcus_Gronholm\Marcus_Gronholm_0001.jpg,0,0.00436731
7,data\calibration\lfw\lfw\Harvey_Wachsman\Harvey_Wachsman_0001.jpg,data\calibration\lfw\lfw\Narayan_Singh_Pun\Narayan_Singh_Pun_0001.jpg,0,-0.02747053
7,data\calibration\lfw\lfw\Heather_Locklear\Heather_Locklear_0001.jpg,data\calibration\lfw\lfw\John_Mayer\John_Mayer_0003.jpg,0,-0.08125356
7,data\calibration\lfw\lfw\Heather_Locklear\Heather_Locklear_0001.jpg,data\calibration\lfw\lfw\Pablo_Khulental\Pablo_Khulental_0001.jpg,0,0.09318474
7,data\calibration\lfw\lfw\Hichiro_Naemura\Hichiro_Naemura_0002.jpg,data\calibration\lfw\lfw\Richard_Jewell\Richard_Jewell_0001.jpg,0,-0.00458866
7,data\calibration\lfw\lfw\Hipolito_Mejia\Hipolito_Mejia_0003.jpg,data\calibration\lfw\lfw\Jim_Ahern\Jim_Ahern_0001.jpg,0,-0.00264164
7,data\calibration\lfw\lfw\Holly_Hunter\Holly_Hunter_0003.jpg,data\calibration\lfw\lfw\Joshua_Perper\Joshua_Perper_0001.jpg,0,0.00796693
7,data\calibration\lfw\lfw\Hugh_Hefner\Hugh_Hefner_0001.jpg,data\calibration\lfw\lfw\Sam_Mendes\Sam_Mendes_0001.jpg,0,0.06713685
7,data\calibration\lfw\lfw\Iain_Anderson\Iain_Anderson_0001.jpg,data\calibration\lfw\lfw\James_Kopp\James_Kopp_0002.jpg,0,-0.01516392
7,data\calibration\lfw\lfw\Iain_Anderson\Iain_Anderson_0001.jpg,data\calibration\lfw\lfw\Recep_Tayyip_Erdogan\Recep_Tayyip_Erdogan_0012.jpg,0,0.10460994
7,data\calibration\lfw\lfw\Ilan_Goldfajn\Ilan_Goldfajn_0001.jpg,data\calibration\lfw\lfw\Jennifer_Aniston\Jennifer_Aniston_0017.jpg,0,-0.00111923
7,data\calibration\lfw\lfw\Ilie_Nastase\Ilie_Nastase_0001.jpg,data\calibration\lfw\lfw\Michael_Lopez-Alegria\Michael_Lopez-Alegria_0001.jpg,0,-0.08199433
7,data\calibration\lfw\lfw\Intisar_Ajouri\Intisar_Ajouri_0003.jpg,data\calibration\lfw\lfw\Lin_Yi-fu\Lin_Yi-fu_0001.jpg,0,-0.08468650
7,data\calibration\lfw\lfw\Itamar_Franco\Itamar_Franco_0001.jpg,data\calibration\lfw\lfw\Jessica_Alba\Jessica_Alba_0001.jpg,0,0.01158708
7,data\calibration\lfw\lfw\Jack_Goodman\Jack_Goodman_0001.jpg,data\calibration\lfw\lfw\Kirsten_Dunst\Kirsten_Dunst_0001.jpg,0,-0.03685199
7,data\calibration\lfw\lfw\Jack_Goodman\Jack_Goodman_0001.jpg,data\calibration\lfw\lfw\Saburo_Kawabuchi\Saburo_Kawabuchi_0002.jpg,0,-0.02866686
7,data\calibration\lfw\lfw\Jack_Nicholson\Jack_Nicholson_0001.jpg,data\calibration\lfw\lfw\Pat_Wharton\Pat_Wharton_0001.jpg,0,0.04768039
7,data\calibration\lfw\lfw\Jack_Valenti\Jack_Valenti_0001.jpg,data\calibration\lfw\lfw\Shinzo_Abe\Shinzo_Abe_0001.jpg,0,-0.08014563
7,data\calibration\lfw\lfw\Jake_Plummer\Jake_Plummer_0001.jpg,data\calibration\lfw\lfw\Jose_Dirceu\Jose_Dirceu_0002.jpg,0,0.03701708
7,data\calibration\lfw\lfw\Jakob_Kellenberger\Jakob_Kellenberger_0001.jpg,data\calibration\lfw\lfw\Lara_Logan\Lara_Logan_0001.jpg,0,0.00556521
7,data\calibration\lfw\lfw\Jakob_Kellenberger\Jakob_Kellenberger_0001.jpg,data\calibration\lfw\lfw\Pedro_Mahecha\Pedro_Mahecha_0001.jpg,0,-0.02706247
7,data\calibration\lfw\lfw\James_Maguire\James_Maguire_0001.jpg,data\calibration\lfw\lfw\Ronald_Reagan\Ronald_Reagan_0001.jpg,0,0.02627956
7,data\calibration\lfw\lfw\James_Smith\James_Smith_0002.jpg,data\calibration\lfw\lfw\Kyra_Sedgwick\Kyra_Sedgwick_0001.jpg,0,-0.01248943
7,data\calibration\lfw\lfw\Jason_Statham\Jason_Statham_0001.jpg,data\calibration\lfw\lfw\Kwame_Kilpatrick\Kwame_Kilpatrick_0001.jpg,0,-0.02270885
7,data\calibration\lfw\lfw\Jawad_Boulus\Jawad_Boulus_0001.jpg,data\calibration\lfw\lfw\Narayan_Singh_Pun\Narayan_Singh_Pun_0001.jpg,0,0.02561489
7,data\calibration\lfw\lfw\Jean-Rene_Fourtou\Jean-Rene_Fourtou_0001.jpg,data\calibration\lfw\lfw\Roh_Moo-hyun\Roh_Moo-hyun_0028.jpg,0,-0.04364623
7,data\calibration\lfw\lfw\Jeannette_Biedermann\Jeannette_Biedermann_0001.jpg,data\calibration\lfw\lfw\Kenny_Brack\Kenny_Brack_0001.jpg,0,0.03384562
7,data\calibration\lfw\lfw\Jennifer_Granholm\Jennifer_Granholm_0001.jpg,data\calibration\lfw\lfw\Trudi_Lacey\Trudi_Lacey_0001.jpg,0,0.04265868
7,data\calibration\lfw\lfw\Jerelle_Kraus\Jerelle_Kraus_0001.jpg,data\calibration\lfw\lfw\Warren_Beatty\Warren_Beatty_0001.jpg,0,-0.00346811
7,data\calibration\lfw\lfw\Jesus_Cardenal\Jesus_Cardenal_0001.jpg,data\calibration\lfw\lfw\Pablo_Khulental\Pablo_Khulental_0001.jpg,0,0.01854678
7,data\calibration\lfw\lfw\Jim_Hendry\Jim_Hendry_0001.jpg,data\calibration\lfw\lfw\Larry_Beinfest\Larry_Beinfest_0001.jpg,0,0.03269933
7,data\calibration\lfw\lfw\Joan_Claybrook\Joan_Claybrook_0002.jpg,data\calibration\lfw\lfw\Pablo_Latras\Pablo_Latras_0001.jpg,0,0.04854449
7,data\calibration\lfw\lfw\Joaquin_Sanchez\Joaquin_Sanchez_0001.jpg,data\calibration\lfw\lfw\Richard_Armitage\Richard_Armitage_0001.jpg,0,0.03550277
7,data\calibration\lfw\lfw\Joe_Cocker\Joe_Cocker_0001.jpg,data\calibration\lfw\lfw\Martha_Beatriz_Roque\Martha_Beatriz_Roque_0001.jpg,0,0.07949527
7,data\calibration\lfw\lfw\Joe_Cocker\Joe_Cocker_0001.jpg,data\calibration\lfw\lfw\Randy_Jackson\Randy_Jackson_0001.jpg,0,-0.04862705
7,data\calibration\lfw\lfw\Joe_Cravens\Joe_Cravens_0001.jpg,data\calibration\lfw\lfw\Sam_Mendes\Sam_Mendes_0001.jpg,0,-0.00153725
7,data\calibration\lfw\lfw\John_Barnett\John_Barnett_0001.jpg,data\calibration\lfw\lfw\Kathryn_Grayson\Kathryn_Grayson_0001.jpg,0,-0.03869232
7,data\calibration\lfw\lfw\John_Darby\John_Darby_0001.jpg,data\calibration\lfw\lfw\Masum_Turker\Masum_Turker_0003.jpg,0,0.09240402
7,data\calibration\lfw\lfw\John_Ferguson\John_Ferguson_0001.jpg,data\calibration\lfw\lfw\Paul_Schrader\Paul_Schrader_0001.jpg,0,0.02897086
7,data\calibration\lfw\lfw\John_Paul_DeJoria\John_Paul_DeJoria_0001.jpg,data\calibration\lfw\lfw\Paul_Pierce\Paul_Pierce_0001.jpg,0,0.00199502
7,data\calibration\lfw\lfw\John_Reilly\John_Reilly_0002.jpg,data\calibration\lfw\lfw\Princess_Hisako\Princess_Hisako_0001.jpg,0,0.05365485
7,data\calibration\lfw\lfw\John_Rowland\John_Rowland_0002.jpg,data\calibration\lfw\lfw\Steve_Kerr\Steve_Kerr_0001.jpg,0,0.07255893
7,data\calibration\lfw\lfw\Johnny_Depp\Johnny_Depp_0001.jpg,data\calibration\lfw\lfw\Leo_Mullin\Leo_Mullin_0001.jpg,0,0.00144835
7,data\calibration\lfw\lfw\Johnny_Depp\Johnny_Depp_0001.jpg,data\calibration\lfw\lfw\Trudi_Lacey\Trudi_Lacey_0001.jpg,0,-0.01137786
7,data\calibration\lfw\lfw\Johnny_Htu\Johnny_Htu_0001.jpg,data\calibration\lfw\lfw\Roger_Machado\Roger_Machado_0001.jpg,0,-0.02360073
7,data\calibration\lfw\lfw\Jose_Dirceu\Jose_Dirceu_0001.jpg,data\calibration\lfw\lfw\Robert_Torricelli\Robert_Torricelli_0003.jpg,0,0.05114827
7,data\calibration\lfw\lfw\Juan_Antonio_Samaranch\Juan_Antonio_Samaranch_0001.jpg,data\calibration\lfw\lfw\Stefan_Koubek\Stefan_Koubek_0001.jpg,0,-0.02442375
7,data\calibration\lfw\lfw\Juergen_Braehmer\Juergen_Braehmer_0001.jpg,data\calibration\lfw\lfw\Shawn_Bradley\Shawn_Bradley_0001.jpg,0,0.03542211
7,data\calibration\lfw\lfw\Juergen_Braehmer\Juergen_Braehmer_0001.jpg,data\calibration\lfw\lfw\Travis_Rudolph\Travis_Rudolph_0001.jpg,0,-0.00788910
7,data\calibration\lfw\lfw\Kathryn_Grayson\Kathryn_Grayson_0001.jpg,data\calibration\lfw\lfw\Queen_Beatrix\Queen_Beatrix_0004.jpg,0,0.05002256
7,data\calibration\lfw\lfw\Kathryn_Grayson\Kathryn_Grayson_0001.jpg,data\calibration\lfw\lfw\Ruben_Sierra\Ruben_Sierra_0001.jpg,0,-0.00022151
7,data\calibration\lfw\lfw\Kathryn_Grayson\Kathryn_Grayson_0001.jpg,data\calibration\lfw\lfw\Shannon_OBrien\Shannon_OBrien_0002.jpg,0,0.00003465
7,data\calibration\lfw\lfw\Katie_Holmes\Katie_Holmes_0001.jpg,data\calibration\lfw\lfw\Park_Jung_Sung\Park_Jung_Sung_0001.jpg,0,0.00420057
7,data\calibration\lfw\lfw\Kenny_Brack\Kenny_Brack_0001.jpg,data\calibration\lfw\lfw\Lin_Yi-fu\Lin_Yi-fu_0001.jpg,0,-0.08869247
7,data\calibration\lfw\lfw\Kwame_Kilpatrick\Kwame_Kilpatrick_0001.jpg,data\calibration\lfw\lfw\Shannon_OBrien\Shannon_OBrien_0002.jpg,0,-0.05803924
7,data\calibration\lfw\lfw\Kyra_Sedgwick\Kyra_Sedgwick_0001.jpg,data\calibration\lfw\lfw\Reese_Witherspoon\Reese_Witherspoon_0003.jpg,0,0.04347890
7,data\calibration\lfw\lfw\Kyra_Sedgwick\Kyra_Sedgwick_0001.jpg,data\calibration\lfw\lfw\Richard_Hellfant\Richard_Hellfant_0001.jpg,0,-0.00311104
7,data\calibration\lfw\lfw\Kyra_Sedgwick\Kyra_Sedgwick_0001.jpg,data\calibration\lfw\lfw\Wilbert_Elki_Meza_Majino\Wilbert_Elki_Meza_Majino_0001.jpg,0,0.04069055
7,data\calibration\lfw\lfw\Lance_Bass\Lance_Bass_0003.jpg,data\calibration\lfw\lfw\Queen_Rania\Queen_Rania_0005.jpg,0,-0.06447457
7,data\calibration\lfw\lfw\Lara_Logan\Lara_Logan_0001.jpg,data\calibration\lfw\lfw\Turner_Stevenson\Turner_Stevenson_0001.jpg,0,0.01719421
7,data\calibration\lfw\lfw\Laszlo_Kovacs\Laszlo_Kovacs_0001.jpg,data\calibration\lfw\lfw\Luke_Ridnour\Luke_Ridnour_0001.jpg,0,0.05869726
7,data\calibration\lfw\lfw\Laszlo_Kovacs\Laszlo_Kovacs_0001.jpg,data\calibration\lfw\lfw\Olesya_Bonabarenko\Olesya_Bonabarenko_0002.jpg,0,0.09207359
7,data\calibration\lfw\lfw\Lee_Byung-woong\Lee_Byung-woong_0001.jpg,data\calibration\lfw\lfw\William_Hochul\William_Hochul_0002.jpg,0,0.00248388
7,data\calibration\lfw\lfw\Lee_Soo-hyuck\Lee_Soo-hyuck_0001.jpg,data\calibration\lfw\lfw\Robert_Bullock\Robert_Bullock_0001.jpg,0,-0.03147611
7,data\calibration\lfw\lfw\Leslie_Caldwell\Leslie_Caldwell_0001.jpg,data\calibration\lfw\lfw\Shane_Reynolds\Shane_Reynolds_0001.jpg,0,0.04489261
7,data\calibration\lfw\lfw\Leslie_Caldwell\Leslie_Caldwell_0002.jpg,data\calibration\lfw\lfw\Turner_Stevenson\Turner_Stevenson_0001.jpg,0,-0.09476226
7,data\calibration\lfw\lfw\Li_Zhaoxing\Li_Zhaoxing_0004.jpg,data\calibration\lfw\lfw\Susan_Sarandon\Susan_Sarandon_0004.jpg,0,0.03813579
7,data\calibration\lfw\lfw\Linda_Mason\Linda_Mason_0001.jpg,data\calibration\lfw\lfw\Rupert_Murdoch\Rupert_Murdoch_0002.jpg,0,0.06179883
7,data\calibration\lfw\lfw\Liu_Mingkang\Liu_Mingkang_0002.jpg,data\calibration\lfw\lfw\Pedro_Pauleta\Pedro_Pauleta_0001.jpg,0,0.04929428
7,data\calibration\lfw\lfw\Liu_Ye\Liu_Ye_0001.jpg,data\calibration\lfw\lfw\Ruben_Sierra\Ruben_Sierra_0001.jpg,0,-0.04745617
7,data\calibration\lfw\lfw\Liu_Ye\Liu_Ye_0001.jpg,data\calibration\lfw\lfw\Steve_Alford\Steve_Alford_0001.jpg,0,0.04831496
7,data\calibration\lfw\lfw\Loretta_Lynn_Harper\Loretta_Lynn_Harper_0001.jpg,data\calibration\lfw\lfw\Michel_Temer\Michel_Temer_0002.jpg,0,0.03122098
7,data\calibration\lfw\lfw\Luis_Gonzalez\Luis_Gonzalez_0001.jpg,data\calibration\lfw\lfw\Warren_Beatty\Warren_Beatty_0001.jpg,0,-0.04527899
7,data\calibration\lfw\lfw\Madeleine_Albright\Madeleine_Albright_0002.jpg,data\calibration\lfw\lfw\Martha_Lucia_Ramirez\Martha_Lucia_Ramirez_0002.jpg,0,0.00865234
7,data\calibration\lfw\lfw\Maha_Habib\Maha_Habib_0001.jpg,data\calibration\lfw\lfw\Princess_Elisabeth\Princess_Elisabeth_0001.jpg,0,-0.08582889
7,data\calibration\lfw\lfw\Marc_Anthony\Marc_Anthony_0001.jpg,data\calibration\lfw\lfw\Michael_Pfleger\Michael_Pfleger_0001.jpg,0,-0.09310118
7,data\calibration\lfw\lfw\Marcus_Gronholm\Marcus_Gronholm_0001.jpg,data\calibration\lfw\lfw\Teresa_Graves\Teresa_Graves_0001.jpg,0,-0.00759011
7,data\calibration\lfw\lfw\Marcus_Gronholm\Marcus_Gronholm_0001.jpg,data\calibration\lfw\lfw\Tommy_Franks\Tommy_Franks_0008.jpg,0,0.04418381
7,data\calibration\lfw\lfw\Marina_Canetti\Marina_Canetti_0001.jpg,data\calibration\lfw\lfw\Saied_Hadi_al_Mudarissi\Saied_Hadi_al_Mudarissi_0001.jpg,0,0.02221400
7,data\calibration\lfw\lfw\Mario_Alfaro-Lopez\Mario_Alfaro-Lopez_0001.jpg,data\calibration\lfw\lfw\Richard_Armitage\Richard_Armitage_0006.jpg,0,0.03560424
7,data\calibration\lfw\lfw\Mario_Alfaro-Lopez\Mario_Alfaro-Lopez_0001.jpg,data\calibration\lfw\lfw\Tom_Lantos\Tom_Lantos_0001.jpg,0,0.01779691
7,data\calibration\lfw\lfw\Mark_Dacey\Mark_Dacey_0001.jpg,data\calibration\lfw\lfw\Turner_Stevenson\Turner_Stevenson_0001.jpg,0,0.17594261
7,data\calibration\lfw\lfw\Mark_Dacey\Mark_Dacey_0002.jpg,data\calibration\lfw\lfw\Steve_Cox\Steve_Cox_0001.jpg,0,0.01843720
7,data\calibration\lfw\lfw\Mark_Kelly\Mark_Kelly_0001.jpg,data\calibration\lfw\lfw\Mark_Lazarus\Mark_Lazarus_0001.jpg,0,0.08996838
7,data\calibration\lfw\lfw\Mark_Lazarus\Mark_Lazarus_0001.jpg,data\calibration\lfw\lfw\Ronnie_Jagday\Ronnie_Jagday_0001.jpg,0,-0.10206156
7,data\calibration\lfw\lfw\Mark_Sacco\Mark_Sacco_0001.jpg,data\calibration\lfw\lfw\Tono_Suratman\Tono_Suratman_0001.jpg,0,0.02096863
7,data\calibration\lfw\lfw\Markus_Naslund\Markus_Naslund_0001.jpg,data\calibration\lfw\lfw\Robert_Wagner\Robert_Wagner_0001.jpg,0,-0.00517011
7,data\calibration\lfw\lfw\Martin_Kristof\Martin_Kristof_0001.jpg,data\calibration\lfw\lfw\Taia_Balk\Taia_Balk_0001.jpg,0,0.03647206
7,data\calibration\lfw\lfw\Matt_Anderson\Matt_Anderson_0001.jpg,data\calibration\lfw\lfw\Seth_Gorney\Seth_Gorney_0001.jpg,0,-0.04718677
7,data\calibration\lfw\lfw\Matt_Braker\Matt_Braker_0001.jpg,data\calibration\lfw\lfw\Surakait_Sathirathai\Surakait_Sathirathai_0001.jpg,0,0.01928387
7,data\calibration\lfw\lfw\Matt_Roney\Matt_Roney_0001.jpg,data\calibration\lfw\lfw\Wilbert_Elki_Meza_Majino\Wilbert_Elki_Meza_Majino_0001.jpg,0,-0.06515142
7,data\calibration\lfw\lfw\Michael_Bolton\Michael_Bolton_0001.jpg,data\calibration\lfw\lfw\Robert_Bullock\Robert_Bullock_0002.jpg,0,0.00917010
7,data\calibration\lfw\lfw\Michael_Pfleger\Michael_Pfleger_0001.jpg,data\calibration\lfw\lfw\Robert_Ehrlich\Robert_Ehrlich_0002.jpg,0,-0.03647916
7,data\calibration\lfw\lfw\Michael_Schumacher\Michael_Schumacher_0017.jpg,data\calibration\lfw\lfw\Natalie_Imbruglia\Natalie_Imbruglia_0001.jpg,0,0.10704973
7,data\calibration\lfw\lfw\Michael_Shane_Jolly\Michael_Shane_Jolly_0001.jpg,data\calibration\lfw\lfw\Trudi_Lacey\Trudi_Lacey_0001.jpg,0,0.01945099
7,data\calibration\lfw\lfw\Michel_Temer\Michel_Temer_0001.jpg,data\calibration\lfw\lfw\Paul_Shanley\Paul_Shanley_0001.jpg,0,-0.02407333
7,data\calibration\lfw\lfw\Michelle_Yeoh\Michelle_Yeoh_0005.jpg,data\calibration\lfw\lfw\Saburo_Kawabuchi\Saburo_Kawabuchi_0001.jpg,0,-0.07992224
7,data\calibration\lfw\lfw\Mike_Helton\Mike_Helton_0001.jpg,data\calibration\lfw\lfw\Octavio_Lara\Octavio_Lara_0001.jpg,0,0.00045565
7,data\calibration\lfw\lfw\Mike_Miller\Mike_Miller_0002.jpg,data\calibration\lfw\lfw\Toby_Keith\Toby_Keith_0001.jpg,0,0.03011465
7,data\calibration\lfw\lfw\Monica_Seles\Monica_Seles_0002.jpg,data\calibration\lfw\lfw\Queen_Beatrix\Queen_Beatrix_0004.jpg,0,0.02232614
7,data\calibration\lfw\lfw\Nancy_Sinatra\Nancy_Sinatra_0001.jpg,data\calibration\lfw\lfw\Sargis_Sargsian\Sargis_Sargsian_0001.jpg,0,0.05181950
7,data\calibration\lfw\lfw\Pablo_Khulental\Pablo_Khulental_0001.jpg,data\calibration\lfw\lfw\Rosemarie_Stack\Rosemarie_Stack_0002.jpg,0,-0.00945461
7,data\calibration\lfw\lfw\Park_Jung_Sung\Park_Jung_Sung_0001.jpg,data\calibration\lfw\lfw\Robert_Bullock\Robert_Bullock_0002.jpg,0,0.07045022
7,data\calibration\lfw\lfw\Paul_Pierce\Paul_Pierce_0002.jpg,data\calibration\lfw\lfw\Robert_Bullock\Robert_Bullock_0002.jpg,0,0.02974674
7,data\calibration\lfw\lfw\Pedro_Pauleta\Pedro_Pauleta_0001.jpg,data\calibration\lfw\lfw\Robert_Tyrrell\Robert_Tyrrell_0001.jpg,0,-0.06042366
7,data\calibration\lfw\lfw\Pedro_Pauleta\Pedro_Pauleta_0001.jpg,data\calibration\lfw\lfw\Tommy_Franks\Tommy_Franks_0014.jpg,0,0.01965287
7,data\calibration\lfw\lfw\Phil_Morris\Phil_Morris_0001.jpg,data\calibration\lfw\lfw\Priscilla_Owen\Priscilla_Owen_0002.jpg,0,0.05589254
7,data\calibration\lfw\lfw\Phil_Morris\Phil_Morris_0001.jpg,data\calibration\lfw\lfw\Roberto_Guaterroma\Roberto_Guaterroma_0001.jpg,0,0.04642707
7,data\calibration\lfw\lfw\Phil_Morris\Phil_Morris_0001.jpg,data\calibration\lfw\lfw\Yuri_Luzhkov\Yuri_Luzhkov_0001.jpg,0,-0.02280666
7,data\calibration\lfw\lfw\Queen_Rania\Queen_Rania_0003.jpg,data\calibration\lfw\lfw\Ronnie_Jagday\Ronnie_Jagday_0001.jpg,0,-0.04193376
7,data\calibration\lfw\lfw\Radovan_Karadzic\Radovan_Karadzic_0001.jpg,data\calibration\lfw\lfw\Richard_Langille\Richard_Langille_0001.jpg,0,0.01439763
7,data\calibration\lfw\lfw\Randy_Jackson\Randy_Jackson_0001.jpg,data\calibration\lfw\lfw\Steve_Alford\Steve_Alford_0001.jpg,0,0.08909497
7,data\calibration\lfw\lfw\Reese_Witherspoon\Reese_Witherspoon_0001.jpg,data\calibration\lfw\lfw\Sam_Torrance\Sam_Torrance_0001.jpg,0,0.10072828
7,data\calibration\lfw\lfw\Reese_Witherspoon\Reese_Witherspoon_0002.jpg,data\calibration\lfw\lfw\Toni_Jennings\Toni_Jennings_0001.jpg,0,0.08280820
7,data\calibration\lfw\lfw\Rina_Lazo\Rina_Lazo_0001.jpg,data\calibration\lfw\lfw\Ronald_Reagan\Ronald_Reagan_0001.jpg,0,0.00328023
7,data\calibration\lfw\lfw\Robert_Ehrlich\Robert_Ehrlich_0002.jpg,data\calibration\lfw\lfw\Ron_Lantz\Ron_Lantz_0001.jpg,0,0.12741643
7,data\calibration\lfw\lfw\Robert_Mugabe\Robert_Mugabe_0001.jpg,data\calibration\lfw\lfw\Tessa_Jowell\Tessa_Jowell_0001.jpg,0,0.11994114
7,data\calibration\lfw\lfw\Robert_Torricelli\Robert_Torricelli_0003.jpg,data\calibration\lfw\lfw\Taoufik_Mathlouthi\Taoufik_Mathlouthi_0001.jpg,0,0.00249862
7,data\calibration\lfw\lfw\Robert_Tyrrell\Robert_Tyrrell_0001.jpg,data\calibration\lfw\lfw\Yuri_Luzhkov\Yuri_Luzhkov_0001.jpg,0,-0.03189906
7,data\calibration\lfw\lfw\Robert_Wagner\Robert_Wagner_0001.jpg,data\calibration\lfw\lfw\Tommy_Franks\Tommy_Franks_0011.jpg,0,-0.00695921
7,data\calibration\lfw\lfw\Robin_Wright_Penn\Robin_Wright_Penn_0001.jpg,data\calibration\lfw\lfw\Sam_Torrance\Sam_Torrance_0003.jpg,0,-0.01317307
7,data\calibration\lfw\lfw\Robin_Wright_Penn\Robin_Wright_Penn_0001.jpg,data\calibration\lfw\lfw\Yoko_Ono\Yoko_Ono_0006.jpg,0,0.01137403
7,data\calibration\lfw\lfw\Rogelio_Ramos\Rogelio_Ramos_0001.jpg,data\calibration\lfw\lfw\Ryan_Newman\Ryan_Newman_0001.jpg,0,0.05039370
7,data\calibration\lfw\lfw\Roman_Polanski\Roman_Polanski_0004.jpg,data\calibration\lfw\lfw\Toby_Keith\Toby_Keith_0001.jpg,0,-0.03588210
7,data\calibration\lfw\lfw\Ronnie_Jagday\Ronnie_Jagday_0001.jpg,data\calibration\lfw\lfw\Sidney_Kimmel\Sidney_Kimmel_0001.jpg,0,-0.01773573
7,data\calibration\lfw\lfw\Scott_Yates\Scott_Yates_0001.jpg,data\calibration\lfw\lfw\Steve_Cox\Steve_Cox_0001.jpg,0,-0.05910625
7,data\calibration\lfw\lfw\Sean_Patrick_Thomas\Sean_Patrick_Thomas_0001.jpg,data\calibration\lfw\lfw\William_Hochul\William_Hochul_0001.jpg,0,0.00551119
7,data\calibration\lfw\lfw\Sharon_Osbourne\Sharon_Osbourne_0002.jpg,data\calibration\lfw\lfw\Shimon_Peres\Shimon_Peres_0006.jpg,0,0.11180967
7,data\calibration\lfw\lfw\Stefan_Koubek\Stefan_Koubek_0001.jpg,data\calibration\lfw\lfw\Steve_Alford\Steve_Alford_0001.jpg,0,-0.04465219
7,data\calibration\lfw\lfw\Teri_Garr\Teri_Garr_0001.jpg,data\calibration\lfw\lfw\Yana_Klochkova\Yana_Klochkova_0001.jpg,0,0.05770302
7,data\calibration\lfw\lfw\Warren_Beatty\Warren_Beatty_0002.jpg,data\calibration\lfw\lfw\William_McDonough\William_McDonough_0001.jpg,0,0.12181541
8,data\calibration\lfw\lfw\Aleksander_Kwasniewski\Aleksander_Kwasniewski_0001.jpg,data\calibration\lfw\lfw\Aleksander_Kwasniewski\Aleksander_Kwasniewski_0002.jpg,1,0.78214359
8,data\calibration\lfw\lfw\Aleksander_Kwasniewski\Aleksander_Kwasniewski_0002.jpg,data\calibration\lfw\lfw\Aleksander_Kwasniewski\Aleksander_Kwasniewski_0004.jpg,1,0.79223669
8,data\calibration\lfw\lfw\Aleksander_Kwasniewski\Aleksander_Kwasniewski_0003.jpg,data\calibration\lfw\lfw\Aleksander_Kwasniewski\Aleksander_Kwasniewski_0004.jpg,1,0.76705974
8,data\calibration\lfw\lfw\Ali_Naimi\Ali_Naimi_0001.jpg,data\calibration\lfw\lfw\Ali_Naimi\Ali_Naimi_0002.jpg,1,0.81808859
8,data\calibration\lfw\lfw\Ali_Naimi\Ali_Naimi_0001.jpg,data\calibration\lfw\lfw\Ali_Naimi\Ali_Naimi_0005.jpg,1,0.64141327
8,data\calibration\lfw\lfw\Ali_Naimi\Ali_Naimi_0002.jpg,data\calibration\lfw\lfw\Ali_Naimi\Ali_Naimi_0008.jpg,1,0.68343967
8,data\calibration\lfw\lfw\Amanda_Beard\Amanda_Beard_0001.jpg,data\calibration\lfw\lfw\Amanda_Beard\Amanda_Beard_0002.jpg,1,0.74660689
8,data\calibration\lfw\lfw\Andrew_Cuomo\Andrew_Cuomo_0001.jpg,data\calibration\lfw\lfw\Andrew_Cuomo\Andrew_Cuomo_0002.jpg,1,0.66777259
8,data\calibration\lfw\lfw\Arnold_Schwarzenegger\Arnold_Schwarzenegger_0008.jpg,data\calibration\lfw\lfw\Arnold_Schwarzenegger\Arnold_Schwarzenegger_0031.jpg,1,0.39654136
8,data\calibration\lfw\lfw\Arnold_Schwarzenegger\Arnold_Schwarzenegger_0009.jpg,data\calibration\lfw\lfw\Arnold_Schwarzenegger\Arnold_Schwarzenegger_0039.jpg,1,0.75416249
8,data\calibration\lfw\lfw\Arnold_Schwarzenegger\Arnold_Schwarzenegger_0011.jpg,data\calibration\lfw\lfw\Arnold_Schwarzenegger\Arnold_Schwarzenegger_0041.jpg,1,0.71686625
8,data\calibration\lfw\lfw\Arnold_Schwarzenegger\Arnold_Schwarzenegger_0012.jpg,data\calibration\lfw\lfw\Arnold_Schwarzenegger\Arnold_Schwarzenegger_0037.jpg,1,0.70599431
8,data\calibration\lfw\lfw\Arnold_Schwarzenegger\Arnold_Schwarzenegger_0013.jpg,data\calibration\lfw\lfw\Arnold_Schwarzenegger\Arnold_Schwarzenegger_0039.jpg,1,0.82281899
8,data\calibration\lfw\lfw\Arnold_Schwarzenegger\Arnold_Schwarzenegger_0022.jpg,data\calibration\lfw\lfw\Arnold_Schwarzenegger\Arnold_Schwarzenegger_0033.jpg,1,0.71207720
8,data\calibration\lfw\lfw\Arnold_Schwarzenegger\Arnold_Schwarzenegger_0028.jpg,data\calibration\lfw\lfw\Arnold_Schwarzenegger\Arnold_Schwarzenegger_0041.jpg,1,0.58894110
8,data\calibration\lfw\lfw\Bernard_Lord\Bernard_Lord_0001.jpg,data\calibration\lfw\lfw\Bernard_Lord\Bernard_Lord_0002.jpg,1,0.69901788
8,data\calibration\lfw\lfw\Beth_Jones\Beth_Jones_0001.jpg,data\calibration\lfw\lfw\Beth_Jones\Beth_Jones_0002.jpg,1,0.47563988
8,data\calibration\lfw\lfw\Branko_Crvenkovski\Branko_Crvenkovski_0002.jpg,data\calibration\lfw\lfw\Branko_Crvenkovski\Branko_Crvenkovski_0003.jpg,1,0.71678936
8,data\calibration\lfw\lfw\Brigitte_Boisselier\Brigitte_Boisselier_0001.jpg,data\calibration\lfw\lfw\Brigitte_Boisselier\Brigitte_Boisselier_0002.jpg,1,0.63491064
8,data\calibration\lfw\lfw\Bruce_Springsteen\Bruce_Springsteen_0001.jpg,data\calibration\lfw\lfw\Bruce_Springsteen\Bruce_Springsteen_0002.jpg,1,0.61686611
8,data\calibration\lfw\lfw\Bruce_Springsteen\Bruce_Springsteen_0001.jpg,data\calibration\lfw\lfw\Bruce_Springsteen\Bruce_Springsteen_0003.jpg,1,0.60525090
8,data\calibration\lfw\lfw\Bruce_Springsteen\Bruce_Springsteen_0002.jpg,data\calibration\lfw\lfw\Bruce_Springsteen\Bruce_Springsteen_0003.jpg,1,0.68079144
8,data\calibration\lfw\lfw\Bruce_Springsteen\Bruce_Springsteen_0002.jpg,data\calibration\lfw\lfw\Bruce_Springsteen\Bruce_Springsteen_0004.jpg,1,0.49414697
8,data\calibration\lfw\lfw\Calista_Flockhart\Calista_Flockhart_0001.jpg,data\calibration\lfw\lfw\Calista_Flockhart\Calista_Flockhart_0005.jpg,1,0.07659179
8,data\calibration\lfw\lfw\Calista_Flockhart\Calista_Flockhart_0004.jpg,data\calibration\lfw\lfw\Calista_Flockhart\Calista_Flockhart_0006.jpg,1,0.64662629
8,data\calibration\lfw\lfw\Cameron_Diaz\Cameron_Diaz_0001.jpg,data\calibration\lfw\lfw\Cameron_Diaz\Cameron_Diaz_0003.jpg,1,0.57525867
8,data\calibration\lfw\lfw\Cameron_Diaz\Cameron_Diaz_0003.jpg,data\calibration\lfw\lfw\Cameron_Diaz\Cameron_Diaz_0006.jpg,1,0.57641679
8,data\calibration\lfw\lfw\Carol_Moseley_Braun\Carol_Moseley_Braun_0001.jpg,data\calibration\lfw\lfw\Carol_Moseley_Braun\Carol_Moseley_Braun_0002.jpg,1,0.59105933
8,data\calibration\lfw\lfw\Carrie-Anne_Moss\Carrie-Anne_Moss_0001.jpg,data\calibration\lfw\lfw\Carrie-Anne_Moss\Carrie-Anne_Moss_0003.jpg,1,0.63207543
8,data\calibration\lfw\lfw\Carrie-Anne_Moss\Carrie-Anne_Moss_0001.jpg,data\calibration\lfw\lfw\Carrie-Anne_Moss\Carrie-Anne_Moss_0005.jpg,1,0.62101656
8,data\calibration\lfw\lfw\Carrie-Anne_Moss\Carrie-Anne_Moss_0002.jpg,data\calibration\lfw\lfw\Carrie-Anne_Moss\Carrie-Anne_Moss_0005.jpg,1,0.69406068
8,data\calibration\lfw\lfw\Carrie-Anne_Moss\Carrie-Anne_Moss_0003.jpg,data\calibration\lfw\lfw\Carrie-Anne_Moss\Carrie-Anne_Moss_0005.jpg,1,0.80268401
8,data\calibration\lfw\lfw\Carrie-Anne_Moss\Carrie-Anne_Moss_0004.jpg,data\calibration\lfw\lfw\Carrie-Anne_Moss\Carrie-Anne_Moss_0005.jpg,1,0.79057896
8,data\calibration\lfw\lfw\Charlton_Heston\Charlton_Heston_0001.jpg,data\calibration\lfw\lfw\Charlton_Heston\Charlton_Heston_0005.jpg,1,0.60879833
8,data\calibration\lfw\lfw\Charlton_Heston\Charlton_Heston_0002.jpg,data\calibration\lfw\lfw\Charlton_Heston\Charlton_Heston_0005.jpg,1,0.59333581
8,data\calibration\lfw\lfw\Charlton_Heston\Charlton_Heston_0004.jpg,data\calibration\lfw\lfw\Charlton_Heston\Charlton_Heston_0006.jpg,1,0.55422992
8,data\calibration\lfw\lfw\Chris_Bell\Chris_Bell_0001.jpg,data\calibration\lfw\lfw\Chris_Bell\Chris_Bell_0002.jpg,1,0.83324033
8,data\calibration\lfw\lfw\Chung_Mong-hun\Chung_Mong-hun_0001.jpg,data\calibration\lfw\lfw\Chung_Mong-hun\Chung_Mong-hun_0002.jpg,1,0.66535562
8,data\calibration\lfw\lfw\Ciro_Gomes\Ciro_Gomes_0001.jpg,data\calibration\lfw\lfw\Ciro_Gomes\Ciro_Gomes_0002.jpg,1,0.66217333
8,data\calibration\lfw\lfw\Ciro_Gomes\Ciro_Gomes_0002.jpg,data\calibration\lfw\lfw\Ciro_Gomes\Ciro_Gomes_0005.jpg,1,0.73185110
8,data\calibration\lfw\lfw\Ciro_Gomes\Ciro_Gomes_0003.jpg,data\calibration\lfw\lfw\Ciro_Gomes\Ciro_Gomes_0005.jpg,1,0.78543973
8,data\calibration\lfw\lfw\Colin_Montgomerie\Colin_Montgomerie_0001.jpg,data\calibration\lfw\lfw\Colin_Montgomerie\Colin_Montgomerie_0004.jpg,1,0.44966447
8,data\calibration\lfw\lfw\Colin_Montgomerie\Colin_Montgomerie_0002.jpg,data\calibration\lfw\lfw\Colin_Montgomerie\Colin_Montgomerie_0003.jpg,1,0.48155570
8,data\calibration\lfw\lfw\Colin_Montgomerie\Colin_Montgomerie_0002.jpg,data\calibration\lfw\lfw\Colin_Montgomerie\Colin_Montgomerie_0005.jpg,1,0.65320545
8,data\calibration\lfw\lfw\Colin_Montgomerie\Colin_Montgomerie_0004.jpg,data\calibration\lfw\lfw\Colin_Montgomerie\Colin_Montgomerie_0005.jpg,1,0.47791007
8,data\calibration\lfw\lfw\David_Trimble\David_Trimble_0001.jpg,data\calibration\lfw\lfw\David_Trimble\David_Trimble_0004.jpg,1,0.71064562
8,data\calibration\lfw\lfw\David_Trimble\David_Trimble_0001.jpg,data\calibration\lfw\lfw\David_Trimble\David_Trimble_0005.jpg,1,0.77649373
8,data\calibration\lfw\lfw\David_Trimble\David_Trimble_0003.jpg,data\calibration\lfw\lfw\David_Trimble\David_Trimble_0004.jpg,1,0.68477350
8,data\calibration\lfw\lfw\David_Wolf\David_Wolf_0001.jpg,data\calibration\lfw\lfw\David_Wolf\David_Wolf_0002.jpg,1,0.64115238
8,data\calibration\lfw\lfw\Demetrius_Ferraciu\Demetrius_Ferraciu_0001.jpg,data\calibration\lfw\lfw\Demetrius_Ferraciu\Demetrius_Ferraciu_0002.jpg,1,0.58928901
8,data\calibration\lfw\lfw\Dennis_Powell\Dennis_Powell_0001.jpg,data\calibration\lfw\lfw\Dennis_Powell\Dennis_Powell_0002.jpg,1,0.65340555
8,data\calibration\lfw\lfw\Desiree_Lemosi\Desiree_Lemosi_0001.jpg,data\calibration\lfw\lfw\Desiree_Lemosi\Desiree_Lemosi_0002.jpg,1,0.60583293
8,data\calibration\lfw\lfw\Dolma_Tsering\Dolma_Tsering_0001.jpg,data\calibration\lfw\lfw\Dolma_Tsering\Dolma_Tsering_0002.jpg,1,0.80579466
8,data\calibration\lfw\lfw\Doug_Melvin\Doug_Melvin_0001.jpg,data\calibration\lfw\lfw\Doug_Melvin\Doug_Melvin_0002.jpg,1,0.80819011
8,data\calibration\lfw\lfw\Edward_Norton\Edward_Norton_0001.jpg,data\calibration\lfw\lfw\Edward_Norton\Edward_Norton_0002.jpg,1,0.60219574
8,data\calibration\lfw\lfw\Emanuel_Ginobili\Emanuel_Ginobili_0002.jpg,data\calibration\lfw\lfw\Emanuel_Ginobili\Emanuel_Ginobili_0003.jpg,1,0.67946225
8,data\calibration\lfw\lfw\Eric_Clapton\Eric_Clapton_0001.jpg,data\calibration\lfw\lfw\Eric_Clapton\Eric_Clapton_0002.jpg,1,0.65086931
8,data\calibration\lfw\lfw\Fabiola_Zuluaga\Fabiola_Zuluaga_0001.jpg,data\calibration\lfw\lfw\Fabiola_Zuluaga\Fabiola_Zuluaga_0002.jpg,1,0.67418689
8,data\calibration\lfw\lfw\Faye_Dunaway\Faye_Dunaway_0001.jpg,data\calibration\lfw\lfw\Faye_Dunaway\Faye_Dunaway_0002.jpg,1,0.61357522
8,data\calibration\lfw\lfw\Ferenc_Madl\Ferenc_Madl_0001.jpg,data\calibration\lfw\lfw\Ferenc_Madl\Ferenc_Madl_0002.jpg,1,0.60815442
8,data\calibration\lfw\lfw\Fernando_Gonzalez\Fernando_Gonzalez_0001.jpg,data\calibration\lfw\lfw\Fernando_Gonzalez\Fernando_Gonzalez_0005.jpg,1,0.58207285
8,data\calibration\lfw\lfw\Fernando_Gonzalez\Fernando_Gonzalez_0001.jpg,data\calibration\lfw\lfw\Fernando_Gonzalez\Fernando_Gonzalez_0008.jpg,1,0.48323721
8,data\calibration\lfw\lfw\Fernando_Gonzalez\Fernando_Gonzalez_0002.jpg,data\calibration\lfw\lfw\Fernando_Gonzalez\Fernando_Gonzalez_0006.jpg,1,0.55002087
8,data\calibration\lfw\lfw\Filippo_Inzaghi\Filippo_Inzaghi_0001.jpg,data\calibration\lfw\lfw\Filippo_Inzaghi\Filippo_Inzaghi_0002.jpg,1,0.54876059
8,data\calibration\lfw\lfw\Filippo_Inzaghi\Filippo_Inzaghi_0001.jpg,data\calibration\lfw\lfw\Filippo_Inzaghi\Filippo_Inzaghi_0003.jpg,1,0.50900781
8,data\calibration\lfw\lfw\Filippo_Inzaghi\Filippo_Inzaghi_0002.jpg,data\calibration\lfw\lfw\Filippo_Inzaghi\Filippo_Inzaghi_0003.jpg,1,0.52724028
8,data\calibration\lfw\lfw\Francis_George\Francis_George_0001.jpg,data\calibration\lfw\lfw\Francis_George\Francis_George_0002.jpg,1,0.69397491
8,data\calibration\lfw\lfw\Franz_Beckenbauer\Franz_Beckenbauer_0001.jpg,data\calibration\lfw\lfw\Franz_Beckenbauer\Franz_Beckenbauer_0002.jpg,1,0.65462226
8,data\calibration\lfw\lfw\Franz_Muentefering\Franz_Muentefering_0001.jpg,data\calibration\lfw\lfw\Franz_Muentefering\Franz_Muentefering_0002.jpg,1,0.78647810
8,data\calibration\lfw\lfw\Franz_Muentefering\Franz_Muentefering_0003.jpg,data\calibration\lfw\lfw\Franz_Muentefering\Franz_Muentefering_0004.jpg,1,0.53093994
8,data\calibration\lfw\lfw\Gary_Bergeron\Gary_Bergeron_0001.jpg,data\calibration\lfw\lfw\Gary_Bergeron\Gary_Bergeron_0002.jpg,1,0.64931691
8,data\calibration\lfw\lfw\George_Foreman\George_Foreman_0001.jpg,data\calibration\lfw\lfw\George_Foreman\George_Foreman_0002.jpg,1,0.67784053
8,data\calibration\lfw\lfw\George_Pataki\George_Pataki_0001.jpg,data\calibration\lfw\lfw\George_Pataki\George_Pataki_0003.jpg,1,0.74121010
8,data\calibration\lfw\lfw\George_Pataki\George_Pataki_0003.jpg,data\calibration\lfw\lfw\George_Pataki\George_Pataki_0004.jpg,1,0.53835094
8,data\calibration\lfw\lfw\George_Pataki\George_Pataki_0003.jpg,data\calibration\lfw\lfw\George_Pataki\George_Pataki_0005.jpg,1,0.72765261
8,data\calibration\lfw\lfw\George_Roy_Hill\George_Roy_Hill_0001.jpg,data\calibration\lfw\lfw\George_Roy_Hill\George_Roy_Hill_0002.jpg,1,0.75769824
8,data\calibration\lfw\lfw\Gonzalo_Sanchez_de_Lozada\Gonzalo_Sanchez_de_Lozada_0007.jpg,data\calibration\lfw\lfw\Gonzalo_Sanchez_de_Lozada\Gonzalo_Sanchez_de_Lozada_0008.jpg,1,0.68367845
8,data\calibration\lfw\lfw\Gonzalo_Sanchez_de_Lozada\Gonzalo_Sanchez_de_Lozada_0007.jpg,data\calibration\lfw\lfw\Gonzalo_Sanchez_de_Lozada\Gonzalo_Sanchez_de_Lozada_0010.jpg,1,0.66353214
8,data\calibration\lfw\lfw\Gonzalo_Sanchez_de_Lozada\Gonzalo_Sanchez_de_Lozada_0008.jpg,data\calibration\lfw\lfw\Gonzalo_Sanchez_de_Lozada\Gonzalo_Sanchez_de_Lozada_0011.jpg,1,0.71877289
8,data\calibration\lfw\lfw\Gonzalo_Sanchez_de_Lozada\Gonzalo_Sanchez_de_Lozada_0008.jpg,data\calibration\lfw\lfw\Gonzalo_Sanchez_de_Lozada\Gonzalo_Sanchez_de_Lozada_0012.jpg,1,0.73309010
8,data\calibration\lfw\lfw\Gregory_Geoffroy\Gregory_Geoffroy_0001.jpg,data\calibration\lfw\lfw\Gregory_Geoffroy\Gregory_Geoffroy_0002.jpg,1,0.79994065
8,data\calibration\lfw\lfw\Guillermo_Coria\Guillermo_Coria_0007.jpg,data\calibration\lfw\lfw\Guillermo_Coria\Guillermo_Coria_0013.jpg,1,0.50455815
8,data\calibration\lfw\lfw\Guillermo_Coria\Guillermo_Coria_0019.jpg,data\calibration\lfw\lfw\Guillermo_Coria\Guillermo_Coria_0022.jpg,1,0.62296301
8,data\calibration\lfw\lfw\Habib_Rizieq\Habib_Rizieq_0001.jpg,data\calibration\lfw\lfw\Habib_Rizieq\Habib_Rizieq_0003.jpg,1,0.61620921
8,data\calibration\lfw\lfw\Habib_Rizieq\Habib_Rizieq_0002.jpg,data\calibration\lfw\lfw\Habib_Rizieq\Habib_Rizieq_0003.jpg,1,0.73072559
8,data\calibration\lfw\lfw\Hamid_Karzai\Hamid_Karzai_0001.jpg,data\calibration\lfw\lfw\Hamid_Karzai\Hamid_Karzai_0003.jpg,1,0.71145391
8,data\calibration\lfw\lfw\Hamid_Karzai\Hamid_Karzai_0004.jpg,data\calibration\lfw\lfw\Hamid_Karzai\Hamid_Karzai_0013.jpg,1,0.72489601
8,data\calibration\lfw\lfw\Hamid_Karzai\Hamid_Karzai_0019.jpg,data\calibration\lfw\lfw\Hamid_Karzai\Hamid_Karzai_0022.jpg,1,0.59975070
8,data\calibration\lfw\lfw\Hilmi_Ozkok\Hilmi_Ozkok_0001.jpg,data\calibration\lfw\lfw\Hilmi_Ozkok\Hilmi_Ozkok_0002.jpg,1,0.85460567
8,data\calibration\lfw\lfw\Horst_Koehler\Horst_Koehler_0001.jpg,data\calibration\lfw\lfw\Horst_Koehler\Horst_Koehler_0002.jpg,1,0.68014783
8,data\calibration\lfw\lfw\Horst_Koehler\Horst_Koehler_0001.jpg,data\calibration\lfw\lfw\Horst_Koehler\Horst_Koehler_0003.jpg,1,0.61574090
8,data\calibration\lfw\lfw\Horst_Koehler\Horst_Koehler_0002.jpg,data\calibration\lfw\lfw\Horst_Koehler\Horst_Koehler_0003.jpg,1,0.57173491
8,data\calibration\lfw\lfw\Howard_Schultz\Howard_Schultz_0001.jpg,data\calibration\lfw\lfw\Howard_Schultz\Howard_Schultz_0002.jpg,1,0.72533077
8,data\calibration\lfw\lfw\Ilan_Ramon\Ilan_Ramon_0001.jpg,data\calibration\lfw\lfw\Ilan_Ramon\Ilan_Ramon_0002.jpg,1,0.63017929
8,data\calibration\lfw\lfw\Javier_Solana\Javier_Solana_0004.jpg,data\calibration\lfw\lfw\Javier_Solana\Javier_Solana_0008.jpg,1,0.70046878
8,data\calibration\lfw\lfw\Javier_Solana\Javier_Solana_0006.jpg,data\calibration\lfw\lfw\Javier_Solana\Javier_Solana_0009.jpg,1,0.56176418
8,data\calibration\lfw\lfw\Javier_Solana\Javier_Solana_0006.jpg,data\calibration\lfw\lfw\Javier_Solana\Javier_Solana_0010.jpg,1,0.71714860
8,data\calibration\lfw\lfw\Jay_Garner\Jay_Garner_0001.jpg,data\calibration\lfw\lfw\Jay_Garner\Jay_Garner_0003.jpg,1,0.69165659
8,data\calibration\lfw\lfw\Jean-Claude_Braquet\Jean-Claude_Braquet_0001.jpg,data\calibration\lfw\lfw\Jean-Claude_Braquet\Jean-Claude_Braquet_0002.jpg,1,0.74787086
8,data\calibration\lfw\lfw\Jean-Claude_Trichet\Jean-Claude_Trichet_0001.jpg,data\calibration\lfw\lfw\Jean-Claude_Trichet\Jean-Claude_Trichet_0002.jpg,1,0.66027588
8,data\calibration\lfw\lfw\Jean_Charest\Jean_Charest_0001.jpg,data\calibration\lfw\lfw\Jean_Charest\Jean_Charest_0010.jpg,1,0.08012408
8,data\calibration\lfw\lfw\Jean_Charest\Jean_Charest_0002.jpg,data\calibration\lfw\lfw\Jean_Charest\Jean_Charest_0011.jpg,1,0.62632650
8,data\calibration\lfw\lfw\Jean_Charest\Jean_Charest_0007.jpg,data\calibration\lfw\lfw\Jean_Charest\Jean_Charest_0010.jpg,1,0.63949734
8,data\calibration\lfw\lfw\Jean_Charest\Jean_Charest_0008.jpg,data\calibration\lfw\lfw\Jean_Charest\Jean_Charest_0013.jpg,1,0.59708804
8,data\calibration\lfw\lfw\Jean_Charest\Jean_Charest_0008.jpg,data\calibration\lfw\lfw\Jean_Charest\Jean_Charest_0017.jpg,1,0.55413604
8,data\calibration\lfw\lfw\Jefferson_Perez\Jefferson_Perez_0001.jpg,data\calibration\lfw\lfw\Jefferson_Perez\Jefferson_Perez_0002.jpg,1,0.58751571
8,data\calibration\lfw\lfw\Jim_Edmonds\Jim_Edmonds_0001.jpg,data\calibration\lfw\lfw\Jim_Edmonds\Jim_Edmonds_0002.jpg,1,0.49862602
8,data\calibration\lfw\lfw\John_Kerry\John_Kerry_0001.jpg,data\calibration\lfw\lfw\John_Kerry\John_Kerry_0005.jpg,1,0.76780653
8,data\calibration\lfw\lfw\John_Kerry\John_Kerry_0003.jpg,data\calibration\lfw\lfw\John_Kerry\John_Kerry_0004.jpg,1,0.82560372
8,data\calibration\lfw\lfw\John_Kerry\John_Kerry_0004.jpg,data\calibration\lfw\lfw\John_Kerry\John_Kerry_0012.jpg,1,0.62675601
8,data\calibration\lfw\lfw\John_Kerry\John_Kerry_0009.jpg,data\calibration\lfw\lfw\John_Kerry\John_Kerry_0013.jpg,1,0.83961606
8,data\calibration\lfw\lfw\John_Malkovich\John_Malkovich_0001.jpg,data\calibration\lfw\lfw\John_Malkovich\John_Malkovich_0002.jpg,1,0.73208946
8,data\calibration\lfw\lfw\John_Malkovich\John_Malkovich_0001.jpg,data\calibration\lfw\lfw\John_Malkovich\John_Malkovich_0003.jpg,1,0.71478140
8,data\calibration\lfw\lfw\John_McCallum\John_McCallum_0001.jpg,data\calibration\lfw\lfw\John_McCallum\John_McCallum_0002.jpg,1,0.60118359
8,data\calibration\lfw\lfw\John_McEnroe\John_McEnroe_0001.jpg,data\calibration\lfw\lfw\John_McEnroe\John_McEnroe_0002.jpg,1,0.60977906
8,data\calibration\lfw\lfw\John_Rosa\John_Rosa_0001.jpg,data\calibration\lfw\lfw\John_Rosa\John_Rosa_0003.jpg,1,0.75169516
8,data\calibration\lfw\lfw\Johnny_Unitas\Johnny_Unitas_0001.jpg,data\calibration\lfw\lfw\Johnny_Unitas\Johnny_Unitas_0002.jpg,1,0.76299614
8,data\calibration\lfw\lfw\Jong_Wook_Lee\Jong_Wook_Lee_0003.jpg,data\calibration\lfw\lfw\Jong_Wook_Lee\Jong_Wook_Lee_0004.jpg,1,0.73553932
8,data\calibration\lfw\lfw\Jose_Maria_Aznar\Jose_Maria_Aznar_0001.jpg,data\calibration\lfw\lfw\Jose_Maria_Aznar\Jose_Maria_Aznar_0013.jpg,1,0.70672596
8,data\calibration\lfw\lfw\Jose_Maria_Aznar\Jose_Maria_Aznar_0006.jpg,data\calibration\lfw\lfw\Jose_Maria_Aznar\Jose_Maria_Aznar_0013.jpg,1,0.71339810
8,data\calibration\lfw\lfw\Jose_Maria_Aznar\Jose_Maria_Aznar_0006.jpg,data\calibration\lfw\lfw\Jose_Maria_Aznar\Jose_Maria_Aznar_0020.jpg,1,0.64518338
8,data\calibration\lfw\lfw\Jose_Maria_Aznar\Jose_Maria_Aznar_0015.jpg,data\calibration\lfw\lfw\Jose_Maria_Aznar\Jose_Maria_Aznar_0023.jpg,1,0.69266802
8,data\calibration\lfw\lfw\Jose_Maria_Aznar\Jose_Maria_Aznar_0017.jpg,data\calibration\lfw\lfw\Jose_Maria_Aznar\Jose_Maria_Aznar_0022.jpg,1,0.67999870
8,data\calibration\lfw\lfw\Julianne_Moore\Julianne_Moore_0004.jpg,data\calibration\lfw\lfw\Julianne_Moore\Julianne_Moore_0009.jpg,1,0.75301260
8,data\calibration\lfw\lfw\Julianne_Moore\Julianne_Moore_0006.jpg,data\calibration\lfw\lfw\Julianne_Moore\Julianne_Moore_0016.jpg,1,0.04523713
8,data\calibration\lfw\lfw\Julianne_Moore\Julianne_Moore_0006.jpg,data\calibration\lfw\lfw\Julianne_Moore\Julianne_Moore_0019.jpg,1,0.01541009
8,data\calibration\lfw\lfw\Julianne_Moore\Julianne_Moore_0007.jpg,data\calibration\lfw\lfw\Julianne_Moore\Julianne_Moore_0018.jpg,1,0.60038233
8,data\calibration\lfw\lfw\Julianne_Moore\Julianne_Moore_0012.jpg,data\calibration\lfw\lfw\Julianne_Moore\Julianne_Moore_0015.jpg,1,0.70906085
8,data\calibration\lfw\lfw\Julio_Iglesias_Jr\Julio_Iglesias_Jr_0001.jpg,data\calibration\lfw\lfw\Julio_Iglesias_Jr\Julio_Iglesias_Jr_0002.jpg,1,0.70109242
8,data\calibration\lfw\lfw\Justin_Timberlake\Justin_Timberlake_0001.jpg,data\calibration\lfw\lfw\Justin_Timberlake\Justin_Timberlake_0002.jpg,1,0.63435930
8,data\calibration\lfw\lfw\Justin_Timberlake\Justin_Timberlake_0001.jpg,data\calibration\lfw\lfw\Justin_Timberlake\Justin_Timberlake_0003.jpg,1,0.63521516
8,data\calibration\lfw\lfw\Justin_Timberlake\Justin_Timberlake_0005.jpg,data\calibration\lfw\lfw\Justin_Timberlake\Justin_Timberlake_0006.jpg,1,0.72162604
8,data\calibration\lfw\lfw\Justin_Timberlake\Justin_Timberlake_0006.jpg,data\calibration\lfw\lfw\Justin_Timberlake\Justin_Timberlake_0008.jpg,1,0.64225805
8,data\calibration\lfw\lfw\Justine_Pasek\Justine_Pasek_0002.jpg,data\calibration\lfw\lfw\Justine_Pasek\Justine_Pasek_0005.jpg,1,0.66567433
8,data\calibration\lfw\lfw\Justine_Pasek\Justine_Pasek_0002.jpg,data\calibration\lfw\lfw\Justine_Pasek\Justine_Pasek_0006.jpg,1,0.63042289
8,data\calibration\lfw\lfw\Justine_Pasek\Justine_Pasek_0006.jpg,data\calibration\lfw\lfw\Justine_Pasek\Justine_Pasek_0007.jpg,1,0.68404937
8,data\calibration\lfw\lfw\Kathleen_Glynn\Kathleen_Glynn_0001.jpg,data\calibration\lfw\lfw\Kathleen_Glynn\Kathleen_Glynn_0002.jpg,1,0.71288115
8,data\calibration\lfw\lfw\Kim_Dae-jung\Kim_Dae-jung_0001.jpg,data\calibration\lfw\lfw\Kim_Dae-jung\Kim_Dae-jung_0003.jpg,1,0.61685926
8,data\calibration\lfw\lfw\Kim_Dae-jung\Kim_Dae-jung_0001.jpg,data\calibration\lfw\lfw\Kim_Dae-jung\Kim_Dae-jung_0005.jpg,1,0.65595382
8,data\calibration\lfw\lfw\Kim_Dae-jung\Kim_Dae-jung_0002.jpg,data\calibration\lfw\lfw\Kim_Dae-jung\Kim_Dae-jung_0003.jpg,1,0.12759818
8,data\calibration\lfw\lfw\Kim_Dae-jung\Kim_Dae-jung_0004.jpg,data\calibration\lfw\lfw\Kim_Dae-jung\Kim_Dae-jung_0006.jpg,1,0.64856255
8,data\calibration\lfw\lfw\Kirk_Johnson\Kirk_Johnson_0001.jpg,data\calibration\lfw\lfw\Kirk_Johnson\Kirk_Johnson_0002.jpg,1,0.78956932
8,data\calibration\lfw\lfw\Kirk_Johnson\Kirk_Johnson_0001.jpg,data\calibration\lfw\lfw\Kirk_Johnson\Kirk_Johnson_0003.jpg,1,0.83812070
8,data\calibration\lfw\lfw\Kirk_Johnson\Kirk_Johnson_0002.jpg,data\calibration\lfw\lfw\Kirk_Johnson\Kirk_Johnson_0003.jpg,1,0.82684267
8,data\calibration\lfw\lfw\Kosuke_Kitajima\Kosuke_Kitajima_0001.jpg,data\calibration\lfw\lfw\Kosuke_Kitajima\Kosuke_Kitajima_0002.jpg,1,0.01771251
8,data\calibration\lfw\lfw\Kurt_Russell\Kurt_Russell_0001.jpg,data\calibration\lfw\lfw\Kurt_Russell\Kurt_Russell_0002.jpg,1,0.65097117
8,data\calibration\lfw\lfw\Larry_Coker\Larry_Coker_0001.jpg,data\calibration\lfw\lfw\Larry_Coker\Larry_Coker_0004.jpg,1,0.70956093
8,data\calibration\lfw\lfw\Larry_Coker\Larry_Coker_0002.jpg,data\calibration\lfw\lfw\Larry_Coker\Larry_Coker_0004.jpg,1,0.72618741
8,data\calibration\lfw\lfw\Larry_Ellison\Larry_Ellison_0001.jpg,data\calibration\lfw\lfw\Larry_Ellison\Larry_Ellison_0002.jpg,1,0.78613663
8,data\calibration\lfw\lfw\Larry_Ellison\Larry_Ellison_0001.jpg,data\calibration\lfw\lfw\Larry_Ellison\Larry_Ellison_0003.jpg,1,0.69690025
8,data\calibration\lfw\lfw\Lawrence_MacAulay\Lawrence_MacAulay_0001.jpg,data\calibration\lfw\lfw\Lawrence_MacAulay\Lawrence_MacAulay_0002.jpg,1,0.67041677
8,data\calibration\lfw\lfw\LeBron_James\LeBron_James_0001.jpg,data\calibration\lfw\lfw\LeBron_James\LeBron_James_0004.jpg,1,0.63846445
8,data\calibration\lfw\lfw\LeBron_James\LeBron_James_0001.jpg,data\calibration\lfw\lfw\LeBron_James\LeBron_James_0005.jpg,1,0.06397575
8,data\calibration\lfw\lfw\LeBron_James\LeBron_James_0003.jpg,data\calibration\lfw\lfw\LeBron_James\LeBron_James_0004.jpg,1,0.65438873
8,data\calibration\lfw\lfw\LeBron_James\LeBron_James_0004.jpg,data\calibration\lfw\lfw\LeBron_James\LeBron_James_0005.jpg,1,0.13743681
8,data\calibration\lfw\lfw\Lea_Fastow\Lea_Fastow_0001.jpg,data\calibration\lfw\lfw\Lea_Fastow\Lea_Fastow_0002.jpg,1,0.81349581
8,data\calibration\lfw\lfw\Lee_Hoi-chang\Lee_Hoi-chang_0001.jpg,data\calibration\lfw\lfw\Lee_Hoi-chang\Lee_Hoi-chang_0002.jpg,1,0.79305893
8,data\calibration\lfw\lfw\Lee_Hoi-chang\Lee_Hoi-chang_0002.jpg,data\calibration\lfw\lfw\Lee_Hoi-chang\Lee_Hoi-chang_0004.jpg,1,0.73866546
8,data\calibration\lfw\lfw\Li_Peng\Li_Peng_0002.jpg,data\calibration\lfw\lfw\Li_Peng\Li_Peng_0006.jpg,1,0.72948825
8,data\calibration\lfw\lfw\Li_Peng\Li_Peng_0004.jpg,data\calibration\lfw\lfw\Li_Peng\Li_Peng_0007.jpg,1,0.70025998
8,data\calibration\lfw\lfw\Li_Peng\Li_Peng_0004.jpg,data\calibration\lfw\lfw\Li_Peng\Li_Peng_0008.jpg,1,0.63490170
8,data\calibration\lfw\lfw\Li_Peng\Li_Peng_0004.jpg,data\calibration\lfw\lfw\Li_Peng\Li_Peng_0009.jpg,1,0.60157156
8,data\calibration\lfw\lfw\Lim_Dong-won\Lim_Dong-won_0001.jpg,data\calibration\lfw\lfw\Lim_Dong-won\Lim_Dong-won_0002.jpg,1,0.73199904
8,data\calibration\lfw\lfw\Lindsay_Benko\Lindsay_Benko_0001.jpg,data\calibration\lfw\lfw\Lindsay_Benko\Lindsay_Benko_0002.jpg,1,0.65393215
8,data\calibration\lfw\lfw\Lou_Piniella\Lou_Piniella_0001.jpg,data\calibration\lfw\lfw\Lou_Piniella\Lou_Piniella_0003.jpg,1,0.57603592
8,data\calibration\lfw\lfw\Lou_Piniella\Lou_Piniella_0002.jpg,data\calibration\lfw\lfw\Lou_Piniella\Lou_Piniella_0003.jpg,1,0.62383389
8,data\calibration\lfw\lfw\Lucio_Gutierrez\Lucio_Gutierrez_0001.jpg,data\calibration\lfw\lfw\Lucio_Gutierrez\Lucio_Gutierrez_0002.jpg,1,0.68645769
8,data\calibration\lfw\lfw\Lucio_Gutierrez\Lucio_Gutierrez_0003.jpg,data\calibration\lfw\lfw\Lucio_Gutierrez\Lucio_Gutierrez_0010.jpg,1,0.77090704
8,data\calibration\lfw\lfw\Lucio_Gutierrez\Lucio_Gutierrez_0006.jpg,data\calibration\lfw\lfw\Lucio_Gutierrez\Lucio_Gutierrez_0007.jpg,1,0.64777017
8,data\calibration\lfw\lfw\Lucio_Gutierrez\Lucio_Gutierrez_0006.jpg,data\calibration\lfw\lfw\Lucio_Gutierrez\Lucio_Gutierrez_0008.jpg,1,0.81446815
8,data\calibration\lfw\lfw\Lucio_Gutierrez\Lucio_Gutierrez_0008.jpg,data\calibration\lfw\lfw\Lucio_Gutierrez\Lucio_Gutierrez_0013.jpg,1,0.63289660
8,data\calibration\lfw\lfw\Luis_Figo\Luis_Figo_0002.jpg,data\calibration\lfw\lfw\Luis_Figo\Luis_Figo_0003.jpg,1,0.63921309
8,data\calibration\lfw\lfw\Luis_Figo\Luis_Figo_0002.jpg,data\calibration\lfw\lfw\Luis_Figo\Luis_Figo_0004.jpg,1,0.66205335
8,data\calibration\lfw\lfw\Luke_Walton\Luke_Walton_0001.jpg,data\calibration\lfw\lfw\Luke_Walton\Luke_Walton_0002.jpg,1,0.74367213
8,data\calibration\lfw\lfw\Marat_Safin\Marat_Safin_0001.jpg,data\calibration\lfw\lfw\Marat_Safin\Marat_Safin_0002.jpg,1,0.58748561
8,data\calibration\lfw\lfw\Marat_Safin\Marat_Safin_0001.jpg,data\calibration\lfw\lfw\Marat_Safin\Marat_Safin_0003.jpg,1,0.64413553
8,data\calibration\lfw\lfw\Marat_Safin\Marat_Safin_0002.jpg,data\calibration\lfw\lfw\Marat_Safin\Marat_Safin_0003.jpg,1,0.62513429
8,data\calibration\lfw\lfw\Mariana_Pollack\Mariana_Pollack_0001.jpg,data\calibration\lfw\lfw\Mariana_Pollack\Mariana_Pollack_0003.jpg,1,0.08024244
8,data\calibration\lfw\lfw\Mariana_Pollack\Mariana_Pollack_0002.jpg,data\calibration\lfw\lfw\Mariana_Pollack\Mariana_Pollack_0003.jpg,1,0.05274950
8,data\calibration\lfw\lfw\Martin_McGuinness\Martin_McGuinness_0003.jpg,data\calibration\lfw\lfw\Martin_McGuinness\Martin_McGuinness_0004.jpg,1,0.74435890
8,data\calibration\lfw\lfw\Masahiko_Nagasawa\Masahiko_Nagasawa_0001.jpg,data\calibration\lfw\lfw\Masahiko_Nagasawa\Masahiko_Nagasawa_0002.jpg,1,0.66329288
8,data\calibration\lfw\lfw\Michael_Chiklis\Michael_Chiklis_0001.jpg,data\calibration\lfw\lfw\Michael_Chiklis\Michael_Chiklis_0004.jpg,1,0.71856898
8,data\calibration\lfw\lfw\Michael_Chiklis\Michael_Chiklis_0001.jpg,data\calibration\lfw\lfw\Michael_Chiklis\Michael_Chiklis_0005.jpg,1,0.71298736
8,data\calibration\lfw\lfw\Michael_Chiklis\Michael_Chiklis_0002.jpg,data\calibration\lfw\lfw\Michael_Chiklis\Michael_Chiklis_0003.jpg,1,0.47249630
8,data\calibration\lfw\lfw\Michael_Chiklis\Michael_Chiklis_0002.jpg,data\calibration\lfw\lfw\Michael_Chiklis\Michael_Chiklis_0004.jpg,1,0.60660285
8,data\calibration\lfw\lfw\Michael_Chiklis\Michael_Chiklis_0003.jpg,data\calibration\lfw\lfw\Michael_Chiklis\Michael_Chiklis_0005.jpg,1,0.56568134
8,data\calibration\lfw\lfw\Michael_Chiklis\Michael_Chiklis_0004.jpg,data\calibration\lfw\lfw\Michael_Chiklis\Michael_Chiklis_0005.jpg,1,0.58835077
8,data\calibration\lfw\lfw\Michael_Douglas\Michael_Douglas_0001.jpg,data\calibration\lfw\lfw\Michael_Douglas\Michael_Douglas_0002.jpg,1,0.70958245
8,data\calibration\lfw\lfw\Michael_Douglas\Michael_Douglas_0001.jpg,data\calibration\lfw\lfw\Michael_Douglas\Michael_Douglas_0003.jpg,1,0.73746371
8,data\calibration\lfw\lfw\Michael_Douglas\Michael_Douglas_0002.jpg,data\calibration\lfw\lfw\Michael_Douglas\Michael_Douglas_0004.jpg,1,0.65434784
8,data\calibration\lfw\lfw\Michael_Douglas\Michael_Douglas_0003.jpg,data\calibration\lfw\lfw\Michael_Douglas\Michael_Douglas_0006.jpg,1,0.69073880
8,data\calibration\lfw\lfw\Michael_Douglas\Michael_Douglas_0004.jpg,data\calibration\lfw\lfw\Michael_Douglas\Michael_Douglas_0005.jpg,1,0.64543951
8,data\calibration\lfw\lfw\Michael_Kostelnik\Michael_Kostelnik_0001.jpg,data\calibration\lfw\lfw\Michael_Kostelnik\Michael_Kostelnik_0002.jpg,1,0.65193033
8,data\calibration\lfw\lfw\Michael_Leavitt\Michael_Leavitt_0001.jpg,data\calibration\lfw\lfw\Michael_Leavitt\Michael_Leavitt_0002.jpg,1,0.69687927
8,data\calibration\lfw\lfw\Michelle_Branch\Michelle_Branch_0001.jpg,data\calibration\lfw\lfw\Michelle_Branch\Michelle_Branch_0002.jpg,1,0.58640039
8,data\calibration\lfw\lfw\Michelle_Kwan\Michelle_Kwan_0001.jpg,data\calibration\lfw\lfw\Michelle_Kwan\Michelle_Kwan_0004.jpg,1,0.64834398
8,data\calibration\lfw\lfw\Michelle_Kwan\Michelle_Kwan_0004.jpg,data\calibration\lfw\lfw\Michelle_Kwan\Michelle_Kwan_0005.jpg,1,0.87849730
8,data\calibration\lfw\lfw\Michelle_Kwan\Michelle_Kwan_0006.jpg,data\calibration\lfw\lfw\Michelle_Kwan\Michelle_Kwan_0008.jpg,1,0.74262464
8,data\calibration\lfw\lfw\Mike_Montgomery\Mike_Montgomery_0001.jpg,data\calibration\lfw\lfw\Mike_Montgomery\Mike_Montgomery_0002.jpg,1,0.68145704
8,data\calibration\lfw\lfw\Mike_Tyson\Mike_Tyson_0001.jpg,data\calibration\lfw\lfw\Mike_Tyson\Mike_Tyson_0003.jpg,1,0.66548055
8,data\calibration\lfw\lfw\Mikhail_Wehbe\Mikhail_Wehbe_0001.jpg,data\calibration\lfw\lfw\Mikhail_Wehbe\Mikhail_Wehbe_0003.jpg,1,0.71990830
8,data\calibration\lfw\lfw\Minnie_Driver\Minnie_Driver_0001.jpg,data\calibration\lfw\lfw\Minnie_Driver\Minnie_Driver_0002.jpg,1,0.60582584
8,data\calibration\lfw\lfw\Miyako_Miyazaki\Miyako_Miyazaki_0001.jpg,data\calibration\lfw\lfw\Miyako_Miyazaki\Miyako_Miyazaki_0002.jpg,1,0.62079889
8,data\calibration\lfw\lfw\Muammar_Gaddafi\Muammar_Gaddafi_0001.jpg,data\calibration\lfw\lfw\Muammar_Gaddafi\Muammar_Gaddafi_0002.jpg,1,0.60519326
8,data\calibration\lfw\lfw\Munir_Akram\Munir_Akram_0001.jpg,data\calibration\lfw\lfw\Munir_Akram\Munir_Akram_0002.jpg,1,0.88021225
8,data\calibration\lfw\lfw\Nadia_Petrova\Nadia_Petrova_0001.jpg,data\calibration\lfw\lfw\Nadia_Petrova\Nadia_Petrova_0002.jpg,1,0.59251475
8,data\calibration\lfw\lfw\Nadia_Petrova\Nadia_Petrova_0001.jpg,data\calibration\lfw\lfw\Nadia_Petrova\Nadia_Petrova_0003.jpg,1,0.56211764
8,data\calibration\lfw\lfw\Nadia_Petrova\Nadia_Petrova_0001.jpg,data\calibration\lfw\lfw\Nadia_Petrova\Nadia_Petrova_0004.jpg,1,0.62902677
8,data\calibration\lfw\lfw\Nadia_Petrova\Nadia_Petrova_0002.jpg,data\calibration\lfw\lfw\Nadia_Petrova\Nadia_Petrova_0003.jpg,1,0.69083250
8,data\calibration\lfw\lfw\Nadia_Petrova\Nadia_Petrova_0003.jpg,data\calibration\lfw\lfw\Nadia_Petrova\Nadia_Petrova_0004.jpg,1,0.56782758
8,data\calibration\lfw\lfw\Nadia_Petrova\Nadia_Petrova_0004.jpg,data\calibration\lfw\lfw\Nadia_Petrova\Nadia_Petrova_0005.jpg,1,0.50376713
8,data\calibration\lfw\lfw\Nancy_Pelosi\Nancy_Pelosi_0001.jpg,data\calibration\lfw\lfw\Nancy_Pelosi\Nancy_Pelosi_0007.jpg,1,0.64659721
8,data\calibration\lfw\lfw\Nancy_Pelosi\Nancy_Pelosi_0002.jpg,data\calibration\lfw\lfw\Nancy_Pelosi\Nancy_Pelosi_0009.jpg,1,0.69249547
8,data\calibration\lfw\lfw\Nancy_Pelosi\Nancy_Pelosi_0004.jpg,data\calibration\lfw\lfw\Nancy_Pelosi\Nancy_Pelosi_0015.jpg,1,0.63753694
8,data\calibration\lfw\lfw\Nancy_Pelosi\Nancy_Pelosi_0012.jpg,data\calibration\lfw\lfw\Nancy_Pelosi\Nancy_Pelosi_0014.jpg,1,0.66785550
8,data\calibration\lfw\lfw\Nia_Vardalos\Nia_Vardalos_0001.jpg,data\calibration\lfw\lfw\Nia_Vardalos\Nia_Vardalos_0003.jpg,1,0.62980855
8,data\calibration\lfw\lfw\Nia_Vardalos\Nia_Vardalos_0003.jpg,data\calibration\lfw\lfw\Nia_Vardalos\Nia_Vardalos_0004.jpg,1,-0.08228656
8,data\calibration\lfw\lfw\Nia_Vardalos\Nia_Vardalos_0003.jpg,data\calibration\lfw\lfw\Nia_Vardalos\Nia_Vardalos_0005.jpg,1,0.56070256
8,data\calibration\lfw\lfw\Nicholas_Byron\Nicholas_Byron_0001.jpg,data\calibration\lfw\lfw\Nicholas_Byron\Nicholas_Byron_0002.jpg,1,0.78834993
8,data\calibration\lfw\lfw\Nikki_Reed\Nikki_Reed_0001.jpg,data\calibration\lfw\lfw\Nikki_Reed\Nikki_Reed_0002.jpg,1,0.72746569
8,data\calibration\lfw\lfw\Olivia_Newton-John\Olivia_Newton-John_0001.jpg,data\calibration\lfw\lfw\Olivia_Newton-John\Olivia_Newton-John_0002.jpg,1,0.77056295
8,data\calibration\lfw\lfw\Paradorn_Srichaphan\Paradorn_Srichaphan_0002.jpg,data\calibration\lfw\lfw\Paradorn_Srichaphan\Paradorn_Srichaphan_0004.jpg,1,0.61212379
8,data\calibration\lfw\lfw\Paradorn_Srichaphan\Paradorn_Srichaphan_0004.jpg,data\calibration\lfw\lfw\Paradorn_Srichaphan\Paradorn_Srichaphan_0005.jpg,1,0.66619146
8,data\calibration\lfw\lfw\Pascal_Quignard\Pascal_Quignard_0001.jpg,data\calibration\lfw\lfw\Pascal_Quignard\Pascal_Quignard_0003.jpg,1,0.80788481
8,data\calibration\lfw\lfw\Pascal_Quignard\Pascal_Quignard_0002.jpg,data\calibration\lfw\lfw\Pascal_Quignard\Pascal_Quignard_0003.jpg,1,0.75838906
8,data\calibration\lfw\lfw\Patrice_Chereau\Patrice_Chereau_0001.jpg,data\calibration\lfw\lfw\Patrice_Chereau\Patrice_Chereau_0002.jpg,1,0.72345746
8,data\calibration\lfw\lfw\Pedro_Malan\Pedro_Malan_0001.jpg,data\calibration\lfw\lfw\Pedro_Malan\Pedro_Malan_0005.jpg,1,0.57992023
8,data\calibration\lfw\lfw\Pedro_Malan\Pedro_Malan_0003.jpg,data\calibration\lfw\lfw\Pedro_Malan\Pedro_Malan_0005.jpg,1,0.53905076
8,data\calibration\lfw\lfw\Peter_Harrison\Peter_Harrison_0001.jpg,data\calibration\lfw\lfw\Peter_Harrison\Peter_Harrison_0002.jpg,1,0.71772707
8,data\calibration\lfw\lfw\Rainer_Schuettler\Rainer_Schuettler_0001.jpg,data\calibration\lfw\lfw\Rainer_Schuettler\Rainer_Schuettler_0004.jpg,1,0.56414914
8,data\calibration\lfw\lfw\Rainer_Schuettler\Rainer_Schuettler_0002.jpg,data\calibration\lfw\lfw\Rainer_Schuettler\Rainer_Schuettler_0003.jpg,1,0.53338164
8,data\calibration\lfw\lfw\Rainer_Schuettler\Rainer_Schuettler_0002.jpg,data\calibration\lfw\lfw\Rainer_Schuettler\Rainer_Schuettler_0004.jpg,1,0.59237254
8,data\calibration\lfw\lfw\Raymond_Odierno\Raymond_Odierno_0001.jpg,data\calibration\lfw\lfw\Raymond_Odierno\Raymond_Odierno_0002.jpg,1,0.93418860
8,data\calibration\lfw\lfw\Rebecca_Romijn-Stamos\Rebecca_Romijn-Stamos_0001.jpg,data\calibration\lfw\lfw\Rebecca_Romijn-Stamos\Rebecca_Romijn-Stamos_0002.jpg,1,0.61927986
8,data\calibration\lfw\lfw\Rebecca_Romijn-Stamos\Rebecca_Romijn-Stamos_0001.jpg,data\calibration\lfw\lfw\Rebecca_Romijn-Stamos\Rebecca_Romijn-Stamos_0003.jpg,1,0.59822845
8,data\calibration\lfw\lfw\Rebecca_Romijn-Stamos\Rebecca_Romijn-Stamos_0001.jpg,data\calibration\lfw\lfw\Rebecca_Romijn-Stamos\Rebecca_Romijn-Stamos_0004.jpg,1,0.48877192
8,data\calibration\lfw\lfw\Rebecca_Romijn-Stamos\Rebecca_Romijn-Stamos_0003.jpg,data\calibration\lfw\lfw\Rebecca_Romijn-Stamos\Rebecca_Romijn-Stamos_0004.jpg,1,0.58912998
8,data\calibration\lfw\lfw\Richard_Krajicek\Richard_Krajicek_0001.jpg,data\calibration\lfw\lfw\Richard_Krajicek\Richard_Krajicek_0003.jpg,1,0.58716112
8,data\calibration\lfw\lfw\Richard_Krajicek\Richard_Krajicek_0002.jpg,data\calibration\lfw\lfw\Richard_Krajicek\Richard_Krajicek_0003.jpg,1,0.59529865
8,data\calibration\lfw\lfw\Rick_Santorum\Rick_Santorum_0001.jpg,data\calibration\lfw\lfw\Rick_Santorum\Rick_Santorum_0002.jpg,1,0.70569825
8,data\calibration\lfw\lfw\Rick_Santorum\Rick_Santorum_0001.jpg,data\calibration\lfw\lfw\Rick_Santorum\Rick_Santorum_0003.jpg,1,0.65944731
8,data\calibration\lfw\lfw\Rick_Santorum\Rick_Santorum_0002.jpg,data\calibration\lfw\lfw\Rick_Santorum\Rick_Santorum_0003.jpg,1,0.65063810
8,data\calibration\lfw\lfw\Rick_Stansbury\Rick_Stansbury_0002.jpg,data\calibration\lfw\lfw\Rick_Stansbury\Rick_Stansbury_0003.jpg,1,0.74014771
8,data\calibration\lfw\lfw\Rob_Marshall\Rob_Marshall_0001.jpg,data\calibration\lfw\lfw\Rob_Marshall\Rob_Marshall_0003.jpg,1,0.83067739
8,data\calibration\lfw\lfw\Rob_Marshall\Rob_Marshall_0001.jpg,data\calibration\lfw\lfw\Rob_Marshall\Rob_Marshall_0006.jpg,1,0.81053364
8,data\calibration\lfw\lfw\Rob_Marshall\Rob_Marshall_0002.jpg,data\calibration\lfw\lfw\Rob_Marshall\Rob_Marshall_0004.jpg,1,0.79204273
8,data\calibration\lfw\lfw\Robert_Blackwill\Robert_Blackwill_0001.jpg,data\calibration\lfw\lfw\Robert_Blackwill\Robert_Blackwill_0002.jpg,1,0.76472598
8,data\calibration\lfw\lfw\Robert_Duvall\Robert_Duvall_0002.jpg,data\calibration\lfw\lfw\Robert_Duvall\Robert_Duvall_0008.jpg,1,0.80516231
8,data\calibration\lfw\lfw\Robert_Horan\Robert_Horan_0001.jpg,data\calibration\lfw\lfw\Robert_Horan\Robert_Horan_0002.jpg,1,0.76834083
8,data\calibration\lfw\lfw\Robert_Redford\Robert_Redford_0003.jpg,data\calibration\lfw\lfw\Robert_Redford\Robert_Redford_0004.jpg,1,0.52237558
8,data\calibration\lfw\lfw\Robert_Redford\Robert_Redford_0007.jpg,data\calibration\lfw\lfw\Robert_Redford\Robert_Redford_0008.jpg,1,0.65609950
8,data\calibration\lfw\lfw\Robinson_Stevenin\Robinson_Stevenin_0001.jpg,data\calibration\lfw\lfw\Robinson_Stevenin\Robinson_Stevenin_0002.jpg,1,0.77892321
8,data\calibration\lfw\lfw\Roger_Clemens\Roger_Clemens_0001.jpg,data\calibration\lfw\lfw\Roger_Clemens\Roger_Clemens_0002.jpg,1,0.74001056
8,data\calibration\lfw\lfw\Sadie_Frost\Sadie_Frost_0001.jpg,data\calibration\lfw\lfw\Sadie_Frost\Sadie_Frost_0002.jpg,1,-0.03358023
8,data\calibration\lfw\lfw\Saparmurat_Niyazov\Saparmurat_Niyazov_0001.jpg,data\calibration\lfw\lfw\Saparmurat_Niyazov\Saparmurat_Niyazov_0002.jpg,1,0.71915913
8,data\calibration\lfw\lfw\Sarah_Michelle_Gellar\Sarah_Michelle_Gellar_0001.jpg,data\calibration\lfw\lfw\Sarah_Michelle_Gellar\Sarah_Michelle_Gellar_0002.jpg,1,0.43704039
8,data\calibration\lfw\lfw\Sarah_Michelle_Gellar\Sarah_Michelle_Gellar_0001.jpg,data\calibration\lfw\lfw\Sarah_Michelle_Gellar\Sarah_Michelle_Gellar_0003.jpg,1,0.62835652
8,data\calibration\lfw\lfw\Sarah_Michelle_Gellar\Sarah_Michelle_Gellar_0002.jpg,data\calibration\lfw\lfw\Sarah_Michelle_Gellar\Sarah_Michelle_Gellar_0003.jpg,1,0.58497149
8,data\calibration\lfw\lfw\Serena_Williams\Serena_Williams_0001.jpg,data\calibration\lfw\lfw\Serena_Williams\Serena_Williams_0041.jpg,1,0.70503730
8,data\calibration\lfw\lfw\Serena_Williams\Serena_Williams_0003.jpg,data\calibration\lfw\lfw\Serena_Williams\Serena_Williams_0032.jpg,1,0.52177882
8,data\calibration\lfw\lfw\Serena_Williams\Serena_Williams_0014.jpg,data\calibration\lfw\lfw\Serena_Williams\Serena_Williams_0040.jpg,1,0.62307471
8,data\calibration\lfw\lfw\Serena_Williams\Serena_Williams_0041.jpg,data\calibration\lfw\lfw\Serena_Williams\Serena_Williams_0047.jpg,1,0.67967582
8,data\calibration\lfw\lfw\Sergey_Lavrov\Sergey_Lavrov_0001.jpg,data\calibration\lfw\lfw\Sergey_Lavrov\Sergey_Lavrov_0003.jpg,1,0.79304039
8,data\calibration\lfw\lfw\Sergey_Lavrov\Sergey_Lavrov_0001.jpg,data\calibration\lfw\lfw\Sergey_Lavrov\Sergey_Lavrov_0006.jpg,1,0.72670728
8,data\calibration\lfw\lfw\Sergey_Lavrov\Sergey_Lavrov_0002.jpg,data\calibration\lfw\lfw\Sergey_Lavrov\Sergey_Lavrov_0004.jpg,1,0.60275155
8,data\calibration\lfw\lfw\Sergey_Lavrov\Sergey_Lavrov_0003.jpg,data\calibration\lfw\lfw\Sergey_Lavrov\Sergey_Lavrov_0005.jpg,1,0.79177874
8,data\calibration\lfw\lfw\Sergey_Lavrov\Sergey_Lavrov_0003.jpg,data\calibration\lfw\lfw\Sergey_Lavrov\Sergey_Lavrov_0007.jpg,1,0.76477325
8,data\calibration\lfw\lfw\Sergey_Lavrov\Sergey_Lavrov_0004.jpg,data\calibration\lfw\lfw\Sergey_Lavrov\Sergey_Lavrov_0008.jpg,1,0.79931724
8,data\calibration\lfw\lfw\Shane_Mosley\Shane_Mosley_0001.jpg,data\calibration\lfw\lfw\Shane_Mosley\Shane_Mosley_0002.jpg,1,0.71017694
8,data\calibration\lfw\lfw\Sheila_Copps\Sheila_Copps_0002.jpg,data\calibration\lfw\lfw\Sheila_Copps\Sheila_Copps_0003.jpg,1,0.64748716
8,data\calibration\lfw\lfw\Sheila_Copps\Sheila_Copps_0003.jpg,data\calibration\lfw\lfw\Sheila_Copps\Sheila_Copps_0004.jpg,1,0.68912971
8,data\calibration\lfw\lfw\Shia_LaBeouf\Shia_LaBeouf_0001.jpg,data\calibration\lfw\lfw\Shia_LaBeouf\Shia_LaBeouf_0002.jpg,1,-0.00306758
8,data\calibration\lfw\lfw\Steve_Nash\Steve_Nash_0001.jpg,data\calibration\lfw\lfw\Steve_Nash\Steve_Nash_0003.jpg,1,0.70675021
8,data\calibration\lfw\lfw\Steve_Nash\Steve_Nash_0001.jpg,data\calibration\lfw\lfw\Steve_Nash\Steve_Nash_0004.jpg,1,0.68283868
8,data\calibration\lfw\lfw\Steve_Nash\Steve_Nash_0002.jpg,data\calibration\lfw\lfw\Steve_Nash\Steve_Nash_0004.jpg,1,0.10674992
8,data\calibration\lfw\lfw\Steve_Nash\Steve_Nash_0002.jpg,data\calibration\lfw\lfw\Steve_Nash\Steve_Nash_0005.jpg,1,0.03640835
8,data\calibration\lfw\lfw\Steve_Spurrier\Steve_Spurrier_0001.jpg,data\calibration\lfw\lfw\Steve_Spurrier\Steve_Spurrier_0002.jpg,1,0.52931869
8,data\calibration\lfw\lfw\Steve_Waugh\Steve_Waugh_0001.jpg,data\calibration\lfw\lfw\Steve_Waugh\Steve_Waugh_0002.jpg,1,0.65952301
8,data\calibration\lfw\lfw\Susilo_Bambang_Yudhoyono\Susilo_Bambang_Yudhoyono_0001.jpg,data\calibration\lfw\lfw\Susilo_Bambang_Yudhoyono\Susilo_Bambang_Yudhoyono_0002.jpg,1,0.63187045
8,data\calibration\lfw\lfw\Susilo_Bambang_Yudhoyono\Susilo_Bambang_Yudhoyono_0001.jpg,data\calibration\lfw\lfw\Susilo_Bambang_Yudhoyono\Susilo_Bambang_Yudhoyono_0003.jpg,1,0.72724891
8,data\calibration\lfw\lfw\Susilo_Bambang_Yudhoyono\Susilo_Bambang_Yudhoyono_0001.jpg,data\calibration\lfw\lfw\Susilo_Bambang_Yudhoyono\Susilo_Bambang_Yudhoyono_0004.jpg,1,0.69341701
8,data\calibration\lfw\lfw\Susilo_Bambang_Yudhoyono\Susilo_Bambang_Yudhoyono_0003.jpg,data\calibration\lfw\lfw\Susilo_Bambang_Yudhoyono\Susilo_Bambang_Yudhoyono_0004.jpg,1,0.82260710
8,data\calibration\lfw\lfw\Suzanne_Gaudet\Suzanne_Gaudet_0001.jpg,data\calibration\lfw\lfw\Suzanne_Gaudet\Suzanne_Gaudet_0002.jpg,1,0.73688638
8,data\calibration\lfw\lfw\Thomas_Bjorn\Thomas_Bjorn_0001.jpg,data\calibration\lfw\lfw\Thomas_Bjorn\Thomas_Bjorn_0002.jpg,1,0.67874062
8,data\calibration\lfw\lfw\Tim_Conway\Tim_Conway_0001.jpg,data\calibration\lfw\lfw\Tim_Conway\Tim_Conway_0002.jpg,1,0.76642025
8,data\calibration\lfw\lfw\Tim_Conway\Tim_Conway_0001.jpg,data\calibration\lfw\lfw\Tim_Conway\Tim_Conway_0003.jpg,1,0.53299975
8,data\calibration\lfw\lfw\Tim_Robbins\Tim_Robbins_0001.jpg,data\calibration\lfw\lfw\Tim_Robbins\Tim_Robbins_0005.jpg,1,0.70946157
8,data\calibration\lfw\lfw\Tim_Robbins\Tim_Robbins_0002.jpg,data\calibration\lfw\lfw\Tim_Robbins\Tim_Robbins_0004.jpg,1,0.58459991
8,data\calibration\lfw\lfw\Tim_Robbins\Tim_Robbins_0003.jpg,data\calibration\lfw\lfw\Tim_Robbins\Tim_Robbins_0005.jpg,1,0.60285866
8,data\calibration\lfw\lfw\Tom_Craddick\Tom_Craddick_0001.jpg,data\calibration\lfw\lfw\Tom_Craddick\Tom_Craddick_0003.jpg,1,0.80642289
8,data\calibration\lfw\lfw\Tom_Craddick\Tom_Craddick_0002.jpg,data\calibration\lfw\lfw\Tom_Craddick\Tom_Craddick_0004.jpg,1,0.69267380
8,data\calibration\lfw\lfw\Tom_Craddick\Tom_Craddick_0003.jpg,data\calibration\lfw\lfw\Tom_Craddick\Tom_Craddick_0004.jpg,1,0.71635479
8,data\calibration\lfw\lfw\Tracee_Ellis_Ross\Tracee_Ellis_Ross_0001.jpg,data\calibration\lfw\lfw\Tracee_Ellis_Ross\Tracee_Ellis_Ross_0002.jpg,1,0.77332610
8,data\calibration\lfw\lfw\Venus_Williams\Venus_Williams_0002.jpg,data\calibration\lfw\lfw\Venus_Williams\Venus_Williams_0009.jpg,1,0.71221226
8,data\calibration\lfw\lfw\Vivica_Fox\Vivica_Fox_0001.jpg,data\calibration\lfw\lfw\Vivica_Fox\Vivica_Fox_0002.jpg,1,0.57833368
8,data\calibration\lfw\lfw\William_Ford_Jr\William_Ford_Jr_0001.jpg,data\calibration\lfw\lfw\William_Ford_Jr\William_Ford_Jr_0002.jpg,1,0.63288975
8,data\calibration\lfw\lfw\William_Ford_Jr\William_Ford_Jr_0002.jpg,data\calibration\lfw\lfw\William_Ford_Jr\William_Ford_Jr_0006.jpg,1,0.64738953
8,data\calibration\lfw\lfw\William_Ford_Jr\William_Ford_Jr_0005.jpg,data\calibration\lfw\lfw\William_Ford_Jr\William_Ford_Jr_0006.jpg,1,0.72493511
8,data\calibration\lfw\lfw\William_Rehnquist\William_Rehnquist_0001.jpg,data\calibration\lfw\lfw\William_Rehnquist\William_Rehnquist_0002.jpg,1,0.74018329
8,data\calibration\lfw\lfw\Yossi_Beilin\Yossi_Beilin_0001.jpg,data\calibration\lfw\lfw\Yossi_Beilin\Yossi_Beilin_0002.jpg,1,0.71280354
8,data\calibration\lfw\lfw\Aaron_Eckhart\Aaron_Eckhart_0001.jpg,data\calibration\lfw\lfw\Akiko_Morigami\Akiko_Morigami_0001.jpg,0,-0.05159717
8,data\calibration\lfw\lfw\Aaron_Eckhart\Aaron_Eckhart_0001.jpg,data\calibration\lfw\lfw\AnFernce_Negron\AnFernce_Negron_0001.jpg,0,-0.01755715
8,data\calibration\lfw\lfw\Aaron_Eckhart\Aaron_Eckhart_0001.jpg,data\calibration\lfw\lfw\Sadie_Frost\Sadie_Frost_0001.jpg,0,-0.08651236
8,data\calibration\lfw\lfw\Abdel_Aziz_Al-Hakim\Abdel_Aziz_Al-Hakim_0001.jpg,data\calibration\lfw\lfw\Joe_Darrell\Joe_Darrell_0001.jpg,0,0.06532404
8,data\calibration\lfw\lfw\Abdullah_al-Attiyah\Abdullah_al-Attiyah_0001.jpg,data\calibration\lfw\lfw\Rachel_Wadsworth\Rachel_Wadsworth_0001.jpg,0,0.00200520
8,data\calibration\lfw\lfw\Abdullah_al-Attiyah\Abdullah_al-Attiyah_0002.jpg,data\calibration\lfw\lfw\John_Lisowski\John_Lisowski_0001.jpg,0,0.03690806
8,data\calibration\lfw\lfw\Abraham_Foxman\Abraham_Foxman_0001.jpg,data\calibration\lfw\lfw\Doug_Melvin\Doug_Melvin_0002.jpg,0,0.03319615
8,data\calibration\lfw\lfw\Abraham_Foxman\Abraham_Foxman_0001.jpg,data\calibration\lfw\lfw\Nikki_Reed\Nikki_Reed_0001.jpg,0,0.06456132
8,data\calibration\lfw\lfw\Adam_Rich\Adam_Rich_0001.jpg,data\calibration\lfw\lfw\Jean-Claude_Trichet\Jean-Claude_Trichet_0001.jpg,0,0.09200621
8,data\calibration\lfw\lfw\Adam_Rich\Adam_Rich_0001.jpg,data\calibration\lfw\lfw\John_Goold\John_Goold_0001.jpg,0,-0.03918066
8,data\calibration\lfw\lfw\Adam_Rich\Adam_Rich_0001.jpg,data\calibration\lfw\lfw\Lisa_Girman\Lisa_Girman_0001.jpg,0,0.06108763
8,data\calibration\lfw\lfw\Adam_Rich\Adam_Rich_0001.jpg,data\calibration\lfw\lfw\Roger_Clemens\Roger_Clemens_0001.jpg,0,0.05059974
8,data\calibration\lfw\lfw\Adam_Rich\Adam_Rich_0001.jpg,data\calibration\lfw\lfw\Suzanne_Somers\Suzanne_Somers_0001.jpg,0,-0.02782272
8,data\calibration\lfw\lfw\Adrian_Fernandez\Adrian_Fernandez_0001.jpg,data\calibration\lfw\lfw\Nicolas_Massu\Nicolas_Massu_0001.jpg,0,0.01691234
8,data\calibration\lfw\lfw\Aiysha_Smith\Aiysha_Smith_0001.jpg,data\calibration\lfw\lfw\Yossi_Beilin\Yossi_Beilin_0001.jpg,0,-0.00387229
8,data\calibration\lfw\lfw\Akiko_Morigami\Akiko_Morigami_0001.jpg,data\calibration\lfw\lfw\Shane_Mosley\Shane_Mosley_0001.jpg,0,0.12269416
8,data\calibration\lfw\lfw\Alastair_Johnston\Alastair_Johnston_0001.jpg,data\calibration\lfw\lfw\Aleksander_Kwasniewski\Aleksander_Kwasniewski_0004.jpg,0,-0.13048498
8,data\calibration\lfw\lfw\Alastair_Johnston\Alastair_Johnston_0001.jpg,data\calibration\lfw\lfw\Bill_Duffey\Bill_Duffey_0001.jpg,0,0.04857514
8,data\calibration\lfw\lfw\Albert_Brooks\Albert_Brooks_0001.jpg,data\calibration\lfw\lfw\Robinson_Stevenin\Robinson_Stevenin_0001.jpg,0,-0.04922236
8,data\calibration\lfw\lfw\Albert_Brooks\Albert_Brooks_0001.jpg,data\calibration\lfw\lfw\Sheila_Copps\Sheila_Copps_0003.jpg,0,-0.00614186
8,data\calibration\lfw\lfw\Aleksander_Kwasniewski\Aleksander_Kwasniewski_0001.jpg,data\calibration\lfw\lfw\Guangdong_Ou_Guangyuan\Guangdong_Ou_Guangyuan_0001.jpg,0,-0.03258399
8,data\calibration\lfw\lfw\Aleksander_Kwasniewski\Aleksander_Kwasniewski_0002.jpg,data\calibration\lfw\lfw\George_Plimpton\George_Plimpton_0001.jpg,0,0.03377719
8,data\calibration\lfw\lfw\Aleksander_Kwasniewski\Aleksander_Kwasniewski_0002.jpg,data\calibration\lfw\lfw\Juan_Jose_Lucas\Juan_Jose_Lucas_0001.jpg,0,0.07369550
8,data\calibration\lfw\lfw\Aleksander_Kwasniewski\Aleksander_Kwasniewski_0003.jpg,data\calibration\lfw\lfw\Billy_Crawford\Billy_Crawford_0001.jpg,0,-0.03365538
8,data\calibration\lfw\lfw\Aleksander_Voloshin\Aleksander_Voloshin_0001.jpg,data\calibration\lfw\lfw\Kristen_Rivera\Kristen_Rivera_0001.jpg,0,0.06156703
8,data\calibration\lfw\lfw\Alessandro_Nesta\Alessandro_Nesta_0001.jpg,data\calibration\lfw\lfw\Paul_Kelleher\Paul_Kelleher_0001.jpg,0,0.01358671
8,data\calibration\lfw\lfw\Alfredo_di_Stefano\Alfredo_di_Stefano_0001.jpg,data\calibration\lfw\lfw\Chris_Moore\Chris_Moore_0001.jpg,0,-0.12433469
8,data\calibration\lfw\lfw\Alfredo_di_Stefano\Alfredo_di_Stefano_0001.jpg,data\calibration\lfw\lfw\Maryn_McKenna\Maryn_McKenna_0001.jpg,0,-0.06787130
8,data\calibration\lfw\lfw\Alfredo_di_Stefano\Alfredo_di_Stefano_0001.jpg,data\calibration\lfw\lfw\Shamai_Leibowitz\Shamai_Leibowitz_0001.jpg,0,0.00391746
8,data\calibration\lfw\lfw\Ali_Naimi\Ali_Naimi_0005.jpg,data\calibration\lfw\lfw\Morris_Dees\Morris_Dees_0001.jpg,0,0.07879123
8,data\calibration\lfw\lfw\Aline_Chretien\Aline_Chretien_0001.jpg,data\calibration\lfw\lfw\Guillermo_Coria\Guillermo_Coria_0017.jpg,0,0.05681681
8,data\calibration\lfw\lfw\Amy_Yasbeck\Amy_Yasbeck_0001.jpg,data\calibration\lfw\lfw\Chawki_Armali\Chawki_Armali_0001.jpg,0,0.00948131
8,data\calibration\lfw\lfw\AnFernce_Negron\AnFernce_Negron_0001.jpg,data\calibration\lfw\lfw\Kristen_Rivera\Kristen_Rivera_0001.jpg,0,0.04388756
8,data\calibration\lfw\lfw\Andrew_Cuomo\Andrew_Cuomo_0002.jpg,data\calibration\lfw\lfw\Todd_Petit\Todd_Petit_0001.jpg,0,-0.02725067
8,data\calibration\lfw\lfw\Anil_Ramsook\Anil_Ramsook_0001.jpg,data\calibration\lfw\lfw\Takeo_Hiranuma\Takeo_Hiranuma_0001.jpg,0,-0.00419206
8,data\calibration\lfw\lfw\Annie_Chaplin\Annie_Chaplin_0001.jpg,data\calibration\lfw\lfw\Charles_Tannok\Charles_Tannok_0001.jpg,0,0.02859590
8,data\calibration\lfw\lfw\Antanas_Valionis\Antanas_Valionis_0001.jpg,data\calibration\lfw\lfw\William_Rehnquist\William_Rehnquist_0001.jpg,0,0.05089906
8,data\calibration\lfw\lfw\Avril_Lavigne\Avril_Lavigne_0001.jpg,data\calibration\lfw\lfw\Shia_LaBeouf\Shia_LaBeouf_0002.jpg,0,0.02096828
8,data\calibration\lfw\lfw\Barbara_Becker\Barbara_Becker_0001.jpg,data\calibration\lfw\lfw\Chris_Noth\Chris_Noth_0001.jpg,0,0.01452219
8,data\calibration\lfw\lfw\Barbara_Becker\Barbara_Becker_0001.jpg,data\calibration\lfw\lfw\Franz_Beckenbauer\Franz_Beckenbauer_0002.jpg,0,-0.08770614
8,data\calibration\lfw\lfw\Barbora_Strycova\Barbora_Strycova_0001.jpg,data\calibration\lfw\lfw\Christiane_Wulff\Christiane_Wulff_0001.jpg,0,0.00084210
8,data\calibration\lfw\lfw\Barry_Diller\Barry_Diller_0001.jpg,data\calibration\lfw\lfw\Meles_Zenawi\Meles_Zenawi_0001.jpg,0,0.03504940
8,data\calibration\lfw\lfw\Bartosz_Kizierowski\Bartosz_Kizierowski_0001.jpg,data\calibration\lfw\lfw\Faye_Wong\Faye_Wong_0001.jpg,0,-0.07087334
8,data\calibration\lfw\lfw\Ben_Wallace\Ben_Wallace_0001.jpg,data\calibration\lfw\lfw\Nia_Vardalos\Nia_Vardalos_0005.jpg,0,-0.08727698
8,data\calibration\lfw\lfw\Bernard_Lord\Bernard_Lord_0001.jpg,data\calibration\lfw\lfw\Joxel_Garcia\Joxel_Garcia_0001.jpg,0,0.09790511
8,data\calibration\lfw\lfw\Bernard_Lord\Bernard_Lord_0002.jpg,data\calibration\lfw\lfw\Bing_Crosby\Bing_Crosby_0001.jpg,0,0.06488320
8,data\calibration\lfw\lfw\Beyonce_Knowles\Beyonce_Knowles_0001.jpg,data\calibration\lfw\lfw\Maurice_Papon\Maurice_Papon_0001.jpg,0,-0.06764300
8,data\calibration\lfw\lfw\Bill_Duffey\Bill_Duffey_0001.jpg,data\calibration\lfw\lfw\Jong_Wook_Lee\Jong_Wook_Lee_0001.jpg,0,0.16558085
8,data\calibration\lfw\lfw\Bill_Guerin\Bill_Guerin_0001.jpg,data\calibration\lfw\lfw\Julie_Goodenough\Julie_Goodenough_0001.jpg,0,-0.04943046
8,data\calibration\lfw\lfw\Bill_Herrion\Bill_Herrion_0001.jpg,data\calibration\lfw\lfw\Fernando_Valenzuela\Fernando_Valenzuela_0001.jpg,0,0.05601247
8,data\calibration\lfw\lfw\Bill_Herrion\Bill_Herrion_0001.jpg,data\calibration\lfw\lfw\Johnny_Unitas\Johnny_Unitas_0002.jpg,0,-0.00246407
8,data\calibration\lfw\lfw\Bill_Richardson\Bill_Richardson_0001.jpg,data\calibration\lfw\lfw\George_McCloud\George_McCloud_0001.jpg,0,0.00243397
8,data\calibration\lfw\lfw\Billy_Andrade\Billy_Andrade_0001.jpg,data\calibration\lfw\lfw\Kellie_Coffey\Kellie_Coffey_0001.jpg,0,0.01701729
8,data\calibration\lfw\lfw\Billy_Crawford\Billy_Crawford_0001.jpg,data\calibration\lfw\lfw\Jim_Edmonds\Jim_Edmonds_0002.jpg,0,-0.05408125
8,data\calibration\lfw\lfw\Billy_Edelin\Billy_Edelin_0001.jpg,data\calibration\lfw\lfw\Himmler_Rebu\Himmler_Rebu_0001.jpg,0,-0.01630986
8,data\calibration\lfw\lfw\Bing_Crosby\Bing_Crosby_0001.jpg,data\calibration\lfw\lfw\Stephen_Webster\Stephen_Webster_0001.jpg,0,-0.03310603
8,data\calibration\lfw\lfw\Bixente_LIzarazu\Bixente_LIzarazu_0001.jpg,data\calibration\lfw\lfw\Chris_Bell\Chris_Bell_0002.jpg,0,-0.00423477
8,data\calibration\lfw\lfw\Bixente_LIzarazu\Bixente_LIzarazu_0001.jpg,data\calibration\lfw\lfw\Todd_Wike\Todd_Wike_0001.jpg,0,-0.02761672
8,data\calibration\lfw\lfw\Blythe_Danner\Blythe_Danner_0002.jpg,data\calibration\lfw\lfw\Hank_McKinnell\Hank_McKinnell_0001.jpg,0,-0.01088404
8,data\calibration\lfw\lfw\Bob_Eskridge\Bob_Eskridge_0001.jpg,data\calibration\lfw\lfw\Marco_Pantani\Marco_Pantani_0001.jpg,0,-0.00451732
8,data\calibration\lfw\lfw\Bob_Hartley\Bob_Hartley_0001.jpg,data\calibration\lfw\lfw\Lou_Piniella\Lou_Piniella_0003.jpg,0,0.08606422
8,data\calibration\lfw\lfw\Bob_Krueger\Bob_Krueger_0001.jpg,data\calibration\lfw\lfw\Gordana_Grubin\Gordana_Grubin_0001.jpg,0,0.02281954
8,data\calibration\lfw\lfw\Bob_Krueger\Bob_Krueger_0001.jpg,data\calibration\lfw\lfw\Mariana_Pollack\Mariana_Pollack_0001.jpg,0,-0.00840379
8,data\calibration\lfw\lfw\Bob_Sulkin\Bob_Sulkin_0001.jpg,data\calibration\lfw\lfw\Branko_Crvenkovski\Branko_Crvenkovski_0003.jpg,0,0.00514239
8,data\calibration\lfw\lfw\Bobby_Kielty\Bobby_Kielty_0001.jpg,data\calibration\lfw\lfw\Robert_Horan\Robert_Horan_0002.jpg,0,0.00234274
8,data\calibration\lfw\lfw\Brajesh_Mishra\Brajesh_Mishra_0001.jpg,data\calibration\lfw\lfw\Mark_Podlesny\Mark_Podlesny_0001.jpg,0,-0.04192440
8,data\calibration\lfw\lfw\Brandon_Knight\Brandon_Knight_0001.jpg,data\calibration\lfw\lfw\Claudia_Cardinale\Claudia_Cardinale_0001.jpg,0,-0.04745219
8,data\calibration\lfw\lfw\Brandon_Knight\Brandon_Knight_0001.jpg,data\calibration\lfw\lfw\Phil_Donahue\Phil_Donahue_0001.jpg,0,-0.03716700
8,data\calibration\lfw\lfw\Brandon_Lloyd\Brandon_Lloyd_0001.jpg,data\calibration\lfw\lfw\Cha_Yung-gu\Cha_Yung-gu_0001.jpg,0,-0.03502269
8,data\calibration\lfw\lfw\Brandon_Lloyd\Brandon_Lloyd_0001.jpg,data\calibration\lfw\lfw\James_Coburn\James_Coburn_0001.jpg,0,0.03226364
8,data\calibration\lfw\lfw\Brian_Schneider\Brian_Schneider_0001.jpg,data\calibration\lfw\lfw\Michael_Rolinee\Michael_Rolinee_0001.jpg,0,0.07921261
8,data\calibration\lfw\lfw\Bruce_Springsteen\Bruce_Springsteen_0004.jpg,data\calibration\lfw\lfw\Ion_Tiriac\Ion_Tiriac_0001.jpg,0,0.00505870
8,data\calibration\lfw\lfw\Cameron_Diaz\Cameron_Diaz_0002.jpg,data\calibration\lfw\lfw\Shia_LaBeouf\Shia_LaBeouf_0001.jpg,0,-0.08127928
8,data\calibration\lfw\lfw\Cameron_Diaz\Cameron_Diaz_0005.jpg,data\calibration\lfw\lfw\Nadia_Petrova\Nadia_Petrova_0002.jpg,0,0.00642942
8,data\calibration\lfw\lfw\Carla_Gugino\Carla_Gugino_0001.jpg,data\calibration\lfw\lfw\Kelly_Osbourne\Kelly_Osbourne_0001.jpg,0,0.07783581
8,data\calibration\lfw\lfw\Carla_Gugino\Carla_Gugino_0001.jpg,data\calibration\lfw\lfw\Kenny_Chesney\Kenny_Chesney_0001.jpg,0,-0.07476816
8,data\calibration\lfw\lfw\Carla_Gugino\Carla_Gugino_0001.jpg,data\calibration\lfw\lfw\Michael_Douglas\Michael_Douglas_0003.jpg,0,-0.05460057
8,data\calibration\lfw\lfw\Carla_Gugino\Carla_Gugino_0001.jpg,data\calibration\lfw\lfw\Miguel_Aldana_Ibarra\Miguel_Aldana_Ibarra_0001.jpg,0,-0.00800558
8,data\calibration\lfw\lfw\Carlos_Fasciolo\Carlos_Fasciolo_0001.jpg,data\calibration\lfw\lfw\Debbie_Allen\Debbie_Allen_0001.jpg,0,-0.00187015
8,data\calibration\lfw\lfw\Carol_Williams\Carol_Williams_0001.jpg,data\calibration\lfw\lfw\Gorden_Tallis\Gorden_Tallis_0001.jpg,0,0.04402788
8,data\calibration\lfw\lfw\Carrie-Anne_Moss\Carrie-Anne_Moss_0002.jpg,data\calibration\lfw\lfw\Horacio_Julio_Pina\Horacio_Julio_Pina_0001.jpg,0,-0.06891951
8,data\calibration\lfw\lfw\Carrie-Anne_Moss\Carrie-Anne_Moss_0004.jpg,data\calibration\lfw\lfw\Michael_Goldrich\Michael_Goldrich_0001.jpg,0,0.04529275
8,data\calibration\lfw\lfw\Casey_Crowder\Casey_Crowder_0001.jpg,data\calibration\lfw\lfw\Keiko_Sofia_Fujimori\Keiko_Sofia_Fujimori_0001.jpg,0,0.00576362
8,data\calibration\lfw\lfw\Casey_Crowder\Casey_Crowder_0001.jpg,data\calibration\lfw\lfw\Phoenix_Chang\Phoenix_Chang_0001.jpg,0,0.10263827
8,data\calibration\lfw\lfw\Cha_Yung-gu\Cha_Yung-gu_0001.jpg,data\calibration\lfw\lfw\Takeo_Hiranuma\Takeo_Hiranuma_0001.jpg,0,0.21913053
8,data\calibration\lfw\lfw\Charlene_Barshefsky\Charlene_Barshefsky_0001.jpg,data\calibration\lfw\lfw\James_Coburn\James_Coburn_0001.jpg,0,0.01175911
8,data\calibration\lfw\lfw\Charles_Tannok\Charles_Tannok_0001.jpg,data\calibration\lfw\lfw\Larry_Coker\Larry_Coker_0004.jpg,0,0.08993826
8,data\calibration\lfw\lfw\Charlie_Hunnam\Charlie_Hunnam_0001.jpg,data\calibration\lfw\lfw\Hestrie_Cloette\Hestrie_Cloette_0001.jpg,0,0.04148559
8,data\calibration\lfw\lfw\Charlie_Hunnam\Charlie_Hunnam_0001.jpg,data\calibration\lfw\lfw\Veronica_Lake\Veronica_Lake_0001.jpg,0,-0.02733078
8,data\calibration\lfw\lfw\Charlton_Heston\Charlton_Heston_0004.jpg,data\calibration\lfw\lfw\Desiree_Lemosi\Desiree_Lemosi_0001.jpg,0,0.04250420
8,data\calibration\lfw\lfw\Chawki_Armali\Chawki_Armali_0001.jpg,data\calibration\lfw\lfw\Shoshannah_Stern\Shoshannah_Stern_0001.jpg,0,-0.01569494
8,data\calibration\lfw\lfw\Chris_Bell\Chris_Bell_0002.jpg,data\calibration\lfw\lfw\Pharrell_Williams\Pharrell_Williams_0001.jpg,0,0.03771543
8,data\calibration\lfw\lfw\Chris_Forsyth\Chris_Forsyth_0001.jpg,data\calibration\lfw\lfw\Nikki_Reed\Nikki_Reed_0002.jpg,0,-0.05323188
8,data\calibration\lfw\lfw\Chris_Neil\Chris_Neil_0001.jpg,data\calibration\lfw\lfw\John_Kerry\John_Kerry_0014.jpg,0,-0.03777393
8,data\calibration\lfw\lfw\Chris_Noth\Chris_Noth_0001.jpg,data\calibration\lfw\lfw\Takeshi_Kitano\Takeshi_Kitano_0001.jpg,0,-0.04072735
8,data\calibration\lfw\lfw\Christine_Arron\Christine_Arron_0001.jpg,data\calibration\lfw\lfw\Robert_Duvall\Robert_Duvall_0005.jpg,0,0.00060805
8,data\calibration\lfw\lfw\Christine_Arron\Christine_Arron_0001.jpg,data\calibration\lfw\lfw\Steve_McManaman\Steve_McManaman_0001.jpg,0,0.07812841
8,data\calibration\lfw\lfw\Chuck_Hagel\Chuck_Hagel_0001.jpg,data\calibration\lfw\lfw\Jeff_Roehm\Jeff_Roehm_0001.jpg,0,0.03380258
8,data\calibration\lfw\lfw\Chuck_Hagel\Chuck_Hagel_0001.jpg,data\calibration\lfw\lfw\Margaret_Hasley\Margaret_Hasley_0001.jpg,0,-0.01564450
8,data\calibration\lfw\lfw\Chuck_Hagel\Chuck_Hagel_0001.jpg,data\calibration\lfw\lfw\Sebastian_Porto\Sebastian_Porto_0001.jpg,0,-0.01545348
8,data\calibration\lfw\lfw\Cliff_Ellis\Cliff_Ellis_0001.jpg,data\calibration\lfw\lfw\John_Lisowski\John_Lisowski_0001.jpg,0,-0.01979895
8,data\calibration\lfw\lfw\Clifford_Etienne\Clifford_Etienne_0001.jpg,data\calibration\lfw\lfw\Pharrell_Williams\Pharrell_Williams_0001.jpg,0,-0.04467232
8,data\calibration\lfw\lfw\Clifford_Etienne\Clifford_Etienne_0001.jpg,data\calibration\lfw\lfw\Ray_Lewis\Ray_Lewis_0001.jpg,0,0.07629430
8,data\calibration\lfw\lfw\Clive_Lloyd\Clive_Lloyd_0001.jpg,data\calibration\lfw\lfw\Harland_Braun\Harland_Braun_0001.jpg,0,0.11157137
8,data\calibration\lfw\lfw\Colin_Montgomerie\Colin_Montgomerie_0001.jpg,data\calibration\lfw\lfw\Horacio_Julio_Pina\Horacio_Julio_Pina_0001.jpg,0,-0.01300760
8,data\calibration\lfw\lfw\Daniel_Montenegro\Daniel_Montenegro_0001.jpg,data\calibration\lfw\lfw\Gustavo_Cisneros\Gustavo_Cisneros_0001.jpg,0,0.02209268
8,data\calibration\lfw\lfw\Daniel_Montenegro\Daniel_Montenegro_0001.jpg,data\calibration\lfw\lfw\Nadia_Petrova\Nadia_Petrova_0004.jpg,0,-0.08953629
8,data\calibration\lfw\lfw\Daniel_Montenegro\Daniel_Montenegro_0001.jpg,data\calibration\lfw\lfw\Omar_Khan_Sharif\Omar_Khan_Sharif_0001.jpg,0,0.06713894
8,data\calibration\lfw\lfw\Daniel_Montenegro\Daniel_Montenegro_0001.jpg,data\calibration\lfw\lfw\Rick_Santorum\Rick_Santorum_0001.jpg,0,-0.09847122
8,data\calibration\lfw\lfw\Danny_Glover\Danny_Glover_0001.jpg,data\calibration\lfw\lfw\Morris_Dees\Morris_Dees_0001.jpg,0,0.06841618
8,data\calibration\lfw\lfw\Danny_Glover\Danny_Glover_0001.jpg,data\calibration\lfw\lfw\Patrice_Chereau\Patrice_Chereau_0002.jpg,0,-0.09995031
8,data\calibration\lfw\lfw\David_Trimble\David_Trimble_0004.jpg,data\calibration\lfw\lfw\John_Elway\John_Elway_0001.jpg,0,-0.07333636
8,data\calibration\lfw\lfw\David_Wolf\David_Wolf_0002.jpg,data\calibration\lfw\lfw\Emanuel_Ginobili\Emanuel_Ginobili_0004.jpg,0,-0.04513228
8,data\calibration\lfw\lfw\David_Wolf\David_Wolf_0002.jpg,data\calibration\lfw\lfw\Kathleen_Glynn\Kathleen_Glynn_0002.jpg,0,-0.05363506
8,data\calibration\lfw\lfw\David_Wolf\David_Wolf_0002.jpg,data\calibration\lfw\lfw\Venus_Williams\Venus_Williams_0006.jpg,0,0.05567123
8,data\calibration\lfw\lfw\Debbie_Allen\Debbie_Allen_0001.jpg,data\calibration\lfw\lfw\Sebastian_Cuattrin\Sebastian_Cuattrin_0001.jpg,0,-0.04832006
8,data\calibration\lfw\lfw\Demetrius_Ferraciu\Demetrius_Ferraciu_0002.jpg,data\calibration\lfw\lfw\Edward_Seaga\Edward_Seaga_0001.jpg,0,0.09243602
8,data\calibration\lfw\lfw\Denise_Johnson\Denise_Johnson_0001.jpg,data\calibration\lfw\lfw\Nikki_Cascone\Nikki_Cascone_0001.jpg,0,-0.00605312
8,data\calibration\lfw\lfw\Denise_Johnson\Denise_Johnson_0002.jpg,data\calibration\lfw\lfw\Emanuel_Ginobili\Emanuel_Ginobili_0003.jpg,0,0.01838108
8,data\calibration\lfw\lfw\Denise_Johnson\Denise_Johnson_0002.jpg,data\calibration\lfw\lfw\Filippo_Inzaghi\Filippo_Inzaghi_0002.jpg,0,-0.01936615
8,data\calibration\lfw\lfw\Dennis_Powell\Dennis_Powell_0001.jpg,data\calibration\lfw\lfw\Horst_Koehler\Horst_Koehler_0003.jpg,0,0.08443991
8,data\calibration\lfw\lfw\Dennis_Powell\Dennis_Powell_0001.jpg,data\calibration\lfw\lfw\Michael_Chiklis\Michael_Chiklis_0002.jpg,0,0.02535014
8,data\calibration\lfw\lfw\Desiree_Lemosi\Desiree_Lemosi_0002.jpg,data\calibration\lfw\lfw\Dion_Glover\Dion_Glover_0001.jpg,0,0.03420645
8,data\calibration\lfw\lfw\Dion_Glover\Dion_Glover_0001.jpg,data\calibration\lfw\lfw\Michael_Weiss\Michael_Weiss_0001.jpg,0,-0.07410650
8,data\calibration\lfw\lfw\Doug_Melvin\Doug_Melvin_0001.jpg,data\calibration\lfw\lfw\Gustavo_Cisneros\Gustavo_Cisneros_0001.jpg,0,0.01121690
8,data\calibration\lfw\lfw\Doug_Melvin\Doug_Melvin_0003.jpg,data\calibration\lfw\lfw\Emma_Nicholson\Emma_Nicholson_0001.jpg,0,0.06203064
8,data\calibration\lfw\lfw\Doug_Racine\Doug_Racine_0001.jpg,data\calibration\lfw\lfw\Marisol_Breton\Marisol_Breton_0001.jpg,0,-0.07314125
8,data\calibration\lfw\lfw\Ed_Book\Ed_Book_0001.jpg,data\calibration\lfw\lfw\Nur_Jaafar\Nur_Jaafar_0001.jpg,0,0.00016695
8,data\calibration\lfw\lfw\Ed_Case\Ed_Case_0001.jpg,data\calibration\lfw\lfw\Sadam_Hassan\Sadam_Hassan_0001.jpg,0,-0.05561614
8,data\calibration\lfw\lfw\Edward_Seaga\Edward_Seaga_0001.jpg,data\calibration\lfw\lfw\George_Roy_Hill\George_Roy_Hill_0001.jpg,0,0.06681722
8,data\calibration\lfw\lfw\Edward_Seaga\Edward_Seaga_0001.jpg,data\calibration\lfw\lfw\Sarah_Price\Sarah_Price_0001.jpg,0,-0.11969751
8,data\calibration\lfw\lfw\Eileen_Spina\Eileen_Spina_0001.jpg,data\calibration\lfw\lfw\Jeff_Bzdelik\Jeff_Bzdelik_0001.jpg,0,0.00639444
8,data\calibration\lfw\lfw\Ekke_Hard_Forberg\Ekke_Hard_Forberg_0001.jpg,data\calibration\lfw\lfw\Nikki_Reed\Nikki_Reed_0001.jpg,0,-0.00170214
8,data\calibration\lfw\lfw\Elena_Bereznaya\Elena_Bereznaya_0001.jpg,data\calibration\lfw\lfw\Lene_Espersen\Lene_Espersen_0001.jpg,0,0.00634350
8,data\calibration\lfw\lfw\Elena_Bereznaya\Elena_Bereznaya_0001.jpg,data\calibration\lfw\lfw\Mario_Lobo_Zagallo\Mario_Lobo_Zagallo_0001.jpg,0,0.00494252
8,data\calibration\lfw\lfw\Elena_Bereznaya\Elena_Bereznaya_0001.jpg,data\calibration\lfw\lfw\Rick_Stansbury\Rick_Stansbury_0002.jpg,0,0.02062563
8,data\calibration\lfw\lfw\Elisha_Cuthbert\Elisha_Cuthbert_0001.jpg,data\calibration\lfw\lfw\Mariana_Pollack\Mariana_Pollack_0002.jpg,0,0.01058254
8,data\calibration\lfw\lfw\Eliza_Manningham-Buller\Eliza_Manningham-Buller_0001.jpg,data\calibration\lfw\lfw\Lawrence_MacAulay\Lawrence_MacAulay_0002.jpg,0,-0.13699938
8,data\calibration\lfw\lfw\Eric_Clapton\Eric_Clapton_0002.jpg,data\calibration\lfw\lfw\Niall_Connolly\Niall_Connolly_0001.jpg,0,0.11106817
8,data\calibration\lfw\lfw\Eric_Taino\Eric_Taino_0001.jpg,data\calibration\lfw\lfw\Michael_Goldrich\Michael_Goldrich_0001.jpg,0,-0.02450968
8,data\calibration\lfw\lfw\Farida_Ragoonanan\Farida_Ragoonanan_0001.jpg,data\calibration\lfw\lfw\Jorge_Enrique_Jimenez\Jorge_Enrique_Jimenez_0001.jpg,0,-0.09614488
8,data\calibration\lfw\lfw\Felix_Trinidad\Felix_Trinidad_0001.jpg,data\calibration\lfw\lfw\Joe_Darrell\Joe_Darrell_0001.jpg,0,-0.03075593
8,data\calibration\lfw\lfw\Felix_Trinidad\Felix_Trinidad_0001.jpg,data\calibration\lfw\lfw\Justine_Pasek\Justine_Pasek_0004.jpg,0,0.03219745
8,data\calibration\lfw\lfw\Fernando_Valenzuela\Fernando_Valenzuela_0001.jpg,data\calibration\lfw\lfw\Luis_Figo\Luis_Figo_0003.jpg,0,0.03080484
8,data\calibration\lfw\lfw\Fernando_Valenzuela\Fernando_Valenzuela_0001.jpg,data\calibration\lfw\lfw\Nicolas_Macrozonaris\Nicolas_Macrozonaris_0001.jpg,0,0.00462516
8,data\calibration\lfw\lfw\Filippo_Inzaghi\Filippo_Inzaghi_0001.jpg,data\calibration\lfw\lfw\Mohammed_Al_Hindi\Mohammed_Al_Hindi_0001.jpg,0,-0.02611548
8,data\calibration\lfw\lfw\Filippo_Inzaghi\Filippo_Inzaghi_0001.jpg,data\calibration\lfw\lfw\Shanna_Zolman\Shanna_Zolman_0001.jpg,0,0.05201133
8,data\calibration\lfw\lfw\Francis_Ricciardone\Francis_Ricciardone_0001.jpg,data\calibration\lfw\lfw\Sven_Goran_Eriksson\Sven_Goran_Eriksson_0001.jpg,0,0.00139853
8,data\calibration\lfw\lfw\Franz_Beckenbauer\Franz_Beckenbauer_0001.jpg,data\calibration\lfw\lfw\Gerald_Ford\Gerald_Ford_0001.jpg,0,0.03222509
8,data\calibration\lfw\lfw\Franz_Beckenbauer\Franz_Beckenbauer_0002.jpg,data\calibration\lfw\lfw\Rick_Bragg\Rick_Bragg_0001.jpg,0,-0.02329952
8,data\calibration\lfw\lfw\George_Foreman\George_Foreman_0002.jpg,data\calibration\lfw\lfw\Ralph_Goodale\Ralph_Goodale_0001.jpg,0,0.06915466
8,data\calibration\lfw\lfw\George_Pataki\George_Pataki_0001.jpg,data\calibration\lfw\lfw\James_Dingemans\James_Dingemans_0001.jpg,0,-0.01931490
8,data\calibration\lfw\lfw\George_Pataki\George_Pataki_0002.jpg,data\calibration\lfw\lfw\Masahiko_Nagasawa\Masahiko_Nagasawa_0002.jpg,0,-0.11675032
8,data\calibration\lfw\lfw\George_Plimpton\George_Plimpton_0001.jpg,data\calibration\lfw\lfw\Ximena_Bohorquez\Ximena_Bohorquez_0001.jpg,0,-0.17902459
8,data\calibration\lfw\lfw\Gerald_Ford\Gerald_Ford_0001.jpg,data\calibration\lfw\lfw\Kurt_Budke\Kurt_Budke_0001.jpg,0,-0.09189692
8,data\calibration\lfw\lfw\Gerald_Ford\Gerald_Ford_0001.jpg,data\calibration\lfw\lfw\Li_Peng\Li_Peng_0001.jpg,0,0.06698651
8,data\calibration\lfw\lfw\Giselle_Estefania_Tavarelli\Giselle_Estefania_Tavarelli_0001.jpg,data\calibration\lfw\lfw\John_Sununu\John_Sununu_0001.jpg,0,0.02878831
8,data\calibration\lfw\lfw\Giulio_Andreotti\Giulio_Andreotti_0001.jpg,data\calibration\lfw\lfw\Kurt_Russell\Kurt_Russell_0002.jpg,0,-0.08997872
8,data\calibration\lfw\lfw\Giulio_Andreotti\Giulio_Andreotti_0001.jpg,data\calibration\lfw\lfw\Michael_Denzel\Michael_Denzel_0001.jpg,0,0.09297974
8,data\calibration\lfw\lfw\Gonzalo_Sanchez_de_Lozada\Gonzalo_Sanchez_de_Lozada_0003.jpg,data\calibration\lfw\lfw\Shannyn_Sossamon\Shannyn_Sossamon_0001.jpg,0,0.00860503
8,data\calibration\lfw\lfw\Graciano_Rocchigiani\Graciano_Rocchigiani_0001.jpg,data\calibration\lfw\lfw\Juan_Jose_Lucas\Juan_Jose_Lucas_0001.jpg,0,-0.02870342
8,data\calibration\lfw\lfw\Gregory_Geoffroy\Gregory_Geoffroy_0001.jpg,data\calibration\lfw\lfw\Sybille_Schmid\Sybille_Schmid_0001.jpg,0,-0.04738333
8,data\calibration\lfw\lfw\Gregory_Geoffroy\Gregory_Geoffroy_0002.jpg,data\calibration\lfw\lfw\Kosuke_Kitajima\Kosuke_Kitajima_0001.jpg,0,0.03070873
8,data\calibration\lfw\lfw\Gregory_Geoffroy\Gregory_Geoffroy_0002.jpg,data\calibration\lfw\lfw\Wycliffe_Grousbeck\Wycliffe_Grousbeck_0001.jpg,0,-0.03970535
8,data\calibration\lfw\lfw\Guangdong_Ou_Guangyuan\Guangdong_Ou_Guangyuan_0001.jpg,data\calibration\lfw\lfw\Li_Ruihuan\Li_Ruihuan_0001.jpg,0,0.08387118
8,data\calibration\lfw\lfw\Guangdong_Ou_Guangyuan\Guangdong_Ou_Guangyuan_0001.jpg,data\calibration\lfw\lfw\Nicole\Nicole_0001.jpg,0,-0.01327641
8,data\calibration\lfw\lfw\Gustavo_Cisneros\Gustavo_Cisneros_0001.jpg,data\calibration\lfw\lfw\Steve_Blake\Steve_Blake_0001.jpg,0,0.07011347
8,data\calibration\lfw\lfw\Gustavo_Noboa\Gustavo_Noboa_0001.jpg,data\calibration\lfw\lfw\Lea_Fastow\Lea_Fastow_0002.jpg,0,-0.04723946
8,data\calibration\lfw\lfw\Habib_Hisham\Habib_Hisham_0001.jpg,data\calibration\lfw\lfw\Pat_Rochester\Pat_Rochester_0001.jpg,0,0.05274892
8,data\calibration\lfw\lfw\Habib_Hisham\Habib_Hisham_0001.jpg,data\calibration\lfw\lfw\Paul_Wilson\Paul_Wilson_0001.jpg,0,0.08250155
8,data\calibration\lfw\lfw\Habib_Rizieq\Habib_Rizieq_0001.jpg,data\calibration\lfw\lfw\Olivia_Newton-John\Olivia_Newton-John_0002.jpg,0,-0.05198266
8,data\calibration\lfw\lfw\Habib_Rizieq\Habib_Rizieq_0003.jpg,data\calibration\lfw\lfw\Kenny_Chesney\Kenny_Chesney_0001.jpg,0,0.08975075
8,data\calibration\lfw\lfw\Hal_Sutton\Hal_Sutton_0002.jpg,data\calibration\lfw\lfw\Kellie_Coffey\Kellie_Coffey_0001.jpg,0,0.04161803
8,data\calibration\lfw\lfw\Harland_Braun\Harland_Braun_0001.jpg,data\calibration\lfw\lfw\Kathryn_Tucker\Kathryn_Tucker_0001.jpg,0,0.03097040
8,data\calibration\lfw\lfw\Hassanal_Bolkiah\Hassanal_Bolkiah_0001.jpg,data\calibration\lfw\lfw\Michael_Leavitt\Michael_Leavitt_0001.jpg,0,-0.05387743
8,data\calibration\lfw\lfw\Hestrie_Cloette\Hestrie_Cloette_0001.jpg,data\calibration\lfw\lfw\Nicholas_Byron\Nicholas_Byron_0002.jpg,0,-0.13442819
8,data\calibration\lfw\lfw\Hitoshi_Tanaka\Hitoshi_Tanaka_0001.jpg,data\calibration\lfw\lfw\Ramon_Ponce_de_Leon\Ramon_Ponce_de_Leon_0001.jpg,0,-0.00881937
8,data\calibration\lfw\lfw\Horacio_Julio_Pina\Horacio_Julio_Pina_0001.jpg,data\calibration\lfw\lfw\Zaini_Abdullah\Zaini_Abdullah_0001.jpg,0,-0.05717253
8,data\calibration\lfw\lfw\Huang_Suey-Sheng\Huang_Suey-Sheng_0001.jpg,data\calibration\lfw\lfw\Lucrecia_Orozco\Lucrecia_Orozco_0001.jpg,0,0.03993164
8,data\calibration\lfw\lfw\Huang_Suey-Sheng\Huang_Suey-Sheng_0001.jpg,data\calibration\lfw\lfw\Paul_Cerjan\Paul_Cerjan_0001.jpg,0,0.12933317
8,data\calibration\lfw\lfw\Huang_Suey-Sheng\Huang_Suey-Sheng_0001.jpg,data\calibration\lfw\lfw\Robinson_Stevenin\Robinson_Stevenin_0001.jpg,0,-0.01072969
8,data\calibration\lfw\lfw\Ian_Knop\Ian_Knop_0001.jpg,data\calibration\lfw\lfw\Michel_Minard\Michel_Minard_0001.jpg,0,0.01948756
8,data\calibration\lfw\lfw\Ilan_Ramon\Ilan_Ramon_0003.jpg,data\calibration\lfw\lfw\Tatiana_Kennedy_Schlossberg\Tatiana_Kennedy_Schlossberg_0001.jpg,0,0.08189373
8,data\calibration\lfw\lfw\Ion_Tiriac\Ion_Tiriac_0001.jpg,data\calibration\lfw\lfw\Lawrence_MacAulay\Lawrence_MacAulay_0001.jpg,0,0.07678575
8,data\calibration\lfw\lfw\Ismail_Abu_Shanab\Ismail_Abu_Shanab_0001.jpg,data\calibration\lfw\lfw\Michael_Denzel\Michael_Denzel_0001.jpg,0,-0.02069521
8,data\calibration\lfw\lfw\Ismail_Abu_Shanab\Ismail_Abu_Shanab_0001.jpg,data\calibration\lfw\lfw\Rebecca_Romijn-Stamos\Rebecca_Romijn-Stamos_0001.jpg,0,-0.00898527
8,data\calibration\lfw\lfw\Jack_Welch\Jack_Welch_0001.jpg,data\calibration\lfw\lfw\Keizo_Yamada\Keizo_Yamada_0001.jpg,0,-0.00606715
8,data\calibration\lfw\lfw\James_Dingemans\James_Dingemans_0001.jpg,data\calibration\lfw\lfw\Robert_Duvall\Robert_Duvall_0005.jpg,0,0.03627775
8,data\calibration\lfw\lfw\James_Dingemans\James_Dingemans_0001.jpg,data\calibration\lfw\lfw\William_Morrow\William_Morrow_0001.jpg,0,-0.03138411
8,data\calibration\lfw\lfw\Jamie_Lee_Curtis\Jamie_Lee_Curtis_0001.jpg,data\calibration\lfw\lfw\William_Joppy\William_Joppy_0001.jpg,0,-0.00099350
8,data\calibration\lfw\lfw\Jamie_Martin\Jamie_Martin_0001.jpg,data\calibration\lfw\lfw\Patrick_Ewing\Patrick_Ewing_0001.jpg,0,-0.04109252
8,data\calibration\lfw\lfw\Jan_Bjoerklund\Jan_Bjoerklund_0001.jpg,data\calibration\lfw\lfw\Li_Ruihuan\Li_Ruihuan_0001.jpg,0,-0.03661081
8,data\calibration\lfw\lfw\Jan_Paul_Miller\Jan_Paul_Miller_0001.jpg,data\calibration\lfw\lfw\Paradorn_Srichaphan\Paradorn_Srichaphan_0008.jpg,0,-0.07609366
8,data\calibration\lfw\lfw\Jay_Garner\Jay_Garner_0003.jpg,data\calibration\lfw\lfw\Reggie_Sanders\Reggie_Sanders_0001.jpg,0,0.12146022
8,data\calibration\lfw\lfw\Jeff_Bzdelik\Jeff_Bzdelik_0001.jpg,data\calibration\lfw\lfw\Zach_Parise\Zach_Parise_0001.jpg,0,0.05685289
8,data\calibration\lfw\lfw\Jerry_Oliver\Jerry_Oliver_0001.jpg,data\calibration\lfw\lfw\Rudolf_Schuster\Rudolf_Schuster_0001.jpg,0,-0.10275449
8,data\calibration\lfw\lfw\Jerry_Oliver\Jerry_Oliver_0001.jpg,data\calibration\lfw\lfw\Stefaan_Declerk\Stefaan_Declerk_0001.jpg,0,-0.02291734
8,data\calibration\lfw\lfw\Jerry_Sloan\Jerry_Sloan_0001.jpg,data\calibration\lfw\lfw\Julianne_Moore\Julianne_Moore_0009.jpg,0,-0.02621542
8,data\calibration\lfw\lfw\Jerry_Sloan\Jerry_Sloan_0001.jpg,data\calibration\lfw\lfw\Keiko_Sofia_Fujimori\Keiko_Sofia_Fujimori_0001.jpg,0,0.03484598
8,data\calibration\lfw\lfw\Jerry_Sloan\Jerry_Sloan_0001.jpg,data\calibration\lfw\lfw\Nikki_Cascone\Nikki_Cascone_0001.jpg,0,-0.00495815
8,data\calibration\lfw\lfw\Jim_Anderson\Jim_Anderson_0001.jpg,data\calibration\lfw\lfw\Jose_Luis_Santiago_Vasconcelos\Jose_Luis_Santiago_Vasconcelos_0001.jpg,0,0.00928094
8,data\calibration\lfw\lfw\Jim_Anderson\Jim_Anderson_0001.jpg,data\calibration\lfw\lfw\Mikhail_Wehbe\Mikhail_Wehbe_0001.jpg,0,-0.00525134
8,data\calibration\lfw\lfw\Joaquim_Levy\Joaquim_Levy_0001.jpg,data\calibration\lfw\lfw\Judy_Vassar\Judy_Vassar_0001.jpg,0,-0.02247407
8,data\calibration\lfw\lfw\Joe_Leonard\Joe_Leonard_0001.jpg,data\calibration\lfw\lfw\Kristen_Rivera\Kristen_Rivera_0001.jpg,0,0.10827722
8,data\calibration\lfw\lfw\John_Baldacci\John_Baldacci_0001.jpg,data\calibration\lfw\lfw\Nona_Gaye\Nona_Gaye_0001.jpg,0,-0.03047501
8,data\calibration\lfw\lfw\John_Baldacci\John_Baldacci_0001.jpg,data\calibration\lfw\lfw\Shia_LaBeouf\Shia_LaBeouf_0001.jpg,0,-0.02853261
8,data\calibration\lfw\lfw\John_Elway\John_Elway_0001.jpg,data\calibration\lfw\lfw\Mahmoud_Diyab_al-Ahmed\Mahmoud_Diyab_al-Ahmed_0001.jpg,0,-0.01877861
8,data\calibration\lfw\lfw\John_Kerry\John_Kerry_0009.jpg,data\calibration\lfw\lfw\Raja_Ibrahim\Raja_Ibrahim_0001.jpg,0,-0.03038973
8,data\calibration\lfw\lfw\John_Kerry\John_Kerry_0014.jpg,data\calibration\lfw\lfw\Pat_Rochester\Pat_Rochester_0001.jpg,0,-0.06234799
8,data\calibration\lfw\lfw\John_Lisowski\John_Lisowski_0001.jpg,data\calibration\lfw\lfw\Michelle_Kwan\Michelle_Kwan_0001.jpg,0,-0.00847189
8,data\calibration\lfw\lfw\John_Malkovich\John_Malkovich_0002.jpg,data\calibration\lfw\lfw\Paradorn_Srichaphan\Paradorn_Srichaphan_0007.jpg,0,-0.01367795
8,data\calibration\lfw\lfw\John_Malkovich\John_Malkovich_0003.jpg,data\calibration\lfw\lfw\Mona_Locke\Mona_Locke_0001.jpg,0,-0.04095469
8,data\calibration\lfw\lfw\John_Malkovich\John_Malkovich_0003.jpg,data\calibration\lfw\lfw\Richard_Palmer\Richard_Palmer_0001.jpg,0,-0.04522999
8,data\calibration\lfw\lfw\John_McCallum\John_McCallum_0001.jpg,data\calibration\lfw\lfw\Oliver_Phelps\Oliver_Phelps_0001.jpg,0,-0.01740876
8,data\calibration\lfw\lfw\John_McCallum\John_McCallum_0002.jpg,data\calibration\lfw\lfw\Rick_Bragg\Rick_Bragg_0001.jpg,0,0.06230678
8,data\calibration\lfw\lfw\John_McEnroe\John_McEnroe_0002.jpg,data\calibration\lfw\lfw\Shane_Mosley\Shane_Mosley_0001.jpg,0,-0.08436225
8,data\calibration\lfw\lfw\John_Prescott\John_Prescott_0001.jpg,data\calibration\lfw\lfw\Will_Ofenheusle\Will_Ofenheusle_0001.jpg,0,-0.05580817
8,data\calibration\lfw\lfw\Johnnie_Lynn\Johnnie_Lynn_0001.jpg,data\calibration\lfw\lfw\Larry_Coker\Larry_Coker_0004.jpg,0,-0.07404968
8,data\calibration\lfw\lfw\Johnnie_Lynn\Johnnie_Lynn_0001.jpg,data\calibration\lfw\lfw\Richard_Palmer\Richard_Palmer_0001.jpg,0,-0.12078275
8,data\calibration\lfw\lfw\Johnny_Unitas\Johnny_Unitas_0001.jpg,data\calibration\lfw\lfw\Mark_Foley\Mark_Foley_0001.jpg,0,0.01855383
8,data\calibration\lfw\lfw\Jonathan_Karsh\Jonathan_Karsh_0001.jpg,data\calibration\lfw\lfw\Samantha_Ledster\Samantha_Ledster_0001.jpg,0,0.10045764
8,data\calibration\lfw\lfw\Joxel_Garcia\Joxel_Garcia_0001.jpg,data\calibration\lfw\lfw\Lena_Olin\Lena_Olin_0001.jpg,0,0.02786377
8,data\calibration\lfw\lfw\Joy_Bryant\Joy_Bryant_0001.jpg,data\calibration\lfw\lfw\Richard_Chamberlain\Richard_Chamberlain_0001.jpg,0,0.05707985
8,data\calibration\lfw\lfw\Julianne_Moore\Julianne_Moore_0004.jpg,data\calibration\lfw\lfw\Shia_LaBeouf\Shia_LaBeouf_0001.jpg,0,0.02323450
8,data\calibration\lfw\lfw\Julio_Iglesias_Jr\Julio_Iglesias_Jr_0001.jpg,data\calibration\lfw\lfw\Ramon_Ponce_de_Leon\Ramon_Ponce_de_Leon_0001.jpg,0,0.08531912
8,data\calibration\lfw\lfw\Justin_Timberlake\Justin_Timberlake_0001.jpg,data\calibration\lfw\lfw\Suzanne_Somers\Suzanne_Somers_0001.jpg,0,-0.07267713
8,data\calibration\lfw\lfw\Kathleen_Glynn\Kathleen_Glynn_0002.jpg,data\calibration\lfw\lfw\Susilo_Bambang_Yudhoyono\Susilo_Bambang_Yudhoyono_0001.jpg,0,-0.06715197
8,data\calibration\lfw\lfw\Kathryn_Morris\Kathryn_Morris_0001.jpg,data\calibration\lfw\lfw\Minnie_Driver\Minnie_Driver_0002.jpg,0,-0.10587744
8,data\calibration\lfw\lfw\Kathryn_Tucker\Kathryn_Tucker_0001.jpg,data\calibration\lfw\lfw\Stella_McCartney\Stella_McCartney_0001.jpg,0,0.07609665
8,data\calibration\lfw\lfw\Katie_Couric\Katie_Couric_0001.jpg,data\calibration\lfw\lfw\Sanjay_Gupta\Sanjay_Gupta_0001.jpg,0,-0.04337064
8,data\calibration\lfw\lfw\Keiko_Sofia_Fujimori\Keiko_Sofia_Fujimori_0001.jpg,data\calibration\lfw\lfw\Sureyya_Ayhan\Sureyya_Ayhan_0001.jpg,0,0.00135907
8,data\calibration\lfw\lfw\Kellie_Coffey\Kellie_Coffey_0001.jpg,data\calibration\lfw\lfw\Todd_Petit\Todd_Petit_0001.jpg,0,-0.00288156
8,data\calibration\lfw\lfw\Kenny_Chesney\Kenny_Chesney_0001.jpg,data\calibration\lfw\lfw\Steve_Coogan\Steve_Coogan_0001.jpg,0,-0.09497487
8,data\calibration\lfw\lfw\Kevin_Tarrant\Kevin_Tarrant_0001.jpg,data\calibration\lfw\lfw\Marisol_Breton\Marisol_Breton_0001.jpg,0,-0.01784523
8,data\calibration\lfw\lfw\Kristen_Rivera\Kristen_Rivera_0001.jpg,data\calibration\lfw\lfw\Valdas_Adamkus\Valdas_Adamkus_0002.jpg,0,-0.03608488
8,data\calibration\lfw\lfw\Kurt_Russell\Kurt_Russell_0002.jpg,data\calibration\lfw\lfw\Mahmoud_Diyab_al-Ahmed\Mahmoud_Diyab_al-Ahmed_0001.jpg,0,-0.04189561
8,data\calibration\lfw\lfw\Kurt_Tanabe\Kurt_Tanabe_0001.jpg,data\calibration\lfw\lfw\William_Jackson\William_Jackson_0001.jpg,0,-0.04539126
8,data\calibration\lfw\lfw\Kyle_McLaren\Kyle_McLaren_0001.jpg,data\calibration\lfw\lfw\Sofia_Milos\Sofia_Milos_0001.jpg,0,0.02265246
8,data\calibration\lfw\lfw\Kyle_McLaren\Kyle_McLaren_0001.jpg,data\calibration\lfw\lfw\Will_Ofenheusle\Will_Ofenheusle_0001.jpg,0,0.05951865
8,data\calibration\lfw\lfw\Kyle_Shewfelt\Kyle_Shewfelt_0001.jpg,data\calibration\lfw\lfw\Larry_Coker\Larry_Coker_0002.jpg,0,0.02089377
8,data\calibration\lfw\lfw\Lawrence_Foley\Lawrence_Foley_0001.jpg,data\calibration\lfw\lfw\Rachel_Wadsworth\Rachel_Wadsworth_0001.jpg,0,-0.11157107
8,data\calibration\lfw\lfw\Lea_Fastow\Lea_Fastow_0001.jpg,data\calibration\lfw\lfw\Uday_Hussein\Uday_Hussein_0001.jpg,0,-0.01052122
8,data\calibration\lfw\lfw\Lesia_Burlak\Lesia_Burlak_0001.jpg,data\calibration\lfw\lfw\Nur_Jaafar\Nur_Jaafar_0001.jpg,0,-0.03278011
8,data\calibration\lfw\lfw\Lori_Berenson\Lori_Berenson_0001.jpg,data\calibration\lfw\lfw\Rudolf_Schuster\Rudolf_Schuster_0001.jpg,0,-0.04496939
8,data\calibration\lfw\lfw\Lucio_Angulo\Lucio_Angulo_0001.jpg,data\calibration\lfw\lfw\Sarah_Price\Sarah_Price_0001.jpg,0,-0.02867030
8,data\calibration\lfw\lfw\Lucio_Gutierrez\Lucio_Gutierrez_0010.jpg,data\calibration\lfw\lfw\Pedro_Malan\Pedro_Malan_0005.jpg,0,-0.05894354
8,data\calibration\lfw\lfw\Margaret_Hasley\Margaret_Hasley_0001.jpg,data\calibration\lfw\lfw\Michael_Denzel\Michael_Denzel_0001.jpg,0,-0.04676104
8,data\calibration\lfw\lfw\Mark_Redman\Mark_Redman_0001.jpg,data\calibration\lfw\lfw\Stephen_Funk\Stephen_Funk_0001.jpg,0,0.09950701
8,data\calibration\lfw\lfw\Mark_Salter\Mark_Salter_0001.jpg,data\calibration\lfw\lfw\Shanna_Zolman\Shanna_Zolman_0001.jpg,0,0.00964008
8,data\calibration\lfw\lfw\Martin_Luther_King_III\Martin_Luther_King_III_0001.jpg,data\calibration\lfw\lfw\Maryn_McKenna\Maryn_McKenna_0001.jpg,0,-0.02793350
8,data\calibration\lfw\lfw\Mary_Bono\Mary_Bono_0001.jpg,data\calibration\lfw\lfw\Todd_Wike\Todd_Wike_0001.jpg,0,0.06196738
8,data\calibration\lfw\lfw\Matt_LeBlanc\Matt_LeBlanc_0001.jpg,data\calibration\lfw\lfw\Robert_Redford\Robert_Redford_0002.jpg,0,-0.02482354
8,data\calibration\lfw\lfw\Mauro_Viza\Mauro_Viza_0001.jpg,data\calibration\lfw\lfw\William_Jackson\William_Jackson_0001.jpg,0,0.02702448
8,data\calibration\lfw\lfw\Max_Baucus\Max_Baucus_0001.jpg,data\calibration\lfw\lfw\Paradorn_Srichaphan\Paradorn_Srichaphan_0005.jpg,0,-0.01442937
8,data\calibration\lfw\lfw\Max_Baucus\Max_Baucus_0001.jpg,data\calibration\lfw\lfw\Yossi_Beilin\Yossi_Beilin_0002.jpg,0,-0.04942669
8,data\calibration\lfw\lfw\Meles_Zenawi\Meles_Zenawi_0001.jpg,data\calibration\lfw\lfw\Nawabzada_Nasrullah_Khan\Nawabzada_Nasrullah_Khan_0001.jpg,0,-0.00083225
8,data\calibration\lfw\lfw\Melissa_Mulloy\Melissa_Mulloy_0001.jpg,data\calibration\lfw\lfw\Paula_Abdul\Paula_Abdul_0001.jpg,0,0.03611217
8,data\calibration\lfw\lfw\Melissa_Mulloy\Melissa_Mulloy_0001.jpg,data\calibration\lfw\lfw\Roger_Lyons\Roger_Lyons_0001.jpg,0,0.04718520
8,data\calibration\lfw\lfw\Michael_Chiklis\Michael_Chiklis_0001.jpg,data\calibration\lfw\lfw\Mohammed_Al_Hindi\Mohammed_Al_Hindi_0001.jpg,0,-0.05712619
8,data\calibration\lfw\lfw\Michael_Chiklis\Michael_Chiklis_0001.jpg,data\calibration\lfw\lfw\Steve_Rush\Steve_Rush_0001.jpg,0,-0.06798059
8,data\calibration\lfw\lfw\Michael_Doleac\Michael_Doleac_0001.jpg,data\calibration\lfw\lfw\Nur_Jaafar\Nur_Jaafar_0001.jpg,0,-0.04742014
8,data\calibration\lfw\lfw\Michael_Goldrich\Michael_Goldrich_0001.jpg,data\calibration\lfw\lfw\Suzanne_Somers\Suzanne_Somers_0001.jpg,0,0.00736637
8,data\calibration\lfw\lfw\Michael_Kahn\Michael_Kahn_0001.jpg,data\calibration\lfw\lfw\Rick_Caruso\Rick_Caruso_0001.jpg,0,0.10982220
8,data\calibration\lfw\lfw\Michel_Minard\Michel_Minard_0001.jpg,data\calibration\lfw\lfw\Suzanne_Gaudet\Suzanne_Gaudet_0001.jpg,0,-0.13020863
8,data\calibration\lfw\lfw\Michelle_Bachelet\Michelle_Bachelet_0001.jpg,data\calibration\lfw\lfw\Sami_Al-Arian\Sami_Al-Arian_0001.jpg,0,-0.01323972
8,data\calibration\lfw\lfw\Miguel_Angel_Rodriguez\Miguel_Angel_Rodriguez_0001.jpg,data\calibration\lfw\lfw\Sasha_Cohen\Sasha_Cohen_0001.jpg,0,-0.00326467
8,data\calibration\lfw\lfw\Mike_Bryan\Mike_Bryan_0001.jpg,data\calibration\lfw\lfw\Shanna_Zolman\Shanna_Zolman_0001.jpg,0,0.03821310
8,data\calibration\lfw\lfw\Mike_Montgomery\Mike_Montgomery_0001.jpg,data\calibration\lfw\lfw\Ray_Lewis\Ray_Lewis_0001.jpg,0,0.00188436
8,data\calibration\lfw\lfw\Milton_Wynants\Milton_Wynants_0001.jpg,data\calibration\lfw\lfw\Stuart_Townsend\Stuart_Townsend_0001.jpg,0,0.00468324
8,data\calibration\lfw\lfw\Miyako_Miyazaki\Miyako_Miyazaki_0002.jpg,data\calibration\lfw\lfw\Munir_Akram\Munir_Akram_0002.jpg,0,0.07703926
8,data\calibration\lfw\lfw\Morris_Dees\Morris_Dees_0001.jpg,data\calibration\lfw\lfw\Shamai_Leibowitz\Shamai_Leibowitz_0001.jpg,0,0.01510089
8,data\calibration\lfw\lfw\Morris_Dees\Morris_Dees_0001.jpg,data\calibration\lfw\lfw\Suzie_McConnell_Serio\Suzie_McConnell_Serio_0001.jpg,0,0.03179879
8,data\calibration\lfw\lfw\Nathalie_Gagnon\Nathalie_Gagnon_0001.jpg,data\calibration\lfw\lfw\Richard_Reid\Richard_Reid_0001.jpg,0,0.05327586
8,data\calibration\lfw\lfw\Nicklas_Lidstrom\Nicklas_Lidstrom_0001.jpg,data\calibration\lfw\lfw\Norman_Jewison\Norman_Jewison_0001.jpg,0,0.00022863
8,data\calibration\lfw\lfw\Nicklas_Lidstrom\Nicklas_Lidstrom_0001.jpg,data\calibration\lfw\lfw\Sadie_Frost\Sadie_Frost_0003.jpg,0,0.05356900
8,data\calibration\lfw\lfw\Nicole_Hiltz\Nicole_Hiltz_0001.jpg,data\calibration\lfw\lfw\Zaini_Abdullah\Zaini_Abdullah_0001.jpg,0,-0.01317097
8,data\calibration\lfw\lfw\Nona_Gaye\Nona_Gaye_0001.jpg,data\calibration\lfw\lfw\Paul_Cerjan\Paul_Cerjan_0001.jpg,0,0.07159203
8,data\calibration\lfw\lfw\Oscar_Bolanos\Oscar_Bolanos_0001.jpg,data\calibration\lfw\lfw\Phil_Donahue\Phil_Donahue_0001.jpg,0,-0.09452105
8,data\calibration\lfw\lfw\Oscar_Bolanos\Oscar_Bolanos_0001.jpg,data\calibration\lfw\lfw\Tatiana_Kennedy_Schlossberg\Tatiana_Kennedy_Schlossberg_0001.jpg,0,-0.04892866
8,data\calibration\lfw\lfw\Pascal_Quignard\Pascal_Quignard_0003.jpg,data\calibration\lfw\lfw\Patrick_Ewing\Patrick_Ewing_0002.jpg,0,0.11793164
8,data\calibration\lfw\lfw\Pat_Rochester\Pat_Rochester_0001.jpg,data\calibration\lfw\lfw\Phoenix_Chang\Phoenix_Chang_0001.jpg,0,-0.05986321
8,data\calibration\lfw\lfw\Pat_Rochester\Pat_Rochester_0001.jpg,data\calibration\lfw\lfw\Will_Ofenheusle\Will_Ofenheusle_0001.jpg,0,0.02404443
8,data\calibration\lfw\lfw\Paul_Farley\Paul_Farley_0001.jpg,data\calibration\lfw\lfw\Platon_Lebedev\Platon_Lebedev_0001.jpg,0,0.06498846
8,data\calibration\lfw\lfw\Paula_Abdul\Paula_Abdul_0001.jpg,data\calibration\lfw\lfw\Robert_Vowler\Robert_Vowler_0001.jpg,0,0.01608620
8,data\calibration\lfw\lfw\Pharrell_Williams\Pharrell_Williams_0001.jpg,data\calibration\lfw\lfw\Tyrone_Medley\Tyrone_Medley_0001.jpg,0,-0.00233270
8,data\calibration\lfw\lfw\Phoenix_Chang\Phoenix_Chang_0001.jpg,data\calibration\lfw\lfw\Platon_Lebedev\Platon_Lebedev_0001.jpg,0,0.09938131
8,data\calibration\lfw\lfw\Rachel_Wadsworth\Rachel_Wadsworth_0001.jpg,data\calibration\lfw\lfw\Richard_Palmer\Richard_Palmer_0001.jpg,0,0.03153904
8,data\calibration\lfw\lfw\Raymond_Odierno\Raymond_Odierno_0001.jpg,data\calibration\lfw\lfw\Richard_Reid\Richard_Reid_0001.jpg,0,-0.01763558
8,data\calibration\lfw\lfw\Reggie_Sanders\Reggie_Sanders_0001.jpg,data\calibration\lfw\lfw\Rick_Santorum\Rick_Santorum_0002.jpg,0,0.13553435
8,data\calibration\lfw\lfw\Richard_Chamberlain\Richard_Chamberlain_0001.jpg,data\calibration\lfw\lfw\Steve_Patterson\Steve_Patterson_0001.jpg,0,0.02587252
8,data\calibration\lfw\lfw\Richard_Ward\Richard_Ward_0001.jpg,data\calibration\lfw\lfw\Steve_Redgrave\Steve_Redgrave_0001.jpg,0,-0.01885377
8,data\calibration\lfw\lfw\Robert_Vowler\Robert_Vowler_0001.jpg,data\calibration\lfw\lfw\Tab_Baldwin\Tab_Baldwin_0001.jpg,0,0.05539563
8,data\calibration\lfw\lfw\Roy_Rogers\Roy_Rogers_0001.jpg,data\calibration\lfw\lfw\Steven_Feldman\Steven_Feldman_0001.jpg,0,-0.00574848
8,data\calibration\lfw\lfw\Scott_Rolen\Scott_Rolen_0001.jpg,data\calibration\lfw\lfw\William_Murabito\William_Murabito_0001.jpg,0,0.00870111
8,data\calibration\lfw\lfw\Sofia_Milos\Sofia_Milos_0001.jpg,data\calibration\lfw\lfw\Steve_Nash\Steve_Nash_0003.jpg,0,0.02125154
8,data\calibration\lfw\lfw\Sofia_Milos\Sofia_Milos_0001.jpg,data\calibration\lfw\lfw\Will_Ofenheusle\Will_Ofenheusle_0001.jpg,0,0.03739385
8,data\calibration\lfw\lfw\Sonja_Kesselschlager\Sonja_Kesselschlager_0001.jpg,data\calibration\lfw\lfw\Tim_Robbins\Tim_Robbins_0003.jpg,0,0.01484017
8,data\calibration\lfw\lfw\Takeo_Hiranuma\Takeo_Hiranuma_0001.jpg,data\calibration\lfw\lfw\Ty_Votaw\Ty_Votaw_0001.jpg,0,0.03785240
8,data\calibration\lfw\lfw\Ted_Washington\Ted_Washington_0001.jpg,data\calibration\lfw\lfw\Ximena_Bohorquez\Ximena_Bohorquez_0001.jpg,0,-0.04470003
8,data\calibration\lfw\lfw\Ty_Votaw\Ty_Votaw_0001.jpg,data\calibration\lfw\lfw\William_Webster\William_Webster_0001.jpg,0,0.07500646
9,data\calibration\lfw\lfw\Adrian_McPherson\Adrian_McPherson_0001.jpg,data\calibration\lfw\lfw\Adrian_McPherson\Adrian_McPherson_0002.jpg,1,0.64493853
9,data\calibration\lfw\lfw\Al_Davis\Al_Davis_0001.jpg,data\calibration\lfw\lfw\Al_Davis\Al_Davis_0002.jpg,1,0.66518915
9,data\calibration\lfw\lfw\Al_Gore\Al_Gore_0002.jpg,data\calibration\lfw\lfw\Al_Gore\Al_Gore_0006.jpg,1,0.59737712
9,data\calibration\lfw\lfw\Al_Gore\Al_Gore_0004.jpg,data\calibration\lfw\lfw\Al_Gore\Al_Gore_0006.jpg,1,0.70092648
9,data\calibration\lfw\lfw\Alan_Greenspan\Alan_Greenspan_0001.jpg,data\calibration\lfw\lfw\Alan_Greenspan\Alan_Greenspan_0002.jpg,1,0.75759417
9,data\calibration\lfw\lfw\Alan_Greenspan\Alan_Greenspan_0001.jpg,data\calibration\lfw\lfw\Alan_Greenspan\Alan_Greenspan_0005.jpg,1,0.71677870
9,data\calibration\lfw\lfw\Alan_Greenspan\Alan_Greenspan_0003.jpg,data\calibration\lfw\lfw\Alan_Greenspan\Alan_Greenspan_0004.jpg,1,0.77743506
9,data\calibration\lfw\lfw\Alastair_Campbell\Alastair_Campbell_0001.jpg,data\calibration\lfw\lfw\Alastair_Campbell\Alastair_Campbell_0005.jpg,1,0.56914216
9,data\calibration\lfw\lfw\Alastair_Campbell\Alastair_Campbell_0002.jpg,data\calibration\lfw\lfw\Alastair_Campbell\Alastair_Campbell_0004.jpg,1,0.65198404
9,data\calibration\lfw\lfw\Alexander_Downer\Alexander_Downer_0001.jpg,data\calibration\lfw\lfw\Alexander_Downer\Alexander_Downer_0002.jpg,1,0.62775499
9,data\calibration\lfw\lfw\Alexander_Downer\Alexander_Downer_0001.jpg,data\calibration\lfw\lfw\Alexander_Downer\Alexander_Downer_0003.jpg,1,0.67298490
9,data\calibration\lfw\lfw\Alexander_Downer\Alexander_Downer_0001.jpg,data\calibration\lfw\lfw\Alexander_Downer\Alexander_Downer_0004.jpg,1,0.59375411
9,data\calibration\lfw\lfw\Alexander_Downer\Alexander_Downer_0003.jpg,data\calibration\lfw\lfw\Alexander_Downer\Alexander_Downer_0004.jpg,1,0.68747824
9,data\calibration\lfw\lfw\Alice_Fisher\Alice_Fisher_0001.jpg,data\calibration\lfw\lfw\Alice_Fisher\Alice_Fisher_0002.jpg,1,0.81736159
9,data\calibration\lfw\lfw\Alison_Lohman\Alison_Lohman_0001.jpg,data\calibration\lfw\lfw\Alison_Lohman\Alison_Lohman_0002.jpg,1,0.00870409
9,data\calibration\lfw\lfw\Alvaro_Silva_Calderon\Alvaro_Silva_Calderon_0001.jpg,data\calibration\lfw\lfw\Alvaro_Silva_Calderon\Alvaro_Silva_Calderon_0002.jpg,1,0.69773161
9,data\calibration\lfw\lfw\Alvaro_Silva_Calderon\Alvaro_Silva_Calderon_0001.jpg,data\calibration\lfw\lfw\Alvaro_Silva_Calderon\Alvaro_Silva_Calderon_0003.jpg,1,0.63506639
9,data\calibration\lfw\lfw\Alvaro_Uribe\Alvaro_Uribe_0007.jpg,data\calibration\lfw\lfw\Alvaro_Uribe\Alvaro_Uribe_0020.jpg,1,0.67536145
9,data\calibration\lfw\lfw\Alvaro_Uribe\Alvaro_Uribe_0008.jpg,data\calibration\lfw\lfw\Alvaro_Uribe\Alvaro_Uribe_0025.jpg,1,0.46928564
9,data\calibration\lfw\lfw\Alvaro_Uribe\Alvaro_Uribe_0012.jpg,data\calibration\lfw\lfw\Alvaro_Uribe\Alvaro_Uribe_0013.jpg,1,0.01605097
9,data\calibration\lfw\lfw\Alvaro_Uribe\Alvaro_Uribe_0020.jpg,data\calibration\lfw\lfw\Alvaro_Uribe\Alvaro_Uribe_0028.jpg,1,0.68076670
9,data\calibration\lfw\lfw\Anders_Ebbeson\Anders_Ebbeson_0002.jpg,data\calibration\lfw\lfw\Anders_Ebbeson\Anders_Ebbeson_0003.jpg,1,0.77528214
9,data\calibration\lfw\lfw\Andrew_Bunner\Andrew_Bunner_0001.jpg,data\calibration\lfw\lfw\Andrew_Bunner\Andrew_Bunner_0002.jpg,1,0.69201219
9,data\calibration\lfw\lfw\Anibal_Ibarra\Anibal_Ibarra_0001.jpg,data\calibration\lfw\lfw\Anibal_Ibarra\Anibal_Ibarra_0003.jpg,1,0.72505510
9,data\calibration\lfw\lfw\Antonio_Trillanes\Antonio_Trillanes_0001.jpg,data\calibration\lfw\lfw\Antonio_Trillanes\Antonio_Trillanes_0003.jpg,1,0.68922633
9,data\calibration\lfw\lfw\Antonio_Trillanes\Antonio_Trillanes_0002.jpg,data\calibration\lfw\lfw\Antonio_Trillanes\Antonio_Trillanes_0003.jpg,1,0.54782188
9,data\calibration\lfw\lfw\Asa_Hutchinson\Asa_Hutchinson_0001.jpg,data\calibration\lfw\lfw\Asa_Hutchinson\Asa_Hutchinson_0002.jpg,1,0.61151940
9,data\calibration\lfw\lfw\Barbara_Walters\Barbara_Walters_0001.jpg,data\calibration\lfw\lfw\Barbara_Walters\Barbara_Walters_0003.jpg,1,0.74872494
9,data\calibration\lfw\lfw\Barbara_Walters\Barbara_Walters_0001.jpg,data\calibration\lfw\lfw\Barbara_Walters\Barbara_Walters_0004.jpg,1,0.63575459
9,data\calibration\lfw\lfw\Barbara_Walters\Barbara_Walters_0003.jpg,data\calibration\lfw\lfw\Barbara_Walters\Barbara_Walters_0004.jpg,1,0.59291232
9,data\calibration\lfw\lfw\Ben_Howland\Ben_Howland_0001.jpg,data\calibration\lfw\lfw\Ben_Howland\Ben_Howland_0002.jpg,1,0.75018400
9,data\calibration\lfw\lfw\Ben_Howland\Ben_Howland_0001.jpg,data\calibration\lfw\lfw\Ben_Howland\Ben_Howland_0003.jpg,1,0.77995038
9,data\calibration\lfw\lfw\Ben_Howland\Ben_Howland_0003.jpg,data\calibration\lfw\lfw\Ben_Howland\Ben_Howland_0004.jpg,1,0.82165384
9,data\calibration\lfw\lfw\Benazir_Bhutto\Benazir_Bhutto_0001.jpg,data\calibration\lfw\lfw\Benazir_Bhutto\Benazir_Bhutto_0004.jpg,1,0.51405460
9,data\calibration\lfw\lfw\Benazir_Bhutto\Benazir_Bhutto_0002.jpg,data\calibration\lfw\lfw\Benazir_Bhutto\Benazir_Bhutto_0003.jpg,1,0.71799666
9,data\calibration\lfw\lfw\Benazir_Bhutto\Benazir_Bhutto_0002.jpg,data\calibration\lfw\lfw\Benazir_Bhutto\Benazir_Bhutto_0004.jpg,1,0.45862740
9,data\calibration\lfw\lfw\Bill_Simon\Bill_Simon_0005.jpg,data\calibration\lfw\lfw\Bill_Simon\Bill_Simon_0009.jpg,1,0.51627660
9,data\calibration\lfw\lfw\Bill_Simon\Bill_Simon_0011.jpg,data\calibration\lfw\lfw\Bill_Simon\Bill_Simon_0015.jpg,1,0.65941477
9,data\calibration\lfw\lfw\Billy_Sollie\Billy_Sollie_0001.jpg,data\calibration\lfw\lfw\Billy_Sollie\Billy_Sollie_0002.jpg,1,0.81871474
9,data\calibration\lfw\lfw\Boris_Berezovsky\Boris_Berezovsky_0001.jpg,data\calibration\lfw\lfw\Boris_Berezovsky\Boris_Berezovsky_0002.jpg,1,0.70058650
9,data\calibration\lfw\lfw\Brooke_Shields\Brooke_Shields_0001.jpg,data\calibration\lfw\lfw\Brooke_Shields\Brooke_Shields_0002.jpg,1,0.68151307
9,data\calibration\lfw\lfw\Bulent_Ecevit\Bulent_Ecevit_0001.jpg,data\calibration\lfw\lfw\Bulent_Ecevit\Bulent_Ecevit_0004.jpg,1,0.75763321
9,data\calibration\lfw\lfw\Bulent_Ecevit\Bulent_Ecevit_0001.jpg,data\calibration\lfw\lfw\Bulent_Ecevit\Bulent_Ecevit_0005.jpg,1,0.72313732
9,data\calibration\lfw\lfw\Bulent_Ecevit\Bulent_Ecevit_0002.jpg,data\calibration\lfw\lfw\Bulent_Ecevit\Bulent_Ecevit_0006.jpg,1,0.71278322
9,data\calibration\lfw\lfw\Bulent_Ecevit\Bulent_Ecevit_0004.jpg,data\calibration\lfw\lfw\Bulent_Ecevit\Bulent_Ecevit_0006.jpg,1,0.70787352
9,data\calibration\lfw\lfw\Candie_Kung\Candie_Kung_0001.jpg,data\calibration\lfw\lfw\Candie_Kung\Candie_Kung_0002.jpg,1,0.69680989
9,data\calibration\lfw\lfw\Candie_Kung\Candie_Kung_0001.jpg,data\calibration\lfw\lfw\Candie_Kung\Candie_Kung_0004.jpg,1,0.53606474
9,data\calibration\lfw\lfw\Carlo_Ancelotti\Carlo_Ancelotti_0001.jpg,data\calibration\lfw\lfw\Carlo_Ancelotti\Carlo_Ancelotti_0002.jpg,1,0.77317160
9,data\calibration\lfw\lfw\Carlo_Ancelotti\Carlo_Ancelotti_0002.jpg,data\calibration\lfw\lfw\Carlo_Ancelotti\Carlo_Ancelotti_0003.jpg,1,0.69872862
9,data\calibration\lfw\lfw\Carlos_Moya\Carlos_Moya_0008.jpg,data\calibration\lfw\lfw\Carlos_Moya\Carlos_Moya_0017.jpg,1,0.61164588
9,data\calibration\lfw\lfw\Carlos_Moya\Carlos_Moya_0010.jpg,data\calibration\lfw\lfw\Carlos_Moya\Carlos_Moya_0018.jpg,1,0.58457470
9,data\calibration\lfw\lfw\Carlos_Vives\Carlos_Vives_0001.jpg,data\calibration\lfw\lfw\Carlos_Vives\Carlos_Vives_0004.jpg,1,0.66500241
9,data\calibration\lfw\lfw\Carlos_Vives\Carlos_Vives_0002.jpg,data\calibration\lfw\lfw\Carlos_Vives\Carlos_Vives_0004.jpg,1,0.65628010
9,data\calibration\lfw\lfw\Carson_Daly\Carson_Daly_0001.jpg,data\calibration\lfw\lfw\Carson_Daly\Carson_Daly_0002.jpg,1,0.58396584
9,data\calibration\lfw\lfw\Cate_Blanchett\Cate_Blanchett_0001.jpg,data\calibration\lfw\lfw\Cate_Blanchett\Cate_Blanchett_0002.jpg,1,0.59358823
9,data\calibration\lfw\lfw\Cate_Blanchett\Cate_Blanchett_0001.jpg,data\calibration\lfw\lfw\Cate_Blanchett\Cate_Blanchett_0003.jpg,1,0.69080007
9,data\calibration\lfw\lfw\Cate_Blanchett\Cate_Blanchett_0001.jpg,data\calibration\lfw\lfw\Cate_Blanchett\Cate_Blanchett_0004.jpg,1,0.65042567
9,data\calibration\lfw\lfw\Cate_Blanchett\Cate_Blanchett_0002.jpg,data\calibration\lfw\lfw\Cate_Blanchett\Cate_Blanchett_0003.jpg,1,0.61634392
9,data\calibration\lfw\lfw\Cate_Blanchett\Cate_Blanchett_0002.jpg,data\calibration\lfw\lfw\Cate_Blanchett\Cate_Blanchett_0004.jpg,1,0.64262193
9,data\calibration\lfw\lfw\Chok_Tong_Goh\Chok_Tong_Goh_0001.jpg,data\calibration\lfw\lfw\Chok_Tong_Goh\Chok_Tong_Goh_0002.jpg,1,0.65445513
9,data\calibration\lfw\lfw\Chris_Byrd\Chris_Byrd_0001.jpg,data\calibration\lfw\lfw\Chris_Byrd\Chris_Byrd_0002.jpg,1,0.57455415
9,data\calibration\lfw\lfw\Chris_Cooper\Chris_Cooper_0001.jpg,data\calibration\lfw\lfw\Chris_Cooper\Chris_Cooper_0002.jpg,1,0.68093073
9,data\calibration\lfw\lfw\Chris_Tucker\Chris_Tucker_0001.jpg,data\calibration\lfw\lfw\Chris_Tucker\Chris_Tucker_0002.jpg,1,0.64850408
9,data\calibration\lfw\lfw\Christine_Gregoire\Christine_Gregoire_0001.jpg,data\calibration\lfw\lfw\Christine_Gregoire\Christine_Gregoire_0004.jpg,1,0.69962710
9,data\calibration\lfw\lfw\Christine_Gregoire\Christine_Gregoire_0002.jpg,data\calibration\lfw\lfw\Christine_Gregoire\Christine_Gregoire_0003.jpg,1,0.70499843
9,data\calibration\lfw\lfw\Christine_Gregoire\Christine_Gregoire_0002.jpg,data\calibration\lfw\lfw\Christine_Gregoire\Christine_Gregoire_0004.jpg,1,0.63798630
9,data\calibration\lfw\lfw\Christopher_Patten\Christopher_Patten_0001.jpg,data\calibration\lfw\lfw\Christopher_Patten\Christopher_Patten_0002.jpg,1,0.62121040
9,data\calibration\lfw\lfw\Clint_Eastwood\Clint_Eastwood_0001.jpg,data\calibration\lfw\lfw\Clint_Eastwood\Clint_Eastwood_0004.jpg,1,0.67482561
9,data\calibration\lfw\lfw\Clint_Eastwood\Clint_Eastwood_0001.jpg,data\calibration\lfw\lfw\Clint_Eastwood\Clint_Eastwood_0006.jpg,1,0.67940426
9,data\calibration\lfw\lfw\Constance_Marie\Constance_Marie_0001.jpg,data\calibration\lfw\lfw\Constance_Marie\Constance_Marie_0002.jpg,1,0.01605056
9,data\calibration\lfw\lfw\Constance_Marie\Constance_Marie_0001.jpg,data\calibration\lfw\lfw\Constance_Marie\Constance_Marie_0003.jpg,1,-0.01361622
9,data\calibration\lfw\lfw\Dennis_Hastert\Dennis_Hastert_0002.jpg,data\calibration\lfw\lfw\Dennis_Hastert\Dennis_Hastert_0003.jpg,1,0.52329284
9,data\calibration\lfw\lfw\Dennis_Hastert\Dennis_Hastert_0003.jpg,data\calibration\lfw\lfw\Dennis_Hastert\Dennis_Hastert_0006.jpg,1,0.55661213
9,data\calibration\lfw\lfw\Dennis_Hastert\Dennis_Hastert_0004.jpg,data\calibration\lfw\lfw\Dennis_Hastert\Dennis_Hastert_0006.jpg,1,0.57303119
9,data\calibration\lfw\lfw\Dennis_Hastert\Dennis_Hastert_0005.jpg,data\calibration\lfw\lfw\Dennis_Hastert\Dennis_Hastert_0006.jpg,1,0.72589380
9,data\calibration\lfw\lfw\Dolly_Parton\Dolly_Parton_0001.jpg,data\calibration\lfw\lfw\Dolly_Parton\Dolly_Parton_0002.jpg,1,0.80732095
9,data\calibration\lfw\lfw\Doug_Duncan\Doug_Duncan_0001.jpg,data\calibration\lfw\lfw\Doug_Duncan\Doug_Duncan_0002.jpg,1,-0.13600877
9,data\calibration\lfw\lfw\Edward_Kennedy\Edward_Kennedy_0001.jpg,data\calibration\lfw\lfw\Edward_Kennedy\Edward_Kennedy_0002.jpg,1,0.66761100
9,data\calibration\lfw\lfw\Edward_Kennedy\Edward_Kennedy_0002.jpg,data\calibration\lfw\lfw\Edward_Kennedy\Edward_Kennedy_0003.jpg,1,0.66532463
9,data\calibration\lfw\lfw\Edward_Said\Edward_Said_0001.jpg,data\calibration\lfw\lfw\Edward_Said\Edward_Said_0002.jpg,1,0.52167016
9,data\calibration\lfw\lfw\Elena_Bovina\Elena_Bovina_0001.jpg,data\calibration\lfw\lfw\Elena_Bovina\Elena_Bovina_0002.jpg,1,0.65663385
9,data\calibration\lfw\lfw\Elena_Bovina\Elena_Bovina_0001.jpg,data\calibration\lfw\lfw\Elena_Bovina\Elena_Bovina_0003.jpg,1,0.54931867
9,data\calibration\lfw\lfw\Elena_Bovina\Elena_Bovina_0002.jpg,data\calibration\lfw\lfw\Elena_Bovina\Elena_Bovina_0003.jpg,1,0.66455871
9,data\calibration\lfw\lfw\Eliane_Karp\Eliane_Karp_0001.jpg,data\calibration\lfw\lfw\Eliane_Karp\Eliane_Karp_0003.jpg,1,0.59507942
9,data\calibration\lfw\lfw\Eliane_Karp\Eliane_Karp_0002.jpg,data\calibration\lfw\lfw\Eliane_Karp\Eliane_Karp_0003.jpg,1,0.62921339
9,data\calibration\lfw\lfw\Eliane_Karp\Eliane_Karp_0002.jpg,data\calibration\lfw\lfw\Eliane_Karp\Eliane_Karp_0004.jpg,1,0.53463298
9,data\calibration\lfw\lfw\Eliane_Karp\Eliane_Karp_0003.jpg,data\calibration\lfw\lfw\Eliane_Karp\Eliane_Karp_0004.jpg,1,0.59206051
9,data\calibration\lfw\lfw\Elvis_Presley\Elvis_Presley_0001.jpg,data\calibration\lfw\lfw\Elvis_Presley\Elvis_Presley_0002.jpg,1,0.58198416
9,data\calibration\lfw\lfw\Erika_Harold\Erika_Harold_0001.jpg,data\calibration\lfw\lfw\Erika_Harold\Erika_Harold_0003.jpg,1,0.64132696
9,data\calibration\lfw\lfw\Erika_Harold\Erika_Harold_0002.jpg,data\calibration\lfw\lfw\Erika_Harold\Erika_Harold_0003.jpg,1,0.67133921
9,data\calibration\lfw\lfw\Erika_Harold\Erika_Harold_0003.jpg,data\calibration\lfw\lfw\Erika_Harold\Erika_Harold_0004.jpg,1,0.73542935
9,data\calibration\lfw\lfw\Erika_Harold\Erika_Harold_0004.jpg,data\calibration\lfw\lfw\Erika_Harold\Erika_Harold_0005.jpg,1,0.75722229
9,data\calibration\lfw\lfw\Ernie_Els\Ernie_Els_0001.jpg,data\calibration\lfw\lfw\Ernie_Els\Ernie_Els_0003.jpg,1,0.68565500
9,data\calibration\lfw\lfw\Ernie_Els\Ernie_Els_0001.jpg,data\calibration\lfw\lfw\Ernie_Els\Ernie_Els_0004.jpg,1,0.76839179
9,data\calibration\lfw\lfw\Ernie_Els\Ernie_Els_0002.jpg,data\calibration\lfw\lfw\Ernie_Els\Ernie_Els_0003.jpg,1,0.73218662
9,data\calibration\lfw\lfw\Franco_Dragone\Franco_Dragone_0001.jpg,data\calibration\lfw\lfw\Franco_Dragone\Franco_Dragone_0002.jpg,1,0.64370710
9,data\calibration\lfw\lfw\Frank_Solich\Frank_Solich_0001.jpg,data\calibration\lfw\lfw\Frank_Solich\Frank_Solich_0004.jpg,1,0.75206196
9,data\calibration\lfw\lfw\Frank_Solich\Frank_Solich_0002.jpg,data\calibration\lfw\lfw\Frank_Solich\Frank_Solich_0005.jpg,1,0.81175542
9,data\calibration\lfw\lfw\Frank_Solich\Frank_Solich_0003.jpg,data\calibration\lfw\lfw\Frank_Solich\Frank_Solich_0004.jpg,1,0.75107491
9,data\calibration\lfw\lfw\Gabriel_Batistuta\Gabriel_Batistuta_0001.jpg,data\calibration\lfw\lfw\Gabriel_Batistuta\Gabriel_Batistuta_0002.jpg,1,0.57678998
9,data\calibration\lfw\lfw\Gary_Carter\Gary_Carter_0001.jpg,data\calibration\lfw\lfw\Gary_Carter\Gary_Carter_0002.jpg,1,0.80612898
9,data\calibration\lfw\lfw\Gary_Carter\Gary_Carter_0001.jpg,data\calibration\lfw\lfw\Gary_Carter\Gary_Carter_0003.jpg,1,0.65726042
9,data\calibration\lfw\lfw\Gary_Doer\Gary_Doer_0001.jpg,data\calibration\lfw\lfw\Gary_Doer\Gary_Doer_0002.jpg,1,0.18548708
9,data\calibration\lfw\lfw\Gary_Doer\Gary_Doer_0002.jpg,data\calibration\lfw\lfw\Gary_Doer\Gary_Doer_0003.jpg,1,0.58667850
9,data\calibration\lfw\lfw\George_Tenet\George_Tenet_0001.jpg,data\calibration\lfw\lfw\George_Tenet\George_Tenet_0002.jpg,1,0.65764910
9,data\calibration\lfw\lfw\George_Voinovich\George_Voinovich_0001.jpg,data\calibration\lfw\lfw\George_Voinovich\George_Voinovich_0003.jpg,1,0.53452671
9,data\calibration\lfw\lfw\George_Voinovich\George_Voinovich_0002.jpg,data\calibration\lfw\lfw\George_Voinovich\George_Voinovich_0003.jpg,1,0.79773426
9,data\calibration\lfw\lfw\Georgi_Parvanov\Georgi_Parvanov_0001.jpg,data\calibration\lfw\lfw\Georgi_Parvanov\Georgi_Parvanov_0002.jpg,1,0.01149413
9,data\calibration\lfw\lfw\Goldie_Hawn\Goldie_Hawn_0001.jpg,data\calibration\lfw\lfw\Goldie_Hawn\Goldie_Hawn_0007.jpg,1,0.53630650
9,data\calibration\lfw\lfw\Goldie_Hawn\Goldie_Hawn_0002.jpg,data\calibration\lfw\lfw\Goldie_Hawn\Goldie_Hawn_0003.jpg,1,0.62790406
9,data\calibration\lfw\lfw\Goldie_Hawn\Goldie_Hawn_0003.jpg,data\calibration\lfw\lfw\Goldie_Hawn\Goldie_Hawn_0007.jpg,1,0.73828608
9,data\calibration\lfw\lfw\Goldie_Hawn\Goldie_Hawn_0006.jpg,data\calibration\lfw\lfw\Goldie_Hawn\Goldie_Hawn_0007.jpg,1,0.77477682
9,data\calibration\lfw\lfw\Goran_Persson\Goran_Persson_0001.jpg,data\calibration\lfw\lfw\Goran_Persson\Goran_Persson_0002.jpg,1,0.64077044
9,data\calibration\lfw\lfw\Gro_Harlem_Brundtland\Gro_Harlem_Brundtland_0001.jpg,data\calibration\lfw\lfw\Gro_Harlem_Brundtland\Gro_Harlem_Brundtland_0002.jpg,1,0.58951044
9,data\calibration\lfw\lfw\Guillaume_Soro\Guillaume_Soro_0001.jpg,data\calibration\lfw\lfw\Guillaume_Soro\Guillaume_Soro_0002.jpg,1,0.72025424
9,data\calibration\lfw\lfw\Gwyneth_Paltrow\Gwyneth_Paltrow_0001.jpg,data\calibration\lfw\lfw\Gwyneth_Paltrow\Gwyneth_Paltrow_0005.jpg,1,0.65800393
9,data\calibration\lfw\lfw\Gwyneth_Paltrow\Gwyneth_Paltrow_0001.jpg,data\calibration\lfw\lfw\Gwyneth_Paltrow\Gwyneth_Paltrow_0006.jpg,1,0.59638524
9,data\calibration\lfw\lfw\Gwyneth_Paltrow\Gwyneth_Paltrow_0002.jpg,data\calibration\lfw\lfw\Gwyneth_Paltrow\Gwyneth_Paltrow_0006.jpg,1,0.61729056
9,data\calibration\lfw\lfw\Gwyneth_Paltrow\Gwyneth_Paltrow_0003.jpg,data\calibration\lfw\lfw\Gwyneth_Paltrow\Gwyneth_Paltrow_0006.jpg,1,0.61167622
9,data\calibration\lfw\lfw\Hee-Won_Han\Hee-Won_Han_0001.jpg,data\calibration\lfw\lfw\Hee-Won_Han\Hee-Won_Han_0002.jpg,1,0.59682620
9,data\calibration\lfw\lfw\Herb_Sendek\Herb_Sendek_0001.jpg,data\calibration\lfw\lfw\Herb_Sendek\Herb_Sendek_0003.jpg,1,0.79286247
9,data\calibration\lfw\lfw\Herb_Sendek\Herb_Sendek_0003.jpg,data\calibration\lfw\lfw\Herb_Sendek\Herb_Sendek_0004.jpg,1,0.69378817
9,data\calibration\lfw\lfw\Howard_Smith\Howard_Smith_0001.jpg,data\calibration\lfw\lfw\Howard_Smith\Howard_Smith_0002.jpg,1,0.56285763
9,data\calibration\lfw\lfw\Hugh_Grant\Hugh_Grant_0005.jpg,data\calibration\lfw\lfw\Hugh_Grant\Hugh_Grant_0008.jpg,1,0.68805099
9,data\calibration\lfw\lfw\Hugh_Grant\Hugh_Grant_0006.jpg,data\calibration\lfw\lfw\Hugh_Grant\Hugh_Grant_0009.jpg,1,0.68284225
9,data\calibration\lfw\lfw\Jack_Straw\Jack_Straw_0025.jpg,data\calibration\lfw\lfw\Jack_Straw\Jack_Straw_0028.jpg,1,0.80350024
9,data\calibration\lfw\lfw\James_Franco\James_Franco_0001.jpg,data\calibration\lfw\lfw\James_Franco\James_Franco_0002.jpg,1,0.62956715
9,data\calibration\lfw\lfw\James_Ivory\James_Ivory_0001.jpg,data\calibration\lfw\lfw\James_Ivory\James_Ivory_0002.jpg,1,0.82135499
9,data\calibration\lfw\lfw\James_Schultz\James_Schultz_0001.jpg,data\calibration\lfw\lfw\James_Schultz\James_Schultz_0002.jpg,1,0.76740301
9,data\calibration\lfw\lfw\James_Traficant\James_Traficant_0001.jpg,data\calibration\lfw\lfw\James_Traficant\James_Traficant_0002.jpg,1,0.56987870
9,data\calibration\lfw\lfw\James_Traficant\James_Traficant_0002.jpg,data\calibration\lfw\lfw\James_Traficant\James_Traficant_0003.jpg,1,0.61377603
9,data\calibration\lfw\lfw\Jan_Ullrich\Jan_Ullrich_0001.jpg,data\calibration\lfw\lfw\Jan_Ullrich\Jan_Ullrich_0004.jpg,1,0.62300205
9,data\calibration\lfw\lfw\Jan_Ullrich\Jan_Ullrich_0002.jpg,data\calibration\lfw\lfw\Jan_Ullrich\Jan_Ullrich_0006.jpg,1,0.69491750
9,data\calibration\lfw\lfw\Jan_Ullrich\Jan_Ullrich_0003.jpg,data\calibration\lfw\lfw\Jan_Ullrich\Jan_Ullrich_0006.jpg,1,0.70079470
9,data\calibration\lfw\lfw\Jane_Pauley\Jane_Pauley_0001.jpg,data\calibration\lfw\lfw\Jane_Pauley\Jane_Pauley_0002.jpg,1,0.66867107
9,data\calibration\lfw\lfw\Jason_Jennings\Jason_Jennings_0001.jpg,data\calibration\lfw\lfw\Jason_Jennings\Jason_Jennings_0002.jpg,1,0.85944617
9,data\calibration\lfw\lfw\Javier_Weber\Javier_Weber_0001.jpg,data\calibration\lfw\lfw\Javier_Weber\Javier_Weber_0002.jpg,1,-0.03775306
9,data\calibration\lfw\lfw\Jennifer_Rodriguez\Jennifer_Rodriguez_0001.jpg,data\calibration\lfw\lfw\Jennifer_Rodriguez\Jennifer_Rodriguez_0002.jpg,1,0.55538577
9,data\calibration\lfw\lfw\Jeong_Se-hyun\Jeong_Se-hyun_0002.jpg,data\calibration\lfw\lfw\Jeong_Se-hyun\Jeong_Se-hyun_0006.jpg,1,0.77079028
9,data\calibration\lfw\lfw\Jeong_Se-hyun\Jeong_Se-hyun_0003.jpg,data\calibration\lfw\lfw\Jeong_Se-hyun\Jeong_Se-hyun_0007.jpg,1,0.76472455
9,data\calibration\lfw\lfw\Jeong_Se-hyun\Jeong_Se-hyun_0006.jpg,data\calibration\lfw\lfw\Jeong_Se-hyun\Jeong_Se-hyun_0008.jpg,1,0.71966672
9,data\calibration\lfw\lfw\Jeong_Se-hyun\Jeong_Se-hyun_0007.jpg,data\calibration\lfw\lfw\Jeong_Se-hyun\Jeong_Se-hyun_0009.jpg,1,0.66573000
9,data\calibration\lfw\lfw\Jeong_Se-hyun\Jeong_Se-hyun_0008.jpg,data\calibration\lfw\lfw\Jeong_Se-hyun\Jeong_Se-hyun_0009.jpg,1,0.63760632
9,data\calibration\lfw\lfw\Jo_Dee_Messina\Jo_Dee_Messina_0001.jpg,data\calibration\lfw\lfw\Jo_Dee_Messina\Jo_Dee_Messina_0002.jpg,1,0.58080292
9,data\calibration\lfw\lfw\Joe_Lieberman\Joe_Lieberman_0008.jpg,data\calibration\lfw\lfw\Joe_Lieberman\Joe_Lieberman_0011.jpg,1,0.63554162
9,data\calibration\lfw\lfw\Joe_Lieberman\Joe_Lieberman_0009.jpg,data\calibration\lfw\lfw\Joe_Lieberman\Joe_Lieberman_0010.jpg,1,0.71444130
9,data\calibration\lfw\lfw\Joe_Mantello\Joe_Mantello_0001.jpg,data\calibration\lfw\lfw\Joe_Mantello\Joe_Mantello_0002.jpg,1,0.75781286
9,data\calibration\lfw\lfw\John_Allen_Muhammad\John_Allen_Muhammad_0002.jpg,data\calibration\lfw\lfw\John_Allen_Muhammad\John_Allen_Muhammad_0009.jpg,1,-0.01963759
9,data\calibration\lfw\lfw\John_Allen_Muhammad\John_Allen_Muhammad_0005.jpg,data\calibration\lfw\lfw\John_Allen_Muhammad\John_Allen_Muhammad_0007.jpg,1,0.06772386
9,data\calibration\lfw\lfw\John_Allen_Muhammad\John_Allen_Muhammad_0006.jpg,data\calibration\lfw\lfw\John_Allen_Muhammad\John_Allen_Muhammad_0010.jpg,1,0.66959476
9,data\calibration\lfw\lfw\John_Blaney\John_Blaney_0001.jpg,data\calibration\lfw\lfw\John_Blaney\John_Blaney_0002.jpg,1,0.66598165
9,data\calibration\lfw\lfw\John_Brady\John_Brady_0001.jpg,data\calibration\lfw\lfw\John_Brady\John_Brady_0002.jpg,1,0.68459457
9,data\calibration\lfw\lfw\John_Howard\John_Howard_0005.jpg,data\calibration\lfw\lfw\John_Howard\John_Howard_0015.jpg,1,0.68160325
9,data\calibration\lfw\lfw\John_Howard\John_Howard_0012.jpg,data\calibration\lfw\lfw\John_Howard\John_Howard_0017.jpg,1,0.64830607
9,data\calibration\lfw\lfw\Johnny_Tapia\Johnny_Tapia_0001.jpg,data\calibration\lfw\lfw\Johnny_Tapia\Johnny_Tapia_0002.jpg,1,0.65114176
9,data\calibration\lfw\lfw\Johnny_Tapia\Johnny_Tapia_0002.jpg,data\calibration\lfw\lfw\Johnny_Tapia\Johnny_Tapia_0003.jpg,1,0.71939915
9,data\calibration\lfw\lfw\Jorge_Valdano\Jorge_Valdano_0001.jpg,data\calibration\lfw\lfw\Jorge_Valdano\Jorge_Valdano_0002.jpg,1,0.78278816
9,data\calibration\lfw\lfw\Joseph_Deiss\Joseph_Deiss_0001.jpg,data\calibration\lfw\lfw\Joseph_Deiss\Joseph_Deiss_0003.jpg,1,0.63187265
9,data\calibration\lfw\lfw\Junichiro_Koizumi\Junichiro_Koizumi_0001.jpg,data\calibration\lfw\lfw\Junichiro_Koizumi\Junichiro_Koizumi_0053.jpg,1,0.77003491
9,data\calibration\lfw\lfw\Junichiro_Koizumi\Junichiro_Koizumi_0026.jpg,data\calibration\lfw\lfw\Junichiro_Koizumi\Junichiro_Koizumi_0055.jpg,1,0.65820527
9,data\calibration\lfw\lfw\Junichiro_Koizumi\Junichiro_Koizumi_0029.jpg,data\calibration\lfw\lfw\Junichiro_Koizumi\Junichiro_Koizumi_0045.jpg,1,0.06817527
9,data\calibration\lfw\lfw\Kate_Capshaw\Kate_Capshaw_0001.jpg,data\calibration\lfw\lfw\Kate_Capshaw\Kate_Capshaw_0002.jpg,1,-0.01398933
9,data\calibration\lfw\lfw\Kathryn_Bigelow\Kathryn_Bigelow_0001.jpg,data\calibration\lfw\lfw\Kathryn_Bigelow\Kathryn_Bigelow_0002.jpg,1,0.44610998
9,data\calibration\lfw\lfw\Kevin_Spacey\Kevin_Spacey_0001.jpg,data\calibration\lfw\lfw\Kevin_Spacey\Kevin_Spacey_0002.jpg,1,0.81552935
9,data\calibration\lfw\lfw\Kevin_Spacey\Kevin_Spacey_0001.jpg,data\calibration\lfw\lfw\Kevin_Spacey\Kevin_Spacey_0003.jpg,1,0.73872828
9,data\calibration\lfw\lfw\Kim_Ryong-sung\Kim_Ryong-sung_0006.jpg,data\calibration\lfw\lfw\Kim_Ryong-sung\Kim_Ryong-sung_0008.jpg,1,0.79197025
9,data\calibration\lfw\lfw\Kim_Ryong-sung\Kim_Ryong-sung_0008.jpg,data\calibration\lfw\lfw\Kim_Ryong-sung\Kim_Ryong-sung_0011.jpg,1,0.62989068
9,data\calibration\lfw\lfw\Klaus_Zwickel\Klaus_Zwickel_0001.jpg,data\calibration\lfw\lfw\Klaus_Zwickel\Klaus_Zwickel_0002.jpg,1,0.80899662
9,data\calibration\lfw\lfw\Kristen_Breitweiser\Kristen_Breitweiser_0002.jpg,data\calibration\lfw\lfw\Kristen_Breitweiser\Kristen_Breitweiser_0003.jpg,1,0.85179156
9,data\calibration\lfw\lfw\Laila_Ali\Laila_Ali_0002.jpg,data\calibration\lfw\lfw\Laila_Ali\Laila_Ali_0003.jpg,1,0.01614855
9,data\calibration\lfw\lfw\Larry_Brown\Larry_Brown_0001.jpg,data\calibration\lfw\lfw\Larry_Brown\Larry_Brown_0003.jpg,1,0.20305672
9,data\calibration\lfw\lfw\Larry_Brown\Larry_Brown_0002.jpg,data\calibration\lfw\lfw\Larry_Brown\Larry_Brown_0004.jpg,1,0.55656016
9,data\calibration\lfw\lfw\Larry_Brown\Larry_Brown_0002.jpg,data\calibration\lfw\lfw\Larry_Brown\Larry_Brown_0007.jpg,1,0.61685103
9,data\calibration\lfw\lfw\Larry_Brown\Larry_Brown_0004.jpg,data\calibration\lfw\lfw\Larry_Brown\Larry_Brown_0007.jpg,1,0.57859141
9,data\calibration\lfw\lfw\Larry_Brown\Larry_Brown_0006.jpg,data\calibration\lfw\lfw\Larry_Brown\Larry_Brown_0007.jpg,1,0.62271059
9,data\calibration\lfw\lfw\Larry_Johnson\Larry_Johnson_0001.jpg,data\calibration\lfw\lfw\Larry_Johnson\Larry_Johnson_0002.jpg,1,0.81110883
9,data\calibration\lfw\lfw\Lars_Von_Trier\Lars_Von_Trier_0001.jpg,data\calibration\lfw\lfw\Lars_Von_Trier\Lars_Von_Trier_0002.jpg,1,0.78064656
9,data\calibration\lfw\lfw\Lars_Von_Trier\Lars_Von_Trier_0002.jpg,data\calibration\lfw\lfw\Lars_Von_Trier\Lars_Von_Trier_0003.jpg,1,0.72262388
9,data\calibration\lfw\lfw\Leander_Paes\Leander_Paes_0001.jpg,data\calibration\lfw\lfw\Leander_Paes\Leander_Paes_0002.jpg,1,0.71262032
9,data\calibration\lfw\lfw\Liam_Neeson\Liam_Neeson_0001.jpg,data\calibration\lfw\lfw\Liam_Neeson\Liam_Neeson_0003.jpg,1,-0.03547973
9,data\calibration\lfw\lfw\Liam_Neeson\Liam_Neeson_0002.jpg,data\calibration\lfw\lfw\Liam_Neeson\Liam_Neeson_0003.jpg,1,0.57757759
9,data\calibration\lfw\lfw\Lino_Oviedo\Lino_Oviedo_0001.jpg,data\calibration\lfw\lfw\Lino_Oviedo\Lino_Oviedo_0003.jpg,1,0.89320254
9,data\calibration\lfw\lfw\Lino_Oviedo\Lino_Oviedo_0002.jpg,data\calibration\lfw\lfw\Lino_Oviedo\Lino_Oviedo_0003.jpg,1,0.78018260
9,data\calibration\lfw\lfw\Ludivine_Sagnier\Ludivine_Sagnier_0001.jpg,data\calibration\lfw\lfw\Ludivine_Sagnier\Ludivine_Sagnier_0003.jpg,1,0.65346599
9,data\calibration\lfw\lfw\Ludivine_Sagnier\Ludivine_Sagnier_0003.jpg,data\calibration\lfw\lfw\Ludivine_Sagnier\Ludivine_Sagnier_0004.jpg,1,0.09230522
9,data\calibration\lfw\lfw\Lynne_Cheney\Lynne_Cheney_0001.jpg,data\calibration\lfw\lfw\Lynne_Cheney\Lynne_Cheney_0002.jpg,1,0.65962875
9,data\calibration\lfw\lfw\Lynne_Cheney\Lynne_Cheney_0002.jpg,data\calibration\lfw\lfw\Lynne_Cheney\Lynne_Cheney_0003.jpg,1,0.76271868
9,data\calibration\lfw\lfw\Maggie_Smith\Maggie_Smith_0001.jpg,data\calibration\lfw\lfw\Maggie_Smith\Maggie_Smith_0002.jpg,1,0.63624603
9,data\calibration\lfw\lfw\Marcelo_Salas\Marcelo_Salas_0001.jpg,data\calibration\lfw\lfw\Marcelo_Salas\Marcelo_Salas_0002.jpg,1,0.67737395
9,data\calibration\lfw\lfw\Mariangel_Ruiz_Torrealba\Mariangel_Ruiz_Torrealba_0001.jpg,data\calibration\lfw\lfw\Mariangel_Ruiz_Torrealba\Mariangel_Ruiz_Torrealba_0002.jpg,1,0.76016921
9,data\calibration\lfw\lfw\Marisa_Tomei\Marisa_Tomei_0001.jpg,data\calibration\lfw\lfw\Marisa_Tomei\Marisa_Tomei_0002.jpg,1,0.75299293
9,data\calibration\lfw\lfw\Mary_Steenburgen\Mary_Steenburgen_0001.jpg,data\calibration\lfw\lfw\Mary_Steenburgen\Mary_Steenburgen_0002.jpg,1,0.47554246
9,data\calibration\lfw\lfw\Mel_Brooks\Mel_Brooks_0001.jpg,data\calibration\lfw\lfw\Mel_Brooks\Mel_Brooks_0002.jpg,1,0.56963831
9,data\calibration\lfw\lfw\Mel_Gibson\Mel_Gibson_0001.jpg,data\calibration\lfw\lfw\Mel_Gibson\Mel_Gibson_0002.jpg,1,0.62660658
9,data\calibration\lfw\lfw\Mian_Khursheed_Mehmood_Kasuri\Mian_Khursheed_Mehmood_Kasuri_0002.jpg,data\calibration\lfw\lfw\Mian_Khursheed_Mehmood_Kasuri\Mian_Khursheed_Mehmood_Kasuri_0003.jpg,1,0.63822693
9,data\calibration\lfw\lfw\Mian_Khursheed_Mehmood_Kasuri\Mian_Khursheed_Mehmood_Kasuri_0003.jpg,data\calibration\lfw\lfw\Mian_Khursheed_Mehmood_Kasuri\Mian_Khursheed_Mehmood_Kasuri_0004.jpg,1,0.77260160
9,data\calibration\lfw\lfw\Michael_Moore\Michael_Moore_0001.jpg,data\calibration\lfw\lfw\Michael_Moore\Michael_Moore_0002.jpg,1,0.76236796
9,data\calibration\lfw\lfw\Michael_Moore\Michael_Moore_0002.jpg,data\calibration\lfw\lfw\Michael_Moore\Michael_Moore_0003.jpg,1,0.75954294
9,data\calibration\lfw\lfw\Michel_Duclos\Michel_Duclos_0001.jpg,data\calibration\lfw\lfw\Michel_Duclos\Michel_Duclos_0002.jpg,1,0.72857589
9,data\calibration\lfw\lfw\Michelle_Pfeiffer\Michelle_Pfeiffer_0001.jpg,data\calibration\lfw\lfw\Michelle_Pfeiffer\Michelle_Pfeiffer_0002.jpg,1,0.56553495
9,data\calibration\lfw\lfw\Mireya_Moscoso\Mireya_Moscoso_0002.jpg,data\calibration\lfw\lfw\Mireya_Moscoso\Mireya_Moscoso_0003.jpg,1,0.86842376
9,data\calibration\lfw\lfw\Mireya_Moscoso\Mireya_Moscoso_0002.jpg,data\calibration\lfw\lfw\Mireya_Moscoso\Mireya_Moscoso_0005.jpg,1,0.60622621
9,data\calibration\lfw\lfw\Mireya_Moscoso\Mireya_Moscoso_0004.jpg,data\calibration\lfw\lfw\Mireya_Moscoso\Mireya_Moscoso_0005.jpg,1,0.66447103
9,data\calibration\lfw\lfw\Nabil_Shaath\Nabil_Shaath_0001.jpg,data\calibration\lfw\lfw\Nabil_Shaath\Nabil_Shaath_0003.jpg,1,0.57559824
9,data\calibration\lfw\lfw\Naomi_Watts\Naomi_Watts_0001.jpg,data\calibration\lfw\lfw\Naomi_Watts\Naomi_Watts_0018.jpg,1,0.58902609
9,data\calibration\lfw\lfw\Naomi_Watts\Naomi_Watts_0006.jpg,data\calibration\lfw\lfw\Naomi_Watts\Naomi_Watts_0009.jpg,1,0.56910348
9,data\calibration\lfw\lfw\Naomi_Watts\Naomi_Watts_0013.jpg,data\calibration\lfw\lfw\Naomi_Watts\Naomi_Watts_0018.jpg,1,0.56001884
9,data\calibration\lfw\lfw\Natalie_Cole\Natalie_Cole_0001.jpg,data\calibration\lfw\lfw\Natalie_Cole\Natalie_Cole_0003.jpg,1,0.62601936
9,data\calibration\lfw\lfw\Natalie_Cole\Natalie_Cole_0002.jpg,data\calibration\lfw\lfw\Natalie_Cole\Natalie_Cole_0003.jpg,1,0.55826420
9,data\calibration\lfw\lfw\Nathalie_Baye\Nathalie_Baye_0001.jpg,data\calibration\lfw\lfw\Nathalie_Baye\Nathalie_Baye_0002.jpg,1,0.68049246
9,data\calibration\lfw\lfw\Nathalie_Baye\Nathalie_Baye_0001.jpg,data\calibration\lfw\lfw\Nathalie_Baye\Nathalie_Baye_0004.jpg,1,0.54657441
9,data\calibration\lfw\lfw\Nathalie_Baye\Nathalie_Baye_0002.jpg,data\calibration\lfw\lfw\Nathalie_Baye\Nathalie_Baye_0004.jpg,1,0.56725717
9,data\calibration\lfw\lfw\Nathalie_Baye\Nathalie_Baye_0003.jpg,data\calibration\lfw\lfw\Nathalie_Baye\Nathalie_Baye_0004.jpg,1,0.79274708
9,data\calibration\lfw\lfw\Oleksandr_Moroz\Oleksandr_Moroz_0001.jpg,data\calibration\lfw\lfw\Oleksandr_Moroz\Oleksandr_Moroz_0002.jpg,1,0.75185561
9,data\calibration\lfw\lfw\Oscar_Elias_Biscet\Oscar_Elias_Biscet_0001.jpg,data\calibration\lfw\lfw\Oscar_Elias_Biscet\Oscar_Elias_Biscet_0002.jpg,1,0.81995863
9,data\calibration\lfw\lfw\Oswaldo_Paya\Oswaldo_Paya_0001.jpg,data\calibration\lfw\lfw\Oswaldo_Paya\Oswaldo_Paya_0003.jpg,1,0.67367452
9,data\calibration\lfw\lfw\Oswaldo_Paya\Oswaldo_Paya_0003.jpg,data\calibration\lfw\lfw\Oswaldo_Paya\Oswaldo_Paya_0004.jpg,1,0.63371235
9,data\calibration\lfw\lfw\Patricia_Clarkson\Patricia_Clarkson_0001.jpg,data\calibration\lfw\lfw\Patricia_Clarkson\Patricia_Clarkson_0002.jpg,1,0.84342611
9,data\calibration\lfw\lfw\Patricia_Clarkson\Patricia_Clarkson_0001.jpg,data\calibration\lfw\lfw\Patricia_Clarkson\Patricia_Clarkson_0003.jpg,1,0.70497948
9,data\calibration\lfw\lfw\Patricia_Clarkson\Patricia_Clarkson_0002.jpg,data\calibration\lfw\lfw\Patricia_Clarkson\Patricia_Clarkson_0003.jpg,1,0.73796088
9,data\calibration\lfw\lfw\Patricia_Clarkson\Patricia_Clarkson_0002.jpg,data\calibration\lfw\lfw\Patricia_Clarkson\Patricia_Clarkson_0004.jpg,1,0.61825007
9,data\calibration\lfw\lfw\Patrick_Roy\Patrick_Roy_0001.jpg,data\calibration\lfw\lfw\Patrick_Roy\Patrick_Roy_0002.jpg,1,0.50508040
9,data\calibration\lfw\lfw\Paul-Henri_Mathieu\Paul-Henri_Mathieu_0001.jpg,data\calibration\lfw\lfw\Paul-Henri_Mathieu\Paul-Henri_Mathieu_0002.jpg,1,0.60016930
9,data\calibration\lfw\lfw\Paul-Henri_Mathieu\Paul-Henri_Mathieu_0001.jpg,data\calibration\lfw\lfw\Paul-Henri_Mathieu\Paul-Henri_Mathieu_0003.jpg,1,0.68408054
9,data\calibration\lfw\lfw\Paul_Byrd\Paul_Byrd_0001.jpg,data\calibration\lfw\lfw\Paul_Byrd\Paul_Byrd_0002.jpg,1,0.00332784
9,data\calibration\lfw\lfw\Paul_Kagame\Paul_Kagame_0001.jpg,data\calibration\lfw\lfw\Paul_Kagame\Paul_Kagame_0002.jpg,1,0.77587193
9,data\calibration\lfw\lfw\Peter_Costello\Peter_Costello_0001.jpg,data\calibration\lfw\lfw\Peter_Costello\Peter_Costello_0002.jpg,1,0.58063078
9,data\calibration\lfw\lfw\Peter_Greenaway\Peter_Greenaway_0001.jpg,data\calibration\lfw\lfw\Peter_Greenaway\Peter_Greenaway_0002.jpg,1,0.81831551
9,data\calibration\lfw\lfw\Prince_Naruhito\Prince_Naruhito_0001.jpg,data\calibration\lfw\lfw\Prince_Naruhito\Prince_Naruhito_0002.jpg,1,0.71610558
9,data\calibration\lfw\lfw\Prince_Naruhito\Prince_Naruhito_0001.jpg,data\calibration\lfw\lfw\Prince_Naruhito\Prince_Naruhito_0003.jpg,1,0.65683120
9,data\calibration\lfw\lfw\Prince_Naruhito\Prince_Naruhito_0002.jpg,data\calibration\lfw\lfw\Prince_Naruhito\Prince_Naruhito_0003.jpg,1,0.69247061
9,data\calibration\lfw\lfw\Princess_Masako\Princess_Masako_0001.jpg,data\calibration\lfw\lfw\Princess_Masako\Princess_Masako_0002.jpg,1,0.09978513
9,data\calibration\lfw\lfw\Pupi_Avati\Pupi_Avati_0002.jpg,data\calibration\lfw\lfw\Pupi_Avati\Pupi_Avati_0003.jpg,1,0.86318064
9,data\calibration\lfw\lfw\Queen_Latifah\Queen_Latifah_0001.jpg,data\calibration\lfw\lfw\Queen_Latifah\Queen_Latifah_0003.jpg,1,0.70055449
9,data\calibration\lfw\lfw\Queen_Latifah\Queen_Latifah_0002.jpg,data\calibration\lfw\lfw\Queen_Latifah\Queen_Latifah_0004.jpg,1,0.66454071
9,data\calibration\lfw\lfw\Queen_Latifah\Queen_Latifah_0003.jpg,data\calibration\lfw\lfw\Queen_Latifah\Queen_Latifah_0004.jpg,1,0.71167439
9,data\calibration\lfw\lfw\Rachel_Griffiths\Rachel_Griffiths_0002.jpg,data\calibration\lfw\lfw\Rachel_Griffiths\Rachel_Griffiths_0003.jpg,1,0.62978095
9,data\calibration\lfw\lfw\Ralph_Firman\Ralph_Firman_0001.jpg,data\calibration\lfw\lfw\Ralph_Firman\Ralph_Firman_0002.jpg,1,0.62647873
9,data\calibration\lfw\lfw\Ralph_Klein\Ralph_Klein_0001.jpg,data\calibration\lfw\lfw\Ralph_Klein\Ralph_Klein_0002.jpg,1,0.73579019
9,data\calibration\lfw\lfw\Ranil_Wickremasinghe\Ranil_Wickremasinghe_0002.jpg,data\calibration\lfw\lfw\Ranil_Wickremasinghe\Ranil_Wickremasinghe_0003.jpg,1,0.61141050
9,data\calibration\lfw\lfw\Rick_Pitino\Rick_Pitino_0001.jpg,data\calibration\lfw\lfw\Rick_Pitino\Rick_Pitino_0003.jpg,1,0.66747421
9,data\calibration\lfw\lfw\Rick_Pitino\Rick_Pitino_0002.jpg,data\calibration\lfw\lfw\Rick_Pitino\Rick_Pitino_0004.jpg,1,0.71484315
9,data\calibration\lfw\lfw\Rick_Pitino\Rick_Pitino_0003.jpg,data\calibration\lfw\lfw\Rick_Pitino\Rick_Pitino_0004.jpg,1,0.58040535
9,data\calibration\lfw\lfw\Ricky_Martin\Ricky_Martin_0001.jpg,data\calibration\lfw\lfw\Ricky_Martin\Ricky_Martin_0002.jpg,1,0.68122381
9,data\calibration\lfw\lfw\Rita_Moreno\Rita_Moreno_0001.jpg,data\calibration\lfw\lfw\Rita_Moreno\Rita_Moreno_0002.jpg,1,0.01009039
9,data\calibration\lfw\lfw\Robert_De_Niro\Robert_De_Niro_0001.jpg,data\calibration\lfw\lfw\Robert_De_Niro\Robert_De_Niro_0004.jpg,1,0.55722618
9,data\calibration\lfw\lfw\Robert_De_Niro\Robert_De_Niro_0003.jpg,data\calibration\lfw\lfw\Robert_De_Niro\Robert_De_Niro_0006.jpg,1,0.65639746
9,data\calibration\lfw\lfw\Robert_Kocharian\Robert_Kocharian_0004.jpg,data\calibration\lfw\lfw\Robert_Kocharian\Robert_Kocharian_0005.jpg,1,0.70072204
9,data\calibration\lfw\lfw\Roberto_Marinho\Roberto_Marinho_0002.jpg,data\calibration\lfw\lfw\Roberto_Marinho\Roberto_Marinho_0003.jpg,1,0.57784158
9,data\calibration\lfw\lfw\Roger_Moore\Roger_Moore_0003.jpg,data\calibration\lfw\lfw\Roger_Moore\Roger_Moore_0005.jpg,1,0.64735270
9,data\calibration\lfw\lfw\Ron_Dittemore\Ron_Dittemore_0001.jpg,data\calibration\lfw\lfw\Ron_Dittemore\Ron_Dittemore_0002.jpg,1,0.76019424
9,data\calibration\lfw\lfw\Ron_Dittemore\Ron_Dittemore_0001.jpg,data\calibration\lfw\lfw\Ron_Dittemore\Ron_Dittemore_0003.jpg,1,0.78074521
9,data\calibration\lfw\lfw\Ron_Dittemore\Ron_Dittemore_0004.jpg,data\calibration\lfw\lfw\Ron_Dittemore\Ron_Dittemore_0006.jpg,1,0.78464663
9,data\calibration\lfw\lfw\Rudolph_Giuliani\Rudolph_Giuliani_0001.jpg,data\calibration\lfw\lfw\Rudolph_Giuliani\Rudolph_Giuliani_0020.jpg,1,0.68194872
9,data\calibration\lfw\lfw\Rudolph_Giuliani\Rudolph_Giuliani_0002.jpg,data\calibration\lfw\lfw\Rudolph_Giuliani\Rudolph_Giuliani_0005.jpg,1,0.58715785
9,data\calibration\lfw\lfw\Rudolph_Giuliani\Rudolph_Giuliani_0003.jpg,data\calibration\lfw\lfw\Rudolph_Giuliani\Rudolph_Giuliani_0020.jpg,1,0.57382244
9,data\calibration\lfw\lfw\Rudolph_Giuliani\Rudolph_Giuliani_0004.jpg,data\calibration\lfw\lfw\Rudolph_Giuliani\Rudolph_Giuliani_0017.jpg,1,0.63240039
9,data\calibration\lfw\lfw\Rudolph_Giuliani\Rudolph_Giuliani_0015.jpg,data\calibration\lfw\lfw\Rudolph_Giuliani\Rudolph_Giuliani_0020.jpg,1,0.66338545
9,data\calibration\lfw\lfw\Russell_Simmons\Russell_Simmons_0001.jpg,data\calibration\lfw\lfw\Russell_Simmons\Russell_Simmons_0002.jpg,1,0.80282414
9,data\calibration\lfw\lfw\Russell_Simmons\Russell_Simmons_0001.jpg,data\calibration\lfw\lfw\Russell_Simmons\Russell_Simmons_0004.jpg,1,0.82357270
9,data\calibration\lfw\lfw\Russell_Simmons\Russell_Simmons_0002.jpg,data\calibration\lfw\lfw\Russell_Simmons\Russell_Simmons_0004.jpg,1,0.81036067
9,data\calibration\lfw\lfw\Sean_Astin\Sean_Astin_0001.jpg,data\calibration\lfw\lfw\Sean_Astin\Sean_Astin_0003.jpg,1,0.66748464
9,data\calibration\lfw\lfw\Sean_Astin\Sean_Astin_0002.jpg,data\calibration\lfw\lfw\Sean_Astin\Sean_Astin_0003.jpg,1,0.66828507
9,data\calibration\lfw\lfw\Shaukat_Aziz\Shaukat_Aziz_0001.jpg,data\calibration\lfw\lfw\Shaukat_Aziz\Shaukat_Aziz_0002.jpg,1,0.76146644
9,data\calibration\lfw\lfw\Silvio_Fernandez\Silvio_Fernandez_0001.jpg,data\calibration\lfw\lfw\Silvio_Fernandez\Silvio_Fernandez_0002.jpg,1,0.65778244
9,data\calibration\lfw\lfw\Sophia_Loren\Sophia_Loren_0001.jpg,data\calibration\lfw\lfw\Sophia_Loren\Sophia_Loren_0002.jpg,1,0.76358998
9,data\calibration\lfw\lfw\Sophia_Loren\Sophia_Loren_0001.jpg,data\calibration\lfw\lfw\Sophia_Loren\Sophia_Loren_0003.jpg,1,0.65973687
9,data\calibration\lfw\lfw\Sophia_Loren\Sophia_Loren_0001.jpg,data\calibration\lfw\lfw\Sophia_Loren\Sophia_Loren_0007.jpg,1,0.77888227
9,data\calibration\lfw\lfw\Sophia_Loren\Sophia_Loren_0006.jpg,data\calibration\lfw\lfw\Sophia_Loren\Sophia_Loren_0007.jpg,1,0.66857553
9,data\calibration\lfw\lfw\Stellan_Skarsgard\Stellan_Skarsgard_0001.jpg,data\calibration\lfw\lfw\Stellan_Skarsgard\Stellan_Skarsgard_0002.jpg,1,0.09228826
9,data\calibration\lfw\lfw\Tamara_Brooks\Tamara_Brooks_0001.jpg,data\calibration\lfw\lfw\Tamara_Brooks\Tamara_Brooks_0002.jpg,1,0.60974509
9,data\calibration\lfw\lfw\Thomas_Fargo\Thomas_Fargo_0001.jpg,data\calibration\lfw\lfw\Thomas_Fargo\Thomas_Fargo_0002.jpg,1,0.77688146
9,data\calibration\lfw\lfw\Thomas_Fargo\Thomas_Fargo_0001.jpg,data\calibration\lfw\lfw\Thomas_Fargo\Thomas_Fargo_0003.jpg,1,0.77577382
9,data\calibration\lfw\lfw\Thomas_Fargo\Thomas_Fargo_0002.jpg,data\calibration\lfw\lfw\Thomas_Fargo\Thomas_Fargo_0003.jpg,1,0.77644193
9,data\calibration\lfw\lfw\Thomas_Fargo\Thomas_Fargo_0002.jpg,data\calibration\lfw\lfw\Thomas_Fargo\Thomas_Fargo_0004.jpg,1,0.68136704
9,data\calibration\lfw\lfw\Thomas_Fargo\Thomas_Fargo_0003.jpg,data\calibration\lfw\lfw\Thomas_Fargo\Thomas_Fargo_0004.jpg,1,0.76628339
9,data\calibration\lfw\lfw\Tim_Allen\Tim_Allen_0002.jpg,data\calibration\lfw\lfw\Tim_Allen\Tim_Allen_0003.jpg,1,0.84911072
9,data\calibration\lfw\lfw\Tim_Allen\Tim_Allen_0003.jpg,data\calibration\lfw\lfw\Tim_Allen\Tim_Allen_0004.jpg,1,0.73026341
9,data\calibration\lfw\lfw\Tony_Shalhoub\Tony_Shalhoub_0001.jpg,data\calibration\lfw\lfw\Tony_Shalhoub\Tony_Shalhoub_0002.jpg,1,0.64485890
9,data\calibration\lfw\lfw\Tony_Shalhoub\Tony_Shalhoub_0001.jpg,data\calibration\lfw\lfw\Tony_Shalhoub\Tony_Shalhoub_0003.jpg,1,0.68849903
9,data\calibration\lfw\lfw\Tracy_McGrady\Tracy_McGrady_0001.jpg,data\calibration\lfw\lfw\Tracy_McGrady\Tracy_McGrady_0002.jpg,1,0.58730268
9,data\calibration\lfw\lfw\Vicente_Fernandez\Vicente_Fernandez_0002.jpg,data\calibration\lfw\lfw\Vicente_Fernandez\Vicente_Fernandez_0003.jpg,1,0.14770603
9,data\calibration\lfw\lfw\Vicente_Fernandez\Vicente_Fernandez_0004.jpg,data\calibration\lfw\lfw\Vicente_Fernandez\Vicente_Fernandez_0005.jpg,1,0.50729442
9,data\calibration\lfw\lfw\Vince_Gill\Vince_Gill_0001.jpg,data\calibration\lfw\lfw\Vince_Gill\Vince_Gill_0002.jpg,1,0.64059114
9,data\calibration\lfw\lfw\Wolfgang_Schuessel\Wolfgang_Schuessel_0001.jpg,data\calibration\lfw\lfw\Wolfgang_Schuessel\Wolfgang_Schuessel_0004.jpg,1,0.59838170
9,data\calibration\lfw\lfw\Wolfgang_Schuessel\Wolfgang_Schuessel_0003.jpg,data\calibration\lfw\lfw\Wolfgang_Schuessel\Wolfgang_Schuessel_0004.jpg,1,0.58144206
9,data\calibration\lfw\lfw\Wu_Yi\Wu_Yi_0001.jpg,data\calibration\lfw\lfw\Wu_Yi\Wu_Yi_0002.jpg,1,0.64753479
9,data\calibration\lfw\lfw\Wu_Yi\Wu_Yi_0001.jpg,data\calibration\lfw\lfw\Wu_Yi\Wu_Yi_0003.jpg,1,0.79645461
9,data\calibration\lfw\lfw\Wu_Yi\Wu_Yi_0002.jpg,data\calibration\lfw\lfw\Wu_Yi\Wu_Yi_0003.jpg,1,0.65665805
9,data\calibration\lfw\lfw\Yao_Ming\Yao_Ming_0002.jpg,data\calibration\lfw\lfw\Yao_Ming\Yao_Ming_0004.jpg,1,0.78578204
9,data\calibration\lfw\lfw\Yao_Ming\Yao_Ming_0005.jpg,data\calibration\lfw\lfw\Yao_Ming\Yao_Ming_0006.jpg,1,0.64843583
9,data\calibration\lfw\lfw\Yao_Ming\Yao_Ming_0005.jpg,data\calibration\lfw\lfw\Yao_Ming\Yao_Ming_0008.jpg,1,0.71972132
9,data\calibration\lfw\lfw\Yao_Ming\Yao_Ming_0006.jpg,data\calibration\lfw\lfw\Yao_Ming\Yao_Ming_0007.jpg,1,0.73294789
9,data\calibration\lfw\lfw\Yoriko_Kawaguchi\Yoriko_Kawaguchi_0003.jpg,data\calibration\lfw\lfw\Yoriko_Kawaguchi\Yoriko_Kawaguchi_0005.jpg,1,0.65033638
9,data\calibration\lfw\lfw\Yu_Shyi-kun\Yu_Shyi-kun_0001.jpg,data\calibration\lfw\lfw\Yu_Shyi-kun\Yu_Shyi-kun_0003.jpg,1,0.71692330
9,data\calibration\lfw\lfw\Yu_Shyi-kun\Yu_Shyi-kun_0001.jpg,data\calibration\lfw\lfw\Yu_Shyi-kun\Yu_Shyi-kun_0004.jpg,1,0.85836756
9,data\calibration\lfw\lfw\Yu_Shyi-kun\Yu_Shyi-kun_0002.jpg,data\calibration\lfw\lfw\Yu_Shyi-kun\Yu_Shyi-kun_0003.jpg,1,0.71344179
9,data\calibration\lfw\lfw\Zhang_Wenkang\Zhang_Wenkang_0001.jpg,data\calibration\lfw\lfw\Zhang_Wenkang\Zhang_Wenkang_0002.jpg,1,0.74528807
9,data\calibration\lfw\lfw\Zinedine_Zidane\Zinedine_Zidane_0004.jpg,data\calibration\lfw\lfw\Zinedine_Zidane\Zinedine_Zidane_0006.jpg,1,0.69964552
9,data\calibration\lfw\lfw\Abdullah_Nasseef\Abdullah_Nasseef_0001.jpg,data\calibration\lfw\lfw\Bruce_Paltrow\Bruce_Paltrow_0001.jpg,0,-0.10603864
9,data\calibration\lfw\lfw\Abdullah_Nasseef\Abdullah_Nasseef_0001.jpg,data\calibration\lfw\lfw\Howard_Smith\Howard_Smith_0002.jpg,0,0.00938595
9,data\calibration\lfw\lfw\Abdullah_Nasseef\Abdullah_Nasseef_0001.jpg,data\calibration\lfw\lfw\Jan_De_Bont\Jan_De_Bont_0001.jpg,0,-0.07734234
9,data\calibration\lfw\lfw\Abdullah_Nasseef\Abdullah_Nasseef_0001.jpg,data\calibration\lfw\lfw\Jim_Nochols\Jim_Nochols_0001.jpg,0,-0.04297617
9,data\calibration\lfw\lfw\Abdullah_Nasseef\Abdullah_Nasseef_0001.jpg,data\calibration\lfw\lfw\Oleg_Romantsev\Oleg_Romantsev_0001.jpg,0,-0.08485829
9,data\calibration\lfw\lfw\Adam_Kennedy\Adam_Kennedy_0001.jpg,data\calibration\lfw\lfw\Charlie_Sheen\Charlie_Sheen_0001.jpg,0,-0.04404933
9,data\calibration\lfw\lfw\Adrian_McPherson\Adrian_McPherson_0002.jpg,data\calibration\lfw\lfw\Eduardo_Chillida\Eduardo_Chillida_0001.jpg,0,0.03398998
9,data\calibration\lfw\lfw\Al_Davis\Al_Davis_0001.jpg,data\calibration\lfw\lfw\Julian_Fantino\Julian_Fantino_0001.jpg,0,-0.02907638
9,data\calibration\lfw\lfw\Alan_Greenspan\Alan_Greenspan_0004.jpg,data\calibration\lfw\lfw\Kent_McCord\Kent_McCord_0001.jpg,0,-0.04397540
9,data\calibration\lfw\lfw\Alastair_Campbell\Alastair_Campbell_0004.jpg,data\calibration\lfw\lfw\Li_Ka-shing\Li_Ka-shing_0001.jpg,0,0.01396285
9,data\calibration\lfw\lfw\Alexa_Vega\Alexa_Vega_0001.jpg,data\calibration\lfw\lfw\Tony_Shalhoub\Tony_Shalhoub_0001.jpg,0,0.01652810
9,data\calibration\lfw\lfw\Alexander_Downer\Alexander_Downer_0002.jpg,data\calibration\lfw\lfw\Zeljko_Rebraca\Zeljko_Rebraca_0001.jpg,0,0.01557619
9,data\calibration\lfw\lfw\Alexander_Downer\Alexander_Downer_0003.jpg,data\calibration\lfw\lfw\Luis_Berrondo\Luis_Berrondo_0001.jpg,0,-0.00875213
9,data\calibration\lfw\lfw\Alexandra_Pelosi\Alexandra_Pelosi_0001.jpg,data\calibration\lfw\lfw\Ken_Kutaragi\Ken_Kutaragi_0001.jpg,0,-0.03927718
9,data\calibration\lfw\lfw\Alexandre_Herchcovitch\Alexandre_Herchcovitch_0001.jpg,data\calibration\lfw\lfw\Karen_Clarkson\Karen_Clarkson_0001.jpg,0,-0.01479818
9,data\calibration\lfw\lfw\Alice_Fisher\Alice_Fisher_0001.jpg,data\calibration\lfw\lfw\Gene_Sauers\Gene_Sauers_0001.jpg,0,0.04732869
9,data\calibration\lfw\lfw\Alicia_Witt\Alicia_Witt_0001.jpg,data\calibration\lfw\lfw\Jorge_Moreno\Jorge_Moreno_0001.jpg,0,-0.04507372
9,data\calibration\lfw\lfw\Alicia_Witt\Alicia_Witt_0001.jpg,data\calibration\lfw\lfw\Lino_Oviedo\Lino_Oviedo_0001.jpg,0,0.00315037
9,data\calibration\lfw\lfw\Allan_Wagner\Allan_Wagner_0001.jpg,data\calibration\lfw\lfw\Larry_Campbell\Larry_Campbell_0001.jpg,0,0.05607473
9,data\calibration\lfw\lfw\Allan_Wagner\Allan_Wagner_0001.jpg,data\calibration\lfw\lfw\Rita_Moreno\Rita_Moreno_0001.jpg,0,0.01808087
9,data\calibration\lfw\lfw\Alvaro_Silva_Calderon\Alvaro_Silva_Calderon_0002.jpg,data\calibration\lfw\lfw\Stepan_Demirchian\Stepan_Demirchian_0001.jpg,0,0.04753690
9,data\calibration\lfw\lfw\Alvaro_Uribe\Alvaro_Uribe_0014.jpg,data\calibration\lfw\lfw\Patricia_Clarkson\Patricia_Clarkson_0001.jpg,0,0.06484648
9,data\calibration\lfw\lfw\Ana_Sebastiao\Ana_Sebastiao_0001.jpg,data\calibration\lfw\lfw\Marcos_Cafu\Marcos_Cafu_0001.jpg,0,-0.01679216
9,data\calibration\lfw\lfw\Ana_Sebastiao\Ana_Sebastiao_0001.jpg,data\calibration\lfw\lfw\Raza_Rabbani\Raza_Rabbani_0001.jpg,0,-0.04130784
9,data\calibration\lfw\lfw\Andrea_De_Cruz\Andrea_De_Cruz_0001.jpg,data\calibration\lfw\lfw\Dionne_Warwick\Dionne_Warwick_0001.jpg,0,-0.04792898
9,data\calibration\lfw\lfw\Andrea_De_Cruz\Andrea_De_Cruz_0001.jpg,data\calibration\lfw\lfw\Ismail_Cem\Ismail_Cem_0001.jpg,0,-0.00294116
9,data\calibration\lfw\lfw\Andrea_De_Cruz\Andrea_De_Cruz_0001.jpg,data\calibration\lfw\lfw\Natalya_Sazanovich\Natalya_Sazanovich_0001.jpg,0,0.08909843
9,data\calibration\lfw\lfw\Andrea_De_Cruz\Andrea_De_Cruz_0001.jpg,data\calibration\lfw\lfw\Yoon_Young-kwan\Yoon_Young-kwan_0001.jpg,0,-0.04927433
9,data\calibration\lfw\lfw\Andres_Manuel_Lopez_Obrador\Andres_Manuel_Lopez_Obrador_0001.jpg,data\calibration\lfw\lfw\Jim_Parque\Jim_Parque_0001.jpg,0,-0.03162502
9,data\calibration\lfw\lfw\Andres_Manuel_Lopez_Obrador\Andres_Manuel_Lopez_Obrador_0001.jpg,data\calibration\lfw\lfw\Norman_Mineta\Norman_Mineta_0001.jpg,0,-0.06872575
9,data\calibration\lfw\lfw\Andrew_Bunner\Andrew_Bunner_0002.jpg,data\calibration\lfw\lfw\Oscar_Elias_Biscet\Oscar_Elias_Biscet_0002.jpg,0,0.03809733
9,data\calibration\lfw\lfw\Andrew_Weissmann\Andrew_Weissmann_0001.jpg,data\calibration\lfw\lfw\Ernie_Els\Ernie_Els_0002.jpg,0,-0.08334860
9,data\calibration\lfw\lfw\Andy_Warhol\Andy_Warhol_0001.jpg,data\calibration\lfw\lfw\Edith_Masai\Edith_Masai_0001.jpg,0,-0.00294925
9,data\calibration\lfw\lfw\Andy_Warhol\Andy_Warhol_0001.jpg,data\calibration\lfw\lfw\Paul-Henri_Mathieu\Paul-Henri_Mathieu_0002.jpg,0,-0.03762072
9,data\calibration\lfw\lfw\Anibal_Ibarra\Anibal_Ibarra_0002.jpg,data\calibration\lfw\lfw\David_Przybyszewski\David_Przybyszewski_0001.jpg,0,0.04516607
9,data\calibration\lfw\lfw\Anthony_Ervin\Anthony_Ervin_0001.jpg,data\calibration\lfw\lfw\Juan_Roman_Carrasco\Juan_Roman_Carrasco_0001.jpg,0,0.02338230
9,data\calibration\lfw\lfw\Antonio_Elias_Saca\Antonio_Elias_Saca_0001.jpg,data\calibration\lfw\lfw\Peter_Holmberg\Peter_Holmberg_0001.jpg,0,0.04000474
9,data\calibration\lfw\lfw\Antonio_Elias_Saca\Antonio_Elias_Saca_0001.jpg,data\calibration\lfw\lfw\Thomas_Fargo\Thomas_Fargo_0004.jpg,0,-0.08454554
9,data\calibration\lfw\lfw\Antonio_Trillanes\Antonio_Trillanes_0001.jpg,data\calibration\lfw\lfw\Katrin_Cartlidge\Katrin_Cartlidge_0001.jpg,0,0.10603446
9,data\calibration\lfw\lfw\Antonio_Trillanes\Antonio_Trillanes_0003.jpg,data\calibration\lfw\lfw\Terry_Gilliam\Terry_Gilliam_0001.jpg,0,0.00672882
9,data\calibration\lfw\lfw\Asa_Hutchinson\Asa_Hutchinson_0002.jpg,data\calibration\lfw\lfw\Gary_Sinise\Gary_Sinise_0001.jpg,0,-0.05004040
9,data\calibration\lfw\lfw\Ascencion_Barajas\Ascencion_Barajas_0001.jpg,data\calibration\lfw\lfw\Chris_Hernandez\Chris_Hernandez_0001.jpg,0,0.00593558
9,data\calibration\lfw\lfw\Ashley_Judd\Ashley_Judd_0001.jpg,data\calibration\lfw\lfw\Joan_Jett\Joan_Jett_0001.jpg,0,-0.03919279
9,data\calibration\lfw\lfw\Ashley_Postell\Ashley_Postell_0001.jpg,data\calibration\lfw\lfw\Cassandra_Heise\Cassandra_Heise_0001.jpg,0,-0.03947822
9,data\calibration\lfw\lfw\Ashley_Postell\Ashley_Postell_0001.jpg,data\calibration\lfw\lfw\Tony_Clement\Tony_Clement_0001.jpg,0,0.00314311
9,data\calibration\lfw\lfw\Ashraf_Ghani\Ashraf_Ghani_0001.jpg,data\calibration\lfw\lfw\Boris_Berezovsky\Boris_Berezovsky_0001.jpg,0,-0.04250327
9,data\calibration\lfw\lfw\Ashraf_Ghani\Ashraf_Ghani_0001.jpg,data\calibration\lfw\lfw\Qian_Qichen\Qian_Qichen_0001.jpg,0,0.03906668
9,data\calibration\lfw\lfw\Asif_Ali_Zardari\Asif_Ali_Zardari_0001.jpg,data\calibration\lfw\lfw\Steny_Hoyer\Steny_Hoyer_0001.jpg,0,-0.02965756
9,data\calibration\lfw\lfw\Assad_Ahmadi\Assad_Ahmadi_0001.jpg,data\calibration\lfw\lfw\Percy_Gibson\Percy_Gibson_0001.jpg,0,-0.06731191
9,data\calibration\lfw\lfw\Barbara_Walters\Barbara_Walters_0001.jpg,data\calibration\lfw\lfw\Jewel_Howard-Taylor\Jewel_Howard-Taylor_0001.jpg,0,-0.03317928
9,data\calibration\lfw\lfw\Barbara_Walters\Barbara_Walters_0001.jpg,data\calibration\lfw\lfw\Peter_Greenaway\Peter_Greenaway_0001.jpg,0,0.03691383
9,data\calibration\lfw\lfw\Barry_Williams\Barry_Williams_0001.jpg,data\calibration\lfw\lfw\Wang_Fei\Wang_Fei_0001.jpg,0,-0.00065212
9,data\calibration\lfw\lfw\Benazir_Bhutto\Benazir_Bhutto_0004.jpg,data\calibration\lfw\lfw\Jane_Pauley\Jane_Pauley_0002.jpg,0,-0.04584025
9,data\calibration\lfw\lfw\Benazir_Bhutto\Benazir_Bhutto_0005.jpg,data\calibration\lfw\lfw\Karen_Clarkson\Karen_Clarkson_0001.jpg,0,0.08637730
9,data\calibration\lfw\lfw\Bijan_Darvish\Bijan_Darvish_0001.jpg,data\calibration\lfw\lfw\Franco_Dragone\Franco_Dragone_0001.jpg,0,0.03741709
9,data\calibration\lfw\lfw\Bijan_Darvish\Bijan_Darvish_0002.jpg,data\calibration\lfw\lfw\Frank_Taylor\Frank_Taylor_0001.jpg,0,0.06779654
9,data\calibration\lfw\lfw\Bilal_Erdogan\Bilal_Erdogan_0001.jpg,data\calibration\lfw\lfw\Lubomir_Zaoralek\Lubomir_Zaoralek_0001.jpg,0,0.09382166
9,data\calibration\lfw\lfw\Bill_Self\Bill_Self_0001.jpg,data\calibration\lfw\lfw\Yang_Jianli\Yang_Jianli_0001.jpg,0,-0.05347071
9,data\calibration\lfw\lfw\Bill_Simon\Bill_Simon_0001.jpg,data\calibration\lfw\lfw\Edward_Said\Edward_Said_0002.jpg,0,-0.00959273
9,data\calibration\lfw\lfw\Billy_Gilman\Billy_Gilman_0001.jpg,data\calibration\lfw\lfw\Howard_Smith\Howard_Smith_0002.jpg,0,0.00873989
9,data\calibration\lfw\lfw\Billy_Sollie\Billy_Sollie_0001.jpg,data\calibration\lfw\lfw\Mark_Swartz\Mark_Swartz_0001.jpg,0,0.01491416
9,data\calibration\lfw\lfw\Billy_Sollie\Billy_Sollie_0002.jpg,data\calibration\lfw\lfw\Hussein_Malik\Hussein_Malik_0001.jpg,0,-0.04092447
9,data\calibration\lfw\lfw\Blas_Ople\Blas_Ople_0001.jpg,data\calibration\lfw\lfw\Evan_Marriott\Evan_Marriott_0001.jpg,0,-0.00989342
9,data\calibration\lfw\lfw\Blas_Ople\Blas_Ople_0001.jpg,data\calibration\lfw\lfw\Felipe_Fernandez\Felipe_Fernandez_0001.jpg,0,0.00274558
9,data\calibration\lfw\lfw\Blas_Ople\Blas_Ople_0001.jpg,data\calibration\lfw\lfw\Peter_Costello\Peter_Costello_0001.jpg,0,0.03143059
9,data\calibration\lfw\lfw\Bob_Cantrell\Bob_Cantrell_0001.jpg,data\calibration\lfw\lfw\Gerard_Kleisterlee\Gerard_Kleisterlee_0001.jpg,0,-0.02841417
9,data\calibration\lfw\lfw\Bob_Cantrell\Bob_Cantrell_0001.jpg,data\calibration\lfw\lfw\Mary_Landrieu\Mary_Landrieu_0003.jpg,0,0.08242669
9,data\calibration\lfw\lfw\Bob_Goldman\Bob_Goldman_0001.jpg,data\calibration\lfw\lfw\Leigh_Winchell\Leigh_Winchell_0001.jpg,0,0.08914187
9,data\calibration\lfw\lfw\Bob_Goldman\Bob_Goldman_0001.jpg,data\calibration\lfw\lfw\Maggie_Smith\Maggie_Smith_0001.jpg,0,0.03031214
9,data\calibration\lfw\lfw\Boris_Berezovsky\Boris_Berezovsky_0002.jpg,data\calibration\lfw\lfw\Leander_Paes\Leander_Paes_0001.jpg,0,0.08707483
9,data\calibration\lfw\lfw\Brad_Gushue\Brad_Gushue_0001.jpg,data\calibration\lfw\lfw\Johannes_Rau\Johannes_Rau_0001.jpg,0,-0.00828909
9,data\calibration\lfw\lfw\Brad_Miller\Brad_Miller_0001.jpg,data\calibration\lfw\lfw\Irina_Lobacheva\Irina_Lobacheva_0001.jpg,0,0.04410067
9,data\calibration\lfw\lfw\Brad_Miller\Brad_Miller_0001.jpg,data\calibration\lfw\lfw\Percy_Gibson\Percy_Gibson_0001.jpg,0,0.00873989
9,data\calibration\lfw\lfw\Brenda_van_Dam\Brenda_van_Dam_0001.jpg,data\calibration\lfw\lfw\Norbert_van_Heyst\Norbert_van_Heyst_0001.jpg,0,-0.07396498
9,data\calibration\lfw\lfw\Brian_Cashman\Brian_Cashman_0001.jpg,data\calibration\lfw\lfw\Delphine_Chuillot\Delphine_Chuillot_0001.jpg,0,-0.00704513
9,data\calibration\lfw\lfw\Brian_Cashman\Brian_Cashman_0001.jpg,data\calibration\lfw\lfw\Russell_Simmons\Russell_Simmons_0003.jpg,0,0.08773618
9,data\calibration\lfw\lfw\Brian_Cook\Brian_Cook_0001.jpg,data\calibration\lfw\lfw\Matt_Welsh\Matt_Welsh_0001.jpg,0,0.05067424
9,data\calibration\lfw\lfw\Bruno_Junquiera\Bruno_Junquiera_0001.jpg,data\calibration\lfw\lfw\Oscar_DLeon\Oscar_DLeon_0001.jpg,0,-0.00261297
9,data\calibration\lfw\lfw\Bulent_Ecevit\Bulent_Ecevit_0006.jpg,data\calibration\lfw\lfw\Eduardo_Romero\Eduardo_Romero_0001.jpg,0,0.00458957
9,data\calibration\lfw\lfw\Bulent_Ecevit\Bulent_Ecevit_0006.jpg,data\calibration\lfw\lfw\Gilberto_Simoni\Gilberto_Simoni_0001.jpg,0,0.00626543
9,data\calibration\lfw\lfw\Candie_Kung\Candie_Kung_0001.jpg,data\calibration\lfw\lfw\Steve_Allan\Steve_Allan_0001.jpg,0,0.02762898
9,data\calibration\lfw\lfw\Carlo_Ancelotti\Carlo_Ancelotti_0001.jpg,data\calibration\lfw\lfw\John_Tyson\John_Tyson_0001.jpg,0,0.02567128
9,data\calibration\lfw\lfw\Carlos_Vives\Carlos_Vives_0002.jpg,data\calibration\lfw\lfw\Randy_Johnson\Randy_Johnson_0001.jpg,0,-0.06092545
9,data\calibration\lfw\lfw\Caroline_Dhavernas\Caroline_Dhavernas_0001.jpg,data\calibration\lfw\lfw\Evgeni_Plushenko\Evgeni_Plushenko_0001.jpg,0,-0.09845620
9,data\calibration\lfw\lfw\Caroline_Dhavernas\Caroline_Dhavernas_0001.jpg,data\calibration\lfw\lfw\Jeremy_Fogel\Jeremy_Fogel_0001.jpg,0,-0.09021910
9,data\calibration\lfw\lfw\Carson_Daly\Carson_Daly_0001.jpg,data\calibration\lfw\lfw\John_Moe\John_Moe_0001.jpg,0,0.04650337
9,data\calibration\lfw\lfw\Carson_Daly\Carson_Daly_0001.jpg,data\calibration\lfw\lfw\Tracy_Wyle\Tracy_Wyle_0001.jpg,0,0.01624535
9,data\calibration\lfw\lfw\Cassandra_Heise\Cassandra_Heise_0001.jpg,data\calibration\lfw\lfw\Shaukat_Aziz\Shaukat_Aziz_0002.jpg,0,-0.05658261
9,data\calibration\lfw\lfw\Cate_Blanchett\Cate_Blanchett_0003.jpg,data\calibration\lfw\lfw\Gina_Centrello\Gina_Centrello_0001.jpg,0,-0.00221623
9,data\calibration\lfw\lfw\Cate_Blanchett\Cate_Blanchett_0003.jpg,data\calibration\lfw\lfw\Ryan_Goodman\Ryan_Goodman_0001.jpg,0,0.02524363
9,data\calibration\lfw\lfw\Catherine_Donkers\Catherine_Donkers_0001.jpg,data\calibration\lfw\lfw\Eminem\Eminem_0001.jpg,0,-0.04958194
9,data\calibration\lfw\lfw\Cedric_Benson\Cedric_Benson_0001.jpg,data\calibration\lfw\lfw\Marcus_Allen\Marcus_Allen_0001.jpg,0,-0.00238163
9,data\calibration\lfw\lfw\Cedric_Benson\Cedric_Benson_0001.jpg,data\calibration\lfw\lfw\Robert_Lee_Yates_Jr\Robert_Lee_Yates_Jr_0001.jpg,0,0.03903321
9,data\calibration\lfw\lfw\Cedric_Benson\Cedric_Benson_0001.jpg,data\calibration\lfw\lfw\Stacy_Nelson\Stacy_Nelson_0001.jpg,0,-0.07056440
9,data\calibration\lfw\lfw\Chistian_Stahl\Chistian_Stahl_0001.jpg,data\calibration\lfw\lfw\Eliane_Karp\Eliane_Karp_0001.jpg,0,0.02744862
9,data\calibration\lfw\lfw\Chris_Cooper\Chris_Cooper_0002.jpg,data\calibration\lfw\lfw\Irfan_Ahmed\Irfan_Ahmed_0001.jpg,0,-0.03823218
9,data\calibration\lfw\lfw\Chris_Cooper\Chris_Cooper_0002.jpg,data\calibration\lfw\lfw\Rick_Bland\Rick_Bland_0001.jpg,0,0.03939483
9,data\calibration\lfw\lfw\Chris_Hernandez\Chris_Hernandez_0001.jpg,data\calibration\lfw\lfw\Mauricio_Pochetino\Mauricio_Pochetino_0001.jpg,0,0.17207904
9,data\calibration\lfw\lfw\Chris_Hernandez\Chris_Hernandez_0001.jpg,data\calibration\lfw\lfw\Tonga\Tonga_0001.jpg,0,-0.06349158
9,data\calibration\lfw\lfw\Chris_Hernandez\Chris_Hernandez_0001.jpg,data\calibration\lfw\lfw\Wolfgang_Schuessel\Wolfgang_Schuessel_0001.jpg,0,0.02197031
9,data\calibration\lfw\lfw\Chris_Tucker\Chris_Tucker_0002.jpg,data\calibration\lfw\lfw\Jennifer_Pena\Jennifer_Pena_0001.jpg,0,-0.02616825
9,data\calibration\lfw\lfw\Chris_Tucker\Chris_Tucker_0002.jpg,data\calibration\lfw\lfw\Takuma_Sato\Takuma_Sato_0001.jpg,0,-0.03405314
9,data\calibration\lfw\lfw\Chris_Whitney\Chris_Whitney_0001.jpg,data\calibration\lfw\lfw\Tom_Scully\Tom_Scully_0001.jpg,0,-0.03512185
9,data\calibration\lfw\lfw\Christine_Gregoire\Christine_Gregoire_0004.jpg,data\calibration\lfw\lfw\Robert_Lee_Yates_Jr\Robert_Lee_Yates_Jr_0001.jpg,0,-0.06733180
9,data\calibration\lfw\lfw\Christine_Gregoire\Christine_Gregoire_0004.jpg,data\calibration\lfw\lfw\Wang_Hailan\Wang_Hailan_0001.jpg,0,0.11751890
9,data\calibration\lfw\lfw\Christine_Rau\Christine_Rau_0001.jpg,data\calibration\lfw\lfw\Jerry_Hall\Jerry_Hall_0001.jpg,0,-0.08362375
9,data\calibration\lfw\lfw\Christine_Rau\Christine_Rau_0001.jpg,data\calibration\lfw\lfw\Mel_Brooks\Mel_Brooks_0001.jpg,0,-0.04343972
9,data\calibration\lfw\lfw\Christopher_Russell\Christopher_Russell_0001.jpg,data\calibration\lfw\lfw\Colleen_OClair\Colleen_OClair_0001.jpg,0,0.00801764
9,data\calibration\lfw\lfw\Christopher_Whittle\Christopher_Whittle_0001.jpg,data\calibration\lfw\lfw\Felipe_Fernandez\Felipe_Fernandez_0001.jpg,0,0.12705326
9,data\calibration\lfw\lfw\Colleen_OClair\Colleen_OClair_0001.jpg,data\calibration\lfw\lfw\Tom_Hanusik\Tom_Hanusik_0001.jpg,0,0.21461985
9,data\calibration\lfw\lfw\Curtis_Rodriguez\Curtis_Rodriguez_0001.jpg,data\calibration\lfw\lfw\John_Blaney\John_Blaney_0002.jpg,0,0.02100843
9,data\calibration\lfw\lfw\Curtis_Rodriguez\Curtis_Rodriguez_0001.jpg,data\calibration\lfw\lfw\Kathleen_Kennedy_Townsend\Kathleen_Kennedy_Townsend_0003.jpg,0,0.01487302
9,data\calibration\lfw\lfw\Dale_Bosworth\Dale_Bosworth_0001.jpg,data\calibration\lfw\lfw\Frank_Taylor\Frank_Taylor_0001.jpg,0,0.02329735
9,data\calibration\lfw\lfw\Dale_Bosworth\Dale_Bosworth_0001.jpg,data\calibration\lfw\lfw\Vladimir_Golovlyov\Vladimir_Golovlyov_0001.jpg,0,-0.03162692
9,data\calibration\lfw\lfw\Dan_Quayle\Dan_Quayle_0001.jpg,data\calibration\lfw\lfw\Jim_Ryan\Jim_Ryan_0001.jpg,0,0.04387882
9,data\calibration\lfw\lfw\Dan_Quayle\Dan_Quayle_0001.jpg,data\calibration\lfw\lfw\Nick_Turner\Nick_Turner_0001.jpg,0,0.01652577
9,data\calibration\lfw\lfw\Dan_Quayle\Dan_Quayle_0001.jpg,data\calibration\lfw\lfw\William_Umbach\William_Umbach_0001.jpg,0,0.11225411
9,data\calibration\lfw\lfw\Danny_Morgan\Danny_Morgan_0001.jpg,data\calibration\lfw\lfw\Jeff_George\Jeff_George_0001.jpg,0,-0.04051638
9,data\calibration\lfw\lfw\Danny_Morgan\Danny_Morgan_0001.jpg,data\calibration\lfw\lfw\John_Allen_Muhammad\John_Allen_Muhammad_0010.jpg,0,-0.01733170
9,data\calibration\lfw\lfw\Darla_Moore\Darla_Moore_0001.jpg,data\calibration\lfw\lfw\Paul_Johnson\Paul_Johnson_0001.jpg,0,0.04283553
9,data\calibration\lfw\lfw\Darrell_Royal\Darrell_Royal_0001.jpg,data\calibration\lfw\lfw\Louis_Van_Gaal\Louis_Van_Gaal_0001.jpg,0,0.04644737
9,data\calibration\lfw\lfw\Dave_McGinnis\Dave_McGinnis_0001.jpg,data\calibration\lfw\lfw\Michel_Therrien\Michel_Therrien_0001.jpg,0,-0.03958716
9,data\calibration\lfw\lfw\David_Przybyszewski\David_Przybyszewski_0001.jpg,data\calibration\lfw\lfw\Elena_Bovina\Elena_Bovina_0002.jpg,0,-0.08338374
9,data\calibration\lfw\lfw\Delphine_Chuillot\Delphine_Chuillot_0001.jpg,data\calibration\lfw\lfw\Jim_Parque\Jim_Parque_0001.jpg,0,-0.03986974
9,data\calibration\lfw\lfw\Demetrin_Veal\Demetrin_Veal_0001.jpg,data\calibration\lfw\lfw\Robert_Hanssen\Robert_Hanssen_0001.jpg,0,0.06155747
9,data\calibration\lfw\lfw\Dennis_Hastert\Dennis_Hastert_0005.jpg,data\calibration\lfw\lfw\Lubomir_Zaoralek\Lubomir_Zaoralek_0001.jpg,0,-0.13656843
9,data\calibration\lfw\lfw\Dewayne_White\Dewayne_White_0001.jpg,data\calibration\lfw\lfw\Joe_DeLamielleure\Joe_DeLamielleure_0001.jpg,0,0.02093864
9,data\calibration\lfw\lfw\Dick_Posthumus\Dick_Posthumus_0001.jpg,data\calibration\lfw\lfw\Jeff_George\Jeff_George_0001.jpg,0,0.01685874
9,data\calibration\lfw\lfw\Dick_Posthumus\Dick_Posthumus_0001.jpg,data\calibration\lfw\lfw\Jim_Wong\Jim_Wong_0001.jpg,0,-0.06080135
9,data\calibration\lfw\lfw\Din_Samsudin\Din_Samsudin_0001.jpg,data\calibration\lfw\lfw\Pupi_Avati\Pupi_Avati_0002.jpg,0,-0.00578602
9,data\calibration\lfw\lfw\Dionne_Warwick\Dionne_Warwick_0001.jpg,data\calibration\lfw\lfw\Janine_Pietsch\Janine_Pietsch_0001.jpg,0,0.01627123
9,data\calibration\lfw\lfw\Dominique_Perben\Dominique_Perben_0001.jpg,data\calibration\lfw\lfw\Osmond_Smith\Osmond_Smith_0001.jpg,0,-0.07058617
9,data\calibration\lfw\lfw\Doug_Duncan\Doug_Duncan_0001.jpg,data\calibration\lfw\lfw\Kevin_Spacey\Kevin_Spacey_0002.jpg,0,0.01274472
9,data\calibration\lfw\lfw\Doug_Duncan\Doug_Duncan_0002.jpg,data\calibration\lfw\lfw\John_Allen_Muhammad\John_Allen_Muhammad_0002.jpg,0,0.08218349
9,data\calibration\lfw\lfw\Eddy_Hartenstein\Eddy_Hartenstein_0001.jpg,data\calibration\lfw\lfw\Lyudmila_Putin\Lyudmila_Putin_0001.jpg,0,-0.02761096
9,data\calibration\lfw\lfw\Eddy_Hartenstein\Eddy_Hartenstein_0001.jpg,data\calibration\lfw\lfw\Matthias_Sammer\Matthias_Sammer_0001.jpg,0,0.06740245
9,data\calibration\lfw\lfw\Eddy_Hartenstein\Eddy_Hartenstein_0001.jpg,data\calibration\lfw\lfw\Sabah_Al-Ahmad_Al-Jaber_Al-Sabah\Sabah_Al-Ahmad_Al-Jaber_Al-Sabah_0001.jpg,0,-0.11100795
9,data\calibration\lfw\lfw\Eduardo_Chillida\Eduardo_Chillida_0001.jpg,data\calibration\lfw\lfw\Stephen_Crampton\Stephen_Crampton_0001.jpg,0,-0.09507652
9,data\calibration\lfw\lfw\Eduardo_Romero\Eduardo_Romero_0001.jpg,data\calibration\lfw\lfw\Robert_Kocharian\Robert_Kocharian_0005.jpg,0,-0.04236976
9,data\calibration\lfw\lfw\Edward_Greenspan\Edward_Greenspan_0001.jpg,data\calibration\lfw\lfw\Roy_Halladay\Roy_Halladay_0001.jpg,0,-0.04338231
9,data\calibration\lfw\lfw\Edward_Greenspan\Edward_Greenspan_0001.jpg,data\calibration\lfw\lfw\Sidney_Poitier\Sidney_Poitier_0001.jpg,0,0.07329575
9,data\calibration\lfw\lfw\Edward_Kennedy\Edward_Kennedy_0001.jpg,data\calibration\lfw\lfw\Mathilda_Karel_Spak\Mathilda_Karel_Spak_0001.jpg,0,-0.02128471
9,data\calibration\lfw\lfw\Edward_Kennedy\Edward_Kennedy_0002.jpg,data\calibration\lfw\lfw\Jennifer_Pena\Jennifer_Pena_0001.jpg,0,0.00573250
9,data\calibration\lfw\lfw\Edward_Said\Edward_Said_0001.jpg,data\calibration\lfw\lfw\Frank_Abagnale_Jr\Frank_Abagnale_Jr_0001.jpg,0,-0.00188647
9,data\calibration\lfw\lfw\Eminem\Eminem_0001.jpg,data\calibration\lfw\lfw\Wolfgang_Clement\Wolfgang_Clement_0001.jpg,0,0.02717792
9,data\calibration\lfw\lfw\Enrique_Bolanos\Enrique_Bolanos_0004.jpg,data\calibration\lfw\lfw\Janine_Pietsch\Janine_Pietsch_0001.jpg,0,0.00958439
9,data\calibration\lfw\lfw\Enrique_Bolanos\Enrique_Bolanos_0004.jpg,data\calibration\lfw\lfw\Liam_Neeson\Liam_Neeson_0002.jpg,0,-0.00616175
9,data\calibration\lfw\lfw\Ernie_Els\Ernie_Els_0002.jpg,data\calibration\lfw\lfw\Marcus_Allen\Marcus_Allen_0001.jpg,0,0.05938977
9,data\calibration\lfw\lfw\Evgeni_Plushenko\Evgeni_Plushenko_0001.jpg,data\calibration\lfw\lfw\Queen_Sofia\Queen_Sofia_0001.jpg,0,-0.05473154
9,data\calibration\lfw\lfw\Evgeni_Plushenko\Evgeni_Plushenko_0001.jpg,data\calibration\lfw\lfw\Riek_Blanjaar\Riek_Blanjaar_0001.jpg,0,0.03912131
9,data\calibration\lfw\lfw\Franco_Dragone\Franco_Dragone_0002.jpg,data\calibration\lfw\lfw\Louis_Van_Gaal\Louis_Van_Gaal_0001.jpg,0,-0.01099755
9,data\calibration\lfw\lfw\Franco_Frattini\Franco_Frattini_0001.jpg,data\calibration\lfw\lfw\Irina_Lobacheva\Irina_Lobacheva_0001.jpg,0,0.06421500
9,data\calibration\lfw\lfw\Frank_Abagnale_Jr\Frank_Abagnale_Jr_0001.jpg,data\calibration\lfw\lfw\Nate_Hybl\Nate_Hybl_0001.jpg,0,-0.00657561
9,data\calibration\lfw\lfw\Frank_Shea\Frank_Shea_0001.jpg,data\calibration\lfw\lfw\Rob_Moore\Rob_Moore_0001.jpg,0,-0.01035768
9,data\calibration\lfw\lfw\Frank_Taylor\Frank_Taylor_0001.jpg,data\calibration\lfw\lfw\Jason_Jennings\Jason_Jennings_0001.jpg,0,0.04116161
9,data\calibration\lfw\lfw\Gabriel_Batistuta\Gabriel_Batistuta_0001.jpg,data\calibration\lfw\lfw\Peter_Costello\Peter_Costello_0001.jpg,0,0.07006814
9,data\calibration\lfw\lfw\Gabriel_Jorge_Ferreia\Gabriel_Jorge_Ferreia_0001.jpg,data\calibration\lfw\lfw\Zulfiqar_Ahmed\Zulfiqar_Ahmed_0001.jpg,0,0.03407705
9,data\calibration\lfw\lfw\Gary_Doer\Gary_Doer_0003.jpg,data\calibration\lfw\lfw\Wang_Hailan\Wang_Hailan_0001.jpg,0,-0.03333585
9,data\calibration\lfw\lfw\Gary_Sinise\Gary_Sinise_0001.jpg,data\calibration\lfw\lfw\Roy_Halladay\Roy_Halladay_0001.jpg,0,-0.00356647
9,data\calibration\lfw\lfw\Gene_Hackman\Gene_Hackman_0001.jpg,data\calibration\lfw\lfw\Queen_Noor\Queen_Noor_0001.jpg,0,-0.03757729
9,data\calibration\lfw\lfw\Gene_Sauers\Gene_Sauers_0001.jpg,data\calibration\lfw\lfw\Gina_Centrello\Gina_Centrello_0001.jpg,0,0.01648597
9,data\calibration\lfw\lfw\Geoff_Dixon\Geoff_Dixon_0001.jpg,data\calibration\lfw\lfw\Jean_Todt\Jean_Todt_0001.jpg,0,-0.00138744
9,data\calibration\lfw\lfw\George_Allen\George_Allen_0001.jpg,data\calibration\lfw\lfw\Roy_Halladay\Roy_Halladay_0001.jpg,0,-0.07042201
9,data\calibration\lfw\lfw\George_Allen\George_Allen_0001.jpg,data\calibration\lfw\lfw\Wan_Yanhai\Wan_Yanhai_0001.jpg,0,0.09580465
9,data\calibration\lfw\lfw\George_Harrison\George_Harrison_0001.jpg,data\calibration\lfw\lfw\Robert_Lee_Yates_Jr\Robert_Lee_Yates_Jr_0001.jpg,0,0.03041977
9,data\calibration\lfw\lfw\Georgi_Parvanov\Georgi_Parvanov_0001.jpg,data\calibration\lfw\lfw\Luis_Fonsi\Luis_Fonsi_0001.jpg,0,-0.04065842
9,data\calibration\lfw\lfw\Gianni_Agnelli\Gianni_Agnelli_0001.jpg,data\calibration\lfw\lfw\Marco_Irizarry\Marco_Irizarry_0001.jpg,0,-0.06137985
9,data\calibration\lfw\lfw\Gilberto_Simoni\Gilberto_Simoni_0001.jpg,data\calibration\lfw\lfw\Julio_Cesar_Chavez\Julio_Cesar_Chavez_0001.jpg,0,0.02639335
9,data\calibration\lfw\lfw\Gong_Ruina\Gong_Ruina_0001.jpg,data\calibration\lfw\lfw\Hong_Myung\Hong_Myung_0001.jpg,0,-0.12442259
9,data\calibration\lfw\lfw\Gong_Ruina\Gong_Ruina_0001.jpg,data\calibration\lfw\lfw\Qian_Qichen\Qian_Qichen_0001.jpg,0,-0.00407958
9,data\calibration\lfw\lfw\Gro_Harlem_Brundtland\Gro_Harlem_Brundtland_0002.jpg,data\calibration\lfw\lfw\Turner_Gill\Turner_Gill_0001.jpg,0,0.00020345
9,data\calibration\lfw\lfw\Hector_Grullon\Hector_Grullon_0001.jpg,data\calibration\lfw\lfw\Jeong_Se-hyun\Jeong_Se-hyun_0009.jpg,0,0.05389050
9,data\calibration\lfw\lfw\Henk_Bekedam\Henk_Bekedam_0001.jpg,data\calibration\lfw\lfw\Koichi_Haraguchi\Koichi_Haraguchi_0001.jpg,0,-0.02825019
9,data\calibration\lfw\lfw\Henk_Bekedam\Henk_Bekedam_0001.jpg,data\calibration\lfw\lfw\Manuel_Gehring\Manuel_Gehring_0001.jpg,0,-0.00956740
9,data\calibration\lfw\lfw\Henk_Bekedam\Henk_Bekedam_0001.jpg,data\calibration\lfw\lfw\Michael_Kirby\Michael_Kirby_0001.jpg,0,0.03304725
9,data\calibration\lfw\lfw\Hiroki_Gomi\Hiroki_Gomi_0001.jpg,data\calibration\lfw\lfw\Kenneth_Cooper\Kenneth_Cooper_0001.jpg,0,-0.02526072
9,data\calibration\lfw\lfw\Hiroki_Gomi\Hiroki_Gomi_0001.jpg,data\calibration\lfw\lfw\Sophia_Loren\Sophia_Loren_0002.jpg,0,0.01755335
9,data\calibration\lfw\lfw\Irina_Lobacheva\Irina_Lobacheva_0001.jpg,data\calibration\lfw\lfw\Steve_Allan\Steve_Allan_0001.jpg,0,-0.11106235
9,data\calibration\lfw\lfw\Ismail_Cem\Ismail_Cem_0001.jpg,data\calibration\lfw\lfw\Linda_Amicangioli\Linda_Amicangioli_0001.jpg,0,0.04571117
9,data\calibration\lfw\lfw\Jack_Osbourne\Jack_Osbourne_0001.jpg,data\calibration\lfw\lfw\Kent_McCord\Kent_McCord_0001.jpg,0,-0.02345190
9,data\calibration\lfw\lfw\Jack_Straw\Jack_Straw_0001.jpg,data\calibration\lfw\lfw\Manuel_Gehring\Manuel_Gehring_0001.jpg,0,0.09068822
9,data\calibration\lfw\lfw\Jack_Straw\Jack_Straw_0003.jpg,data\calibration\lfw\lfw\Norman_Mineta\Norman_Mineta_0001.jpg,0,0.08586019
9,data\calibration\lfw\lfw\James_Ballenger\James_Ballenger_0001.jpg,data\calibration\lfw\lfw\Raza_Rabbani\Raza_Rabbani_0001.jpg,0,0.00288933
9,data\calibration\lfw\lfw\James_Coviello\James_Coviello_0001.jpg,data\calibration\lfw\lfw\Judith_Nathan\Judith_Nathan_0001.jpg,0,0.01595601
9,data\calibration\lfw\lfw\James_Coviello\James_Coviello_0001.jpg,data\calibration\lfw\lfw\Robert_F_Kennedy_Jr\Robert_F_Kennedy_Jr_0001.jpg,0,-0.02797193
9,data\calibration\lfw\lfw\James_Morris\James_Morris_0002.jpg,data\calibration\lfw\lfw\Silvio_Fernandez\Silvio_Fernandez_0002.jpg,0,-0.00157656
9,data\calibration\lfw\lfw\James_Schultz\James_Schultz_0001.jpg,data\calibration\lfw\lfw\Tim_Curley\Tim_Curley_0001.jpg,0,0.00695321
9,data\calibration\lfw\lfw\James_W_Kennedy\James_W_Kennedy_0001.jpg,data\calibration\lfw\lfw\John_Connolly\John_Connolly_0001.jpg,0,-0.09520018
9,data\calibration\lfw\lfw\James_W_Kennedy\James_W_Kennedy_0001.jpg,data\calibration\lfw\lfw\Toutai_Kefu\Toutai_Kefu_0001.jpg,0,-0.07567472
9,data\calibration\lfw\lfw\James_Williams\James_Williams_0001.jpg,data\calibration\lfw\lfw\Phillip_Seymor_Hoffmann\Phillip_Seymor_Hoffmann_0001.jpg,0,-0.01672957
9,data\calibration\lfw\lfw\James_Williams\James_Williams_0001.jpg,data\calibration\lfw\lfw\Shaun_Pollock\Shaun_Pollock_0001.jpg,0,-0.06671751
9,data\calibration\lfw\lfw\Jan_Ullrich\Jan_Ullrich_0003.jpg,data\calibration\lfw\lfw\Javier_Weber\Javier_Weber_0001.jpg,0,0.10895831
9,data\calibration\lfw\lfw\Jane_Menelaus\Jane_Menelaus_0001.jpg,data\calibration\lfw\lfw\Junichiro_Koizumi\Junichiro_Koizumi_0042.jpg,0,-0.00995861
9,data\calibration\lfw\lfw\Jane_Menelaus\Jane_Menelaus_0001.jpg,data\calibration\lfw\lfw\Sophia_Loren\Sophia_Loren_0001.jpg,0,0.00565045
9,data\calibration\lfw\lfw\Jason_Petty\Jason_Petty_0001.jpg,data\calibration\lfw\lfw\Mayumi_Moriyama\Mayumi_Moriyama_0001.jpg,0,0.01479607
9,data\calibration\lfw\lfw\Jean_Todt\Jean_Todt_0001.jpg,data\calibration\lfw\lfw\Roger_Etchegaray\Roger_Etchegaray_0001.jpg,0,0.03819311
9,data\calibration\lfw\lfw\Jennifer_Pena\Jennifer_Pena_0001.jpg,data\calibration\lfw\lfw\Sonia_Lopez\Sonia_Lopez_0001.jpg,0,-0.06515030
9,data\calibration\lfw\lfw\Jennifer_Pena\Jennifer_Pena_0001.jpg,data\calibration\lfw\lfw\Tony_LaRussa\Tony_LaRussa_0001.jpg,0,-0.05395805
9,data\calibration\lfw\lfw\Jennifer_Rodriguez\Jennifer_Rodriguez_0001.jpg,data\calibration\lfw\lfw\Terry_Gilliam\Terry_Gilliam_0001.jpg,0,-0.03740967
9,data\calibration\lfw\lfw\Jennifer_Rodriguez\Jennifer_Rodriguez_0002.jpg,data\calibration\lfw\lfw\Joanna_Poitier\Joanna_Poitier_0001.jpg,0,-0.02258245
9,data\calibration\lfw\lfw\Jennifer_Rodriguez\Jennifer_Rodriguez_0002.jpg,data\calibration\lfw\lfw\Tony_Fernandes\Tony_Fernandes_0001.jpg,0,0.06304014
9,data\calibration\lfw\lfw\Jerome_Golmard\Jerome_Golmard_0001.jpg,data\calibration\lfw\lfw\Kristin_Chenoweth\Kristin_Chenoweth_0001.jpg,0,-0.04694354
9,data\calibration\lfw\lfw\Jewel_Howard-Taylor\Jewel_Howard-Taylor_0001.jpg,data\calibration\lfw\lfw\Ken_Kutaragi\Ken_Kutaragi_0001.jpg,0,0.05540291
9,data\calibration\lfw\lfw\Jim_Parque\Jim_Parque_0001.jpg,data\calibration\lfw\lfw\Michael_Adams\Michael_Adams_0001.jpg,0,0.03845745
9,data\calibration\lfw\lfw\Jim_Parque\Jim_Parque_0001.jpg,data\calibration\lfw\lfw\Rachel_Leigh_Cook\Rachel_Leigh_Cook_0001.jpg,0,-0.09863067
9,data\calibration\lfw\lfw\Jim_Ryan\Jim_Ryan_0001.jpg,data\calibration\lfw\lfw\Luis_Berrondo\Luis_Berrondo_0001.jpg,0,-0.00693188
9,data\calibration\lfw\lfw\Jimmy_Gobble\Jimmy_Gobble_0001.jpg,data\calibration\lfw\lfw\Robert_De_Niro\Robert_De_Niro_0005.jpg,0,0.08768292
9,data\calibration\lfw\lfw\Joan_Collins\Joan_Collins_0001.jpg,data\calibration\lfw\lfw\Zydrunas_Ilgauskas\Zydrunas_Ilgauskas_0001.jpg,0,0.06126851
9,data\calibration\lfw\lfw\Joan_Jett\Joan_Jett_0001.jpg,data\calibration\lfw\lfw\Kevin_James\Kevin_James_0001.jpg,0,-0.01023922
9,data\calibration\lfw\lfw\Joanna_Poitier\Joanna_Poitier_0001.jpg,data\calibration\lfw\lfw\Michael_Moore\Michael_Moore_0001.jpg,0,-0.09701860
9,data\calibration\lfw\lfw\Joe_Lieberman\Joe_Lieberman_0010.jpg,data\calibration\lfw\lfw\Joe_Mantello\Joe_Mantello_0001.jpg,0,0.04484598
9,data\calibration\lfw\lfw\Johannes_Rau\Johannes_Rau_0001.jpg,data\calibration\lfw\lfw\Oleksandr_Moroz\Oleksandr_Moroz_0001.jpg,0,-0.00100580
9,data\calibration\lfw\lfw\John_Connolly\John_Connolly_0001.jpg,data\calibration\lfw\lfw\Mel_Gibson\Mel_Gibson_0001.jpg,0,-0.00324922
9,data\calibration\lfw\lfw\John_Connolly\John_Connolly_0001.jpg,data\calibration\lfw\lfw\Michael_Moore\Michael_Moore_0003.jpg,0,-0.07522060
9,data\calibration\lfw\lfw\John_Connolly\John_Connolly_0001.jpg,data\calibration\lfw\lfw\Norman_Mineta\Norman_Mineta_0001.jpg,0,-0.00211566
9,data\calibration\lfw\lfw\John_Connolly\John_Connolly_0001.jpg,data\calibration\lfw\lfw\Uzi_Even\Uzi_Even_0001.jpg,0,-0.01413486
9,data\calibration\lfw\lfw\John_Cruz\John_Cruz_0001.jpg,data\calibration\lfw\lfw\Sean_Astin\Sean_Astin_0003.jpg,0,-0.00183007
9,data\calibration\lfw\lfw\John_Cruz\John_Cruz_0001.jpg,data\calibration\lfw\lfw\Steven_Briggs\Steven_Briggs_0001.jpg,0,0.03502652
9,data\calibration\lfw\lfw\John_Hartson\John_Hartson_0001.jpg,data\calibration\lfw\lfw\Oscar_Elias_Biscet\Oscar_Elias_Biscet_0002.jpg,0,0.02156385
9,data\calibration\lfw\lfw\Joseph_Deiss\Joseph_Deiss_0001.jpg,data\calibration\lfw\lfw\Tony_Fernandes\Tony_Fernandes_0001.jpg,0,0.04104378
9,data\calibration\lfw\lfw\Joseph_Lopez\Joseph_Lopez_0001.jpg,data\calibration\lfw\lfw\Rick_Pitino\Rick_Pitino_0001.jpg,0,0.04524854
9,data\calibration\lfw\lfw\Julian_Fantino\Julian_Fantino_0001.jpg,data\calibration\lfw\lfw\Quin_Snyder\Quin_Snyder_0001.jpg,0,0.00584975
9,data\calibration\lfw\lfw\Julio_Cesar_Chavez\Julio_Cesar_Chavez_0001.jpg,data\calibration\lfw\lfw\Tom_Brennan\Tom_Brennan_0001.jpg,0,-0.04292114
9,data\calibration\lfw\lfw\Junichi_Inamoto\Junichi_Inamoto_0001.jpg,data\calibration\lfw\lfw\Oleg_Romantsev\Oleg_Romantsev_0001.jpg,0,0.07334804
9,data\calibration\lfw\lfw\Junichiro_Koizumi\Junichiro_Koizumi_0020.jpg,data\calibration\lfw\lfw\Tony_Fernandes\Tony_Fernandes_0001.jpg,0,-0.03145509
9,data\calibration\lfw\lfw\Karen_Clarkson\Karen_Clarkson_0001.jpg,data\calibration\lfw\lfw\Kristen_Breitweiser\Kristen_Breitweiser_0003.jpg,0,-0.04385627
9,data\calibration\lfw\lfw\Karol_Kucera\Karol_Kucera_0001.jpg,data\calibration\lfw\lfw\Qian_Qichen\Qian_Qichen_0001.jpg,0,-0.06977563
9,data\calibration\lfw\lfw\Karol_Kucera\Karol_Kucera_0001.jpg,data\calibration\lfw\lfw\Turner_Gill\Turner_Gill_0001.jpg,0,0.03303843
9,data\calibration\lfw\lfw\Katrin_Cartlidge\Katrin_Cartlidge_0001.jpg,data\calibration\lfw\lfw\Tony_LaRussa\Tony_LaRussa_0001.jpg,0,-0.03794935
9,data\calibration\lfw\lfw\Keith_Osik\Keith_Osik_0001.jpg,data\calibration\lfw\lfw\Pupi_Avati\Pupi_Avati_0001.jpg,0,0.01491466
9,data\calibration\lfw\lfw\Kenneth_Cooper\Kenneth_Cooper_0001.jpg,data\calibration\lfw\lfw\Norman_Mineta\Norman_Mineta_0001.jpg,0,0.03094471
9,data\calibration\lfw\lfw\Kent_McCord\Kent_McCord_0001.jpg,data\calibration\lfw\lfw\Natasha_Henstridge\Natasha_Henstridge_0001.jpg,0,-0.03595628
9,data\calibration\lfw\lfw\Kevin_James\Kevin_James_0001.jpg,data\calibration\lfw\lfw\Roy_Halladay\Roy_Halladay_0001.jpg,0,0.07998554
9,data\calibration\lfw\lfw\Kevin_James\Kevin_James_0001.jpg,data\calibration\lfw\lfw\Suzanne_Haik_Terrell\Suzanne_Haik_Terrell_0001.jpg,0,0.03345917
9,data\calibration\lfw\lfw\Kevin_James\Kevin_James_0001.jpg,data\calibration\lfw\lfw\Yang_Jianli\Yang_Jianli_0001.jpg,0,-0.03932333
9,data\calibration\lfw\lfw\Kevin_Spacey\Kevin_Spacey_0002.jpg,data\calibration\lfw\lfw\Ray_Evernham\Ray_Evernham_0001.jpg,0,-0.00926022
9,data\calibration\lfw\lfw\Koji_Uehara\Koji_Uehara_0001.jpg,data\calibration\lfw\lfw\Rob_Moore\Rob_Moore_0001.jpg,0,-0.00739653
9,data\calibration\lfw\lfw\Krishna_Bhadur_Mahara\Krishna_Bhadur_Mahara_0001.jpg,data\calibration\lfw\lfw\Peter_Holmberg\Peter_Holmberg_0001.jpg,0,-0.02294045
9,data\calibration\lfw\lfw\Krishna_Bhadur_Mahara\Krishna_Bhadur_Mahara_0001.jpg,data\calibration\lfw\lfw\Silvio_Fernandez\Silvio_Fernandez_0002.jpg,0,0.00520177
9,data\calibration\lfw\lfw\Kristen_Breitweiser\Kristen_Breitweiser_0001.jpg,data\calibration\lfw\lfw\Tatiana_Shchegoleva\Tatiana_Shchegoleva_0001.jpg,0,-0.02482078
9,data\calibration\lfw\lfw\Laila_Ali\Laila_Ali_0003.jpg,data\calibration\lfw\lfw\Tony_Fernandes\Tony_Fernandes_0001.jpg,0,-0.03694129
9,data\calibration\lfw\lfw\Larry_Johnson\Larry_Johnson_0001.jpg,data\calibration\lfw\lfw\Terry_Gilliam\Terry_Gilliam_0001.jpg,0,-0.00589512
9,data\calibration\lfw\lfw\Larry_Johnson\Larry_Johnson_0002.jpg,data\calibration\lfw\lfw\Marc_Racicot\Marc_Racicot_0001.jpg,0,-0.00996384
9,data\calibration\lfw\lfw\Larry_Johnson\Larry_Johnson_0002.jpg,data\calibration\lfw\lfw\Tom_Hanusik\Tom_Hanusik_0001.jpg,0,-0.01933192
9,data\calibration\lfw\lfw\Lars_Von_Trier\Lars_Von_Trier_0001.jpg,data\calibration\lfw\lfw\Zhang_Wenkang\Zhang_Wenkang_0002.jpg,0,-0.05857461
9,data\calibration\lfw\lfw\Leander_Paes\Leander_Paes_0001.jpg,data\calibration\lfw\lfw\Ralph_Firman\Ralph_Firman_0001.jpg,0,0.05526501
9,data\calibration\lfw\lfw\Leo_Ramirez\Leo_Ramirez_0001.jpg,data\calibration\lfw\lfw\Sabah_Al-Ahmad_Al-Jaber_Al-Sabah\Sabah_Al-Ahmad_Al-Jaber_Al-Sabah_0001.jpg,0,-0.08327306
9,data\calibration\lfw\lfw\Leonardo_Del_Vecchio\Leonardo_Del_Vecchio_0001.jpg,data\calibration\lfw\lfw\Maggie_Smith\Maggie_Smith_0001.jpg,0,0.05520433
9,data\calibration\lfw\lfw\Leonardo_Del_Vecchio\Leonardo_Del_Vecchio_0001.jpg,data\calibration\lfw\lfw\Tatiana_Shchegoleva\Tatiana_Shchegoleva_0001.jpg,0,0.05483953
9,data\calibration\lfw\lfw\Liam_Neeson\Liam_Neeson_0001.jpg,data\calibration\lfw\lfw\Paul_Kagame\Paul_Kagame_0002.jpg,0,-0.04585067
9,data\calibration\lfw\lfw\Lokendra_Bahadur_Chand\Lokendra_Bahadur_Chand_0001.jpg,data\calibration\lfw\lfw\Steffeny_Holtz\Steffeny_Holtz_0001.jpg,0,-0.01272885
9,data\calibration\lfw\lfw\Louis_Van_Gaal\Louis_Van_Gaal_0001.jpg,data\calibration\lfw\lfw\Natasha_Henstridge\Natasha_Henstridge_0001.jpg,0,0.03155790
9,data\calibration\lfw\lfw\Lubomir_Zaoralek\Lubomir_Zaoralek_0001.jpg,data\calibration\lfw\lfw\Luis_Berrondo\Luis_Berrondo_0001.jpg,0,0.02856016
9,data\calibration\lfw\lfw\Lubomir_Zaoralek\Lubomir_Zaoralek_0001.jpg,data\calibration\lfw\lfw\William_Umbach\William_Umbach_0001.jpg,0,-0.03563798
9,data\calibration\lfw\lfw\Luis_Berrondo\Luis_Berrondo_0001.jpg,data\calibration\lfw\lfw\Rita_Moreno\Rita_Moreno_0002.jpg,0,-0.02093844
9,data\calibration\lfw\lfw\Luis_Fonsi\Luis_Fonsi_0001.jpg,data\calibration\lfw\lfw\Oscar_DLeon\Oscar_DLeon_0001.jpg,0,-0.06017800
9,data\calibration\lfw\lfw\Luis_Fonsi\Luis_Fonsi_0001.jpg,data\calibration\lfw\lfw\Steven_Briggs\Steven_Briggs_0001.jpg,0,0.10009004
9,data\calibration\lfw\lfw\Luis_Rosario_Huertas\Luis_Rosario_Huertas_0001.jpg,data\calibration\lfw\lfw\Mary_Steenburgen\Mary_Steenburgen_0002.jpg,0,0.01534323
9,data\calibration\lfw\lfw\Makiko_Tanaka\Makiko_Tanaka_0001.jpg,data\calibration\lfw\lfw\Peter_Greenaway\Peter_Greenaway_0001.jpg,0,0.02570672
9,data\calibration\lfw\lfw\Manijeh_Hekmat\Manijeh_Hekmat_0001.jpg,data\calibration\lfw\lfw\Roger_Winter\Roger_Winter_0001.jpg,0,-0.08477794
9,data\calibration\lfw\lfw\Manijeh_Hekmat\Manijeh_Hekmat_0001.jpg,data\calibration\lfw\lfw\T_Boone_Pickens\T_Boone_Pickens_0001.jpg,0,-0.04064144
9,data\calibration\lfw\lfw\Marcelo_Salas\Marcelo_Salas_0002.jpg,data\calibration\lfw\lfw\Tara_VanDerveer\Tara_VanDerveer_0001.jpg,0,-0.05246352
9,data\calibration\lfw\lfw\Marco_Irizarry\Marco_Irizarry_0001.jpg,data\calibration\lfw\lfw\Yang_Jianli\Yang_Jianli_0001.jpg,0,0.01302416
9,data\calibration\lfw\lfw\Mariangel_Ruiz_Torrealba\Mariangel_Ruiz_Torrealba_0003.jpg,data\calibration\lfw\lfw\Pupi_Avati\Pupi_Avati_0001.jpg,0,-0.07330666
9,data\calibration\lfw\lfw\Marisa_Tomei\Marisa_Tomei_0002.jpg,data\calibration\lfw\lfw\Peter_Costello\Peter_Costello_0002.jpg,0,0.03326335
9,data\calibration\lfw\lfw\Mark_Polansky\Mark_Polansky_0001.jpg,data\calibration\lfw\lfw\Miranda_Gaddis\Miranda_Gaddis_0001.jpg,0,-0.00924936
9,data\calibration\lfw\lfw\Mary_Landrieu\Mary_Landrieu_0003.jpg,data\calibration\lfw\lfw\Percy_Gibson\Percy_Gibson_0001.jpg,0,0.04880851
9,data\calibration\lfw\lfw\Mathilda_Karel_Spak\Mathilda_Karel_Spak_0001.jpg,data\calibration\lfw\lfw\Mauricio_Macri\Mauricio_Macri_0001.jpg,0,0.04593263
9,data\calibration\lfw\lfw\Mathilda_Karel_Spak\Mathilda_Karel_Spak_0001.jpg,data\calibration\lfw\lfw\Tamara_Brooks\Tamara_Brooks_0002.jpg,0,0.12227406
9,data\calibration\lfw\lfw\Matt_Welsh\Matt_Welsh_0001.jpg,data\calibration\lfw\lfw\Randy_Johnson\Randy_Johnson_0001.jpg,0,0.06045274
9,data\calibration\lfw\lfw\Mel_Brooks\Mel_Brooks_0002.jpg,data\calibration\lfw\lfw\Shoshana_Johnson\Shoshana_Johnson_0001.jpg,0,-0.01574724
9,data\calibration\lfw\lfw\Michael_Kirby\Michael_Kirby_0001.jpg,data\calibration\lfw\lfw\Ranil_Wickremasinghe\Ranil_Wickremasinghe_0002.jpg,0,0.00419277
9,data\calibration\lfw\lfw\Michael_Sheehan\Michael_Sheehan_0001.jpg,data\calibration\lfw\lfw\Robert_Hanssen\Robert_Hanssen_0001.jpg,0,0.05090684
9,data\calibration\lfw\lfw\Michel_Duclos\Michel_Duclos_0001.jpg,data\calibration\lfw\lfw\Quin_Snyder\Quin_Snyder_0001.jpg,0,-0.01021493
9,data\calibration\lfw\lfw\Michel_Duclos\Michel_Duclos_0001.jpg,data\calibration\lfw\lfw\Suh_Young-hoon\Suh_Young-hoon_0001.jpg,0,0.04778874
9,data\calibration\lfw\lfw\Mike_Gable\Mike_Gable_0001.jpg,data\calibration\lfw\lfw\Mohamed_Hammam\Mohamed_Hammam_0001.jpg,0,0.00873199
9,data\calibration\lfw\lfw\Mikhail_Khodorkovsky\Mikhail_Khodorkovsky_0001.jpg,data\calibration\lfw\lfw\Rita_Moreno\Rita_Moreno_0002.jpg,0,0.06046432
9,data\calibration\lfw\lfw\Mireya_Moscoso\Mireya_Moscoso_0004.jpg,data\calibration\lfw\lfw\San_Lan\San_Lan_0001.jpg,0,-0.04491146
9,data\calibration\lfw\lfw\Mohamed_Hammam\Mohamed_Hammam_0001.jpg,data\calibration\lfw\lfw\Roger_Moore\Roger_Moore_0004.jpg,0,-0.02160376
9,data\calibration\lfw\lfw\Nabil_Shaath\Nabil_Shaath_0003.jpg,data\calibration\lfw\lfw\Silvie_Cabero\Silvie_Cabero_0001.jpg,0,0.04989105
9,data\calibration\lfw\lfw\Naomi_Hayashi\Naomi_Hayashi_0001.jpg,data\calibration\lfw\lfw\Prakash_Hinduja\Prakash_Hinduja_0001.jpg,0,-0.02556546
9,data\calibration\lfw\lfw\Natalya_Sazanovich\Natalya_Sazanovich_0001.jpg,data\calibration\lfw\lfw\Pupi_Avati\Pupi_Avati_0004.jpg,0,-0.04394117
9,data\calibration\lfw\lfw\Nikki_Teasley\Nikki_Teasley_0001.jpg,data\calibration\lfw\lfw\Ryan_Goodman\Ryan_Goodman_0001.jpg,0,-0.02387510
9,data\calibration\lfw\lfw\Oleksandr_Moroz\Oleksandr_Moroz_0001.jpg,data\calibration\lfw\lfw\Robert_De_Niro\Robert_De_Niro_0001.jpg,0,-0.06051583
9,data\calibration\lfw\lfw\Oscar_DLeon\Oscar_DLeon_0001.jpg,data\calibration\lfw\lfw\Steven_Curtis_Chapman\Steven_Curtis_Chapman_0001.jpg,0,0.04111166
9,data\calibration\lfw\lfw\Paul_Byrd\Paul_Byrd_0001.jpg,data\calibration\lfw\lfw\Wolfgang_Schwarz\Wolfgang_Schwarz_0001.jpg,0,0.02505670
9,data\calibration\lfw\lfw\Paul_Wollnough\Paul_Wollnough_0001.jpg,data\calibration\lfw\lfw\Philip_Cummings\Philip_Cummings_0001.jpg,0,-0.01666910
9,data\calibration\lfw\lfw\Paul_Wollnough\Paul_Wollnough_0001.jpg,data\calibration\lfw\lfw\Yuvraj_Singh\Yuvraj_Singh_0001.jpg,0,-0.03684365
9,data\calibration\lfw\lfw\Penelope_Taylor\Penelope_Taylor_0001.jpg,data\calibration\lfw\lfw\Wang_Fei\Wang_Fei_0001.jpg,0,0.03887536
9,data\calibration\lfw\lfw\Peter_Caruana\Peter_Caruana_0001.jpg,data\calibration\lfw\lfw\Philip_Cummings\Philip_Cummings_0001.jpg,0,-0.04076776
9,data\calibration\lfw\lfw\Phillip_Seymor_Hoffmann\Phillip_Seymor_Hoffmann_0001.jpg,data\calibration\lfw\lfw\Silvio_Fernandez\Silvio_Fernandez_0001.jpg,0,0.00129966
9,data\calibration\lfw\lfw\Phillips_Idowu\Phillips_Idowu_0001.jpg,data\calibration\lfw\lfw\Prince_Naruhito\Prince_Naruhito_0002.jpg,0,0.06737246
9,data\calibration\lfw\lfw\Princess_Masako\Princess_Masako_0002.jpg,data\calibration\lfw\lfw\Thomas_Wilkens\Thomas_Wilkens_0001.jpg,0,0.03938461
9,data\calibration\lfw\lfw\Quin_Snyder\Quin_Snyder_0001.jpg,data\calibration\lfw\lfw\Vagit_Alekperov\Vagit_Alekperov_0001.jpg,0,-0.02795092
9,data\calibration\lfw\lfw\Ranil_Wickremasinghe\Ranil_Wickremasinghe_0003.jpg,data\calibration\lfw\lfw\Stacy_Nelson\Stacy_Nelson_0001.jpg,0,0.00545308
9,data\calibration\lfw\lfw\Reina_Hayes\Reina_Hayes_0001.jpg,data\calibration\lfw\lfw\Steffeny_Holtz\Steffeny_Holtz_0001.jpg,0,-0.01290990
9,data\calibration\lfw\lfw\Rick_Pitino\Rick_Pitino_0003.jpg,data\calibration\lfw\lfw\Tony_Clement\Tony_Clement_0001.jpg,0,-0.06409369
9,data\calibration\lfw\lfw\Ricky_Martin\Ricky_Martin_0002.jpg,data\calibration\lfw\lfw\Roger_Etchegaray\Roger_Etchegaray_0001.jpg,0,0.01012673
9,data\calibration\lfw\lfw\Robert_F_Kennedy_Jr\Robert_F_Kennedy_Jr_0001.jpg,data\calibration\lfw\lfw\Ron_Dittemore\Ron_Dittemore_0001.jpg,0,-0.08520165
9,data\calibration\lfw\lfw\Sidney_Poitier\Sidney_Poitier_0001.jpg,data\calibration\lfw\lfw\Svend_Aage_Jensby\Svend_Aage_Jensby_0001.jpg,0,0.02269864
10,data\calibration\lfw\lfw\Abdel_Nasser_Assidi\Abdel_Nasser_Assidi_0001.jpg,data\calibration\lfw\lfw\Abdel_Nasser_Assidi\Abdel_Nasser_Assidi_0002.jpg,1,0.83973932
10,data\calibration\lfw\lfw\Ai_Sugiyama\Ai_Sugiyama_0001.jpg,data\calibration\lfw\lfw\Ai_Sugiyama\Ai_Sugiyama_0002.jpg,1,0.78501129
10,data\calibration\lfw\lfw\Ai_Sugiyama\Ai_Sugiyama_0001.jpg,data\calibration\lfw\lfw\Ai_Sugiyama\Ai_Sugiyama_0004.jpg,1,0.67585093
10,data\calibration\lfw\lfw\Ai_Sugiyama\Ai_Sugiyama_0004.jpg,data\calibration\lfw\lfw\Ai_Sugiyama\Ai_Sugiyama_0005.jpg,1,0.64402771
10,data\calibration\lfw\lfw\Aldo_Paredes\Aldo_Paredes_0001.jpg,data\calibration\lfw\lfw\Aldo_Paredes\Aldo_Paredes_0002.jpg,1,0.05456138
10,data\calibration\lfw\lfw\Alejandro_Avila\Alejandro_Avila_0001.jpg,data\calibration\lfw\lfw\Alejandro_Avila\Alejandro_Avila_0002.jpg,1,0.63558441
10,data\calibration\lfw\lfw\Alejandro_Avila\Alejandro_Avila_0001.jpg,data\calibration\lfw\lfw\Alejandro_Avila\Alejandro_Avila_0003.jpg,1,0.05986471
10,data\calibration\lfw\lfw\Alex_Sink\Alex_Sink_0002.jpg,data\calibration\lfw\lfw\Alex_Sink\Alex_Sink_0003.jpg,1,0.68542087
10,data\calibration\lfw\lfw\Allen_Iverson\Allen_Iverson_0001.jpg,data\calibration\lfw\lfw\Allen_Iverson\Allen_Iverson_0002.jpg,1,0.76873738
10,data\calibration\lfw\lfw\Amram_Mitzna\Amram_Mitzna_0001.jpg,data\calibration\lfw\lfw\Amram_Mitzna\Amram_Mitzna_0002.jpg,1,0.83491641
10,data\calibration\lfw\lfw\Andrew_Niccol\Andrew_Niccol_0001.jpg,data\calibration\lfw\lfw\Andrew_Niccol\Andrew_Niccol_0002.jpg,1,0.74273348
10,data\calibration\lfw\lfw\Andy_Hebb\Andy_Hebb_0001.jpg,data\calibration\lfw\lfw\Andy_Hebb\Andy_Hebb_0002.jpg,1,0.76533526
10,data\calibration\lfw\lfw\Anne_Krueger\Anne_Krueger_0001.jpg,data\calibration\lfw\lfw\Anne_Krueger\Anne_Krueger_0002.jpg,1,0.77602249
10,data\calibration\lfw\lfw\Anne_McLellan\Anne_McLellan_0001.jpg,data\calibration\lfw\lfw\Anne_McLellan\Anne_McLellan_0003.jpg,1,0.53224361
10,data\calibration\lfw\lfw\Anne_McLellan\Anne_McLellan_0002.jpg,data\calibration\lfw\lfw\Anne_McLellan\Anne_McLellan_0003.jpg,1,0.78036094
10,data\calibration\lfw\lfw\Annette_Bening\Annette_Bening_0001.jpg,data\calibration\lfw\lfw\Annette_Bening\Annette_Bening_0002.jpg,1,0.76555783
10,data\calibration\lfw\lfw\Anthony_Hopkins\Anthony_Hopkins_0001.jpg,data\calibration\lfw\lfw\Anthony_Hopkins\Anthony_Hopkins_0002.jpg,1,0.69585764
10,data\calibration\lfw\lfw\Ariel_Sharon\Ariel_Sharon_0016.jpg,data\calibration\lfw\lfw\Ariel_Sharon\Ariel_Sharon_0045.jpg,1,0.77232844
10,data\calibration\lfw\lfw\Arminio_Fraga\Arminio_Fraga_0001.jpg,data\calibration\lfw\lfw\Arminio_Fraga\Arminio_Fraga_0006.jpg,1,0.64135563
10,data\calibration\lfw\lfw\Arminio_Fraga\Arminio_Fraga_0002.jpg,data\calibration\lfw\lfw\Arminio_Fraga\Arminio_Fraga_0004.jpg,1,0.67796576
10,data\calibration\lfw\lfw\Arminio_Fraga\Arminio_Fraga_0003.jpg,data\calibration\lfw\lfw\Arminio_Fraga\Arminio_Fraga_0006.jpg,1,0.78499013
10,data\calibration\lfw\lfw\Arminio_Fraga\Arminio_Fraga_0004.jpg,data\calibration\lfw\lfw\Arminio_Fraga\Arminio_Fraga_0006.jpg,1,0.81615883
10,data\calibration\lfw\lfw\Art_Hoffmann\Art_Hoffmann_0001.jpg,data\calibration\lfw\lfw\Art_Hoffmann\Art_Hoffmann_0002.jpg,1,0.83720726
10,data\calibration\lfw\lfw\Ashanti\Ashanti_0001.jpg,data\calibration\lfw\lfw\Ashanti\Ashanti_0003.jpg,1,0.56187636
10,data\calibration\lfw\lfw\Ashanti\Ashanti_0001.jpg,data\calibration\lfw\lfw\Ashanti\Ashanti_0004.jpg,1,0.71762145
10,data\calibration\lfw\lfw\Ashanti\Ashanti_0002.jpg,data\calibration\lfw\lfw\Ashanti\Ashanti_0005.jpg,1,0.65149915
10,data\calibration\lfw\lfw\Ashanti\Ashanti_0003.jpg,data\calibration\lfw\lfw\Ashanti\Ashanti_0005.jpg,1,0.55099529
10,data\calibration\lfw\lfw\Ashanti\Ashanti_0004.jpg,data\calibration\lfw\lfw\Ashanti\Ashanti_0005.jpg,1,0.70521879
10,data\calibration\lfw\lfw\Augustin_Calleri\Augustin_Calleri_0001.jpg,data\calibration\lfw\lfw\Augustin_Calleri\Augustin_Calleri_0002.jpg,1,0.63190293
10,data\calibration\lfw\lfw\Augustin_Calleri\Augustin_Calleri_0002.jpg,data\calibration\lfw\lfw\Augustin_Calleri\Augustin_Calleri_0004.jpg,1,0.66060501
10,data\calibration\lfw\lfw\Augustin_Calleri\Augustin_Calleri_0003.jpg,data\calibration\lfw\lfw\Augustin_Calleri\Augustin_Calleri_0004.jpg,1,0.75116193
10,data\calibration\lfw\lfw\Bertie_Ahern\Bertie_Ahern_0001.jpg,data\calibration\lfw\lfw\Bertie_Ahern\Bertie_Ahern_0002.jpg,1,0.65404040
10,data\calibration\lfw\lfw\Bertie_Ahern\Bertie_Ahern_0001.jpg,data\calibration\lfw\lfw\Bertie_Ahern\Bertie_Ahern_0004.jpg,1,0.64505547
10,data\calibration\lfw\lfw\Bertie_Ahern\Bertie_Ahern_0001.jpg,data\calibration\lfw\lfw\Bertie_Ahern\Bertie_Ahern_0005.jpg,1,0.67900664
10,data\calibration\lfw\lfw\Bertie_Ahern\Bertie_Ahern_0002.jpg,data\calibration\lfw\lfw\Bertie_Ahern\Bertie_Ahern_0003.jpg,1,0.68313473
10,data\calibration\lfw\lfw\Bertie_Ahern\Bertie_Ahern_0003.jpg,data\calibration\lfw\lfw\Bertie_Ahern\Bertie_Ahern_0005.jpg,1,0.61542892
10,data\calibration\lfw\lfw\Bill_Clinton\Bill_Clinton_0002.jpg,data\calibration\lfw\lfw\Bill_Clinton\Bill_Clinton_0004.jpg,1,0.76185000
10,data\calibration\lfw\lfw\Bill_Clinton\Bill_Clinton_0006.jpg,data\calibration\lfw\lfw\Bill_Clinton\Bill_Clinton_0008.jpg,1,0.58890331
10,data\calibration\lfw\lfw\Bill_Clinton\Bill_Clinton_0006.jpg,data\calibration\lfw\lfw\Bill_Clinton\Bill_Clinton_0010.jpg,1,0.65314454
10,data\calibration\lfw\lfw\Bill_Clinton\Bill_Clinton_0008.jpg,data\calibration\lfw\lfw\Bill_Clinton\Bill_Clinton_0010.jpg,1,0.69017082
10,data\calibration\lfw\lfw\Bill_Clinton\Bill_Clinton_0009.jpg,data\calibration\lfw\lfw\Bill_Clinton\Bill_Clinton_0012.jpg,1,0.70786500
10,data\calibration\lfw\lfw\Bill_Clinton\Bill_Clinton_0010.jpg,data\calibration\lfw\lfw\Bill_Clinton\Bill_Clinton_0029.jpg,1,0.63262486
10,data\calibration\lfw\lfw\Bill_Clinton\Bill_Clinton_0018.jpg,data\calibration\lfw\lfw\Bill_Clinton\Bill_Clinton_0028.jpg,1,0.66220230
10,data\calibration\lfw\lfw\Bill_McBride\Bill_McBride_0004.jpg,data\calibration\lfw\lfw\Bill_McBride\Bill_McBride_0007.jpg,1,0.66352183
10,data\calibration\lfw\lfw\Bill_McBride\Bill_McBride_0004.jpg,data\calibration\lfw\lfw\Bill_McBride\Bill_McBride_0010.jpg,1,0.76412940
10,data\calibration\lfw\lfw\Bill_Parcells\Bill_Parcells_0001.jpg,data\calibration\lfw\lfw\Bill_Parcells\Bill_Parcells_0002.jpg,1,0.63805997
10,data\calibration\lfw\lfw\Binyamin_Ben-Eliezer\Binyamin_Ben-Eliezer_0003.jpg,data\calibration\lfw\lfw\Binyamin_Ben-Eliezer\Binyamin_Ben-Eliezer_0005.jpg,1,0.85705727
10,data\calibration\lfw\lfw\Binyamin_Ben-Eliezer\Binyamin_Ben-Eliezer_0005.jpg,data\calibration\lfw\lfw\Binyamin_Ben-Eliezer\Binyamin_Ben-Eliezer_0006.jpg,1,0.79487896
10,data\calibration\lfw\lfw\Binyamin_Ben-Eliezer\Binyamin_Ben-Eliezer_0006.jpg,data\calibration\lfw\lfw\Binyamin_Ben-Eliezer\Binyamin_Ben-Eliezer_0007.jpg,1,0.67365164
10,data\calibration\lfw\lfw\Brendan_Hansen\Brendan_Hansen_0001.jpg,data\calibration\lfw\lfw\Brendan_Hansen\Brendan_Hansen_0002.jpg,1,0.64743978
10,data\calibration\lfw\lfw\Brian_Wells\Brian_Wells_0001.jpg,data\calibration\lfw\lfw\Brian_Wells\Brian_Wells_0002.jpg,1,0.58371550
10,data\calibration\lfw\lfw\Carlos_Quintanilla_Schmidt\Carlos_Quintanilla_Schmidt_0001.jpg,data\calibration\lfw\lfw\Carlos_Quintanilla_Schmidt\Carlos_Quintanilla_Schmidt_0002.jpg,1,0.80344546
10,data\calibration\lfw\lfw\Carolina_Moraes\Carolina_Moraes_0001.jpg,data\calibration\lfw\lfw\Carolina_Moraes\Carolina_Moraes_0002.jpg,1,0.66474432
10,data\calibration\lfw\lfw\Cecilia_Bolocco\Cecilia_Bolocco_0001.jpg,data\calibration\lfw\lfw\Cecilia_Bolocco\Cecilia_Bolocco_0002.jpg,1,0.11203784
10,data\calibration\lfw\lfw\Cecilia_Bolocco\Cecilia_Bolocco_0001.jpg,data\calibration\lfw\lfw\Cecilia_Bolocco\Cecilia_Bolocco_0003.jpg,1,0.06382038
10,data\calibration\lfw\lfw\Cecilia_Bolocco\Cecilia_Bolocco_0002.jpg,data\calibration\lfw\lfw\Cecilia_Bolocco\Cecilia_Bolocco_0003.jpg,1,0.58220148
10,data\calibration\lfw\lfw\Cesar_Gaviria\Cesar_Gaviria_0002.jpg,data\calibration\lfw\lfw\Cesar_Gaviria\Cesar_Gaviria_0004.jpg,1,0.75504011
10,data\calibration\lfw\lfw\Cesar_Gaviria\Cesar_Gaviria_0002.jpg,data\calibration\lfw\lfw\Cesar_Gaviria\Cesar_Gaviria_0005.jpg,1,0.70846319
10,data\calibration\lfw\lfw\Cesar_Gaviria\Cesar_Gaviria_0003.jpg,data\calibration\lfw\lfw\Cesar_Gaviria\Cesar_Gaviria_0006.jpg,1,0.74499828
10,data\calibration\lfw\lfw\Cesar_Gaviria\Cesar_Gaviria_0003.jpg,data\calibration\lfw\lfw\Cesar_Gaviria\Cesar_Gaviria_0007.jpg,1,0.72545320
10,data\calibration\lfw\lfw\Cesar_Gaviria\Cesar_Gaviria_0004.jpg,data\calibration\lfw\lfw\Cesar_Gaviria\Cesar_Gaviria_0006.jpg,1,0.71460503
10,data\calibration\lfw\lfw\Charlie_Zaa\Charlie_Zaa_0001.jpg,data\calibration\lfw\lfw\Charlie_Zaa\Charlie_Zaa_0002.jpg,1,0.67609394
10,data\calibration\lfw\lfw\Chita_Rivera\Chita_Rivera_0001.jpg,data\calibration\lfw\lfw\Chita_Rivera\Chita_Rivera_0002.jpg,1,0.72602516
10,data\calibration\lfw\lfw\Christian_Longo\Christian_Longo_0001.jpg,data\calibration\lfw\lfw\Christian_Longo\Christian_Longo_0002.jpg,1,0.80008286
10,data\calibration\lfw\lfw\Christian_Longo\Christian_Longo_0001.jpg,data\calibration\lfw\lfw\Christian_Longo\Christian_Longo_0003.jpg,1,0.82820982
10,data\calibration\lfw\lfw\Christian_Wulff\Christian_Wulff_0001.jpg,data\calibration\lfw\lfw\Christian_Wulff\Christian_Wulff_0002.jpg,1,0.75453675
10,data\calibration\lfw\lfw\Colin_Jackson\Colin_Jackson_0001.jpg,data\calibration\lfw\lfw\Colin_Jackson\Colin_Jackson_0002.jpg,1,0.78648818
10,data\calibration\lfw\lfw\Darrell_Issa\Darrell_Issa_0001.jpg,data\calibration\lfw\lfw\Darrell_Issa\Darrell_Issa_0002.jpg,1,0.63118929
10,data\calibration\lfw\lfw\Darrell_Porter\Darrell_Porter_0001.jpg,data\calibration\lfw\lfw\Darrell_Porter\Darrell_Porter_0002.jpg,1,0.46615019
10,data\calibration\lfw\lfw\Dave_Campo\Dave_Campo_0001.jpg,data\calibration\lfw\lfw\Dave_Campo\Dave_Campo_0003.jpg,1,0.53667563
10,data\calibration\lfw\lfw\David_Dodge\David_Dodge_0001.jpg,data\calibration\lfw\lfw\David_Dodge\David_Dodge_0002.jpg,1,0.59857029
10,data\calibration\lfw\lfw\David_Heyman\David_Heyman_0001.jpg,data\calibration\lfw\lfw\David_Heyman\David_Heyman_0002.jpg,1,0.81422752
10,data\calibration\lfw\lfw\David_Spade\David_Spade_0001.jpg,data\calibration\lfw\lfw\David_Spade\David_Spade_0002.jpg,1,0.56062788
10,data\calibration\lfw\lfw\David_Wells\David_Wells_0001.jpg,data\calibration\lfw\lfw\David_Wells\David_Wells_0005.jpg,1,0.63747096
10,data\calibration\lfw\lfw\David_Wells\David_Wells_0001.jpg,data\calibration\lfw\lfw\David_Wells\David_Wells_0006.jpg,1,0.55660450
10,data\calibration\lfw\lfw\David_Wells\David_Wells_0001.jpg,data\calibration\lfw\lfw\David_Wells\David_Wells_0007.jpg,1,0.66043073
10,data\calibration\lfw\lfw\David_Wells\David_Wells_0002.jpg,data\calibration\lfw\lfw\David_Wells\David_Wells_0006.jpg,1,0.68564111
10,data\calibration\lfw\lfw\David_Wells\David_Wells_0005.jpg,data\calibration\lfw\lfw\David_Wells\David_Wells_0006.jpg,1,0.60011810
10,data\calibration\lfw\lfw\Debbie_Reynolds\Debbie_Reynolds_0001.jpg,data\calibration\lfw\lfw\Debbie_Reynolds\Debbie_Reynolds_0003.jpg,1,0.79559392
10,data\calibration\lfw\lfw\Debbie_Reynolds\Debbie_Reynolds_0002.jpg,data\calibration\lfw\lfw\Debbie_Reynolds\Debbie_Reynolds_0004.jpg,1,0.71920508
10,data\calibration\lfw\lfw\Dexter_Jackson\Dexter_Jackson_0001.jpg,data\calibration\lfw\lfw\Dexter_Jackson\Dexter_Jackson_0002.jpg,1,0.69347811
10,data\calibration\lfw\lfw\Diana_Taurasi\Diana_Taurasi_0001.jpg,data\calibration\lfw\lfw\Diana_Taurasi\Diana_Taurasi_0002.jpg,1,0.71550679
10,data\calibration\lfw\lfw\Donald_Evans\Donald_Evans_0001.jpg,data\calibration\lfw\lfw\Donald_Evans\Donald_Evans_0002.jpg,1,0.76595265
10,data\calibration\lfw\lfw\Duane_Lee_Chapman\Duane_Lee_Chapman_0001.jpg,data\calibration\lfw\lfw\Duane_Lee_Chapman\Duane_Lee_Chapman_0002.jpg,1,0.69647586
10,data\calibration\lfw\lfw\Ed_Smart\Ed_Smart_0001.jpg,data\calibration\lfw\lfw\Ed_Smart\Ed_Smart_0003.jpg,1,0.66345459
10,data\calibration\lfw\lfw\Eileen_Coparropa\Eileen_Coparropa_0001.jpg,data\calibration\lfw\lfw\Eileen_Coparropa\Eileen_Coparropa_0002.jpg,1,0.89205831
10,data\calibration\lfw\lfw\Eileen_Coparropa\Eileen_Coparropa_0001.jpg,data\calibration\lfw\lfw\Eileen_Coparropa\Eileen_Coparropa_0003.jpg,1,0.72926527
10,data\calibration\lfw\lfw\Eileen_Coparropa\Eileen_Coparropa_0002.jpg,data\calibration\lfw\lfw\Eileen_Coparropa\Eileen_Coparropa_0003.jpg,1,0.73691529
10,data\calibration\lfw\lfw\Elizabeth_Dole\Elizabeth_Dole_0001.jpg,data\calibration\lfw\lfw\Elizabeth_Dole\Elizabeth_Dole_0003.jpg,1,0.70240396
10,data\calibration\lfw\lfw\Elizabeth_Dole\Elizabeth_Dole_0002.jpg,data\calibration\lfw\lfw\Elizabeth_Dole\Elizabeth_Dole_0004.jpg,1,0.62622225
10,data\calibration\lfw\lfw\Fred_Funk\Fred_Funk_0001.jpg,data\calibration\lfw\lfw\Fred_Funk\Fred_Funk_0002.jpg,1,0.65204978
10,data\calibration\lfw\lfw\Gabriel_Valdes\Gabriel_Valdes_0001.jpg,data\calibration\lfw\lfw\Gabriel_Valdes\Gabriel_Valdes_0002.jpg,1,0.04130367
10,data\calibration\lfw\lfw\Gary_Winnick\Gary_Winnick_0001.jpg,data\calibration\lfw\lfw\Gary_Winnick\Gary_Winnick_0002.jpg,1,0.61662269
10,data\calibration\lfw\lfw\George_Karl\George_Karl_0001.jpg,data\calibration\lfw\lfw\George_Karl\George_Karl_0002.jpg,1,0.64039141
10,data\calibration\lfw\lfw\George_Robertson\George_Robertson_0002.jpg,data\calibration\lfw\lfw\George_Robertson\George_Robertson_0003.jpg,1,0.86343843
10,data\calibration\lfw\lfw\George_Robertson\George_Robertson_0003.jpg,data\calibration\lfw\lfw\George_Robertson\George_Robertson_0019.jpg,1,0.77986914
10,data\calibration\lfw\lfw\George_Robertson\George_Robertson_0007.jpg,data\calibration\lfw\lfw\George_Robertson\George_Robertson_0019.jpg,1,0.70659858
10,data\calibration\lfw\lfw\George_Robertson\George_Robertson_0011.jpg,data\calibration\lfw\lfw\George_Robertson\George_Robertson_0012.jpg,1,0.73255527
10,data\calibration\lfw\lfw\George_Ryan\George_Ryan_0001.jpg,data\calibration\lfw\lfw\George_Ryan\George_Ryan_0004.jpg,1,0.66093779
10,data\calibration\lfw\lfw\George_Ryan\George_Ryan_0002.jpg,data\calibration\lfw\lfw\George_Ryan\George_Ryan_0003.jpg,1,0.88388175
10,data\calibration\lfw\lfw\George_W_Bush\George_W_Bush_0007.jpg,data\calibration\lfw\lfw\George_W_Bush\George_W_Bush_0065.jpg,1,0.75976121
10,data\calibration\lfw\lfw\George_W_Bush\George_W_Bush_0016.jpg,data\calibration\lfw\lfw\George_W_Bush\George_W_Bush_0482.jpg,1,0.67543924
10,data\calibration\lfw\lfw\George_W_Bush\George_W_Bush_0145.jpg,data\calibration\lfw\lfw\George_W_Bush\George_W_Bush_0150.jpg,1,0.60858393
10,data\calibration\lfw\lfw\George_W_Bush\George_W_Bush_0145.jpg,data\calibration\lfw\lfw\George_W_Bush\George_W_Bush_0238.jpg,1,0.60441995
10,data\calibration\lfw\lfw\George_W_Bush\George_W_Bush_0203.jpg,data\calibration\lfw\lfw\George_W_Bush\George_W_Bush_0247.jpg,1,0.69845605
10,data\calibration\lfw\lfw\Gloria_Trevi\Gloria_Trevi_0001.jpg,data\calibration\lfw\lfw\Gloria_Trevi\Gloria_Trevi_0002.jpg,1,0.56190139
10,data\calibration\lfw\lfw\Gloria_Trevi\Gloria_Trevi_0002.jpg,data\calibration\lfw\lfw\Gloria_Trevi\Gloria_Trevi_0003.jpg,1,0.62726194
10,data\calibration\lfw\lfw\Gloria_Trevi\Gloria_Trevi_0002.jpg,data\calibration\lfw\lfw\Gloria_Trevi\Gloria_Trevi_0004.jpg,1,0.58205462
10,data\calibration\lfw\lfw\Gordon_Campbell\Gordon_Campbell_0001.jpg,data\calibration\lfw\lfw\Gordon_Campbell\Gordon_Campbell_0002.jpg,1,0.64303243
10,data\calibration\lfw\lfw\Greg_Rusedski\Greg_Rusedski_0001.jpg,data\calibration\lfw\lfw\Greg_Rusedski\Greg_Rusedski_0002.jpg,1,0.62695813
10,data\calibration\lfw\lfw\Greg_Rusedski\Greg_Rusedski_0002.jpg,data\calibration\lfw\lfw\Greg_Rusedski\Greg_Rusedski_0003.jpg,1,0.68929476
10,data\calibration\lfw\lfw\Greg_Rusedski\Greg_Rusedski_0002.jpg,data\calibration\lfw\lfw\Greg_Rusedski\Greg_Rusedski_0004.jpg,1,0.78938234
10,data\calibration\lfw\lfw\Greg_Rusedski\Greg_Rusedski_0003.jpg,data\calibration\lfw\lfw\Greg_Rusedski\Greg_Rusedski_0004.jpg,1,0.78107756
10,data\calibration\lfw\lfw\Gustavo_Kuerten\Gustavo_Kuerten_0001.jpg,data\calibration\lfw\lfw\Gustavo_Kuerten\Gustavo_Kuerten_0002.jpg,1,0.83912647
10,data\calibration\lfw\lfw\Gustavo_Kuerten\Gustavo_Kuerten_0002.jpg,data\calibration\lfw\lfw\Gustavo_Kuerten\Gustavo_Kuerten_0003.jpg,1,0.62002474
10,data\calibration\lfw\lfw\Guy_Hemmings\Guy_Hemmings_0001.jpg,data\calibration\lfw\lfw\Guy_Hemmings\Guy_Hemmings_0002.jpg,1,0.66414344
10,data\calibration\lfw\lfw\Halle_Berry\Halle_Berry_0006.jpg,data\calibration\lfw\lfw\Halle_Berry\Halle_Berry_0007.jpg,1,0.85632014
10,data\calibration\lfw\lfw\Halle_Berry\Halle_Berry_0006.jpg,data\calibration\lfw\lfw\Halle_Berry\Halle_Berry_0009.jpg,1,0.06574401
10,data\calibration\lfw\lfw\Halle_Berry\Halle_Berry_0007.jpg,data\calibration\lfw\lfw\Halle_Berry\Halle_Berry_0009.jpg,1,0.09406130
10,data\calibration\lfw\lfw\Heather_Mills\Heather_Mills_0002.jpg,data\calibration\lfw\lfw\Heather_Mills\Heather_Mills_0003.jpg,1,0.61267257
10,data\calibration\lfw\lfw\Heather_Mills\Heather_Mills_0002.jpg,data\calibration\lfw\lfw\Heather_Mills\Heather_Mills_0004.jpg,1,0.64667332
10,data\calibration\lfw\lfw\Heidi_Fleiss\Heidi_Fleiss_0001.jpg,data\calibration\lfw\lfw\Heidi_Fleiss\Heidi_Fleiss_0002.jpg,1,0.42939547
10,data\calibration\lfw\lfw\Heidi_Fleiss\Heidi_Fleiss_0001.jpg,data\calibration\lfw\lfw\Heidi_Fleiss\Heidi_Fleiss_0003.jpg,1,0.52146763
10,data\calibration\lfw\lfw\Henrique_Meirelles\Henrique_Meirelles_0001.jpg,data\calibration\lfw\lfw\Henrique_Meirelles\Henrique_Meirelles_0002.jpg,1,0.68477577
10,data\calibration\lfw\lfw\Iva_Majoli\Iva_Majoli_0001.jpg,data\calibration\lfw\lfw\Iva_Majoli\Iva_Majoli_0002.jpg,1,0.68739712
10,data\calibration\lfw\lfw\Jake_Gyllenhaal\Jake_Gyllenhaal_0003.jpg,data\calibration\lfw\lfw\Jake_Gyllenhaal\Jake_Gyllenhaal_0005.jpg,1,0.83025652
10,data\calibration\lfw\lfw\Jake_Gyllenhaal\Jake_Gyllenhaal_0004.jpg,data\calibration\lfw\lfw\Jake_Gyllenhaal\Jake_Gyllenhaal_0005.jpg,1,0.80836821
10,data\calibration\lfw\lfw\James_Cunningham\James_Cunningham_0001.jpg,data\calibration\lfw\lfw\James_Cunningham\James_Cunningham_0002.jpg,1,0.70089191
10,data\calibration\lfw\lfw\James_Cunningham\James_Cunningham_0001.jpg,data\calibration\lfw\lfw\James_Cunningham\James_Cunningham_0003.jpg,1,0.70604122
10,data\calibration\lfw\lfw\James_Cunningham\James_Cunningham_0002.jpg,data\calibration\lfw\lfw\James_Cunningham\James_Cunningham_0003.jpg,1,0.62908167
10,data\calibration\lfw\lfw\James_Parker\James_Parker_0001.jpg,data\calibration\lfw\lfw\James_Parker\James_Parker_0002.jpg,1,0.77194291
10,data\calibration\lfw\lfw\James_Wolfensohn\James_Wolfensohn_0002.jpg,data\calibration\lfw\lfw\James_Wolfensohn\James_Wolfensohn_0005.jpg,1,0.73975939
10,data\calibration\lfw\lfw\Jason_Lezak\Jason_Lezak_0001.jpg,data\calibration\lfw\lfw\Jason_Lezak\Jason_Lezak_0002.jpg,1,0.89974231
10,data\calibration\lfw\lfw\Jay_Rasulo\Jay_Rasulo_0001.jpg,data\calibration\lfw\lfw\Jay_Rasulo\Jay_Rasulo_0002.jpg,1,0.66466892
10,data\calibration\lfw\lfw\Jean-Claude_Juncker\Jean-Claude_Juncker_0001.jpg,data\calibration\lfw\lfw\Jean-Claude_Juncker\Jean-Claude_Juncker_0002.jpg,1,0.67835712
10,data\calibration\lfw\lfw\Jennifer_Lopez\Jennifer_Lopez_0001.jpg,data\calibration\lfw\lfw\Jennifer_Lopez\Jennifer_Lopez_0003.jpg,1,0.69180626
10,data\calibration\lfw\lfw\Jennifer_Lopez\Jennifer_Lopez_0002.jpg,data\calibration\lfw\lfw\Jennifer_Lopez\Jennifer_Lopez_0016.jpg,1,0.61012208
10,data\calibration\lfw\lfw\Jennifer_Lopez\Jennifer_Lopez_0003.jpg,data\calibration\lfw\lfw\Jennifer_Lopez\Jennifer_Lopez_0010.jpg,1,0.05839981
10,data\calibration\lfw\lfw\Jennifer_Lopez\Jennifer_Lopez_0003.jpg,data\calibration\lfw\lfw\Jennifer_Lopez\Jennifer_Lopez_0014.jpg,1,0.64366299
10,data\calibration\lfw\lfw\Jesse_Jackson\Jesse_Jackson_0001.jpg,data\calibration\lfw\lfw\Jesse_Jackson\Jesse_Jackson_0003.jpg,1,0.75572407
10,data\calibration\lfw\lfw\Jesse_Jackson\Jesse_Jackson_0005.jpg,data\calibration\lfw\lfw\Jesse_Jackson\Jesse_Jackson_0008.jpg,1,0.67698306
10,data\calibration\lfw\lfw\Jesse_Jackson\Jesse_Jackson_0007.jpg,data\calibration\lfw\lfw\Jesse_Jackson\Jesse_Jackson_0008.jpg,1,0.74005121
10,data\calibration\lfw\lfw\Jesse_James_Leija\Jesse_James_Leija_0001.jpg,data\calibration\lfw\lfw\Jesse_James_Leija\Jesse_James_Leija_0002.jpg,1,0.69012833
10,data\calibration\lfw\lfw\Jesse_Ventura\Jesse_Ventura_0002.jpg,data\calibration\lfw\lfw\Jesse_Ventura\Jesse_Ventura_0003.jpg,1,0.64773941
10,data\calibration\lfw\lfw\Jia_Qinglin\Jia_Qinglin_0001.jpg,data\calibration\lfw\lfw\Jia_Qinglin\Jia_Qinglin_0002.jpg,1,0.71498573
10,data\calibration\lfw\lfw\Jim_Tressel\Jim_Tressel_0001.jpg,data\calibration\lfw\lfw\Jim_Tressel\Jim_Tressel_0002.jpg,1,0.62426031
10,data\calibration\lfw\lfw\Jim_Tressel\Jim_Tressel_0001.jpg,data\calibration\lfw\lfw\Jim_Tressel\Jim_Tressel_0004.jpg,1,0.66865653
10,data\calibration\lfw\lfw\Jim_Tressel\Jim_Tressel_0002.jpg,data\calibration\lfw\lfw\Jim_Tressel\Jim_Tressel_0004.jpg,1,0.71466577
10,data\calibration\lfw\lfw\Joan_Laporta\Joan_Laporta_0001.jpg,data\calibration\lfw\lfw\Joan_Laporta\Joan_Laporta_0006.jpg,1,0.66758764
10,data\calibration\lfw\lfw\Joan_Laporta\Joan_Laporta_0006.jpg,data\calibration\lfw\lfw\Joan_Laporta\Joan_Laporta_0007.jpg,1,0.81015807
10,data\calibration\lfw\lfw\Joan_Laporta\Joan_Laporta_0006.jpg,data\calibration\lfw\lfw\Joan_Laporta\Joan_Laporta_0008.jpg,1,0.67007315
10,data\calibration\lfw\lfw\Joe_Dumars\Joe_Dumars_0001.jpg,data\calibration\lfw\lfw\Joe_Dumars\Joe_Dumars_0002.jpg,1,0.74909502
10,data\calibration\lfw\lfw\John_Ashcroft\John_Ashcroft_0003.jpg,data\calibration\lfw\lfw\John_Ashcroft\John_Ashcroft_0005.jpg,1,0.80383915
10,data\calibration\lfw\lfw\John_Ashcroft\John_Ashcroft_0013.jpg,data\calibration\lfw\lfw\John_Ashcroft\John_Ashcroft_0034.jpg,1,0.66132808
10,data\calibration\lfw\lfw\John_Ashcroft\John_Ashcroft_0042.jpg,data\calibration\lfw\lfw\John_Ashcroft\John_Ashcroft_0043.jpg,1,0.44406891
10,data\calibration\lfw\lfw\John_Bolton\John_Bolton_0006.jpg,data\calibration\lfw\lfw\John_Bolton\John_Bolton_0007.jpg,1,0.81306756
10,data\calibration\lfw\lfw\John_Swofford\John_Swofford_0001.jpg,data\calibration\lfw\lfw\John_Swofford\John_Swofford_0002.jpg,1,0.70418608
10,data\calibration\lfw\lfw\John_Swofford\John_Swofford_0001.jpg,data\calibration\lfw\lfw\John_Swofford\John_Swofford_0003.jpg,1,0.84239429
10,data\calibration\lfw\lfw\John_Timoney\John_Timoney_0001.jpg,data\calibration\lfw\lfw\John_Timoney\John_Timoney_0002.jpg,1,0.80531263
10,data\calibration\lfw\lfw\Jon_Gruden\Jon_Gruden_0001.jpg,data\calibration\lfw\lfw\Jon_Gruden\Jon_Gruden_0002.jpg,1,0.71804315
10,data\calibration\lfw\lfw\Jon_Gruden\Jon_Gruden_0002.jpg,data\calibration\lfw\lfw\Jon_Gruden\Jon_Gruden_0005.jpg,1,0.70880175
10,data\calibration\lfw\lfw\Jon_Gruden\Jon_Gruden_0003.jpg,data\calibration\lfw\lfw\Jon_Gruden\Jon_Gruden_0006.jpg,1,0.64335173
10,data\calibration\lfw\lfw\Jon_Gruden\Jon_Gruden_0003.jpg,data\calibration\lfw\lfw\Jon_Gruden\Jon_Gruden_0007.jpg,1,0.65524566
10,data\calibration\lfw\lfw\Julie_Taymor\Julie_Taymor_0001.jpg,data\calibration\lfw\lfw\Julie_Taymor\Julie_Taymor_0002.jpg,1,0.69410777
10,data\calibration\lfw\lfw\Kamal_Kharrazi\Kamal_Kharrazi_0001.jpg,data\calibration\lfw\lfw\Kamal_Kharrazi\Kamal_Kharrazi_0005.jpg,1,0.80422390
10,data\calibration\lfw\lfw\Kamal_Kharrazi\Kamal_Kharrazi_0002.jpg,data\calibration\lfw\lfw\Kamal_Kharrazi\Kamal_Kharrazi_0003.jpg,1,0.77110898
10,data\calibration\lfw\lfw\Kamal_Kharrazi\Kamal_Kharrazi_0002.jpg,data\calibration\lfw\lfw\Kamal_Kharrazi\Kamal_Kharrazi_0006.jpg,1,0.69772440
10,data\calibration\lfw\lfw\Karin_Stoiber\Karin_Stoiber_0001.jpg,data\calibration\lfw\lfw\Karin_Stoiber\Karin_Stoiber_0002.jpg,1,0.64307344
10,data\calibration\lfw\lfw\Kim_Yong-il\Kim_Yong-il_0001.jpg,data\calibration\lfw\lfw\Kim_Yong-il\Kim_Yong-il_0002.jpg,1,0.65246910
10,data\calibration\lfw\lfw\Kim_Yong-il\Kim_Yong-il_0001.jpg,data\calibration\lfw\lfw\Kim_Yong-il\Kim_Yong-il_0003.jpg,1,0.71196318
10,data\calibration\lfw\lfw\Kimi_Raikkonen\Kimi_Raikkonen_0001.jpg,data\calibration\lfw\lfw\Kimi_Raikkonen\Kimi_Raikkonen_0003.jpg,1,-0.06723711
10,data\calibration\lfw\lfw\Kimi_Raikkonen\Kimi_Raikkonen_0002.jpg,data\calibration\lfw\lfw\Kimi_Raikkonen\Kimi_Raikkonen_0003.jpg,1,0.50051218
10,data\calibration\lfw\lfw\Kjell_Magne_Bondevik\Kjell_Magne_Bondevik_0001.jpg,data\calibration\lfw\lfw\Kjell_Magne_Bondevik\Kjell_Magne_Bondevik_0003.jpg,1,0.66150194
10,data\calibration\lfw\lfw\Kobe_Bryant\Kobe_Bryant_0001.jpg,data\calibration\lfw\lfw\Kobe_Bryant\Kobe_Bryant_0002.jpg,1,0.40790325
10,data\calibration\lfw\lfw\Kurt_Warner\Kurt_Warner_0001.jpg,data\calibration\lfw\lfw\Kurt_Warner\Kurt_Warner_0002.jpg,1,0.62444687
10,data\calibration\lfw\lfw\Kurt_Warner\Kurt_Warner_0001.jpg,data\calibration\lfw\lfw\Kurt_Warner\Kurt_Warner_0004.jpg,1,0.66255915
10,data\calibration\lfw\lfw\Kurt_Warner\Kurt_Warner_0002.jpg,data\calibration\lfw\lfw\Kurt_Warner\Kurt_Warner_0004.jpg,1,0.82096291
10,data\calibration\lfw\lfw\Kurt_Warner\Kurt_Warner_0003.jpg,data\calibration\lfw\lfw\Kurt_Warner\Kurt_Warner_0005.jpg,1,0.54844499
10,data\calibration\lfw\lfw\Kwon_Yang-sook\Kwon_Yang-sook_0001.jpg,data\calibration\lfw\lfw\Kwon_Yang-sook\Kwon_Yang-sook_0003.jpg,1,0.73935211
10,data\calibration\lfw\lfw\Kwon_Yang-sook\Kwon_Yang-sook_0002.jpg,data\calibration\lfw\lfw\Kwon_Yang-sook\Kwon_Yang-sook_0003.jpg,1,0.83605117
10,data\calibration\lfw\lfw\Lee_Jun\Lee_Jun_0001.jpg,data\calibration\lfw\lfw\Lee_Jun\Lee_Jun_0002.jpg,1,0.65173781
10,data\calibration\lfw\lfw\Leonid_Kuchma\Leonid_Kuchma_0001.jpg,data\calibration\lfw\lfw\Leonid_Kuchma\Leonid_Kuchma_0002.jpg,1,0.72676373
10,data\calibration\lfw\lfw\Leonid_Kuchma\Leonid_Kuchma_0001.jpg,data\calibration\lfw\lfw\Leonid_Kuchma\Leonid_Kuchma_0003.jpg,1,0.73436612
10,data\calibration\lfw\lfw\Leonid_Kuchma\Leonid_Kuchma_0002.jpg,data\calibration\lfw\lfw\Leonid_Kuchma\Leonid_Kuchma_0003.jpg,1,0.81879461
10,data\calibration\lfw\lfw\Leonid_Kuchma\Leonid_Kuchma_0002.jpg,data\calibration\lfw\lfw\Leonid_Kuchma\Leonid_Kuchma_0005.jpg,1,0.72620624
10,data\calibration\lfw\lfw\Leonid_Kuchma\Leonid_Kuchma_0004.jpg,data\calibration\lfw\lfw\Leonid_Kuchma\Leonid_Kuchma_0005.jpg,1,0.67665797
10,data\calibration\lfw\lfw\Lina_Krasnoroutskaya\Lina_Krasnoroutskaya_0001.jpg,data\calibration\lfw\lfw\Lina_Krasnoroutskaya\Lina_Krasnoroutskaya_0002.jpg,1,0.51387078
10,data\calibration\lfw\lfw\Lord_Hutton\Lord_Hutton_0001.jpg,data\calibration\lfw\lfw\Lord_Hutton\Lord_Hutton_0002.jpg,1,0.77609676
10,data\calibration\lfw\lfw\Luiz_Felipe_Scolari\Luiz_Felipe_Scolari_0001.jpg,data\calibration\lfw\lfw\Luiz_Felipe_Scolari\Luiz_Felipe_Scolari_0002.jpg,1,0.77900130
10,data\calibration\lfw\lfw\Lynn_Redgrave\Lynn_Redgrave_0002.jpg,data\calibration\lfw\lfw\Lynn_Redgrave\Lynn_Redgrave_0003.jpg,1,0.74338108
10,data\calibration\lfw\lfw\Magdalena_Maleeva\Magdalena_Maleeva_0001.jpg,data\calibration\lfw\lfw\Magdalena_Maleeva\Magdalena_Maleeva_0002.jpg,1,0.63144618
10,data\calibration\lfw\lfw\Magdalena_Maleeva\Magdalena_Maleeva_0001.jpg,data\calibration\lfw\lfw\Magdalena_Maleeva\Magdalena_Maleeva_0003.jpg,1,0.63104993
10,data\calibration\lfw\lfw\Magdalena_Maleeva\Magdalena_Maleeva_0002.jpg,data\calibration\lfw\lfw\Magdalena_Maleeva\Magdalena_Maleeva_0003.jpg,1,0.77334046
10,data\calibration\lfw\lfw\Marcelo_Ebrard\Marcelo_Ebrard_0001.jpg,data\calibration\lfw\lfw\Marcelo_Ebrard\Marcelo_Ebrard_0002.jpg,1,0.74188769
10,data\calibration\lfw\lfw\Marcelo_Ebrard\Marcelo_Ebrard_0001.jpg,data\calibration\lfw\lfw\Marcelo_Ebrard\Marcelo_Ebrard_0003.jpg,1,0.70433170
10,data\calibration\lfw\lfw\Marcelo_Rios\Marcelo_Rios_0001.jpg,data\calibration\lfw\lfw\Marcelo_Rios\Marcelo_Rios_0003.jpg,1,0.77084267
10,data\calibration\lfw\lfw\Marcelo_Rios\Marcelo_Rios_0001.jpg,data\calibration\lfw\lfw\Marcelo_Rios\Marcelo_Rios_0004.jpg,1,0.72574276
10,data\calibration\lfw\lfw\Marcelo_Rios\Marcelo_Rios_0002.jpg,data\calibration\lfw\lfw\Marcelo_Rios\Marcelo_Rios_0003.jpg,1,0.72517341
10,data\calibration\lfw\lfw\Marcelo_Rios\Marcelo_Rios_0003.jpg,data\calibration\lfw\lfw\Marcelo_Rios\Marcelo_Rios_0004.jpg,1,0.67467141
10,data\calibration\lfw\lfw\Marcelo_Rios\Marcelo_Rios_0003.jpg,data\calibration\lfw\lfw\Marcelo_Rios\Marcelo_Rios_0005.jpg,1,0.72924107
10,data\calibration\lfw\lfw\Maria_Shriver\Maria_Shriver_0001.jpg,data\calibration\lfw\lfw\Maria_Shriver\Maria_Shriver_0007.jpg,1,0.04945415
10,data\calibration\lfw\lfw\Maria_Shriver\Maria_Shriver_0001.jpg,data\calibration\lfw\lfw\Maria_Shriver\Maria_Shriver_0008.jpg,1,0.09998827
10,data\calibration\lfw\lfw\Maria_Shriver\Maria_Shriver_0002.jpg,data\calibration\lfw\lfw\Maria_Shriver\Maria_Shriver_0006.jpg,1,0.59579349
10,data\calibration\lfw\lfw\Maria_Shriver\Maria_Shriver_0002.jpg,data\calibration\lfw\lfw\Maria_Shriver\Maria_Shriver_0008.jpg,1,0.66164041
10,data\calibration\lfw\lfw\Maria_Shriver\Maria_Shriver_0003.jpg,data\calibration\lfw\lfw\Maria_Shriver\Maria_Shriver_0008.jpg,1,0.07251421
10,data\calibration\lfw\lfw\Marilyn_Monroe\Marilyn_Monroe_0001.jpg,data\calibration\lfw\lfw\Marilyn_Monroe\Marilyn_Monroe_0002.jpg,1,0.58126348
10,data\calibration\lfw\lfw\Mario_Cipollini\Mario_Cipollini_0001.jpg,data\calibration\lfw\lfw\Mario_Cipollini\Mario_Cipollini_0002.jpg,1,0.79870236
10,data\calibration\lfw\lfw\Mark_Hurlbert\Mark_Hurlbert_0001.jpg,data\calibration\lfw\lfw\Mark_Hurlbert\Mark_Hurlbert_0005.jpg,1,0.73808110
10,data\calibration\lfw\lfw\Mark_Hurlbert\Mark_Hurlbert_0002.jpg,data\calibration\lfw\lfw\Mark_Hurlbert\Mark_Hurlbert_0003.jpg,1,0.87616301
10,data\calibration\lfw\lfw\Mark_Hurlbert\Mark_Hurlbert_0002.jpg,data\calibration\lfw\lfw\Mark_Hurlbert\Mark_Hurlbert_0004.jpg,1,0.84704125
10,data\calibration\lfw\lfw\Martin_Scorsese\Martin_Scorsese_0002.jpg,data\calibration\lfw\lfw\Martin_Scorsese\Martin_Scorsese_0005.jpg,1,0.64491570
10,data\calibration\lfw\lfw\Martin_Scorsese\Martin_Scorsese_0003.jpg,data\calibration\lfw\lfw\Martin_Scorsese\Martin_Scorsese_0004.jpg,1,0.81797820
10,data\calibration\lfw\lfw\Marwan_Barghouthi\Marwan_Barghouthi_0001.jpg,data\calibration\lfw\lfw\Marwan_Barghouthi\Marwan_Barghouthi_0002.jpg,1,0.78904128
10,data\calibration\lfw\lfw\Michael_Bloomberg\Michael_Bloomberg_0001.jpg,data\calibration\lfw\lfw\Michael_Bloomberg\Michael_Bloomberg_0012.jpg,1,0.70146745
10,data\calibration\lfw\lfw\Michael_Bloomberg\Michael_Bloomberg_0003.jpg,data\calibration\lfw\lfw\Michael_Bloomberg\Michael_Bloomberg_0005.jpg,1,0.69580543
10,data\calibration\lfw\lfw\Michael_Bloomberg\Michael_Bloomberg_0007.jpg,data\calibration\lfw\lfw\Michael_Bloomberg\Michael_Bloomberg_0011.jpg,1,0.63774687
10,data\calibration\lfw\lfw\Michael_Bloomberg\Michael_Bloomberg_0011.jpg,data\calibration\lfw\lfw\Michael_Bloomberg\Michael_Bloomberg_0013.jpg,1,0.64409655
10,data\calibration\lfw\lfw\Michael_Chang\Michael_Chang_0001.jpg,data\calibration\lfw\lfw\Michael_Chang\Michael_Chang_0003.jpg,1,0.58846271
10,data\calibration\lfw\lfw\Michael_Chang\Michael_Chang_0005.jpg,data\calibration\lfw\lfw\Michael_Chang\Michael_Chang_0006.jpg,1,0.47717825
10,data\calibration\lfw\lfw\Michael_Jackson\Michael_Jackson_0001.jpg,data\calibration\lfw\lfw\Michael_Jackson\Michael_Jackson_0006.jpg,1,0.74773359
10,data\calibration\lfw\lfw\Michael_Jackson\Michael_Jackson_0002.jpg,data\calibration\lfw\lfw\Michael_Jackson\Michael_Jackson_0003.jpg,1,0.71695185
10,data\calibration\lfw\lfw\Michael_Jackson\Michael_Jackson_0002.jpg,data\calibration\lfw\lfw\Michael_Jackson\Michael_Jackson_0011.jpg,1,0.62580025
10,data\calibration\lfw\lfw\Michael_Jackson\Michael_Jackson_0002.jpg,data\calibration\lfw\lfw\Michael_Jackson\Michael_Jackson_0012.jpg,1,0.63448578
10,data\calibration\lfw\lfw\Michael_Jackson\Michael_Jackson_0011.jpg,data\calibration\lfw\lfw\Michael_Jackson\Michael_Jackson_0012.jpg,1,0.78811169
10,data\calibration\lfw\lfw\Michael_Patrick_King\Michael_Patrick_King_0001.jpg,data\calibration\lfw\lfw\Michael_Patrick_King\Michael_Patrick_King_0002.jpg,1,0.76054978
10,data\calibration\lfw\lfw\Michelle_Rodriguez\Michelle_Rodriguez_0001.jpg,data\calibration\lfw\lfw\Michelle_Rodriguez\Michelle_Rodriguez_0002.jpg,1,0.68638194
10,data\calibration\lfw\lfw\Mike_Babcock\Mike_Babcock_0001.jpg,data\calibration\lfw\lfw\Mike_Babcock\Mike_Babcock_0002.jpg,1,0.78896141
10,data\calibration\lfw\lfw\Mike_Martz\Mike_Martz_0001.jpg,data\calibration\lfw\lfw\Mike_Martz\Mike_Martz_0003.jpg,1,0.78204453
10,data\calibration\lfw\lfw\Mike_Scioscia\Mike_Scioscia_0001.jpg,data\calibration\lfw\lfw\Mike_Scioscia\Mike_Scioscia_0002.jpg,1,0.70425892
10,data\calibration\lfw\lfw\Mikulas_Dzurinda\Mikulas_Dzurinda_0001.jpg,data\calibration\lfw\lfw\Mikulas_Dzurinda\Mikulas_Dzurinda_0002.jpg,1,0.76613206
10,data\calibration\lfw\lfw\Miroljub\Miroljub_0001.jpg,data\calibration\lfw\lfw\Miroljub\Miroljub_0002.jpg,1,0.78622288
10,data\calibration\lfw\lfw\Nasser_al-Kidwa\Nasser_al-Kidwa_0001.jpg,data\calibration\lfw\lfw\Nasser_al-Kidwa\Nasser_al-Kidwa_0002.jpg,1,0.73082870
10,data\calibration\lfw\lfw\Nick_Nolte\Nick_Nolte_0001.jpg,data\calibration\lfw\lfw\Nick_Nolte\Nick_Nolte_0002.jpg,1,0.50368476
10,data\calibration\lfw\lfw\Nick_Nolte\Nick_Nolte_0001.jpg,data\calibration\lfw\lfw\Nick_Nolte\Nick_Nolte_0003.jpg,1,0.53716272
10,data\calibration\lfw\lfw\Nick_Nolte\Nick_Nolte_0001.jpg,data\calibration\lfw\lfw\Nick_Nolte\Nick_Nolte_0005.jpg,1,0.50654423
10,data\calibration\lfw\lfw\Nick_Nolte\Nick_Nolte_0002.jpg,data\calibration\lfw\lfw\Nick_Nolte\Nick_Nolte_0004.jpg,1,0.58578140
10,data\calibration\lfw\lfw\Nick_Nolte\Nick_Nolte_0003.jpg,data\calibration\lfw\lfw\Nick_Nolte\Nick_Nolte_0004.jpg,1,0.63510853
10,data\calibration\lfw\lfw\OJ_Simpson\OJ_Simpson_0001.jpg,data\calibration\lfw\lfw\OJ_Simpson\OJ_Simpson_0002.jpg,1,0.69053823
10,data\calibration\lfw\lfw\Oprah_Winfrey\Oprah_Winfrey_0001.jpg,data\calibration\lfw\lfw\Oprah_Winfrey\Oprah_Winfrey_0002.jpg,1,0.54074454
10,data\calibration\lfw\lfw\Oprah_Winfrey\Oprah_Winfrey_0002.jpg,data\calibration\lfw\lfw\Oprah_Winfrey\Oprah_Winfrey_0003.jpg,1,0.64937466
10,data\calibration\lfw\lfw\Orlando_Bloom\Orlando_Bloom_0002.jpg,data\calibration\lfw\lfw\Orlando_Bloom\Orlando_Bloom_0003.jpg,1,0.41801879
10,data\calibration\lfw\lfw\Ozzy_Osbourne\Ozzy_Osbourne_0001.jpg,data\calibration\lfw\lfw\Ozzy_Osbourne\Ozzy_Osbourne_0003.jpg,1,0.41022930
10,data\calibration\lfw\lfw\Paul_Coppin\Paul_Coppin_0001.jpg,data\calibration\lfw\lfw\Paul_Coppin\Paul_Coppin_0002.jpg,1,0.65270644
10,data\calibration\lfw\lfw\Paul_Martin\Paul_Martin_0001.jpg,data\calibration\lfw\lfw\Paul_Martin\Paul_Martin_0006.jpg,1,0.54343808
10,data\calibration\lfw\lfw\Paul_Martin\Paul_Martin_0001.jpg,data\calibration\lfw\lfw\Paul_Martin\Paul_Martin_0007.jpg,1,0.44091710
10,data\calibration\lfw\lfw\Paul_McNulty\Paul_McNulty_0001.jpg,data\calibration\lfw\lfw\Paul_McNulty\Paul_McNulty_0002.jpg,1,0.82063508
10,data\calibration\lfw\lfw\Paul_ONeill\Paul_ONeill_0001.jpg,data\calibration\lfw\lfw\Paul_ONeill\Paul_ONeill_0003.jpg,1,0.02314598
10,data\calibration\lfw\lfw\Paul_ONeill\Paul_ONeill_0005.jpg,data\calibration\lfw\lfw\Paul_ONeill\Paul_ONeill_0007.jpg,1,0.64302444
10,data\calibration\lfw\lfw\Paul_Patton\Paul_Patton_0001.jpg,data\calibration\lfw\lfw\Paul_Patton\Paul_Patton_0002.jpg,1,0.74414241
10,data\calibration\lfw\lfw\Paula_Zahn\Paula_Zahn_0001.jpg,data\calibration\lfw\lfw\Paula_Zahn\Paula_Zahn_0002.jpg,1,0.72167665
10,data\calibration\lfw\lfw\Pierce_Brosnan\Pierce_Brosnan_0001.jpg,data\calibration\lfw\lfw\Pierce_Brosnan\Pierce_Brosnan_0005.jpg,1,0.61337727
10,data\calibration\lfw\lfw\Pierce_Brosnan\Pierce_Brosnan_0003.jpg,data\calibration\lfw\lfw\Pierce_Brosnan\Pierce_Brosnan_0007.jpg,1,0.64010274
10,data\calibration\lfw\lfw\Pierce_Brosnan\Pierce_Brosnan_0006.jpg,data\calibration\lfw\lfw\Pierce_Brosnan\Pierce_Brosnan_0009.jpg,1,0.55236864
10,data\calibration\lfw\lfw\Pierce_Brosnan\Pierce_Brosnan_0009.jpg,data\calibration\lfw\lfw\Pierce_Brosnan\Pierce_Brosnan_0014.jpg,1,0.56420958
10,data\calibration\lfw\lfw\Pierre_Pettigrew\Pierre_Pettigrew_0001.jpg,data\calibration\lfw\lfw\Pierre_Pettigrew\Pierre_Pettigrew_0003.jpg,1,0.76189500
10,data\calibration\lfw\lfw\Ralf_Schumacher\Ralf_Schumacher_0005.jpg,data\calibration\lfw\lfw\Ralf_Schumacher\Ralf_Schumacher_0008.jpg,1,0.55375457
10,data\calibration\lfw\lfw\Ricky_Barnes\Ricky_Barnes_0001.jpg,data\calibration\lfw\lfw\Ricky_Barnes\Ricky_Barnes_0002.jpg,1,0.60541302
10,data\calibration\lfw\lfw\Rita_Wilson\Rita_Wilson_0001.jpg,data\calibration\lfw\lfw\Rita_Wilson\Rita_Wilson_0004.jpg,1,0.65160990
10,data\calibration\lfw\lfw\Rob_Schneider\Rob_Schneider_0001.jpg,data\calibration\lfw\lfw\Rob_Schneider\Rob_Schneider_0002.jpg,1,0.68179989
10,data\calibration\lfw\lfw\Robbie_Fowler\Robbie_Fowler_0001.jpg,data\calibration\lfw\lfw\Robbie_Fowler\Robbie_Fowler_0002.jpg,1,0.87425303
10,data\calibration\lfw\lfw\Robert_Blake\Robert_Blake_0001.jpg,data\calibration\lfw\lfw\Robert_Blake\Robert_Blake_0003.jpg,1,0.51196569
10,data\calibration\lfw\lfw\Robert_Blake\Robert_Blake_0001.jpg,data\calibration\lfw\lfw\Robert_Blake\Robert_Blake_0004.jpg,1,0.59862024
10,data\calibration\lfw\lfw\Robert_Blake\Robert_Blake_0005.jpg,data\calibration\lfw\lfw\Robert_Blake\Robert_Blake_0006.jpg,1,0.55984479
10,data\calibration\lfw\lfw\Rogerio_Romero\Rogerio_Romero_0001.jpg,data\calibration\lfw\lfw\Rogerio_Romero\Rogerio_Romero_0002.jpg,1,0.78841203
10,data\calibration\lfw\lfw\Rupert_Grint\Rupert_Grint_0001.jpg,data\calibration\lfw\lfw\Rupert_Grint\Rupert_Grint_0003.jpg,1,0.73472792
10,data\calibration\lfw\lfw\Salman_Rushdie\Salman_Rushdie_0001.jpg,data\calibration\lfw\lfw\Salman_Rushdie\Salman_Rushdie_0003.jpg,1,0.74379671
10,data\calibration\lfw\lfw\Salman_Rushdie\Salman_Rushdie_0002.jpg,data\calibration\lfw\lfw\Salman_Rushdie\Salman_Rushdie_0003.jpg,1,0.73447472
10,data\calibration\lfw\lfw\Scott_Sullivan\Scott_Sullivan_0001.jpg,data\calibration\lfw\lfw\Scott_Sullivan\Scott_Sullivan_0002.jpg,1,0.70881170
10,data\calibration\lfw\lfw\Scott_Wolf\Scott_Wolf_0001.jpg,data\calibration\lfw\lfw\Scott_Wolf\Scott_Wolf_0002.jpg,1,0.78889656
10,data\calibration\lfw\lfw\Sepp_Blatter\Sepp_Blatter_0001.jpg,data\calibration\lfw\lfw\Sepp_Blatter\Sepp_Blatter_0002.jpg,1,0.62741983
10,data\calibration\lfw\lfw\Sepp_Blatter\Sepp_Blatter_0001.jpg,data\calibration\lfw\lfw\Sepp_Blatter\Sepp_Blatter_0003.jpg,1,0.57293546
10,data\calibration\lfw\lfw\Sepp_Blatter\Sepp_Blatter_0002.jpg,data\calibration\lfw\lfw\Sepp_Blatter\Sepp_Blatter_0003.jpg,1,0.61295569
10,data\calibration\lfw\lfw\Simon_Cowell\Simon_Cowell_0001.jpg,data\calibration\lfw\lfw\Simon_Cowell\Simon_Cowell_0002.jpg,1,-0.02968518
10,data\calibration\lfw\lfw\Slobodan_Milosevic\Slobodan_Milosevic_0001.jpg,data\calibration\lfw\lfw\Slobodan_Milosevic\Slobodan_Milosevic_0003.jpg,1,0.74822676
10,data\calibration\lfw\lfw\Slobodan_Milosevic\Slobodan_Milosevic_0002.jpg,data\calibration\lfw\lfw\Slobodan_Milosevic\Slobodan_Milosevic_0003.jpg,1,0.71216404
10,data\calibration\lfw\lfw\Slobodan_Milosevic\Slobodan_Milosevic_0003.jpg,data\calibration\lfw\lfw\Slobodan_Milosevic\Slobodan_Milosevic_0004.jpg,1,0.62119675
10,data\calibration\lfw\lfw\Stacy_Dragila\Stacy_Dragila_0001.jpg,data\calibration\lfw\lfw\Stacy_Dragila\Stacy_Dragila_0002.jpg,1,0.63187259
10,data\calibration\lfw\lfw\Stephen_Ambrose\Stephen_Ambrose_0001.jpg,data\calibration\lfw\lfw\Stephen_Ambrose\Stephen_Ambrose_0002.jpg,1,0.40762594
10,data\calibration\lfw\lfw\Stephen_Daldry\Stephen_Daldry_0001.jpg,data\calibration\lfw\lfw\Stephen_Daldry\Stephen_Daldry_0002.jpg,1,0.67374891
10,data\calibration\lfw\lfw\Stephen_Friedman\Stephen_Friedman_0001.jpg,data\calibration\lfw\lfw\Stephen_Friedman\Stephen_Friedman_0002.jpg,1,0.58302259
10,data\calibration\lfw\lfw\Theo_Epstein\Theo_Epstein_0001.jpg,data\calibration\lfw\lfw\Theo_Epstein\Theo_Epstein_0002.jpg,1,0.79644597
10,data\calibration\lfw\lfw\Thomas_Wyman\Thomas_Wyman_0001.jpg,data\calibration\lfw\lfw\Thomas_Wyman\Thomas_Wyman_0002.jpg,1,0.57313496
10,data\calibration\lfw\lfw\Tim_Floyd\Tim_Floyd_0001.jpg,data\calibration\lfw\lfw\Tim_Floyd\Tim_Floyd_0002.jpg,1,0.83144969
10,data\calibration\lfw\lfw\Tom_Watson\Tom_Watson_0001.jpg,data\calibration\lfw\lfw\Tom_Watson\Tom_Watson_0003.jpg,1,0.59839928
10,data\calibration\lfw\lfw\Tom_Watson\Tom_Watson_0002.jpg,data\calibration\lfw\lfw\Tom_Watson\Tom_Watson_0003.jpg,1,0.69702172
10,data\calibration\lfw\lfw\Tommy_Robredo\Tommy_Robredo_0001.jpg,data\calibration\lfw\lfw\Tommy_Robredo\Tommy_Robredo_0003.jpg,1,0.59984410
10,data\calibration\lfw\lfw\Tommy_Robredo\Tommy_Robredo_0002.jpg,data\calibration\lfw\lfw\Tommy_Robredo\Tommy_Robredo_0003.jpg,1,0.81675756
10,data\calibration\lfw\lfw\Tony_Parker\Tony_Parker_0001.jpg,data\calibration\lfw\lfw\Tony_Parker\Tony_Parker_0002.jpg,1,0.63373786
10,data\calibration\lfw\lfw\Tony_Stewart\Tony_Stewart_0001.jpg,data\calibration\lfw\lfw\Tony_Stewart\Tony_Stewart_0006.jpg,1,0.69791257
10,data\calibration\lfw\lfw\Tony_Stewart\Tony_Stewart_0002.jpg,data\calibration\lfw\lfw\Tony_Stewart\Tony_Stewart_0003.jpg,1,0.62956381
10,data\calibration\lfw\lfw\Tony_Stewart\Tony_Stewart_0004.jpg,data\calibration\lfw\lfw\Tony_Stewart\Tony_Stewart_0005.jpg,1,0.45143834
10,data\calibration\lfw\lfw\Tony_Stewart\Tony_Stewart_0004.jpg,data\calibration\lfw\lfw\Tony_Stewart\Tony_Stewart_0006.jpg,1,0.48779088
10,data\calibration\lfw\lfw\Vladimir_Voltchkov\Vladimir_Voltchkov_0001.jpg,data\calibration\lfw\lfw\Vladimir_Voltchkov\Vladimir_Voltchkov_0002.jpg,1,0.55393165
10,data\calibration\lfw\lfw\Wang_Yi\Wang_Yi_0001.jpg,data\calibration\lfw\lfw\Wang_Yi\Wang_Yi_0002.jpg,1,0.81058037
10,data\calibration\lfw\lfw\Zafarullah_Khan_Jamali\Zafarullah_Khan_Jamali_0001.jpg,data\calibration\lfw\lfw\Zafarullah_Khan_Jamali\Zafarullah_Khan_Jamali_0002.jpg,1,0.72058451
10,data\calibration\lfw\lfw\Zhu_Rongji\Zhu_Rongji_0001.jpg,data\calibration\lfw\lfw\Zhu_Rongji\Zhu_Rongji_0003.jpg,1,0.84008592
10,data\calibration\lfw\lfw\Zhu_Rongji\Zhu_Rongji_0002.jpg,data\calibration\lfw\lfw\Zhu_Rongji\Zhu_Rongji_0008.jpg,1,0.72645575
10,data\calibration\lfw\lfw\Aaron_Tippin\Aaron_Tippin_0001.jpg,data\calibration\lfw\lfw\Enos_Slaughter\Enos_Slaughter_0001.jpg,0,0.00799979
10,data\calibration\lfw\lfw\Aaron_Tippin\Aaron_Tippin_0001.jpg,data\calibration\lfw\lfw\Juan_Carlos_Ortega\Juan_Carlos_Ortega_0001.jpg,0,0.03279949
10,data\calibration\lfw\lfw\Aaron_Tippin\Aaron_Tippin_0001.jpg,data\calibration\lfw\lfw\Marlon_Devonish\Marlon_Devonish_0001.jpg,0,0.08718436
10,data\calibration\lfw\lfw\Adam_Ant\Adam_Ant_0001.jpg,data\calibration\lfw\lfw\John_Perrota\John_Perrota_0001.jpg,0,0.12783197
10,data\calibration\lfw\lfw\Adam_Ant\Adam_Ant_0001.jpg,data\calibration\lfw\lfw\Noel_Forgeard\Noel_Forgeard_0001.jpg,0,-0.03437079
10,data\calibration\lfw\lfw\Adam_Ant\Adam_Ant_0001.jpg,data\calibration\lfw\lfw\Richard_Regenhard\Richard_Regenhard_0001.jpg,0,-0.00285157
10,data\calibration\lfw\lfw\Adam_Mair\Adam_Mair_0001.jpg,data\calibration\lfw\lfw\Daniel_Osorno\Daniel_Osorno_0001.jpg,0,-0.00321117
10,data\calibration\lfw\lfw\Adoor_Gopalakarishnan\Adoor_Gopalakarishnan_0001.jpg,data\calibration\lfw\lfw\Nathalia_Gillot\Nathalia_Gillot_0001.jpg,0,0.00347513
10,data\calibration\lfw\lfw\Alain_Ducasse\Alain_Ducasse_0001.jpg,data\calibration\lfw\lfw\Paul_ONeill\Paul_ONeill_0002.jpg,0,0.03764715
10,data\calibration\lfw\lfw\Alan_Greer\Alan_Greer_0001.jpg,data\calibration\lfw\lfw\Alan_Trammell\Alan_Trammell_0001.jpg,0,-0.04660925
10,data\calibration\lfw\lfw\Alan_Greer\Alan_Greer_0001.jpg,data\calibration\lfw\lfw\Bob_Hayes\Bob_Hayes_0001.jpg,0,-0.04373124
10,data\calibration\lfw\lfw\Alan_Trammell\Alan_Trammell_0001.jpg,data\calibration\lfw\lfw\Heidi_Fleiss\Heidi_Fleiss_0002.jpg,0,-0.01335516
10,data\calibration\lfw\lfw\Alan_Trammell\Alan_Trammell_0001.jpg,data\calibration\lfw\lfw\Julie_Taymor\Julie_Taymor_0002.jpg,0,0.05893064
10,data\calibration\lfw\lfw\Aldo_Paredes\Aldo_Paredes_0001.jpg,data\calibration\lfw\lfw\Suzanne_Mubarak\Suzanne_Mubarak_0001.jpg,0,0.04238829
10,data\calibration\lfw\lfw\Aldo_Paredes\Aldo_Paredes_0002.jpg,data\calibration\lfw\lfw\Zafarullah_Khan_Jamali\Zafarullah_Khan_Jamali_0001.jpg,0,-0.03162900
10,data\calibration\lfw\lfw\Alecos_Markides\Alecos_Markides_0001.jpg,data\calibration\lfw\lfw\Darryl_Stingley\Darryl_Stingley_0001.jpg,0,-0.04600807
10,data\calibration\lfw\lfw\Alecos_Markides\Alecos_Markides_0001.jpg,data\calibration\lfw\lfw\Wolfgang_Schneiderhan\Wolfgang_Schneiderhan_0001.jpg,0,0.02891829
10,data\calibration\lfw\lfw\Alejandro_Avila\Alejandro_Avila_0003.jpg,data\calibration\lfw\lfw\Benjamin_Franklin\Benjamin_Franklin_0001.jpg,0,-0.02894267
10,data\calibration\lfw\lfw\Alejandro_Avila\Alejandro_Avila_0003.jpg,data\calibration\lfw\lfw\Darrell_Porter\Darrell_Porter_0001.jpg,0,0.00461909
10,data\calibration\lfw\lfw\Alek_Wek\Alek_Wek_0001.jpg,data\calibration\lfw\lfw\Barbara_Bodine\Barbara_Bodine_0001.jpg,0,0.00161998
10,data\calibration\lfw\lfw\Alek_Wek\Alek_Wek_0001.jpg,data\calibration\lfw\lfw\Nasser_al-Kidwa\Nasser_al-Kidwa_0001.jpg,0,0.09584869
10,data\calibration\lfw\lfw\Alek_Wek\Alek_Wek_0001.jpg,data\calibration\lfw\lfw\Ray_Bradbury\Ray_Bradbury_0001.jpg,0,-0.02840525
10,data\calibration\lfw\lfw\Alina_Kabaeva\Alina_Kabaeva_0001.jpg,data\calibration\lfw\lfw\Donald_Trump\Donald_Trump_0001.jpg,0,0.06213189
10,data\calibration\lfw\lfw\Alina_Kabaeva\Alina_Kabaeva_0001.jpg,data\calibration\lfw\lfw\Jayson_Williams\Jayson_Williams_0002.jpg,0,-0.01180951
10,data\calibration\lfw\lfw\Alyse_Beaupre\Alyse_Beaupre_0001.jpg,data\calibration\lfw\lfw\Elmar_Brok\Elmar_Brok_0001.jpg,0,-0.00587436
10,data\calibration\lfw\lfw\Alyse_Beaupre\Alyse_Beaupre_0001.jpg,data\calibration\lfw\lfw\Helo_Pinheiro\Helo_Pinheiro_0001.jpg,0,-0.07877174
10,data\calibration\lfw\lfw\Alyse_Beaupre\Alyse_Beaupre_0001.jpg,data\calibration\lfw\lfw\Hunter_Bates\Hunter_Bates_0001.jpg,0,-0.04070210
10,data\calibration\lfw\lfw\Ambrose_Lee\Ambrose_Lee_0001.jpg,data\calibration\lfw\lfw\Ben_Chandler\Ben_Chandler_0001.jpg,0,0.12308662
10,data\calibration\lfw\lfw\Amy_Gale\Amy_Gale_0001.jpg,data\calibration\lfw\lfw\Herman_Edwards\Herman_Edwards_0001.jpg,0,-0.04310188
10,data\calibration\lfw\lfw\Anastasia_Kelesidou\Anastasia_Kelesidou_0001.jpg,data\calibration\lfw\lfw\Brendan_Hansen\Brendan_Hansen_0002.jpg,0,0.12957607
10,data\calibration\lfw\lfw\Anastasia_Kelesidou\Anastasia_Kelesidou_0001.jpg,data\calibration\lfw\lfw\Thomas_Wyman\Thomas_Wyman_0002.jpg,0,-0.00069216
10,data\calibration\lfw\lfw\Andrew_Niccol\Andrew_Niccol_0001.jpg,data\calibration\lfw\lfw\Prince_Felipe\Prince_Felipe_0001.jpg,0,0.09082077
10,data\calibration\lfw\lfw\Andrew_Sabey\Andrew_Sabey_0001.jpg,data\calibration\lfw\lfw\Federico_Castelan_Sayre\Federico_Castelan_Sayre_0001.jpg,0,-0.09116266
10,data\calibration\lfw\lfw\Andrew_Sabey\Andrew_Sabey_0001.jpg,data\calibration\lfw\lfw\Greg_Rusedski\Greg_Rusedski_0001.jpg,0,0.15405992
10,data\calibration\lfw\lfw\Andy_Madikians\Andy_Madikians_0001.jpg,data\calibration\lfw\lfw\Jon_Gruden\Jon_Gruden_0001.jpg,0,0.04511461
10,data\calibration\lfw\lfw\Andy_Madikians\Andy_Madikians_0001.jpg,data\calibration\lfw\lfw\Pedro_Alvarez\Pedro_Alvarez_0001.jpg,0,0.02206389
10,data\calibration\lfw\lfw\Andy_Madikians\Andy_Madikians_0001.jpg,data\calibration\lfw\lfw\Pierce_Brosnan\Pierce_Brosnan_0001.jpg,0,0.05787332
10,data\calibration\lfw\lfw\Andy_Perez\Andy_Perez_0001.jpg,data\calibration\lfw\lfw\Elena_Dementieva\Elena_Dementieva_0001.jpg,0,0.00500881
10,data\calibration\lfw\lfw\Andy_Perez\Andy_Perez_0001.jpg,data\calibration\lfw\lfw\Stephen_Joseph\Stephen_Joseph_0001.jpg,0,0.05083934
10,data\calibration\lfw\lfw\Angie_Martinez\Angie_Martinez_0001.jpg,data\calibration\lfw\lfw\Ruth_Pearce\Ruth_Pearce_0001.jpg,0,0.08684418
10,data\calibration\lfw\lfw\Ann_Godbehere\Ann_Godbehere_0001.jpg,data\calibration\lfw\lfw\Tom_Watson\Tom_Watson_0001.jpg,0,-0.04272895
10,data\calibration\lfw\lfw\Anne_McLellan\Anne_McLellan_0001.jpg,data\calibration\lfw\lfw\Tim_Howard\Tim_Howard_0001.jpg,0,0.00253012
10,data\calibration\lfw\lfw\Annette_Bening\Annette_Bening_0001.jpg,data\calibration\lfw\lfw\Ross_Verba\Ross_Verba_0001.jpg,0,0.08000995
10,data\calibration\lfw\lfw\Anthony_Hopkins\Anthony_Hopkins_0002.jpg,data\calibration\lfw\lfw\Orlando_Bloom\Orlando_Bloom_0001.jpg,0,0.09775714
10,data\calibration\lfw\lfw\Antonio_Bernardo\Antonio_Bernardo_0001.jpg,data\calibration\lfw\lfw\Billy_Donovan\Billy_Donovan_0001.jpg,0,0.01577901
10,data\calibration\lfw\lfw\Antonio_Bernardo\Antonio_Bernardo_0001.jpg,data\calibration\lfw\lfw\Dwain_Kyles\Dwain_Kyles_0001.jpg,0,0.05885651
10,data\calibration\lfw\lfw\Antonio_Bernardo\Antonio_Bernardo_0001.jpg,data\calibration\lfw\lfw\Elizabeth_Hill\Elizabeth_Hill_0001.jpg,0,0.01906535
10,data\calibration\lfw\lfw\Antonio_Bernardo\Antonio_Bernardo_0001.jpg,data\calibration\lfw\lfw\Guy_Hemmings\Guy_Hemmings_0001.jpg,0,0.02684098
10,data\calibration\lfw\lfw\Antonio_Bernardo\Antonio_Bernardo_0001.jpg,data\calibration\lfw\lfw\Kareena_Kapoor\Kareena_Kapoor_0001.jpg,0,0.07222825
10,data\calibration\lfw\lfw\Anzori_Kikalishvili\Anzori_Kikalishvili_0001.jpg,data\calibration\lfw\lfw\Carlos_Quintanilla_Schmidt\Carlos_Quintanilla_Schmidt_0002.jpg,0,-0.00338763
10,data\calibration\lfw\lfw\Anzori_Kikalishvili\Anzori_Kikalishvili_0001.jpg,data\calibration\lfw\lfw\Earl_Fritts\Earl_Fritts_0001.jpg,0,0.00585086
10,data\calibration\lfw\lfw\Anzori_Kikalishvili\Anzori_Kikalishvili_0001.jpg,data\calibration\lfw\lfw\Salman_Rushdie\Salman_Rushdie_0001.jpg,0,0.06705067
10,data\calibration\lfw\lfw\Aram_Adler\Aram_Adler_0001.jpg,data\calibration\lfw\lfw\Cesar_Gaviria\Cesar_Gaviria_0003.jpg,0,-0.00077545
10,data\calibration\lfw\lfw\Aram_Adler\Aram_Adler_0001.jpg,data\calibration\lfw\lfw\Deepa_Mehta\Deepa_Mehta_0001.jpg,0,0.03976335
10,data\calibration\lfw\lfw\Arie_Haan\Arie_Haan_0001.jpg,data\calibration\lfw\lfw\Tony_Parker\Tony_Parker_0002.jpg,0,-0.01654412
10,data\calibration\lfw\lfw\Ariel_Sharon\Ariel_Sharon_0030.jpg,data\calibration\lfw\lfw\David_Ballantyne\David_Ballantyne_0001.jpg,0,0.01765993
10,data\calibration\lfw\lfw\Art_Hoffmann\Art_Hoffmann_0002.jpg,data\calibration\lfw\lfw\Juan_Carlos_Ortega\Juan_Carlos_Ortega_0001.jpg,0,-0.01254968
10,data\calibration\lfw\lfw\Atiabet_Ijan_Amabel\Atiabet_Ijan_Amabel_0001.jpg,data\calibration\lfw\lfw\John_Perrota\John_Perrota_0001.jpg,0,0.07582580
10,data\calibration\lfw\lfw\Augustin_Calleri\Augustin_Calleri_0003.jpg,data\calibration\lfw\lfw\Lee_Jun\Lee_Jun_0002.jpg,0,0.08830319
10,data\calibration\lfw\lfw\Barry_Nakell\Barry_Nakell_0001.jpg,data\calibration\lfw\lfw\Maria_Simon\Maria_Simon_0001.jpg,0,-0.00352070
10,data\calibration\lfw\lfw\Basdeo_Panday\Basdeo_Panday_0001.jpg,data\calibration\lfw\lfw\Filippo_Volandri\Filippo_Volandri_0001.jpg,0,-0.06045422
10,data\calibration\lfw\lfw\Ben_Betts\Ben_Betts_0001.jpg,data\calibration\lfw\lfw\Kimi_Raikkonen\Kimi_Raikkonen_0003.jpg,0,-0.00891090
10,data\calibration\lfw\lfw\Ben_Braun\Ben_Braun_0001.jpg,data\calibration\lfw\lfw\Cecilia_Chang\Cecilia_Chang_0001.jpg,0,-0.01812938
10,data\calibration\lfw\lfw\Ben_Braun\Ben_Braun_0001.jpg,data\calibration\lfw\lfw\Horace_Newcomb\Horace_Newcomb_0001.jpg,0,-0.06070314
10,data\calibration\lfw\lfw\Ben_Chandler\Ben_Chandler_0001.jpg,data\calibration\lfw\lfw\Larry_Hagman\Larry_Hagman_0001.jpg,0,-0.04009240
10,data\calibration\lfw\lfw\Ben_Lee\Ben_Lee_0001.jpg,data\calibration\lfw\lfw\Horace_Newcomb\Horace_Newcomb_0001.jpg,0,0.02952855
10,data\calibration\lfw\lfw\Ben_Stein\Ben_Stein_0001.jpg,data\calibration\lfw\lfw\David_Canary\David_Canary_0001.jpg,0,-0.02748840
10,data\calibration\lfw\lfw\Ben_Stein\Ben_Stein_0001.jpg,data\calibration\lfw\lfw\Lionel_Richie\Lionel_Richie_0002.jpg,0,-0.02558485
10,data\calibration\lfw\lfw\Bernadette_Peters\Bernadette_Peters_0001.jpg,data\calibration\lfw\lfw\Ed_Smart\Ed_Smart_0001.jpg,0,0.04985754
10,data\calibration\lfw\lfw\Bertie_Ahern\Bertie_Ahern_0004.jpg,data\calibration\lfw\lfw\Jim_Leach\Jim_Leach_0001.jpg,0,0.04628086
10,data\calibration\lfw\lfw\Bill_OReilly\Bill_OReilly_0001.jpg,data\calibration\lfw\lfw\Jim_Wessling\Jim_Wessling_0001.jpg,0,-0.06351040
10,data\calibration\lfw\lfw\Billy_Boyd\Billy_Boyd_0001.jpg,data\calibration\lfw\lfw\Sid_Caesar\Sid_Caesar_0001.jpg,0,0.06468248
10,data\calibration\lfw\lfw\Billy_Donovan\Billy_Donovan_0001.jpg,data\calibration\lfw\lfw\Brandon_Spann\Brandon_Spann_0001.jpg,0,0.00020987
10,data\calibration\lfw\lfw\Billy_Donovan\Billy_Donovan_0001.jpg,data\calibration\lfw\lfw\Cabas\Cabas_0001.jpg,0,-0.06357495
10,data\calibration\lfw\lfw\Billy_Donovan\Billy_Donovan_0001.jpg,data\calibration\lfw\lfw\William_Nessen\William_Nessen_0001.jpg,0,-0.01036901
10,data\calibration\lfw\lfw\Binyamin_Ben-Eliezer\Binyamin_Ben-Eliezer_0001.jpg,data\calibration\lfw\lfw\Jenny_Romero\Jenny_Romero_0001.jpg,0,0.05190583
10,data\calibration\lfw\lfw\Bo_Ryan\Bo_Ryan_0002.jpg,data\calibration\lfw\lfw\Heidi_Fleiss\Heidi_Fleiss_0003.jpg,0,0.01386007
10,data\calibration\lfw\lfw\Bob_Beauprez\Bob_Beauprez_0002.jpg,data\calibration\lfw\lfw\Hedayat_Amin_Arsala\Hedayat_Amin_Arsala_0001.jpg,0,-0.03458509
10,data\calibration\lfw\lfw\Bob_Beauprez\Bob_Beauprez_0002.jpg,data\calibration\lfw\lfw\John_Norquist\John_Norquist_0001.jpg,0,0.08633874
10,data\calibration\lfw\lfw\Bob_Hayes\Bob_Hayes_0001.jpg,data\calibration\lfw\lfw\Zhu_Rongji\Zhu_Rongji_0008.jpg,0,0.14807063
10,data\calibration\lfw\lfw\Brady_Rodgers\Brady_Rodgers_0001.jpg,data\calibration\lfw\lfw\Jenna_Elfman\Jenna_Elfman_0001.jpg,0,0.01056799
10,data\calibration\lfw\lfw\Brandon_Larson\Brandon_Larson_0001.jpg,data\calibration\lfw\lfw\Chita_Rivera\Chita_Rivera_0001.jpg,0,0.07049098
10,data\calibration\lfw\lfw\Brendan_Hansen\Brendan_Hansen_0002.jpg,data\calibration\lfw\lfw\Dorothy_Wilson\Dorothy_Wilson_0001.jpg,0,0.00855649
10,data\calibration\lfw\lfw\Caio_Blat\Caio_Blat_0001.jpg,data\calibration\lfw\lfw\Sanja_Papic\Sanja_Papic_0001.jpg,0,0.05260160
10,data\calibration\lfw\lfw\Carlos_Quintanilla_Schmidt\Carlos_Quintanilla_Schmidt_0001.jpg,data\calibration\lfw\lfw\Nova_Esther_Guthrie\Nova_Esther_Guthrie_0001.jpg,0,0.05272914
10,data\calibration\lfw\lfw\Carlos_Quintanilla_Schmidt\Carlos_Quintanilla_Schmidt_0002.jpg,data\calibration\lfw\lfw\Chris_Thomas\Chris_Thomas_0001.jpg,0,0.08542101
10,data\calibration\lfw\lfw\Carroll_Weimer\Carroll_Weimer_0001.jpg,data\calibration\lfw\lfw\Chris_Pronger\Chris_Pronger_0001.jpg,0,0.11091916
10,data\calibration\lfw\lfw\Carroll_Weimer\Carroll_Weimer_0001.jpg,data\calibration\lfw\lfw\Debbie_Reynolds\Debbie_Reynolds_0002.jpg,0,0.07767608
10,data\calibration\lfw\lfw\Cecilia_Bolocco\Cecilia_Bolocco_0001.jpg,data\calibration\lfw\lfw\John_Perrota\John_Perrota_0001.jpg,0,0.04048555
10,data\calibration\lfw\lfw\Cecilia_Bolocco\Cecilia_Bolocco_0001.jpg,data\calibration\lfw\lfw\Kurt_Schottenheimer\Kurt_Schottenheimer_0001.jpg,0,-0.10659166
10,data\calibration\lfw\lfw\Celia_Cruz\Celia_Cruz_0001.jpg,data\calibration\lfw\lfw\Rob_Ramsay\Rob_Ramsay_0001.jpg,0,-0.02090399
10,data\calibration\lfw\lfw\Charlie_Zaa\Charlie_Zaa_0002.jpg,data\calibration\lfw\lfw\Theo_Epstein\Theo_Epstein_0002.jpg,0,0.04133086
10,data\calibration\lfw\lfw\Chris_Pronger\Chris_Pronger_0001.jpg,data\calibration\lfw\lfw\Edgar_Savisaar\Edgar_Savisaar_0001.jpg,0,0.04799921
10,data\calibration\lfw\lfw\Christian_Longo\Christian_Longo_0002.jpg,data\calibration\lfw\lfw\David_Carradine\David_Carradine_0001.jpg,0,0.00334995
10,data\calibration\lfw\lfw\Christian_Wulff\Christian_Wulff_0002.jpg,data\calibration\lfw\lfw\Kjell_Magne_Bondevik\Kjell_Magne_Bondevik_0003.jpg,0,0.01812765
10,data\calibration\lfw\lfw\Cindy_Klassen\Cindy_Klassen_0001.jpg,data\calibration\lfw\lfw\Val_Ackerman\Val_Ackerman_0001.jpg,0,0.08513224
10,data\calibration\lfw\lfw\Cindy_Taylor\Cindy_Taylor_0001.jpg,data\calibration\lfw\lfw\Fabian_Vargas\Fabian_Vargas_0001.jpg,0,-0.00687567
10,data\calibration\lfw\lfw\Claudette_Robinson\Claudette_Robinson_0001.jpg,data\calibration\lfw\lfw\Eric_Fehr\Eric_Fehr_0001.jpg,0,-0.02872225
10,data\calibration\lfw\lfw\Clifford_Robinson\Clifford_Robinson_0001.jpg,data\calibration\lfw\lfw\Magdalena_Maleeva\Magdalena_Maleeva_0002.jpg,0,-0.01868450
10,data\calibration\lfw\lfw\Clifford_Robinson\Clifford_Robinson_0001.jpg,data\calibration\lfw\lfw\Shirley_Jones\Shirley_Jones_0001.jpg,0,-0.01681599
10,data\calibration\lfw\lfw\Clifford_Robinson\Clifford_Robinson_0001.jpg,data\calibration\lfw\lfw\Tim_Howard\Tim_Howard_0001.jpg,0,-0.09559391
10,data\calibration\lfw\lfw\Colin_Jackson\Colin_Jackson_0001.jpg,data\calibration\lfw\lfw\Marcelo_Ebrard\Marcelo_Ebrard_0003.jpg,0,0.05945745
10,data\calibration\lfw\lfw\Colin_Jackson\Colin_Jackson_0002.jpg,data\calibration\lfw\lfw\Hunter_Bates\Hunter_Bates_0001.jpg,0,-0.02429070
10,data\calibration\lfw\lfw\Columba_Bush\Columba_Bush_0001.jpg,data\calibration\lfw\lfw\Larry_Anderson\Larry_Anderson_0001.jpg,0,-0.00777736
10,data\calibration\lfw\lfw\Columba_Bush\Columba_Bush_0001.jpg,data\calibration\lfw\lfw\Neil_Goldman\Neil_Goldman_0001.jpg,0,-0.02786419
10,data\calibration\lfw\lfw\Craig_Fitzgibbon\Craig_Fitzgibbon_0001.jpg,data\calibration\lfw\lfw\Joe_Dumars\Joe_Dumars_0001.jpg,0,0.00501570
10,data\calibration\lfw\lfw\Cristian_Barros\Cristian_Barros_0001.jpg,data\calibration\lfw\lfw\Steve_Largent\Steve_Largent_0001.jpg,0,-0.06447285
10,data\calibration\lfw\lfw\Curtis_Strange\Curtis_Strange_0001.jpg,data\calibration\lfw\lfw\Kurt_Schottenheimer\Kurt_Schottenheimer_0001.jpg,0,0.07744523
10,data\calibration\lfw\lfw\Curtis_Strange\Curtis_Strange_0001.jpg,data\calibration\lfw\lfw\Raul_Chacon\Raul_Chacon_0001.jpg,0,0.00281574
10,data\calibration\lfw\lfw\Dan_Kellner\Dan_Kellner_0001.jpg,data\calibration\lfw\lfw\Freda_Black\Freda_Black_0001.jpg,0,-0.01685474
10,data\calibration\lfw\lfw\Dan_LaCoutre\Dan_LaCoutre_0001.jpg,data\calibration\lfw\lfw\Gustavo_Kuerten\Gustavo_Kuerten_0002.jpg,0,0.05823453
10,data\calibration\lfw\lfw\Dan_Monson\Dan_Monson_0001.jpg,data\calibration\lfw\lfw\Jim_Flaherty\Jim_Flaherty_0001.jpg,0,-0.00842575
10,data\calibration\lfw\lfw\Dan_Monson\Dan_Monson_0001.jpg,data\calibration\lfw\lfw\Rafael_Vinoly\Rafael_Vinoly_0001.jpg,0,0.04877130
10,data\calibration\lfw\lfw\Darrell_Porter\Darrell_Porter_0002.jpg,data\calibration\lfw\lfw\Robert_Towne\Robert_Towne_0001.jpg,0,-0.08086386
10,data\calibration\lfw\lfw\Dave_Campo\Dave_Campo_0002.jpg,data\calibration\lfw\lfw\Jenny_Romero\Jenny_Romero_0001.jpg,0,0.04009350
10,data\calibration\lfw\lfw\David_Ballantyne\David_Ballantyne_0001.jpg,data\calibration\lfw\lfw\Diana_Taurasi\Diana_Taurasi_0002.jpg,0,0.00890008
10,data\calibration\lfw\lfw\David_Carradine\David_Carradine_0001.jpg,data\calibration\lfw\lfw\Kobe_Bryant\Kobe_Bryant_0001.jpg,0,-0.07653510
10,data\calibration\lfw\lfw\David_Dodge\David_Dodge_0001.jpg,data\calibration\lfw\lfw\Francois_Botha\Francois_Botha_0001.jpg,0,0.03156706
10,data\calibration\lfw\lfw\David_Dodge\David_Dodge_0001.jpg,data\calibration\lfw\lfw\Larry_Anderson\Larry_Anderson_0001.jpg,0,0.00164906
10,data\calibration\lfw\lfw\David_Dodge\David_Dodge_0002.jpg,data\calibration\lfw\lfw\Thomas_Wyman\Thomas_Wyman_0002.jpg,0,0.15686016
10,data\calibration\lfw\lfw\David_Heyman\David_Heyman_0001.jpg,data\calibration\lfw\lfw\Rod_Paige\Rod_Paige_0001.jpg,0,0.10885820
10,data\calibration\lfw\lfw\David_Oh\David_Oh_0001.jpg,data\calibration\lfw\lfw\Desiree_McKenzie\Desiree_McKenzie_0001.jpg,0,-0.01074771
10,data\calibration\lfw\lfw\David_Oh\David_Oh_0001.jpg,data\calibration\lfw\lfw\Joe_Garner\Joe_Garner_0001.jpg,0,-0.11740740
10,data\calibration\lfw\lfw\David_Spade\David_Spade_0002.jpg,data\calibration\lfw\lfw\Denise_Locke\Denise_Locke_0001.jpg,0,0.04743655
10,data\calibration\lfw\lfw\David_Suazo\David_Suazo_0001.jpg,data\calibration\lfw\lfw\Jane_Krakowski\Jane_Krakowski_0001.jpg,0,0.05337775
10,data\calibration\lfw\lfw\David_Wells\David_Wells_0001.jpg,data\calibration\lfw\lfw\Mary_Hill\Mary_Hill_0001.jpg,0,-0.02598707
10,data\calibration\lfw\lfw\David_Wells\David_Wells_0001.jpg,data\calibration\lfw\lfw\Yannos_Papantoniou\Yannos_Papantoniou_0001.jpg,0,0.06103995
10,data\calibration\lfw\lfw\Dawna_LoPiccolo\Dawna_LoPiccolo_0001.jpg,data\calibration\lfw\lfw\Jean-Claude_Juncker\Jean-Claude_Juncker_0002.jpg,0,-0.02314248
10,data\calibration\lfw\lfw\Debbie_Reynolds\Debbie_Reynolds_0001.jpg,data\calibration\lfw\lfw\Nick_Nolte\Nick_Nolte_0001.jpg,0,0.01020281
10,data\calibration\lfw\lfw\Deniz_Baykal\Deniz_Baykal_0001.jpg,data\calibration\lfw\lfw\Kathy_Bates\Kathy_Bates_0001.jpg,0,-0.03826237
10,data\calibration\lfw\lfw\Deniz_Baykal\Deniz_Baykal_0001.jpg,data\calibration\lfw\lfw\Robin_Wagner\Robin_Wagner_0001.jpg,0,-0.03193438
10,data\calibration\lfw\lfw\Desiree_McKenzie\Desiree_McKenzie_0001.jpg,data\calibration\lfw\lfw\John_Danforth\John_Danforth_0001.jpg,0,-0.06360584
10,data\calibration\lfw\lfw\Dick_Devine\Dick_Devine_0001.jpg,data\calibration\lfw\lfw\Michael_Jackson\Michael_Jackson_0009.jpg,0,-0.05349525
10,data\calibration\lfw\lfw\Dinora_Rosales\Dinora_Rosales_0001.jpg,data\calibration\lfw\lfw\Robbie_Fowler\Robbie_Fowler_0001.jpg,0,-0.07296965
10,data\calibration\lfw\lfw\Dirk_Kempthorne\Dirk_Kempthorne_0001.jpg,data\calibration\lfw\lfw\Janusz_Kaminski\Janusz_Kaminski_0001.jpg,0,-0.15718098
10,data\calibration\lfw\lfw\Donald_Evans\Donald_Evans_0002.jpg,data\calibration\lfw\lfw\Fred_Funk\Fred_Funk_0002.jpg,0,0.04838577
10,data\calibration\lfw\lfw\Dorothy_Wilson\Dorothy_Wilson_0001.jpg,data\calibration\lfw\lfw\Jim_Thome\Jim_Thome_0001.jpg,0,-0.01407526
10,data\calibration\lfw\lfw\Drew_Gooden\Drew_Gooden_0001.jpg,data\calibration\lfw\lfw\Kimi_Raikkonen\Kimi_Raikkonen_0003.jpg,0,0.00399151
10,data\calibration\lfw\lfw\Dwain_Kyles\Dwain_Kyles_0001.jpg,data\calibration\lfw\lfw\Gregory_Peck\Gregory_Peck_0001.jpg,0,0.06575661
10,data\calibration\lfw\lfw\Ed_Smart\Ed_Smart_0003.jpg,data\calibration\lfw\lfw\Jason_Gardner\Jason_Gardner_0001.jpg,0,-0.08213078
10,data\calibration\lfw\lfw\Edgar_Savisaar\Edgar_Savisaar_0001.jpg,data\calibration\lfw\lfw\Kirk_Doerger\Kirk_Doerger_0001.jpg,0,-0.05595937
10,data\calibration\lfw\lfw\Edward_Burns\Edward_Burns_0001.jpg,data\calibration\lfw\lfw\Paul_ONeill\Paul_ONeill_0001.jpg,0,0.00815503
10,data\calibration\lfw\lfw\Elmar_Brok\Elmar_Brok_0001.jpg,data\calibration\lfw\lfw\Jose_Jose\Jose_Jose_0001.jpg,0,-0.11678150
10,data\calibration\lfw\lfw\Emily_Mortimer\Emily_Mortimer_0001.jpg,data\calibration\lfw\lfw\Maria_Simon\Maria_Simon_0001.jpg,0,-0.09337482
10,data\calibration\lfw\lfw\Enos_Slaughter\Enos_Slaughter_0001.jpg,data\calibration\lfw\lfw\Qais_al-Kazali\Qais_al-Kazali_0001.jpg,0,-0.04224175
10,data\calibration\lfw\lfw\Eric_Fehr\Eric_Fehr_0001.jpg,data\calibration\lfw\lfw\Lee_Jun\Lee_Jun_0002.jpg,0,0.00393650
10,data\calibration\lfw\lfw\Eric_Fehr\Eric_Fehr_0001.jpg,data\calibration\lfw\lfw\Tamara_Mowry\Tamara_Mowry_0001.jpg,0,0.00266185
10,data\calibration\lfw\lfw\Faisal_Saleh_Hayat\Faisal_Saleh_Hayat_0001.jpg,data\calibration\lfw\lfw\Marwan_Barghouthi\Marwan_Barghouthi_0001.jpg,0,0.04075747
10,data\calibration\lfw\lfw\Federico_Castelan_Sayre\Federico_Castelan_Sayre_0001.jpg,data\calibration\lfw\lfw\Jimmy_Jimenez\Jimmy_Jimenez_0001.jpg,0,-0.02145941
10,data\calibration\lfw\lfw\Fiona_Milne\Fiona_Milne_0001.jpg,data\calibration\lfw\lfw\Hartmut_Mehdorn\Hartmut_Mehdorn_0001.jpg,0,-0.01348695
10,data\calibration\lfw\lfw\Fiona_Milne\Fiona_Milne_0001.jpg,data\calibration\lfw\lfw\Josh_Kronfeld\Josh_Kronfeld_0001.jpg,0,-0.00706374
10,data\calibration\lfw\lfw\Floyd_Keith\Floyd_Keith_0001.jpg,data\calibration\lfw\lfw\Halle_Berry\Halle_Berry_0001.jpg,0,-0.02376254
10,data\calibration\lfw\lfw\Franklin_Brown\Franklin_Brown_0001.jpg,data\calibration\lfw\lfw\Michael_Jackson\Michael_Jackson_0010.jpg,0,0.21665937
10,data\calibration\lfw\lfw\Franklin_Brown\Franklin_Brown_0001.jpg,data\calibration\lfw\lfw\Tamara_Mowry\Tamara_Mowry_0001.jpg,0,-0.04113786
10,data\calibration\lfw\lfw\Franklin_Brown\Franklin_Brown_0001.jpg,data\calibration\lfw\lfw\Yolanda_King\Yolanda_King_0001.jpg,0,-0.05243731
10,data\calibration\lfw\lfw\Freda_Black\Freda_Black_0001.jpg,data\calibration\lfw\lfw\Rod_Paige\Rod_Paige_0001.jpg,0,0.01760935
10,data\calibration\lfw\lfw\Fruit_Chan\Fruit_Chan_0001.jpg,data\calibration\lfw\lfw\Kjell_Magne_Bondevik\Kjell_Magne_Bondevik_0003.jpg,0,0.00351372
10,data\calibration\lfw\lfw\Gary_Winnick\Gary_Winnick_0001.jpg,data\calibration\lfw\lfw\Michael_Patrick_King\Michael_Patrick_King_0002.jpg,0,-0.09717231
10,data\calibration\lfw\lfw\George_Robertson\George_Robertson_0005.jpg,data\calibration\lfw\lfw\Robbie_Mc_Ewen\Robbie_Mc_Ewen_0001.jpg,0,0.05304320
10,data\calibration\lfw\lfw\Gloria_Trevi\Gloria_Trevi_0004.jpg,data\calibration\lfw\lfw\William_Ragland\William_Ragland_0001.jpg,0,-0.05597611
10,data\calibration\lfw\lfw\Grace_Dodd\Grace_Dodd_0001.jpg,data\calibration\lfw\lfw\Henrique_Meirelles\Henrique_Meirelles_0001.jpg,0,0.01301863
10,data\calibration\lfw\lfw\Graeme_Lloyd\Graeme_Lloyd_0001.jpg,data\calibration\lfw\lfw\Humberto_Coelho\Humberto_Coelho_0001.jpg,0,-0.02641948
10,data\calibration\lfw\lfw\Graeme_Lloyd\Graeme_Lloyd_0001.jpg,data\calibration\lfw\lfw\Laura_Pausini\Laura_Pausini_0001.jpg,0,0.02360097
10,data\calibration\lfw\lfw\Greg_Rusedski\Greg_Rusedski_0002.jpg,data\calibration\lfw\lfw\Horace_Newcomb\Horace_Newcomb_0001.jpg,0,0.09868300
10,data\calibration\lfw\lfw\Greg_Rusedski\Greg_Rusedski_0003.jpg,data\calibration\lfw\lfw\Javier_Bardem\Javier_Bardem_0001.jpg,0,-0.05944320
10,data\calibration\lfw\lfw\Greg_Rusedski\Greg_Rusedski_0003.jpg,data\calibration\lfw\lfw\Marcos_Milinkovic\Marcos_Milinkovic_0001.jpg,0,0.12849078
10,data\calibration\lfw\lfw\Gregory_Peck\Gregory_Peck_0001.jpg,data\calibration\lfw\lfw\Jacqueline_Obradors\Jacqueline_Obradors_0001.jpg,0,-0.03194570
10,data\calibration\lfw\lfw\Guillermo_Ruiz_Polanco\Guillermo_Ruiz_Polanco_0001.jpg,data\calibration\lfw\lfw\Jon_Constance\Jon_Constance_0001.jpg,0,-0.03106948
10,data\calibration\lfw\lfw\Gustavo_Kuerten\Gustavo_Kuerten_0001.jpg,data\calibration\lfw\lfw\Rani_Mukherjee\Rani_Mukherjee_0001.jpg,0,-0.13796785
10,data\calibration\lfw\lfw\Halle_Berry\Halle_Berry_0012.jpg,data\calibration\lfw\lfw\Janet_Chandler\Janet_Chandler_0001.jpg,0,0.00595484
10,data\calibration\lfw\lfw\Hartmut_Mehdorn\Hartmut_Mehdorn_0001.jpg,data\calibration\lfw\lfw\Natanaela_Barnova\Natanaela_Barnova_0001.jpg,0,0.01475606
10,data\calibration\lfw\lfw\Hartmut_Mehdorn\Hartmut_Mehdorn_0001.jpg,data\calibration\lfw\lfw\Sanja_Papic\Sanja_Papic_0001.jpg,0,-0.04252608
10,data\calibration\lfw\lfw\Hartmut_Mehdorn\Hartmut_Mehdorn_0001.jpg,data\calibration\lfw\lfw\Svetlana_Belousova\Svetlana_Belousova_0001.jpg,0,0.01861407
10,data\calibration\lfw\lfw\Haydar_Aliyev\Haydar_Aliyev_0001.jpg,data\calibration\lfw\lfw\Nuon_Chea\Nuon_Chea_0001.jpg,0,0.11446770
10,data\calibration\lfw\lfw\Heather_Willson\Heather_Willson_0001.jpg,data\calibration\lfw\lfw\Lynn_Redgrave\Lynn_Redgrave_0003.jpg,0,0.05799755
10,data\calibration\lfw\lfw\Hector_Mitelman\Hector_Mitelman_0001.jpg,data\calibration\lfw\lfw\Jon_Gruden\Jon_Gruden_0002.jpg,0,0.07346069
10,data\calibration\lfw\lfw\Helo_Pinheiro\Helo_Pinheiro_0001.jpg,data\calibration\lfw\lfw\Robert_Durst\Robert_Durst_0001.jpg,0,0.07505006
10,data\calibration\lfw\lfw\Herman_Edwards\Herman_Edwards_0001.jpg,data\calibration\lfw\lfw\Patrick_Eaves\Patrick_Eaves_0001.jpg,0,-0.07201239
10,data\calibration\lfw\lfw\Hermogenes_Ebdane_Jr\Hermogenes_Ebdane_Jr_0001.jpg,data\calibration\lfw\lfw\Sanja_Papic\Sanja_Papic_0001.jpg,0,0.00380382
10,data\calibration\lfw\lfw\Horace_Newcomb\Horace_Newcomb_0001.jpg,data\calibration\lfw\lfw\Stephan_Eberharter\Stephan_Eberharter_0001.jpg,0,-0.00729536
10,data\calibration\lfw\lfw\Hugo_Colace\Hugo_Colace_0001.jpg,data\calibration\lfw\lfw\Kim_Yun-kyu\Kim_Yun-kyu_0001.jpg,0,-0.01035556
10,data\calibration\lfw\lfw\Humberto_Coelho\Humberto_Coelho_0001.jpg,data\calibration\lfw\lfw\Sue_Wicks\Sue_Wicks_0002.jpg,0,0.05400679
10,data\calibration\lfw\lfw\Hunter_Bates\Hunter_Bates_0001.jpg,data\calibration\lfw\lfw\Pedro_Alvarez\Pedro_Alvarez_0001.jpg,0,-0.00869376
10,data\calibration\lfw\lfw\Hunter_Bates\Hunter_Bates_0001.jpg,data\calibration\lfw\lfw\William_Rosenberg\William_Rosenberg_0001.jpg,0,-0.03823704
10,data\calibration\lfw\lfw\Igor_Trunov\Igor_Trunov_0001.jpg,data\calibration\lfw\lfw\Peter_Sejna\Peter_Sejna_0001.jpg,0,-0.02542377
10,data\calibration\lfw\lfw\Ivan_Stambolic\Ivan_Stambolic_0001.jpg,data\calibration\lfw\lfw\Michael_Bloomberg\Michael_Bloomberg_0018.jpg,0,-0.03719601
10,data\calibration\lfw\lfw\Jack_LaLanne\Jack_LaLanne_0001.jpg,data\calibration\lfw\lfw\Yves_Brodeur\Yves_Brodeur_0001.jpg,0,-0.00173273
10,data\calibration\lfw\lfw\Jacqueline_Obradors\Jacqueline_Obradors_0001.jpg,data\calibration\lfw\lfw\Julie_Taymor\Julie_Taymor_0001.jpg,0,0.13103980
10,data\calibration\lfw\lfw\Jada_Pinkett_Smith\Jada_Pinkett_Smith_0002.jpg,data\calibration\lfw\lfw\Jenny_Romero\Jenny_Romero_0001.jpg,0,-0.00732778
10,data\calibration\lfw\lfw\James_Cunningham\James_Cunningham_0003.jpg,data\calibration\lfw\lfw\Stephen_Daldry\Stephen_Daldry_0001.jpg,0,-0.03037544
10,data\calibration\lfw\lfw\James_Gibson\James_Gibson_0001.jpg,data\calibration\lfw\lfw\Roger_Corbett\Roger_Corbett_0001.jpg,0,0.08303212
10,data\calibration\lfw\lfw\James_Parker\James_Parker_0001.jpg,data\calibration\lfw\lfw\Saeed_Mortazavi\Saeed_Mortazavi_0001.jpg,0,-0.01019217
10,data\calibration\lfw\lfw\Jane_Krakowski\Jane_Krakowski_0001.jpg,data\calibration\lfw\lfw\Shingo_Suetsugu\Shingo_Suetsugu_0001.jpg,0,-0.08290520
10,data\calibration\lfw\lfw\Janice_Goldfinger\Janice_Goldfinger_0001.jpg,data\calibration\lfw\lfw\Pyar_Jung_Thapa\Pyar_Jung_Thapa_0001.jpg,0,-0.03923639
10,data\calibration\lfw\lfw\Janusz_Kaminski\Janusz_Kaminski_0001.jpg,data\calibration\lfw\lfw\Lisa_Stone\Lisa_Stone_0001.jpg,0,0.08431253
10,data\calibration\lfw\lfw\Jason_Lezak\Jason_Lezak_0001.jpg,data\calibration\lfw\lfw\John_Bolton\John_Bolton_0004.jpg,0,-0.03859448
10,data\calibration\lfw\lfw\Jason_Lezak\Jason_Lezak_0001.jpg,data\calibration\lfw\lfw\Simon_Cowell\Simon_Cowell_0001.jpg,0,-0.04590467
10,data\calibration\lfw\lfw\Javier_Vazquez\Javier_Vazquez_0001.jpg,data\calibration\lfw\lfw\Karin_Stoiber\Karin_Stoiber_0002.jpg,0,0.04903545
10,data\calibration\lfw\lfw\Jay_Rasulo\Jay_Rasulo_0001.jpg,data\calibration\lfw\lfw\Nova_Esther_Guthrie\Nova_Esther_Guthrie_0001.jpg,0,0.12085435
10,data\calibration\lfw\lfw\Jean-Marc_Olive\Jean-Marc_Olive_0001.jpg,data\calibration\lfw\lfw\John_Timoney\John_Timoney_0001.jpg,0,-0.08767053
10,data\calibration\lfw\lfw\Jean-Marc_Olive\Jean-Marc_Olive_0001.jpg,data\calibration\lfw\lfw\Tino_Martinez\Tino_Martinez_0001.jpg,0,-0.11921564
10,data\calibration\lfw\lfw\Jeri_Ryan\Jeri_Ryan_0001.jpg,data\calibration\lfw\lfw\Nova_Esther_Guthrie\Nova_Esther_Guthrie_0001.jpg,0,-0.03286786
10,data\calibration\lfw\lfw\Jeri_Ryan\Jeri_Ryan_0001.jpg,data\calibration\lfw\lfw\Peter_Goldmark\Peter_Goldmark_0001.jpg,0,-0.06243258
10,data\calibration\lfw\lfw\Jeri_Ryan\Jeri_Ryan_0001.jpg,data\calibration\lfw\lfw\Scott_Sullivan\Scott_Sullivan_0002.jpg,0,-0.06481627
10,data\calibration\lfw\lfw\Jeri_Ryan\Jeri_Ryan_0001.jpg,data\calibration\lfw\lfw\Skip_Prosser\Skip_Prosser_0001.jpg,0,0.00643173
10,data\calibration\lfw\lfw\Jesse_James_Leija\Jesse_James_Leija_0002.jpg,data\calibration\lfw\lfw\Joaquin_Phoenix\Joaquin_Phoenix_0001.jpg,0,-0.07767043
10,data\calibration\lfw\lfw\Jesse_James_Leija\Jesse_James_Leija_0002.jpg,data\calibration\lfw\lfw\Nick_Nolte\Nick_Nolte_0004.jpg,0,0.03563743
10,data\calibration\lfw\lfw\Jesse_Ventura\Jesse_Ventura_0002.jpg,data\calibration\lfw\lfw\Lela_Rochon\Lela_Rochon_0001.jpg,0,-0.00430694
10,data\calibration\lfw\lfw\Jessica_Biel\Jessica_Biel_0001.jpg,data\calibration\lfw\lfw\Jim_Fassel\Jim_Fassel_0001.jpg,0,-0.04375369
10,data\calibration\lfw\lfw\Jim_Flaherty\Jim_Flaherty_0001.jpg,data\calibration\lfw\lfw\Mark_Andrew\Mark_Andrew_0001.jpg,0,-0.01158203
10,data\calibration\lfw\lfw\Jim_Tressel\Jim_Tressel_0003.jpg,data\calibration\lfw\lfw\Ralf_Schumacher\Ralf_Schumacher_0003.jpg,0,0.01377891
10,data\calibration\lfw\lfw\Jimmy_Jimenez\Jimmy_Jimenez_0001.jpg,data\calibration\lfw\lfw\Miles_Stewart\Miles_Stewart_0001.jpg,0,0.01147833
10,data\calibration\lfw\lfw\Jimmy_Lee\Jimmy_Lee_0001.jpg,data\calibration\lfw\lfw\Nova_Esther_Guthrie\Nova_Esther_Guthrie_0001.jpg,0,0.01891544
10,data\calibration\lfw\lfw\Joan_Laporta\Joan_Laporta_0003.jpg,data\calibration\lfw\lfw\Roy_Romanow\Roy_Romanow_0001.jpg,0,0.06821596
10,data\calibration\lfw\lfw\Joaquin_Phoenix\Joaquin_Phoenix_0001.jpg,data\calibration\lfw\lfw\Rainer_Geulen\Rainer_Geulen_0001.jpg,0,-0.01526815
10,data\calibration\lfw\lfw\Joe_Dumars\Joe_Dumars_0002.jpg,data\calibration\lfw\lfw\Timothy_McVeigh\Timothy_McVeigh_0001.jpg,0,0.00729457
10,data\calibration\lfw\lfw\John_Bolton\John_Bolton_0014.jpg,data\calibration\lfw\lfw\Kim_Yun-kyu\Kim_Yun-kyu_0001.jpg,0,-0.05782594
10,data\calibration\lfw\lfw\John_Kerr\John_Kerr_0001.jpg,data\calibration\lfw\lfw\Li_Changchun\Li_Changchun_0001.jpg,0,0.00512278
10,data\calibration\lfw\lfw\John_Swofford\John_Swofford_0002.jpg,data\calibration\lfw\lfw\Sok_An\Sok_An_0001.jpg,0,-0.12794848
10,data\calibration\lfw\lfw\Juan_Fernandez\Juan_Fernandez_0001.jpg,data\calibration\lfw\lfw\Paul_Krueger\Paul_Krueger_0001.jpg,0,0.05428591
10,data\calibration\lfw\lfw\Juan_Fernandez\Juan_Fernandez_0001.jpg,data\calibration\lfw\lfw\Suzanne_Mubarak\Suzanne_Mubarak_0001.jpg,0,0.06812649
10,data\calibration\lfw\lfw\Justin_Wilson\Justin_Wilson_0001.jpg,data\calibration\lfw\lfw\Larry_Hagman\Larry_Hagman_0001.jpg,0,0.02299271
10,data\calibration\lfw\lfw\Justin_Wilson\Justin_Wilson_0001.jpg,data\calibration\lfw\lfw\Ray_Bradbury\Ray_Bradbury_0001.jpg,0,0.10703883
10,data\calibration\lfw\lfw\Kara_Lynn_Joyce\Kara_Lynn_Joyce_0001.jpg,data\calibration\lfw\lfw\Zach_Pillar\Zach_Pillar_0001.jpg,0,0.03217064
10,data\calibration\lfw\lfw\Kim_Chinn\Kim_Chinn_0001.jpg,data\calibration\lfw\lfw\Robert_Flodquist\Robert_Flodquist_0001.jpg,0,-0.08867783
10,data\calibration\lfw\lfw\Kim_Chinn\Kim_Chinn_0001.jpg,data\calibration\lfw\lfw\Ruth_Harlow\Ruth_Harlow_0002.jpg,0,-0.00510375
10,data\calibration\lfw\lfw\Kim_Yong-il\Kim_Yong-il_0002.jpg,data\calibration\lfw\lfw\Linda_Ham\Linda_Ham_0001.jpg,0,0.02296080
10,data\calibration\lfw\lfw\Kwon_Yang-sook\Kwon_Yang-sook_0003.jpg,data\calibration\lfw\lfw\Tommy_Robredo\Tommy_Robredo_0001.jpg,0,0.03454770
10,data\calibration\lfw\lfw\Lane_Bryant\Lane_Bryant_0001.jpg,data\calibration\lfw\lfw\Yannos_Papantoniou\Yannos_Papantoniou_0001.jpg,0,0.11083964
10,data\calibration\lfw\lfw\Larry_Hagman\Larry_Hagman_0001.jpg,data\calibration\lfw\lfw\Teddy_Kollek\Teddy_Kollek_0001.jpg,0,-0.03430279
10,data\calibration\lfw\lfw\Larry_Hagman\Larry_Hagman_0001.jpg,data\calibration\lfw\lfw\Val_Ackerman\Val_Ackerman_0001.jpg,0,-0.00668769
10,data\calibration\lfw\lfw\Laura_Gobai\Laura_Gobai_0001.jpg,data\calibration\lfw\lfw\Robin_Wagner\Robin_Wagner_0001.jpg,0,0.04056427
10,data\calibration\lfw\lfw\Laura_Pausini\Laura_Pausini_0001.jpg,data\calibration\lfw\lfw\Thad_Matta\Thad_Matta_0001.jpg,0,-0.06653531
10,data\calibration\lfw\lfw\Laura_Romero\Laura_Romero_0001.jpg,data\calibration\lfw\lfw\Paula_Zahn\Paula_Zahn_0002.jpg,0,0.00451590
10,data\calibration\lfw\lfw\Lee_Jun\Lee_Jun_0001.jpg,data\calibration\lfw\lfw\Ruth_Pearce\Ruth_Pearce_0001.jpg,0,0.02607805
10,data\calibration\lfw\lfw\Lee_Jun\Lee_Jun_0002.jpg,data\calibration\lfw\lfw\Stephen_Friedman\Stephen_Friedman_0001.jpg,0,0.01203506
10,data\calibration\lfw\lfw\Lela_Rochon\Lela_Rochon_0001.jpg,data\calibration\lfw\lfw\Michael_Haneke\Michael_Haneke_0001.jpg,0,0.06603590
10,data\calibration\lfw\lfw\Lela_Rochon\Lela_Rochon_0001.jpg,data\calibration\lfw\lfw\Yannos_Papantoniou\Yannos_Papantoniou_0001.jpg,0,0.08652461
10,data\calibration\lfw\lfw\Lesley_Flood\Lesley_Flood_0001.jpg,data\calibration\lfw\lfw\Peter_Goldmark\Peter_Goldmark_0001.jpg,0,-0.03546766
10,data\calibration\lfw\lfw\Li_Changchun\Li_Changchun_0001.jpg,data\calibration\lfw\lfw\Pieter_Bouw\Pieter_Bouw_0001.jpg,0,0.01122459
10,data\calibration\lfw\lfw\Lina_Krasnoroutskaya\Lina_Krasnoroutskaya_0001.jpg,data\calibration\lfw\lfw\Troy_Polamalu\Troy_Polamalu_0001.jpg,0,0.03175958
10,data\calibration\lfw\lfw\Linda_Lingle\Linda_Lingle_0001.jpg,data\calibration\lfw\lfw\Victor_Hanescu\Victor_Hanescu_0001.jpg,0,-0.02806373
10,data\calibration\lfw\lfw\Lisa_Stone\Lisa_Stone_0001.jpg,data\calibration\lfw\lfw\Rod_Paige\Rod_Paige_0001.jpg,0,0.02584789
10,data\calibration\lfw\lfw\Lisa_Stone\Lisa_Stone_0001.jpg,data\calibration\lfw\lfw\Scott_Sullivan\Scott_Sullivan_0002.jpg,0,0.05804239
10,data\calibration\lfw\lfw\Lou_Lang\Lou_Lang_0001.jpg,data\calibration\lfw\lfw\Nova_Esther_Guthrie\Nova_Esther_Guthrie_0001.jpg,0,-0.08930813
10,data\calibration\lfw\lfw\Luc_Montagnier\Luc_Montagnier_0001.jpg,data\calibration\lfw\lfw\Paul_Krueger\Paul_Krueger_0001.jpg,0,0.00763077
10,data\calibration\lfw\lfw\Luc_Montagnier\Luc_Montagnier_0001.jpg,data\calibration\lfw\lfw\Pedro_Alvarez\Pedro_Alvarez_0001.jpg,0,0.00777703
10,data\calibration\lfw\lfw\Luc_Montagnier\Luc_Montagnier_0001.jpg,data\calibration\lfw\lfw\Pierre_Pettigrew\Pierre_Pettigrew_0002.jpg,0,-0.00801890
10,data\calibration\lfw\lfw\Luis_Guzman\Luis_Guzman_0001.jpg,data\calibration\lfw\lfw\Patsy_Kensit\Patsy_Kensit_0001.jpg,0,-0.04099574
10,data\calibration\lfw\lfw\Marcelo_Ebrard\Marcelo_Ebrard_0002.jpg,data\calibration\lfw\lfw\Mike_Scioscia\Mike_Scioscia_0002.jpg,0,-0.04166232
10,data\calibration\lfw\lfw\Marcelo_Rios\Marcelo_Rios_0004.jpg,data\calibration\lfw\lfw\Maria_Shriver\Maria_Shriver_0003.jpg,0,-0.02244482
10,data\calibration\lfw\lfw\Marcelo_Rios\Marcelo_Rios_0004.jpg,data\calibration\lfw\lfw\Pierre_Pettigrew\Pierre_Pettigrew_0001.jpg,0,-0.05460412
10,data\calibration\lfw\lfw\Marcelo_Rios\Marcelo_Rios_0004.jpg,data\calibration\lfw\lfw\Saeed_Mortazavi\Saeed_Mortazavi_0001.jpg,0,0.00418065
10,data\calibration\lfw\lfw\Margaret_Thatcher\Margaret_Thatcher_0001.jpg,data\calibration\lfw\lfw\Pedro_Alvarez\Pedro_Alvarez_0001.jpg,0,-0.03770470
10,data\calibration\lfw\lfw\Margaret_Thatcher\Margaret_Thatcher_0001.jpg,data\calibration\lfw\lfw\Salman_Rushdie\Salman_Rushdie_0002.jpg,0,0.06770108
10,data\calibration\lfw\lfw\Maria_Simon\Maria_Simon_0001.jpg,data\calibration\lfw\lfw\Mona_Rishmawi\Mona_Rishmawi_0001.jpg,0,-0.07345166
10,data\calibration\lfw\lfw\Maria_Simon\Maria_Simon_0001.jpg,data\calibration\lfw\lfw\Robert_Durst\Robert_Durst_0001.jpg,0,-0.04814711
10,data\calibration\lfw\lfw\Marlon_Devonish\Marlon_Devonish_0001.jpg,data\calibration\lfw\lfw\Patrick_Clawsen\Patrick_Clawsen_0001.jpg,0,-0.02396243
10,data\calibration\lfw\lfw\Max_von_Sydow\Max_von_Sydow_0001.jpg,data\calibration\lfw\lfw\Zhu_Rongji\Zhu_Rongji_0001.jpg,0,0.00207064
10,data\calibration\lfw\lfw\Mel_Karmazin\Mel_Karmazin_0001.jpg,data\calibration\lfw\lfw\Pierre_Pettigrew\Pierre_Pettigrew_0001.jpg,0,-0.01043908
10,data\calibration\lfw\lfw\Melana_Scantlin\Melana_Scantlin_0001.jpg,data\calibration\lfw\lfw\William_Ragland\William_Ragland_0001.jpg,0,-0.00714870
10,data\calibration\lfw\lfw\Michael_Bloomberg\Michael_Bloomberg_0015.jpg,data\calibration\lfw\lfw\Ozzy_Osbourne\Ozzy_Osbourne_0002.jpg,0,-0.00698031
10,data\calibration\lfw\lfw\Michael_J_Fox\Michael_J_Fox_0001.jpg,data\calibration\lfw\lfw\Ricky_Barnes\Ricky_Barnes_0001.jpg,0,0.08548961
10,data\calibration\lfw\lfw\Michael_J_Fox\Michael_J_Fox_0001.jpg,data\calibration\lfw\lfw\Thomas_Daily\Thomas_Daily_0001.jpg,0,-0.08048514
10,data\calibration\lfw\lfw\Micky_Ward\Micky_Ward_0001.jpg,data\calibration\lfw\lfw\Takenori_Kanzaki\Takenori_Kanzaki_0001.jpg,0,-0.02871247
10,data\calibration\lfw\lfw\Mike_Babcock\Mike_Babcock_0001.jpg,data\calibration\lfw\lfw\Tony_Parker\Tony_Parker_0002.jpg,0,0.02556035
10,data\calibration\lfw\lfw\Mike_Martz\Mike_Martz_0005.jpg,data\calibration\lfw\lfw\William_Burns\William_Burns_0001.jpg,0,0.06345309
10,data\calibration\lfw\lfw\Mira_Sorvino\Mira_Sorvino_0001.jpg,data\calibration\lfw\lfw\Simon_Cowell\Simon_Cowell_0002.jpg,0,-0.06392768
10,data\calibration\lfw\lfw\Mira_Sorvino\Mira_Sorvino_0001.jpg,data\calibration\lfw\lfw\Tom_Tunney\Tom_Tunney_0001.jpg,0,0.08865934
10,data\calibration\lfw\lfw\Miroljub\Miroljub_0002.jpg,data\calibration\lfw\lfw\Theo_Epstein\Theo_Epstein_0001.jpg,0,-0.02014598
10,data\calibration\lfw\lfw\Mitzi_Gaynor\Mitzi_Gaynor_0001.jpg,data\calibration\lfw\lfw\Ruth_Harlow\Ruth_Harlow_0001.jpg,0,0.09302747
10,data\calibration\lfw\lfw\Mohammed_Dahlan\Mohammed_Dahlan_0001.jpg,data\calibration\lfw\lfw\Ronald_White\Ronald_White_0001.jpg,0,-0.01499610
10,data\calibration\lfw\lfw\Natanaela_Barnova\Natanaela_Barnova_0001.jpg,data\calibration\lfw\lfw\Nuon_Chea\Nuon_Chea_0001.jpg,0,-0.04745280
10,data\calibration\lfw\lfw\Noel_Forgeard\Noel_Forgeard_0001.jpg,data\calibration\lfw\lfw\Zach_Pillar\Zach_Pillar_0001.jpg,0,0.09549928
10,data\calibration\lfw\lfw\Normand_Legault\Normand_Legault_0001.jpg,data\calibration\lfw\lfw\Omar_Vizquel\Omar_Vizquel_0001.jpg,0,-0.02440785
10,data\calibration\lfw\lfw\Normand_Legault\Normand_Legault_0001.jpg,data\calibration\lfw\lfw\Rupert_Grint\Rupert_Grint_0003.jpg,0,0.01875924
10,data\calibration\lfw\lfw\Nova_Esther_Guthrie\Nova_Esther_Guthrie_0001.jpg,data\calibration\lfw\lfw\Stephen_Joseph\Stephen_Joseph_0001.jpg,0,0.02311698
10,data\calibration\lfw\lfw\Ontario_Lett\Ontario_Lett_0001.jpg,data\calibration\lfw\lfw\Wallace_Capel\Wallace_Capel_0001.jpg,0,-0.14336340
10,data\calibration\lfw\lfw\Orlando_Bloom\Orlando_Bloom_0001.jpg,data\calibration\lfw\lfw\Ray_Liotta\Ray_Liotta_0001.jpg,0,-0.02194911
10,data\calibration\lfw\lfw\Patrick_Clawsen\Patrick_Clawsen_0001.jpg,data\calibration\lfw\lfw\Sandra_Banning\Sandra_Banning_0001.jpg,0,0.01181110
10,data\calibration\lfw\lfw\Paul_Coppin\Paul_Coppin_0002.jpg,data\calibration\lfw\lfw\Rick_Husband\Rick_Husband_0001.jpg,0,-0.00168196
10,data\calibration\lfw\lfw\Paul_Murphy\Paul_Murphy_0001.jpg,data\calibration\lfw\lfw\Qazi_Hussain_Ahmed\Qazi_Hussain_Ahmed_0001.jpg,0,0.06114882
10,data\calibration\lfw\lfw\Paul_Newman\Paul_Newman_0001.jpg,data\calibration\lfw\lfw\Robert_Blake\Robert_Blake_0003.jpg,0,-0.09688246
10,data\calibration\lfw\lfw\Paula_Zahn\Paula_Zahn_0001.jpg,data\calibration\lfw\lfw\Tamara_Mowry\Tamara_Mowry_0001.jpg,0,0.00256498
10,data\calibration\lfw\lfw\Peter_Ahearn\Peter_Ahearn_0001.jpg,data\calibration\lfw\lfw\Romain_Duris\Romain_Duris_0001.jpg,0,-0.03865391
10,data\calibration\lfw\lfw\Peter_Gabriel\Peter_Gabriel_0001.jpg,data\calibration\lfw\lfw\Peter_OToole\Peter_OToole_0001.jpg,0,0.04511743
10,data\calibration\lfw\lfw\Peter_Lundgren\Peter_Lundgren_0001.jpg,data\calibration\lfw\lfw\William_Rosenberg\William_Rosenberg_0001.jpg,0,-0.04685380
10,data\calibration\lfw\lfw\Peter_OToole\Peter_OToole_0001.jpg,data\calibration\lfw\lfw\Qazi_Afzal\Qazi_Afzal_0001.jpg,0,-0.05349728
10,data\calibration\lfw\lfw\Qais_al-Kazali\Qais_al-Kazali_0001.jpg,data\calibration\lfw\lfw\Ringo_Starr\Ringo_Starr_0001.jpg,0,0.07482000
10,data\calibration\lfw\lfw\Randy_Brown\Randy_Brown_0001.jpg,data\calibration\lfw\lfw\Val_Ackerman\Val_Ackerman_0001.jpg,0,-0.04107811
10,data\calibration\lfw\lfw\Rani_Mukherjee\Rani_Mukherjee_0001.jpg,data\calibration\lfw\lfw\Timothy_McVeigh\Timothy_McVeigh_0001.jpg,0,-0.07923279
10,data\calibration\lfw\lfw\Ringo_Starr\Ringo_Starr_0001.jpg,data\calibration\lfw\lfw\Zach_Pillar\Zach_Pillar_0001.jpg,0,-0.01033359
10,data\calibration\lfw\lfw\Roger_Corbett\Roger_Corbett_0001.jpg,data\calibration\lfw\lfw\Tocker_Pudwill\Tocker_Pudwill_0001.jpg,0,0.12234910
10,data\calibration\lfw\lfw\Ruth_Harlow\Ruth_Harlow_0001.jpg,data\calibration\lfw\lfw\Virgina_Ruano_Pascal\Virgina_Ruano_Pascal_0001.jpg,0,-0.03062837
10,data\calibration\lfw\lfw\Sandra_Banning\Sandra_Banning_0001.jpg,data\calibration\lfw\lfw\Wolfgang_Schneiderhan\Wolfgang_Schneiderhan_0001.jpg,0,-0.00770778
10,data\calibration\lfw\lfw\Scott_Wolf\Scott_Wolf_0002.jpg,data\calibration\lfw\lfw\Troy_Polamalu\Troy_Polamalu_0001.jpg,0,-0.01266352
10,data\calibration\lfw\lfw\Sergei_Alexandrovitch_Ordzhonikidze\Sergei_Alexandrovitch_Ordzhonikidze_0001.jpg,data\calibration\lfw\lfw\Yolanda_King\Yolanda_King_0001.jpg,0,-0.01234870
10,data\calibration\lfw\lfw\Shane_Loux\Shane_Loux_0001.jpg,data\calibration\lfw\lfw\Val_Ackerman\Val_Ackerman_0001.jpg,0,0.04326761
10,data\calibration\lfw\lfw\Shawn_Marion\Shawn_Marion_0001.jpg,data\calibration\lfw\lfw\Shirley_Jones\Shirley_Jones_0001.jpg,0,0.08596727
10,data\calibration\lfw\lfw\Slobodan_Milosevic\Slobodan_Milosevic_0002.jpg,data\calibration\lfw\lfw\Sok_An\Sok_An_0001.jpg,0,-0.05031680
