threshold,far,frr,tar
-0.17902459,1.00000000,0.00000000,1.00000000
-0.16300529,0.99966611,0.00000000,1.00000000
-0.15822607,0.99933222,0.00000000,1.00000000
-0.15758355,0.99899833,0.00000000,1.00000000
-0.15718098,0.99866444,0.00000000,1.00000000
-0.15680264,0.99833055,0.00000000,1.00000000
-0.15584843,0.99799666,0.00000000,1.00000000
-0.15518177,0.99766277,0.00000000,1.00000000
-0.15370761,0.99732888,0.00000000,1.00000000
-0.14642897,0.99699499,0.00000000,1.00000000
-0.14445861,0.99666110,0.00000000,1.00000000
-0.14395642,0.99632721,0.00000000,1.00000000
-0.14336340,0.99599332,0.00000000,1.00000000
-0.14299920,0.99565943,0.00000000,1.00000000
-0.14053389,0.99532554,0.00000000,1.00000000
-0.14009884,0.99499165,0.00000000,1.00000000
-0.13912877,0.99465776,0.00000000,1.00000000
-0.13799024,0.99432387,0.00000000,1.00000000
-0.13796785,0.99398998,0.00000000,1.00000000
-0.13699938,0.99365609,0.00000000,1.00000000
-0.13656843,0.99332220,0.00000000,1.00000000
-0.13623065,0.99298831,0.00000000,1.00000000
-0.13602826,0.99265442,0.00000000,1.00000000
-0.13600877,0.99232053,0.00000000,1.00000000
-0.13442819,0.99232053,0.00033478,0.99966522
-0.13418971,0.99198664,0.00033478,0.99966522
-0.13282716,0.99165275,0.00033478,0.99966522
-0.13234398,0.99131886,0.00033478,0.99966522
-0.13215533,0.99098497,0.00033478,0.99966522
-0.13192768,0.99065109,0.00033478,0.99966522
-0.13073726,0.99031720,0.00033478,0.99966522
-0.13063797,0.98998331,0.00033478,0.99966522
-0.13048498,0.98964942,0.00033478,0.99966522
-0.13020863,0.98931553,0.00033478,0.99966522
-0.12936872,0.98898164,0.00033478,0.99966522
-0.12794848,0.98864775,0.00033478,0.99966522
-0.12726104,0.98831386,0.00033478,0.99966522
-0.12690495,0.98797997,0.00033478,0.99966522
-0.12561683,0.98797997,0.00066957,0.99933043
-0.12525269,0.98764608,0.00066957,0.99933043
-0.12442259,0.98731219,0.00066957,0.99933043
-0.12433469,0.98697830,0.00066957,0.99933043
-0.12375373,0.98664441,0.00066957,0.99933043
-0.12280858,0.98631052,0.00066957,0.99933043
-0.12176023,0.98597663,0.00066957,0.99933043
-0.12156272,0.98597663,0.00100435,0.99899565
-0.12111054,0.98564274,0.00100435,0.99899565
-0.12078275,0.98530885,0.00100435,0.99899565
-0.11969751,0.98497496,0.00100435,0.99899565
-0.11921564,0.98464107,0.00100435,0.99899565
-0.11892726,0.98430718,0.00100435,0.99899565
-0.11830855,0.98397329,0.00100435,0.99899565
-0.11817119,0.98363940,0.00100435,0.99899565
-0.11787573,0.98330551,0.00100435,0.99899565
-0.11740740,0.98297162,0.00100435,0.99899565
-0.11722253,0.98263773,0.00100435,0.99899565
-0.11687472,0.98230384,0.00100435,0.99899565
-0.11678150,0.98196995,0.00100435,0.99899565
-0.11675032,0.98163606,0.00100435,0.99899565
-0.11600782,0.98130217,0.00100435,0.99899565
-0.11587901,0.98096828,0.00100435,0.99899565
-0.11460789,0.98063439,0.00100435,0.99899565
-0.11419487,0.98030050,0.00100435,0.99899565
-0.11348831,0.97996661,0.00100435,0.99899565
-0.11321655,0.97963272,0.00100435,0.99899565
-0.11299970,0.97929883,0.00100435,0.99899565
-0.11253189,0.97896494,0.00100435,0.99899565
-0.11212905,0.97863105,0.00100435,0.99899565
-0.11157107,0.97829716,0.00100435,0.99899565
-0.11106235,0.97796327,0.00100435,0.99899565
-0.11100795,0.97762938,0.00100435,0.99899565
-0.11081117,0.97729549,0.00100435,0.99899565
-0.11000411,0.97696160,0.00100435,0.99899565
-0.10960935,0.97662771,0.00100435,0.99899565
-0.10960219,0.97629382,0.00100435,0.99899565
-0.10920464,0.97595993,0.00100435,0.99899565
-0.10893227,0.97562604,0.00100435,0.99899565
-0.10872017,0.97529215,0.00100435,0.99899565
-0.10659166,0.97495826,0.00100435,0.99899565
-0.10617249,0.97462437,0.00100435,0.99899565
-0.10603864,0.97429048,0.00100435,0.99899565
-0.10587744,0.97395659,0.00100435,0.99899565
-0.10514992,0.97362270,0.00100435,0.99899565
-0.10511743,0.97328881,0.00100435,0.99899565
-0.10477418,0.97295492,0.00100435,0.99899565
-0.10427201,0.97262104,0.00100435,0.99899565
-0.10424255,0.97228715,0.00100435,0.99899565
-0.10357238,0.97195326,0.00100435,0.99899565
-0.10319825,0.97161937,0.00100435,0.99899565
-0.10305725,0.97128548,0.00100435,0.99899565
-0.10275449,0.97095159,0.00100435,0.99899565
-0.10272239,0.97061770,0.00100435,0.99899565
-0.10236567,0.97028381,0.00100435,0.99899565
-0.10213415,0.96994992,0.00100435,0.99899565
-0.10206156,0.96961603,0.00100435,0.99899565
-0.10117047,0.96928214,0.00100435,0.99899565
-0.10113880,0.96894825,0.00100435,0.99899565
-0.10054868,0.96861436,0.00100435,0.99899565
-0.09995031,0.96828047,0.00100435,0.99899565
-0.09976756,0.96794658,0.00100435,0.99899565
-0.09966161,0.96761269,0.00100435,0.99899565
-0.09928827,0.96727880,0.00100435,0.99899565
-0.09874476,0.96694491,0.00100435,0.99899565
-0.09863067,0.96661102,0.00100435,0.99899565
-0.09847122,0.96627713,0.00100435,0.99899565
-0.09845620,0.96594324,0.00100435,0.99899565
-0.09824935,0.96560935,0.00100435,0.99899565
-0.09786889,0.96527546,0.00100435,0.99899565
-0.09775835,0.96494157,0.00100435,0.99899565
-0.09736156,0.96460768,0.00100435,0.99899565
-0.09731713,0.96427379,0.00100435,0.99899565
-0.09721522,0.96393990,0.00100435,0.99899565
-0.09717231,0.96360601,0.00100435,0.99899565
-0.09701860,0.96327212,0.00100435,0.99899565
-0.09688246,0.96293823,0.00100435,0.99899565
-0.09684902,0.96260434,0.00100435,0.99899565
-0.09638633,0.96227045,0.00100435,0.99899565
-0.09614488,0.96193656,0.00100435,0.99899565
-0.09569261,0.96160267,0.00100435,0.99899565
-0.09559391,0.96126878,0.00100435,0.99899565
-0.09555125,0.96093489,0.00100435,0.99899565
-0.09520018,0.96060100,0.00100435,0.99899565
-0.09516346,0.96026711,0.00100435,0.99899565
-0.09507652,0.96026711,0.00133914,0.99866086
-0.09497487,0.95993322,0.00133914,0.99866086
-0.09476226,0.95959933,0.00133914,0.99866086
-0.09452105,0.95926544,0.00133914,0.99866086
-0.09446307,0.95893155,0.00133914,0.99866086
-0.09403302,0.95859766,0.00133914,0.99866086
-0.09337482,0.95826377,0.00133914,0.99866086
-0.09310118,0.95792988,0.00133914,0.99866086
-0.09306787,0.95759599,0.00133914,0.99866086
-0.09262608,0.95726210,0.00133914,0.99866086
-0.09238324,0.95692821,0.00133914,0.99866086
-0.09192393,0.95659432,0.00133914,0.99866086
-0.09189692,0.95626043,0.00133914,0.99866086
-0.09183064,0.95592654,0.00133914,0.99866086
-0.09173909,0.95559265,0.00133914,0.99866086
-0.09158584,0.95525876,0.00133914,0.99866086
-0.09153426,0.95492487,0.00133914,0.99866086
-0.09153155,0.95459098,0.00133914,0.99866086
-0.09130424,0.95459098,0.00167392,0.99832608
-0.09116266,0.95425710,0.00167392,0.99832608
-0.09102894,0.95392321,0.00167392,0.99832608
-0.09083056,0.95358932,0.00167392,0.99832608
-0.09021910,0.95325543,0.00167392,0.99832608
-0.09015080,0.95292154,0.00167392,0.99832608
-0.09013331,0.95258765,0.00167392,0.99832608
-0.09003677,0.95225376,0.00167392,0.99832608
-0.08997872,0.95191987,0.00167392,0.99832608
-0.08953629,0.95158598,0.00167392,0.99832608
-0.08932012,0.95125209,0.00167392,0.99832608
-0.08930813,0.95091820,0.00167392,0.99832608
-0.08887080,0.95058431,0.00167392,0.99832608
-0.08870269,0.95025042,0.00167392,0.99832608
-0.08869247,0.94991653,0.00167392,0.99832608
-0.08867783,0.94958264,0.00167392,0.99832608
-0.08856274,0.94924875,0.00167392,0.99832608
-0.08835336,0.94891486,0.00167392,0.99832608
-0.08779863,0.94858097,0.00167392,0.99832608
-0.08770614,0.94824708,0.00167392,0.99832608
-0.08767053,0.94791319,0.00167392,0.99832608
-0.08757129,0.94757930,0.00167392,0.99832608
-0.08750442,0.94724541,0.00167392,0.99832608
-0.08727698,0.94691152,0.00167392,0.99832608
-0.08712343,0.94657763,0.00167392,0.99832608
-0.08675905,0.94624374,0.00167392,0.99832608
-0.08651236,0.94590985,0.00167392,0.99832608
-0.08582889,0.94557596,0.00167392,0.99832608
-0.08525449,0.94524207,0.00167392,0.99832608
-0.08520165,0.94490818,0.00167392,0.99832608
-0.08485829,0.94457429,0.00167392,0.99832608
-0.08480977,0.94424040,0.00167392,0.99832608
-0.08477794,0.94390651,0.00167392,0.99832608
-0.08476032,0.94357262,0.00167392,0.99832608
-0.08468650,0.94323873,0.00167392,0.99832608
-0.08454554,0.94290484,0.00167392,0.99832608
-0.08449390,0.94257095,0.00167392,0.99832608
-0.08436874,0.94223706,0.00167392,0.99832608
-0.08436225,0.94190317,0.00167392,0.99832608
-0.08362375,0.94156928,0.00167392,0.99832608
-0.08356281,0.94123539,0.00167392,0.99832608
-0.08340029,0.94090150,0.00167392,0.99832608
-0.08338374,0.94056761,0.00167392,0.99832608
-0.08334860,0.94023372,0.00167392,0.99832608
-0.08327306,0.93989983,0.00167392,0.99832608
-0.08324407,0.93956594,0.00167392,0.99832608
-0.08297497,0.93923205,0.00167392,0.99832608
-0.08290520,0.93889816,0.00167392,0.99832608
-0.08290404,0.93856427,0.00167392,0.99832608
-0.08274729,0.93823038,0.00167392,0.99832608
-0.08242961,0.93789649,0.00167392,0.99832608
-0.08237856,0.93756260,0.00167392,0.99832608
-0.08230303,0.93756260,0.00200870,0.99799130
-0.08228656,0.93722871,0.00200870,0.99799130
-0.08213078,0.93722871,0.00234349,0.99765651
-0.08199433,0.93689482,0.00234349,0.99765651
-0.08127928,0.93656093,0.00234349,0.99765651
-0.08125917,0.93622705,0.00234349,0.99765651
-0.08125356,0.93589316,0.00234349,0.99765651
-0.08113389,0.93555927,0.00234349,0.99765651
-0.08111960,0.93522538,0.00234349,0.99765651
-0.08099411,0.93489149,0.00234349,0.99765651
-0.08086386,0.93455760,0.00234349,0.99765651
-0.08082622,0.93422371,0.00234349,0.99765651
-0.08048514,0.93388982,0.00234349,0.99765651
-0.08014563,0.93355593,0.00234349,0.99765651
-0.08001821,0.93322204,0.00234349,0.99765651
-0.07992224,0.93288815,0.00234349,0.99765651
-0.07991329,0.93255426,0.00234349,0.99765651
-0.07972100,0.93222037,0.00234349,0.99765651
-0.07961910,0.93188648,0.00234349,0.99765651
-0.07959630,0.93155259,0.00234349,0.99765651
-0.07940287,0.93121870,0.00234349,0.99765651
-0.07923279,0.93121870,0.00267827,0.99732173
-0.07916673,0.93088481,0.00267827,0.99732173
-0.07912662,0.93055092,0.00267827,0.99732173
-0.07906546,0.93021703,0.00267827,0.99732173
-0.07897241,0.92988314,0.00267827,0.99732173
-0.07888878,0.92954925,0.00267827,0.99732173
-0.07883254,0.92921536,0.00267827,0.99732173
-0.07877174,0.92888147,0.00267827,0.99732173
-0.07875380,0.92854758,0.00267827,0.99732173
-0.07873953,0.92821369,0.00267827,0.99732173
-0.07853488,0.92787980,0.00267827,0.99732173
-0.07835110,0.92754591,0.00267827,0.99732173
-0.07831540,0.92721202,0.00267827,0.99732173
-0.07803246,0.92687813,0.00267827,0.99732173
-0.07769927,0.92654424,0.00267827,0.99732173
-0.07767043,0.92621035,0.00267827,0.99732173
-0.07734234,0.92587646,0.00267827,0.99732173
-0.07727145,0.92554257,0.00267827,0.99732173
-0.07696977,0.92520868,0.00267827,0.99732173
-0.07694966,0.92487479,0.00267827,0.99732173
-0.07685318,0.92454090,0.00267827,0.99732173
-0.07681098,0.92420701,0.00267827,0.99732173
-0.07654825,0.92387312,0.00267827,0.99732173
-0.07653510,0.92353923,0.00267827,0.99732173
-0.07646787,0.92320534,0.00267827,0.99732173
-0.07642561,0.92287145,0.00267827,0.99732173
-0.07620697,0.92253756,0.00267827,0.99732173
-0.07609366,0.92220367,0.00267827,0.99732173
-0.07593258,0.92186978,0.00267827,0.99732173
-0.07567472,0.92153589,0.00267827,0.99732173
-0.07553370,0.92120200,0.00267827,0.99732173
-0.07542409,0.92086811,0.00267827,0.99732173
-0.07540969,0.92053422,0.00267827,0.99732173
-0.07522060,0.92020033,0.00267827,0.99732173
-0.07509363,0.91986644,0.00267827,0.99732173
-0.07500102,0.91953255,0.00267827,0.99732173
-0.07484139,0.91919866,0.00267827,0.99732173
-0.07476816,0.91886477,0.00267827,0.99732173
-0.07464769,0.91853088,0.00267827,0.99732173
-0.07452781,0.91819699,0.00267827,0.99732173
-0.07451838,0.91786311,0.00267827,0.99732173
-0.07451005,0.91752922,0.00267827,0.99732173
-0.07442126,0.91752922,0.00301306,0.99698694
-0.07441951,0.91719533,0.00301306,0.99698694
-0.07421891,0.91686144,0.00301306,0.99698694
-0.07413194,0.91652755,0.00301306,0.99698694
-0.07410650,0.91619366,0.00301306,0.99698694
-0.07409038,0.91585977,0.00301306,0.99698694
-0.07404968,0.91552588,0.00301306,0.99698694
-0.07396498,0.91519199,0.00301306,0.99698694
-0.07395329,0.91485810,0.00301306,0.99698694
-0.07381207,0.91452421,0.00301306,0.99698694
-0.07367698,0.91419032,0.00301306,0.99698694
-0.07352974,0.91385643,0.00301306,0.99698694
-0.07348034,0.91352254,0.00301306,0.99698694
-0.07345166,0.91318865,0.00301306,0.99698694
-0.07333636,0.91285476,0.00301306,0.99698694
-0.07330666,0.91252087,0.00301306,0.99698694
-0.07328705,0.91218698,0.00301306,0.99698694
-0.07324950,0.91185309,0.00301306,0.99698694
-0.07314553,0.91151920,0.00301306,0.99698694
-0.07314125,0.91118531,0.00301306,0.99698694
-0.07296965,0.91085142,0.00301306,0.99698694
-0.07280096,0.91051753,0.00301306,0.99698694
-0.07267713,0.91018364,0.00301306,0.99698694
-0.07235685,0.90984975,0.00301306,0.99698694
-0.07232378,0.90951586,0.00301306,0.99698694
-0.07220719,0.90918197,0.00301306,0.99698694
-0.07210365,0.90884808,0.00301306,0.99698694
-0.07203330,0.90851419,0.00301306,0.99698694
-0.07201239,0.90818030,0.00301306,0.99698694
-0.07190242,0.90784641,0.00301306,0.99698694
-0.07170703,0.90751252,0.00301306,0.99698694
-0.07157589,0.90717863,0.00301306,0.99698694
-0.07132225,0.90684474,0.00301306,0.99698694
-0.07131194,0.90651085,0.00301306,0.99698694
-0.07126433,0.90617696,0.00301306,0.99698694
-0.07121559,0.90584307,0.00301306,0.99698694
-0.07106415,0.90550918,0.00301306,0.99698694
-0.07098616,0.90517529,0.00301306,0.99698694
-0.07087334,0.90484140,0.00301306,0.99698694
-0.07087151,0.90450751,0.00301306,0.99698694
-0.07081906,0.90417362,0.00301306,0.99698694
-0.07077773,0.90383973,0.00301306,0.99698694
-0.07072368,0.90350584,0.00301306,0.99698694
-0.07058617,0.90317195,0.00301306,0.99698694
-0.07056440,0.90283806,0.00301306,0.99698694
-0.07042201,0.90250417,0.00301306,0.99698694
-0.07037232,0.90217028,0.00301306,0.99698694
-0.07030967,0.90183639,0.00301306,0.99698694
-0.06993748,0.90150250,0.00301306,0.99698694
-0.06977563,0.90116861,0.00301306,0.99698694
-0.06974371,0.90083472,0.00301306,0.99698694
-0.06965707,0.90050083,0.00301306,0.99698694
-0.06937224,0.90016694,0.00301306,0.99698694
-0.06935994,0.89983306,0.00301306,0.99698694
-0.06930631,0.89949917,0.00301306,0.99698694
-0.06913747,0.89916528,0.00301306,0.99698694
-0.06913418,0.89883139,0.00301306,0.99698694
-0.06903168,0.89849750,0.00301306,0.99698694
-0.06897493,0.89816361,0.00301306,0.99698694
-0.06891951,0.89782972,0.00301306,0.99698694
-0.06886082,0.89749583,0.00301306,0.99698694
-0.06874150,0.89716194,0.00301306,0.99698694
-0.06872575,0.89682805,0.00301306,0.99698694
-0.06872220,0.89649416,0.00301306,0.99698694
-0.06866103,0.89616027,0.00301306,0.99698694
-0.06859788,0.89582638,0.00301306,0.99698694
-0.06853146,0.89582638,0.00334784,0.99665216
-0.06848013,0.89549249,0.00334784,0.99665216
-0.06847748,0.89515860,0.00334784,0.99665216
-0.06833456,0.89482471,0.00334784,0.99665216
-0.06826326,0.89482471,0.00368262,0.99631738
-0.06801447,0.89449082,0.00368262,0.99631738
-0.06798059,0.89415693,0.00368262,0.99631738
-0.06791747,0.89382304,0.00368262,0.99631738
-0.06787130,0.89348915,0.00368262,0.99631738
-0.06779808,0.89315526,0.00368262,0.99631738
-0.06764300,0.89282137,0.00368262,0.99631738
-0.06754018,0.89248748,0.00368262,0.99631738
-0.06733180,0.89215359,0.00368262,0.99631738
-0.06731191,0.89181970,0.00368262,0.99631738
-0.06723711,0.89148581,0.00368262,0.99631738
-0.06721137,0.89148581,0.00401741,0.99598259
-0.06715197,0.89115192,0.00401741,0.99598259
-0.06703290,0.89081803,0.00401741,0.99598259
-0.06671751,0.89048414,0.00401741,0.99598259
-0.06653531,0.89015025,0.00401741,0.99598259
-0.06649966,0.88981636,0.00401741,0.99598259
-0.06648993,0.88948247,0.00401741,0.99598259
-0.06645712,0.88914858,0.00401741,0.99598259
-0.06641442,0.88881469,0.00401741,0.99598259
-0.06616972,0.88848080,0.00401741,0.99598259
-0.06569634,0.88814691,0.00401741,0.99598259
-0.06560704,0.88781302,0.00401741,0.99598259
-0.06547568,0.88781302,0.00435219,0.99564781
-0.06545676,0.88747913,0.00435219,0.99564781
-0.06527263,0.88714524,0.00435219,0.99564781
-0.06519313,0.88681135,0.00435219,0.99564781
-0.06515142,0.88647746,0.00435219,0.99564781
-0.06515030,0.88614357,0.00435219,0.99564781
-0.06505283,0.88580968,0.00435219,0.99564781
-0.06498280,0.88547579,0.00435219,0.99564781
-0.06494670,0.88514190,0.00435219,0.99564781
-0.06481627,0.88480801,0.00435219,0.99564781
-0.06480061,0.88447412,0.00435219,0.99564781
-0.06479068,0.88414023,0.00435219,0.99564781
-0.06477195,0.88380634,0.00435219,0.99564781
-0.06447457,0.88347245,0.00435219,0.99564781
-0.06447285,0.88313856,0.00435219,0.99564781
-0.06432686,0.88280467,0.00435219,0.99564781
-0.06421290,0.88247078,0.00435219,0.99564781
-0.06409369,0.88213689,0.00435219,0.99564781
-0.06398096,0.88180301,0.00435219,0.99564781
-0.06392768,0.88146912,0.00435219,0.99564781
-0.06369432,0.88113523,0.00435219,0.99564781
-0.06369232,0.88080134,0.00435219,0.99564781
-0.06360584,0.88046745,0.00435219,0.99564781
-0.06357495,0.88013356,0.00435219,0.99564781
-0.06351286,0.87979967,0.00435219,0.99564781
-0.06351040,0.87946578,0.00435219,0.99564781
-0.06349158,0.87913189,0.00435219,0.99564781
-0.06317174,0.87879800,0.00435219,0.99564781
-0.06310359,0.87846411,0.00435219,0.99564781
-0.06301990,0.87813022,0.00435219,0.99564781
-0.06299643,0.87779633,0.00435219,0.99564781
-0.06290957,0.87746244,0.00435219,0.99564781
-0.06243258,0.87712855,0.00435219,0.99564781
-0.06237041,0.87679466,0.00435219,0.99564781
-0.06234799,0.87646077,0.00435219,0.99564781
-0.06218386,0.87612688,0.00435219,0.99564781
-0.06216999,0.87579299,0.00435219,0.99564781
-0.06205205,0.87545910,0.00435219,0.99564781
-0.06202181,0.87512521,0.00435219,0.99564781
-0.06194784,0.87479132,0.00435219,0.99564781
-0.06185849,0.87445743,0.00435219,0.99564781
-0.06152549,0.87412354,0.00435219,0.99564781
-0.06137985,0.87378965,0.00435219,0.99564781
-0.06130066,0.87345576,0.00435219,0.99564781
-0.06109697,0.87312187,0.00435219,0.99564781
-0.06107100,0.87278798,0.00435219,0.99564781
-0.06104765,0.87245409,0.00435219,0.99564781
-0.06098594,0.87212020,0.00435219,0.99564781
-0.06092545,0.87178631,0.00435219,0.99564781
-0.06084308,0.87145242,0.00435219,0.99564781
-0.06080135,0.87111853,0.00435219,0.99564781
-0.06075495,0.87078464,0.00435219,0.99564781
-0.06074936,0.87045075,0.00435219,0.99564781
-0.06070314,0.87011686,0.00435219,0.99564781
-0.06066851,0.86978297,0.00435219,0.99564781
-0.06062582,0.86944908,0.00435219,0.99564781
-0.06058408,0.86911519,0.00435219,0.99564781
-0.06051583,0.86878130,0.00435219,0.99564781
-0.06045422,0.86844741,0.00435219,0.99564781
-0.06042366,0.86811352,0.00435219,0.99564781
-0.06018198,0.86777963,0.00435219,0.99564781
-0.06017800,0.86744574,0.00435219,0.99564781
-0.06012751,0.86711185,0.00435219,0.99564781
-0.05996905,0.86677796,0.00435219,0.99564781
-0.05992676,0.86644407,0.00435219,0.99564781
-0.05986321,0.86611018,0.00435219,0.99564781
-0.05979097,0.86577629,0.00435219,0.99564781
-0.05946479,0.86544240,0.00435219,0.99564781
-0.05944320,0.86510851,0.00435219,0.99564781
-0.05941572,0.86477462,0.00435219,0.99564781
-0.05935214,0.86444073,0.00435219,0.99564781
-0.05925441,0.86410684,0.00435219,0.99564781
-0.05923714,0.86377295,0.00435219,0.99564781
-0.05916012,0.86343907,0.00435219,0.99564781
-0.05911293,0.86310518,0.00435219,0.99564781
-0.05910625,0.86277129,0.00435219,0.99564781
-0.05905267,0.86243740,0.00435219,0.99564781
-0.05902420,0.86210351,0.00435219,0.99564781
-0.05894354,0.86176962,0.00435219,0.99564781
-0.05893693,0.86143573,0.00435219,0.99564781
-0.05870822,0.86110184,0.00435219,0.99564781
-0.05862198,0.86076795,0.00435219,0.99564781
-0.05858308,0.86043406,0.00435219,0.99564781
-0.05857461,0.86010017,0.00435219,0.99564781
-0.05843540,0.85976628,0.00435219,0.99564781
-0.05833610,0.85943239,0.00435219,0.99564781
-0.05807049,0.85909850,0.00435219,0.99564781
-0.05803924,0.85876461,0.00435219,0.99564781
-0.05794463,0.85843072,0.00435219,0.99564781
-0.05782594,0.85809683,0.00435219,0.99564781
-0.05782519,0.85776294,0.00435219,0.99564781
-0.05733985,0.85742905,0.00435219,0.99564781
-0.05733456,0.85709516,0.00435219,0.99564781
-0.05730095,0.85676127,0.00435219,0.99564781
-0.05723138,0.85642738,0.00435219,0.99564781
-0.05718116,0.85609349,0.00435219,0.99564781
-0.05717253,0.85575960,0.00435219,0.99564781
-0.05712619,0.85542571,0.00435219,0.99564781
-0.05705241,0.85509182,0.00435219,0.99564781
-0.05701070,0.85475793,0.00435219,0.99564781
-0.05697828,0.85442404,0.00435219,0.99564781
-0.05696062,0.85409015,0.00435219,0.99564781
-0.05675109,0.85375626,0.00435219,0.99564781
-0.05659949,0.85342237,0.00435219,0.99564781
-0.05658261,0.85308848,0.00435219,0.99564781
-0.05648352,0.85275459,0.00435219,0.99564781
-0.05597611,0.85242070,0.00435219,0.99564781
-0.05595937,0.85208681,0.00435219,0.99564781
-0.05582797,0.85175292,0.00435219,0.99564781
-0.05580817,0.85141903,0.00435219,0.99564781
-0.05572494,0.85108514,0.00435219,0.99564781
-0.05561614,0.85075125,0.00435219,0.99564781
-0.05559525,0.85041736,0.00435219,0.99564781
-0.05531890,0.85008347,0.00435219,0.99564781
-0.05515385,0.84974958,0.00435219,0.99564781
-0.05511770,0.84941569,0.00435219,0.99564781
-0.05510964,0.84908180,0.00435219,0.99564781
-0.05495659,0.84874791,0.00435219,0.99564781
-0.05474966,0.84841402,0.00435219,0.99564781
-0.05474450,0.84808013,0.00435219,0.99564781
-0.05473154,0.84774624,0.00435219,0.99564781
-0.05469633,0.84741235,0.00435219,0.99564781
-0.05460412,0.84707846,0.00435219,0.99564781
-0.05460057,0.84674457,0.00435219,0.99564781
-0.05454631,0.84641068,0.00435219,0.99564781
-0.05437579,0.84607679,0.00435219,0.99564781
-0.05415216,0.84574290,0.00435219,0.99564781
-0.05411201,0.84540902,0.00435219,0.99564781
-0.05409037,0.84507513,0.00435219,0.99564781
-0.05408125,0.84474124,0.00435219,0.99564781
-0.05398116,0.84440735,0.00435219,0.99564781
-0.05396293,0.84407346,0.00435219,0.99564781
-0.05395805,0.84373957,0.00435219,0.99564781
-0.05387743,0.84340568,0.00435219,0.99564781
-0.05380128,0.84307179,0.00435219,0.99564781
-0.05376799,0.84273790,0.00435219,0.99564781
-0.05363506,0.84240401,0.00435219,0.99564781
-0.05349728,0.84207012,0.00435219,0.99564781
-0.05349525,0.84173623,0.00435219,0.99564781
-0.05347071,0.84140234,0.00435219,0.99564781
-0.05331022,0.84106845,0.00435219,0.99564781
-0.05323188,0.84073456,0.00435219,0.99564781
-0.05323006,0.84040067,0.00435219,0.99564781
-0.05320814,0.84006678,0.00435219,0.99564781
-0.05314722,0.83973289,0.00435219,0.99564781
-0.05311150,0.83939900,0.00435219,0.99564781
-0.05310644,0.83906511,0.00435219,0.99564781
-0.05302361,0.83873122,0.00435219,0.99564781
-0.05297387,0.83839733,0.00435219,0.99564781
-0.05291192,0.83806344,0.00435219,0.99564781
-0.05247784,0.83806344,0.00468698,0.99531302
-0.05246352,0.83772955,0.00468698,0.99531302
-0.05243731,0.83739566,0.00468698,0.99531302
-0.05222801,0.83706177,0.00468698,0.99531302
-0.05198266,0.83672788,0.00468698,0.99531302
-0.05193574,0.83639399,0.00468698,0.99531302
-0.05192254,0.83606010,0.00468698,0.99531302
-0.05191121,0.83572621,0.00468698,0.99531302
-0.05189981,0.83539232,0.00468698,0.99531302
-0.05159717,0.83505843,0.00468698,0.99531302
-0.05148680,0.83472454,0.00468698,0.99531302
-0.05144477,0.83439065,0.00468698,0.99531302
-0.05129107,0.83405676,0.00468698,0.99531302
-0.05127607,0.83372287,0.00468698,0.99531302
-0.05126090,0.83338898,0.00468698,0.99531302
-0.05123786,0.83305509,0.00468698,0.99531302
-0.05116370,0.83272120,0.00468698,0.99531302
-0.05086033,0.83238731,0.00468698,0.99531302
-0.05071350,0.83205342,0.00468698,0.99531302
-0.05066304,0.83171953,0.00468698,0.99531302
-0.05055428,0.83138564,0.00468698,0.99531302
-0.05042271,0.83105175,0.00468698,0.99531302
-0.05036468,0.83071786,0.00468698,0.99531302
-0.05031680,0.83038397,0.00468698,0.99531302
-0.05024405,0.83005008,0.00468698,0.99531302
-0.05023540,0.82971619,0.00468698,0.99531302
-0.05006635,0.82938230,0.00468698,0.99531302
-0.05004040,0.82904841,0.00468698,0.99531302
-0.04986326,0.82871452,0.00468698,0.99531302
-0.04981590,0.82838063,0.00468698,0.99531302
-0.04971662,0.82804674,0.00468698,0.99531302
-0.04958194,0.82771285,0.00468698,0.99531302
-0.04954392,0.82737896,0.00468698,0.99531302
-0.04953757,0.82704508,0.00468698,0.99531302
-0.04943046,0.82671119,0.00468698,0.99531302
-0.04942669,0.82637730,0.00468698,0.99531302
-0.04929858,0.82604341,0.00468698,0.99531302
-0.04929308,0.82570952,0.00468698,0.99531302
-0.04927433,0.82537563,0.00468698,0.99531302
-0.04922236,0.82504174,0.00468698,0.99531302
-0.04909749,0.82470785,0.00468698,0.99531302
-0.04908827,0.82437396,0.00468698,0.99531302
-0.04905460,0.82404007,0.00468698,0.99531302
-0.04892866,0.82370618,0.00468698,0.99531302
-0.04892451,0.82337229,0.00468698,0.99531302
-0.04862705,0.82303840,0.00468698,0.99531302
-0.04832006,0.82270451,0.00468698,0.99531302
-0.04815263,0.82237062,0.00468698,0.99531302
-0.04814711,0.82203673,0.00468698,0.99531302
-0.04796701,0.82170284,0.00468698,0.99531302
-0.04796659,0.82170284,0.00502176,0.99497824
-0.04792898,0.82136895,0.00502176,0.99497824
-0.04769719,0.82103506,0.00502176,0.99497824
-0.04760616,0.82070117,0.00502176,0.99497824
-0.04755441,0.82036728,0.00502176,0.99497824
-0.04753942,0.82003339,0.00502176,0.99497824
-0.04745886,0.81969950,0.00502176,0.99497824
-0.04745617,0.81936561,0.00502176,0.99497824
-0.04745280,0.81903172,0.00502176,0.99497824
-0.04745219,0.81869783,0.00502176,0.99497824
-0.04742014,0.81836394,0.00502176,0.99497824
-0.04738333,0.81803005,0.00502176,0.99497824
-0.04723946,0.81769616,0.00502176,0.99497824
-0.04718677,0.81736227,0.00502176,0.99497824
-0.04704653,0.81702838,0.00502176,0.99497824
-0.04704056,0.81669449,0.00502176,0.99497824
-0.04694354,0.81669449,0.00535655,0.99464345
-0.04685380,0.81636060,0.00535655,0.99464345
-0.04676104,0.81602671,0.00535655,0.99464345
-0.04660929,0.81569282,0.00535655,0.99464345
-0.04660925,0.81535893,0.00535655,0.99464345
-0.04650886,0.81502504,0.00535655,0.99464345
-0.04617130,0.81469115,0.00535655,0.99464345
-0.04603930,0.81435726,0.00535655,0.99464345
-0.04600807,0.81402337,0.00535655,0.99464345
-0.04595440,0.81368948,0.00535655,0.99464345
-0.04590467,0.81335559,0.00535655,0.99464345
-0.04590388,0.81302170,0.00535655,0.99464345
-0.04589740,0.81268781,0.00535655,0.99464345
-0.04585067,0.81235392,0.00535655,0.99464345
-0.04584025,0.81202003,0.00535655,0.99464345
-0.04582419,0.81168614,0.00535655,0.99464345
-0.04565247,0.81135225,0.00535655,0.99464345
-0.04558881,0.81101836,0.00535655,0.99464345
-0.04544966,0.81068447,0.00535655,0.99464345
-0.04539126,0.81035058,0.00535655,0.99464345
-0.04530186,0.81001669,0.00535655,0.99464345
-0.04527899,0.80968280,0.00535655,0.99464345
-0.04525754,0.80934891,0.00535655,0.99464345
-0.04522999,0.80934891,0.00569133,0.99430867
-0.04518120,0.80901503,0.00569133,0.99430867
-0.04513228,0.80868114,0.00569133,0.99430867
-0.04507372,0.80834725,0.00569133,0.99430867
-0.04506657,0.80801336,0.00569133,0.99430867
-0.04504536,0.80767947,0.00569133,0.99430867
-0.04502302,0.80734558,0.00569133,0.99430867
-0.04496939,0.80701169,0.00569133,0.99430867
-0.04491146,0.80667780,0.00569133,0.99430867
-0.04486991,0.80634391,0.00569133,0.99430867
-0.04479950,0.80601002,0.00569133,0.99430867
-0.04470003,0.80567613,0.00569133,0.99430867
-0.04467232,0.80534224,0.00569133,0.99430867
-0.04465219,0.80500835,0.00569133,0.99430867
-0.04456241,0.80467446,0.00569133,0.99430867
-0.04451007,0.80434057,0.00569133,0.99430867
-0.04450308,0.80400668,0.00569133,0.99430867
-0.04421939,0.80367279,0.00569133,0.99430867
-0.04417014,0.80333890,0.00569133,0.99430867
-0.04404933,0.80300501,0.00569133,0.99430867
-0.04397540,0.80267112,0.00569133,0.99430867
-0.04394117,0.80233723,0.00569133,0.99430867
-0.04385627,0.80200334,0.00569133,0.99430867
-0.04384933,0.80166945,0.00569133,0.99430867
-0.04375369,0.80133556,0.00569133,0.99430867
-0.04373124,0.80100167,0.00569133,0.99430867
-0.04366548,0.80066778,0.00569133,0.99430867
-0.04365937,0.80033389,0.00569133,0.99430867
-0.04364623,0.80000000,0.00569133,0.99430867
-0.04353896,0.79966611,0.00569133,0.99430867
-0.04343972,0.79933222,0.00569133,0.99430867
-0.04338231,0.79899833,0.00569133,0.99430867
-0.04337064,0.79866444,0.00569133,0.99430867
-0.04319380,0.79833055,0.00569133,0.99430867
-0.04319332,0.79799666,0.00569133,0.99430867
-0.04312338,0.79766277,0.00569133,0.99430867
-0.04311864,0.79732888,0.00569133,0.99430867
-0.04310188,0.79699499,0.00569133,0.99430867
-0.04300833,0.79666110,0.00569133,0.99430867
-0.04297617,0.79632721,0.00569133,0.99430867
-0.04297448,0.79599332,0.00569133,0.99430867
-0.04297295,0.79565943,0.00569133,0.99430867
-0.04292458,0.79532554,0.00569133,0.99430867
-0.04292114,0.79499165,0.00569133,0.99430867
-0.04287224,0.79465776,0.00569133,0.99430867
-0.04272895,0.79432387,0.00569133,0.99430867
-0.04252608,0.79398998,0.00569133,0.99430867
-0.04250327,0.79365609,0.00569133,0.99430867
-0.04244851,0.79332220,0.00569133,0.99430867
-0.04241071,0.79298831,0.00569133,0.99430867
-0.04236976,0.79265442,0.00569133,0.99430867
-0.04232705,0.79232053,0.00569133,0.99430867
-0.04232048,0.79198664,0.00569133,0.99430867
-0.04225774,0.79165275,0.00569133,0.99430867
-0.04224175,0.79131886,0.00569133,0.99430867
-0.04204146,0.79098497,0.00569133,0.99430867
-0.04193376,0.79065109,0.00569133,0.99430867
-0.04192440,0.79031720,0.00569133,0.99430867
-0.04189561,0.78998331,0.00569133,0.99430867
-0.04166232,0.78964942,0.00569133,0.99430867
-0.04165998,0.78931553,0.00569133,0.99430867
-0.04158070,0.78898164,0.00569133,0.99430867
-0.04153508,0.78864775,0.00569133,0.99430867
-0.04151056,0.78831386,0.00569133,0.99430867
-0.04146264,0.78797997,0.00569133,0.99430867
-0.04130784,0.78764608,0.00569133,0.99430867
-0.04118624,0.78731219,0.00569133,0.99430867
-0.04113786,0.78697830,0.00569133,0.99430867
-0.04109252,0.78664441,0.00569133,0.99430867
-0.04107811,0.78631052,0.00569133,0.99430867
-0.04099574,0.78597663,0.00569133,0.99430867
-0.04098104,0.78564274,0.00569133,0.99430867
-0.04095469,0.78530885,0.00569133,0.99430867
-0.04092447,0.78497496,0.00569133,0.99430867
-0.04084662,0.78464107,0.00569133,0.99430867
-0.04076776,0.78430718,0.00569133,0.99430867
-0.04072735,0.78397329,0.00569133,0.99430867
-0.04070210,0.78363940,0.00569133,0.99430867
-0.04066272,0.78330551,0.00569133,0.99430867
-0.04065842,0.78297162,0.00569133,0.99430867
-0.04064144,0.78263773,0.00569133,0.99430867
-0.04063283,0.78230384,0.00569133,0.99430867
-0.04056896,0.78196995,0.00569133,0.99430867
-0.04051638,0.78163606,0.00569133,0.99430867
-0.04041614,0.78130217,0.00569133,0.99430867
-0.04035036,0.78096828,0.00569133,0.99430867
-0.04033132,0.78063439,0.00569133,0.99430867
-0.04018767,0.78030050,0.00569133,0.99430867
-0.04014347,0.77996661,0.00569133,0.99430867
-0.04012683,0.77963272,0.00569133,0.99430867
-0.04009240,0.77929883,0.00569133,0.99430867
-0.03989515,0.77896494,0.00569133,0.99430867
-0.03986974,0.77863105,0.00569133,0.99430867
-0.03983279,0.77829716,0.00569133,0.99430867
-0.03970535,0.77796327,0.00569133,0.99430867
-0.03967811,0.77762938,0.00569133,0.99430867
-0.03958716,0.77729549,0.00569133,0.99430867
-0.03947822,0.77696160,0.00569133,0.99430867
-0.03946910,0.77662771,0.00569133,0.99430867
-0.03944727,0.77629382,0.00569133,0.99430867
-0.03932333,0.77595993,0.00569133,0.99430867
-0.03928984,0.77562604,0.00569133,0.99430867
-0.03927933,0.77529215,0.00569133,0.99430867
-0.03927718,0.77495826,0.00569133,0.99430867
-0.03923639,0.77462437,0.00569133,0.99430867
-0.03919279,0.77429048,0.00569133,0.99430867
-0.03918066,0.77395659,0.00569133,0.99430867
-0.03907979,0.77362270,0.00569133,0.99430867
-0.03898010,0.77328881,0.00569133,0.99430867
-0.03897084,0.77295492,0.00569133,0.99430867
-0.03894228,0.77262104,0.00569133,0.99430867
-0.03888756,0.77228715,0.00569133,0.99430867
-0.03886712,0.77195326,0.00569133,0.99430867
-0.03886198,0.77161937,0.00569133,0.99430867
-0.03884949,0.77128548,0.00569133,0.99430867
-0.03879922,0.77095159,0.00569133,0.99430867
-0.03869232,0.77061770,0.00569133,0.99430867
-0.03867229,0.77028381,0.00569133,0.99430867
-0.03865391,0.76994992,0.00569133,0.99430867
-0.03859448,0.76961603,0.00569133,0.99430867
-0.03854196,0.76928214,0.00569133,0.99430867
-0.03826237,0.76928214,0.00602611,0.99397389
-0.03823704,0.76894825,0.00602611,0.99397389
-0.03823218,0.76861436,0.00602611,0.99397389
-0.03815963,0.76828047,0.00602611,0.99397389
-0.03814406,0.76794658,0.00602611,0.99397389
-0.03802218,0.76761269,0.00602611,0.99397389
-0.03801438,0.76727880,0.00602611,0.99397389
-0.03794935,0.76694491,0.00602611,0.99397389
-0.03779596,0.76661102,0.00602611,0.99397389
-0.03777393,0.76627713,0.00602611,0.99397389
-0.03777185,0.76594324,0.00602611,0.99397389
-0.03775306,0.76560935,0.00602611,0.99397389
-0.03770470,0.76560935,0.00636090,0.99363910
-0.03767567,0.76527546,0.00636090,0.99363910
-0.03762072,0.76494157,0.00636090,0.99363910
-0.03757729,0.76460768,0.00636090,0.99363910
-0.03755705,0.76427379,0.00636090,0.99363910
-0.03740967,0.76393990,0.00636090,0.99363910
-0.03722558,0.76360601,0.00636090,0.99363910
-0.03719601,0.76327212,0.00636090,0.99363910
-0.03716700,0.76293823,0.00636090,0.99363910
-0.03715052,0.76260434,0.00636090,0.99363910
-0.03709158,0.76227045,0.00636090,0.99363910
-0.03703984,0.76193656,0.00636090,0.99363910
-0.03696153,0.76160267,0.00636090,0.99363910
-0.03694626,0.76126878,0.00636090,0.99363910
-0.03694362,0.76093489,0.00636090,0.99363910
-0.03694129,0.76060100,0.00636090,0.99363910
-0.03685199,0.76026711,0.00636090,0.99363910
-0.03684365,0.75993322,0.00636090,0.99363910
-0.03673678,0.75959933,0.00636090,0.99363910
-0.03672972,0.75926544,0.00636090,0.99363910
-0.03669363,0.75893155,0.00636090,0.99363910
-0.03664787,0.75859766,0.00636090,0.99363910
-0.03663610,0.75826377,0.00636090,0.99363910
-0.03662900,0.75792988,0.00636090,0.99363910
-0.03661081,0.75759599,0.00636090,0.99363910
-0.03651019,0.75726210,0.00636090,0.99363910
-0.03647916,0.75692821,0.00636090,0.99363910
-0.03638997,0.75659432,0.00636090,0.99363910
-0.03634586,0.75626043,0.00636090,0.99363910
-0.03621854,0.75592654,0.00636090,0.99363910
-0.03616876,0.75559265,0.00636090,0.99363910
-0.03608488,0.75525876,0.00636090,0.99363910
-0.03608212,0.75492487,0.00636090,0.99363910
-0.03595628,0.75459098,0.00636090,0.99363910
-0.03594262,0.75425710,0.00636090,0.99363910
-0.03588210,0.75392321,0.00636090,0.99363910
-0.03582504,0.75358932,0.00636090,0.99363910
-0.03572713,0.75325543,0.00636090,0.99363910
-0.03572605,0.75292154,0.00636090,0.99363910
-0.03566201,0.75258765,0.00636090,0.99363910
-0.03563798,0.75225376,0.00636090,0.99363910
-0.03559519,0.75191987,0.00636090,0.99363910
-0.03559098,0.75158598,0.00636090,0.99363910
-0.03553994,0.75125209,0.00636090,0.99363910
-0.03547973,0.75091820,0.00636090,0.99363910
-0.03546766,0.75091820,0.00669568,0.99330432
-0.03543826,0.75058431,0.00669568,0.99330432
-0.03535182,0.75025042,0.00669568,0.99330432
-0.03521140,0.74991653,0.00669568,0.99330432
-0.03513175,0.74958264,0.00669568,0.99330432
-0.03512185,0.74924875,0.00669568,0.99330432
-0.03508285,0.74891486,0.00669568,0.99330432
-0.03504759,0.74858097,0.00669568,0.99330432
-0.03502269,0.74824708,0.00669568,0.99330432
-0.03499780,0.74791319,0.00669568,0.99330432
-0.03491050,0.74757930,0.00669568,0.99330432
-0.03484585,0.74724541,0.00669568,0.99330432
-0.03484165,0.74691152,0.00669568,0.99330432
-0.03477754,0.74657763,0.00669568,0.99330432
-0.03475421,0.74624374,0.00669568,0.99330432
-0.03459091,0.74590985,0.00669568,0.99330432
-0.03458509,0.74590985,0.00703047,0.99296953
-0.03451480,0.74557596,0.00703047,0.99296953
-0.03438750,0.74524207,0.00703047,0.99296953
-0.03437079,0.74490818,0.00703047,0.99296953
-0.03430279,0.74457429,0.00703047,0.99296953
-0.03424180,0.74424040,0.00703047,0.99296953
-0.03422983,0.74390651,0.00703047,0.99296953
-0.03409427,0.74357262,0.00703047,0.99296953
-0.03405314,0.74323873,0.00703047,0.99296953
-0.03402832,0.74290484,0.00703047,0.99296953
-0.03388743,0.74257095,0.00703047,0.99296953
-0.03373903,0.74223706,0.00703047,0.99296953
-0.03370219,0.74190317,0.00703047,0.99296953
-0.03366430,0.74156928,0.00703047,0.99296953
-0.03365611,0.74123539,0.00703047,0.99296953
-0.03365538,0.74090150,0.00703047,0.99296953
-0.03358023,0.74056761,0.00703047,0.99296953
-0.03351986,0.74056761,0.00736525,0.99263475
-0.03333585,0.74023372,0.00736525,0.99263475
-0.03324777,0.73989983,0.00736525,0.99263475
-0.03323809,0.73956594,0.00736525,0.99263475
-0.03322621,0.73923205,0.00736525,0.99263475
-0.03317928,0.73889816,0.00736525,0.99263475
-0.03315051,0.73856427,0.00736525,0.99263475
-0.03310603,0.73823038,0.00736525,0.99263475
-0.03307980,0.73789649,0.00736525,0.99263475
-0.03289526,0.73756260,0.00736525,0.99263475
-0.03286786,0.73722871,0.00736525,0.99263475
-0.03278011,0.73689482,0.00736525,0.99263475
-0.03258399,0.73656093,0.00736525,0.99263475
-0.03257810,0.73622705,0.00736525,0.99263475
-0.03257180,0.73589316,0.00736525,0.99263475
-0.03252682,0.73555927,0.00736525,0.99263475
-0.03238386,0.73555927,0.00770003,0.99229997
-0.03237100,0.73522538,0.00770003,0.99229997
-0.03223133,0.73489149,0.00770003,0.99229997
-0.03216759,0.73455760,0.00770003,0.99229997
-0.03210565,0.73422371,0.00770003,0.99229997
-0.03195023,0.73388982,0.00770003,0.99229997
-0.03194570,0.73355593,0.00770003,0.99229997
-0.03193438,0.73322204,0.00770003,0.99229997
-0.03189906,0.73288815,0.00770003,0.99229997
-0.03189593,0.73255426,0.00770003,0.99229997
-0.03166789,0.73222037,0.00770003,0.99229997
-0.03165857,0.73188648,0.00770003,0.99229997
-0.03162900,0.73155259,0.00770003,0.99229997
-0.03162692,0.73121870,0.00770003,0.99229997
-0.03162502,0.73088481,0.00770003,0.99229997
-0.03154831,0.73055092,0.00770003,0.99229997
-0.03147611,0.73055092,0.00803482,0.99196518
-0.03145509,0.73021703,0.00803482,0.99196518
-0.03142283,0.72988314,0.00803482,0.99196518
-0.03141285,0.72954925,0.00803482,0.99196518
-0.03138411,0.72921536,0.00803482,0.99196518
-0.03134990,0.72888147,0.00803482,0.99196518
-0.03127609,0.72854758,0.00803482,0.99196518
-0.03119691,0.72821369,0.00803482,0.99196518
-0.03106948,0.72787980,0.00803482,0.99196518
-0.03101018,0.72754591,0.00803482,0.99196518
-0.03089758,0.72721202,0.00803482,0.99196518
-0.03085943,0.72687813,0.00803482,0.99196518
-0.03075593,0.72654424,0.00803482,0.99196518
-0.03073486,0.72621035,0.00803482,0.99196518
-0.03062837,0.72587646,0.00803482,0.99196518
-0.03061622,0.72554257,0.00803482,0.99196518
-0.03054930,0.72520868,0.00803482,0.99196518
-0.03051110,0.72487479,0.00803482,0.99196518
-0.03047501,0.72454090,0.00803482,0.99196518
-0.03038973,0.72420701,0.00803482,0.99196518
-0.03038411,0.72387312,0.00803482,0.99196518
-0.03037544,0.72353923,0.00803482,0.99196518
-0.03029813,0.72320534,0.00803482,0.99196518
-0.03021887,0.72287145,0.00803482,0.99196518
-0.03017417,0.72253756,0.00803482,0.99196518
-0.03014333,0.72220367,0.00803482,0.99196518
-0.03008239,0.72186978,0.00803482,0.99196518
-0.03004657,0.72153589,0.00803482,0.99196518
-0.02969962,0.72120200,0.00803482,0.99196518
-0.02968518,0.72086811,0.00803482,0.99196518
-0.02965756,0.72086811,0.00836960,0.99163040
-0.02951832,0.72053422,0.00836960,0.99163040
-0.02932881,0.72020033,0.00836960,0.99163040
-0.02932655,0.71986644,0.00836960,0.99163040
-0.02920375,0.71953255,0.00836960,0.99163040
-0.02919629,0.71919866,0.00836960,0.99163040
-0.02914075,0.71886477,0.00836960,0.99163040
-0.02907638,0.71853088,0.00836960,0.99163040
-0.02906651,0.71819699,0.00836960,0.99163040
-0.02905437,0.71786311,0.00836960,0.99163040
-0.02895452,0.71752922,0.00836960,0.99163040
-0.02894267,0.71719533,0.00836960,0.99163040
-0.02885250,0.71686144,0.00836960,0.99163040
-0.02872401,0.71652755,0.00836960,0.99163040
-0.02872225,0.71619366,0.00836960,0.99163040
-0.02871247,0.71585977,0.00836960,0.99163040
-0.02870342,0.71552588,0.00836960,0.99163040
-0.02867030,0.71519199,0.00836960,0.99163040
-0.02866816,0.71485810,0.00836960,0.99163040
-0.02866686,0.71452421,0.00836960,0.99163040
-0.02862307,0.71419032,0.00836960,0.99163040
-0.02861882,0.71385643,0.00836960,0.99163040
-0.02861664,0.71352254,0.00836960,0.99163040
-0.02861350,0.71318865,0.00836960,0.99163040
-0.02854128,0.71285476,0.00836960,0.99163040
-0.02853261,0.71252087,0.00836960,0.99163040
-0.02841417,0.71218698,0.00836960,0.99163040
-0.02840525,0.71185309,0.00836960,0.99163040
-0.02825019,0.71151920,0.00836960,0.99163040
-0.02824682,0.71118531,0.00836960,0.99163040
-0.02820020,0.71085142,0.00836960,0.99163040
-0.02809517,0.71051753,0.00836960,0.99163040
-0.02809091,0.71018364,0.00836960,0.99163040
-0.02806373,0.70984975,0.00836960,0.99163040
-0.02801604,0.70951586,0.00836960,0.99163040
-0.02797193,0.70951586,0.00870439,0.99129561
-0.02795092,0.70918197,0.00870439,0.99129561
-0.02793350,0.70884808,0.00870439,0.99129561
-0.02787012,0.70851419,0.00870439,0.99129561
-0.02786419,0.70818030,0.00870439,0.99129561
-0.02782272,0.70784641,0.00870439,0.99129561
-0.02771175,0.70751252,0.00870439,0.99129561
-0.02770288,0.70717863,0.00870439,0.99129561
-0.02761672,0.70684474,0.00870439,0.99129561
-0.02761096,0.70651085,0.00870439,0.99129561
-0.02748840,0.70617696,0.00870439,0.99129561
-0.02747053,0.70584307,0.00870439,0.99129561
-0.02743729,0.70550918,0.00870439,0.99129561
-0.02742135,0.70517529,0.00870439,0.99129561
-0.02733078,0.70484140,0.00870439,0.99129561
-0.02730134,0.70450751,0.00870439,0.99129561
-0.02725067,0.70417362,0.00870439,0.99129561
-0.02706247,0.70383973,0.00870439,0.99129561
-0.02706140,0.70350584,0.00870439,0.99129561
-0.02699536,0.70317195,0.00870439,0.99129561
-0.02689937,0.70283806,0.00870439,0.99129561
-0.02678351,0.70250417,0.00870439,0.99129561
-0.02674125,0.70217028,0.00870439,0.99129561
-0.02673075,0.70183639,0.00870439,0.99129561
-0.02653044,0.70150250,0.00870439,0.99129561
-0.02647156,0.70116861,0.00870439,0.99129561
-0.02645999,0.70083472,0.00870439,0.99129561
-0.02641948,0.70050083,0.00870439,0.99129561
-0.02629178,0.70016694,0.00870439,0.99129561
-0.02627614,0.69983306,0.00870439,0.99129561
-0.02621542,0.69949917,0.00870439,0.99129561
-0.02619600,0.69916528,0.00870439,0.99129561
-0.02618340,0.69883139,0.00870439,0.99129561
-0.02616825,0.69849750,0.00870439,0.99129561
-0.02611548,0.69816361,0.00870439,0.99129561
-0.02607865,0.69782972,0.00870439,0.99129561
-0.02606930,0.69749583,0.00870439,0.99129561
-0.02603506,0.69716194,0.00870439,0.99129561
-0.02599881,0.69682805,0.00870439,0.99129561
-0.02598707,0.69649416,0.00870439,0.99129561
-0.02586311,0.69616027,0.00870439,0.99129561
-0.02576227,0.69582638,0.00870439,0.99129561
-0.02570834,0.69549249,0.00870439,0.99129561
-0.02567293,0.69515860,0.00870439,0.99129561
-0.02559741,0.69482471,0.00870439,0.99129561
-0.02558485,0.69449082,0.00870439,0.99129561
-0.02556546,0.69415693,0.00870439,0.99129561
-0.02550007,0.69382304,0.00870439,0.99129561
-0.02542377,0.69348915,0.00870439,0.99129561
-0.02536855,0.69315526,0.00870439,0.99129561
-0.02526604,0.69282137,0.00870439,0.99129561
-0.02526072,0.69282137,0.00903917,0.99096083
-0.02519731,0.69248748,0.00903917,0.99096083
-0.02510655,0.69215359,0.00903917,0.99096083
-0.02508133,0.69181970,0.00903917,0.99096083
-0.02505259,0.69148581,0.00903917,0.99096083
-0.02503951,0.69148581,0.00937395,0.99062605
-0.02503756,0.69115192,0.00937395,0.99062605
-0.02489261,0.69081803,0.00937395,0.99062605
-0.02484385,0.69048414,0.00937395,0.99062605
-0.02483289,0.69015025,0.00937395,0.99062605
-0.02482354,0.68981636,0.00937395,0.99062605
-0.02482078,0.68948247,0.00937395,0.99062605
-0.02468209,0.68914858,0.00937395,0.99062605
-0.02450968,0.68881469,0.00937395,0.99062605
-0.02449562,0.68848080,0.00937395,0.99062605
-0.02442375,0.68814691,0.00937395,0.99062605
-0.02440785,0.68781302,0.00937395,0.99062605
-0.02439517,0.68747913,0.00937395,0.99062605
-0.02436602,0.68714524,0.00937395,0.99062605
-0.02434922,0.68681135,0.00937395,0.99062605
-0.02432888,0.68647746,0.00937395,0.99062605
-0.02429070,0.68614357,0.00937395,0.99062605
-0.02426690,0.68580968,0.00937395,0.99062605
-0.02415733,0.68547579,0.00937395,0.99062605
-0.02407333,0.68514190,0.00937395,0.99062605
-0.02405783,0.68480801,0.00937395,0.99062605
-0.02396243,0.68447412,0.00937395,0.99062605
-0.02394198,0.68414023,0.00937395,0.99062605
-0.02392377,0.68380634,0.00937395,0.99062605
-0.02391974,0.68347245,0.00937395,0.99062605
-0.02387510,0.68313856,0.00937395,0.99062605
-0.02385306,0.68280467,0.00937395,0.99062605
-0.02384161,0.68247078,0.00937395,0.99062605
-0.02376254,0.68213689,0.00937395,0.99062605
-0.02376073,0.68180301,0.00937395,0.99062605
-0.02360073,0.68146912,0.00937395,0.99062605
-0.02358309,0.68113523,0.00937395,0.99062605
-0.02356933,0.68080134,0.00937395,0.99062605
-0.02345190,0.68046745,0.00937395,0.99062605
-0.02341301,0.68013356,0.00937395,0.99062605
-0.02335605,0.67979967,0.00937395,0.99062605
-0.02329952,0.67946578,0.00937395,0.99062605
-0.02318847,0.67913189,0.00937395,0.99062605
-0.02315977,0.67879800,0.00937395,0.99062605
-0.02314248,0.67846411,0.00937395,0.99062605
-0.02312802,0.67813022,0.00937395,0.99062605
-0.02312650,0.67779633,0.00937395,0.99062605
-0.02296827,0.67746244,0.00937395,0.99062605
-0.02294475,0.67712855,0.00937395,0.99062605
-0.02294045,0.67679466,0.00937395,0.99062605
-0.02291734,0.67646077,0.00937395,0.99062605
-0.02280666,0.67612688,0.00937395,0.99062605
-0.02276913,0.67579299,0.00937395,0.99062605
-0.02276596,0.67545910,0.00937395,0.99062605
-0.02275513,0.67512521,0.00937395,0.99062605
-0.02275508,0.67479132,0.00937395,0.99062605
-0.02270885,0.67445743,0.00937395,0.99062605
-0.02268894,0.67412354,0.00937395,0.99062605
-0.02265929,0.67378965,0.00937395,0.99062605
-0.02260851,0.67345576,0.00937395,0.99062605
-0.02258245,0.67312187,0.00937395,0.99062605
-0.02255614,0.67278798,0.00937395,0.99062605
-0.02255580,0.67245409,0.00937395,0.99062605
-0.02255216,0.67212020,0.00937395,0.99062605
-0.02249116,0.67178631,0.00937395,0.99062605
-0.02247407,0.67145242,0.00937395,0.99062605
-0.02244482,0.67111853,0.00937395,0.99062605
-0.02221612,0.67078464,0.00937395,0.99062605
-0.02216485,0.67045075,0.00937395,0.99062605
-0.02213408,0.67011686,0.00937395,0.99062605
-0.02212888,0.66978297,0.00937395,0.99062605
-0.02211752,0.66944908,0.00937395,0.99062605
-0.02210746,0.66911519,0.00937395,0.99062605
-0.02210564,0.66878130,0.00937395,0.99062605
-0.02194946,0.66844741,0.00937395,0.99062605
-0.02194911,0.66811352,0.00937395,0.99062605
-0.02193222,0.66777963,0.00937395,0.99062605
-0.02190797,0.66744574,0.00937395,0.99062605
-0.02189155,0.66711185,0.00937395,0.99062605
-0.02187603,0.66677796,0.00937395,0.99062605
-0.02187182,0.66644407,0.00937395,0.99062605
-0.02179755,0.66611018,0.00937395,0.99062605
-0.02161909,0.66577629,0.00937395,0.99062605
-0.02160484,0.66544240,0.00937395,0.99062605
-0.02160376,0.66510851,0.00937395,0.99062605
-0.02145941,0.66477462,0.00937395,0.99062605
-0.02143428,0.66444073,0.00937395,0.99062605
-0.02137053,0.66410684,0.00937395,0.99062605
-0.02132008,0.66377295,0.00937395,0.99062605
-0.02128471,0.66343907,0.00937395,0.99062605
-0.02123348,0.66310518,0.00937395,0.99062605
-0.02119220,0.66277129,0.00937395,0.99062605
-0.02117669,0.66243740,0.00937395,0.99062605
-0.02109903,0.66210351,0.00937395,0.99062605
-0.02095573,0.66176962,0.00937395,0.99062605
-0.02093844,0.66143573,0.00937395,0.99062605
-0.02092524,0.66110184,0.00937395,0.99062605
-0.02090399,0.66110184,0.00970874,0.99029126
-0.02079399,0.66076795,0.00970874,0.99029126
-0.02078918,0.66043406,0.00970874,0.99029126
-0.02078709,0.66010017,0.00970874,0.99029126
-0.02069521,0.65976628,0.00970874,0.99029126
-0.02067572,0.65943239,0.00970874,0.99029126
-0.02056366,0.65909850,0.00970874,0.99029126
-0.02038216,0.65909850,0.01004352,0.98995648
-0.02037009,0.65876461,0.01004352,0.98995648
-0.02032537,0.65843072,0.01004352,0.98995648
-0.02024661,0.65809683,0.01004352,0.98995648
-0.02024181,0.65776294,0.01004352,0.98995648
-0.02021721,0.65776294,0.01037831,0.98962169
-0.02014598,0.65742905,0.01037831,0.98962169
-0.01987134,0.65709516,0.01037831,0.98962169
-0.01981681,0.65676127,0.01037831,0.98962169
-0.01981135,0.65642738,0.01037831,0.98962169
-0.01980880,0.65609349,0.01037831,0.98962169
-0.01979895,0.65575960,0.01037831,0.98962169
-0.01965962,0.65542571,0.01037831,0.98962169
-0.01963759,0.65509182,0.01037831,0.98962169
-0.01958569,0.65509182,0.01071309,0.98928691
-0.01953041,0.65475793,0.01071309,0.98928691
-0.01943031,0.65442404,0.01071309,0.98928691
-0.01938307,0.65409015,0.01071309,0.98928691
-0.01937683,0.65375626,0.01071309,0.98928691
-0.01936615,0.65342237,0.01071309,0.98928691
-0.01933192,0.65308848,0.01071309,0.98928691
-0.01931490,0.65275459,0.01071309,0.98928691
-0.01926227,0.65242070,0.01071309,0.98928691
-0.01891222,0.65208681,0.01071309,0.98928691
-0.01885377,0.65175292,0.01071309,0.98928691
-0.01883476,0.65141903,0.01071309,0.98928691
-0.01877861,0.65108514,0.01071309,0.98928691
-0.01868450,0.65075125,0.01071309,0.98928691
-0.01828316,0.65041736,0.01071309,0.98928691
-0.01824624,0.65008347,0.01071309,0.98928691
-0.01820980,0.65008347,0.01104787,0.98895213
-0.01815715,0.64974958,0.01104787,0.98895213
-0.01812938,0.64941569,0.01104787,0.98895213
-0.01812501,0.64908180,0.01104787,0.98895213
-0.01804947,0.64874791,0.01104787,0.98895213
-0.01793177,0.64841402,0.01104787,0.98895213
-0.01789841,0.64808013,0.01104787,0.98895213
-0.01784523,0.64774624,0.01104787,0.98895213
-0.01773573,0.64741235,0.01104787,0.98895213
-0.01763558,0.64707846,0.01104787,0.98895213
-0.01763077,0.64674457,0.01104787,0.98895213
-0.01756872,0.64641068,0.01104787,0.98895213
-0.01755715,0.64607679,0.01104787,0.98895213
-0.01753291,0.64574290,0.01104787,0.98895213
-0.01749222,0.64540902,0.01104787,0.98895213
-0.01743823,0.64507513,0.01104787,0.98895213
-0.01743464,0.64474124,0.01104787,0.98895213
-0.01740876,0.64440735,0.01104787,0.98895213
-0.01739216,0.64407346,0.01104787,0.98895213
-0.01733170,0.64373957,0.01104787,0.98895213
-0.01720457,0.64340568,0.01104787,0.98895213
-0.01709128,0.64307179,0.01104787,0.98895213
-0.01704856,0.64273790,0.01104787,0.98895213
-0.01685474,0.64240401,0.01104787,0.98895213
-0.01681599,0.64207012,0.01104787,0.98895213
-0.01679216,0.64173623,0.01104787,0.98895213
-0.01672957,0.64140234,0.01104787,0.98895213
-0.01666910,0.64106845,0.01104787,0.98895213
-0.01663927,0.64073456,0.01104787,0.98895213
-0.01658868,0.64040067,0.01104787,0.98895213
-0.01654412,0.64006678,0.01104787,0.98895213
-0.01649804,0.63973289,0.01104787,0.98895213
-0.01648552,0.63939900,0.01104787,0.98895213
-0.01648481,0.63906511,0.01104787,0.98895213
-0.01643821,0.63873122,0.01104787,0.98895213
-0.01631334,0.63839733,0.01104787,0.98895213
-0.01631271,0.63806344,0.01104787,0.98895213
-0.01630986,0.63772955,0.01104787,0.98895213
-0.01625690,0.63739566,0.01104787,0.98895213
-0.01623380,0.63706177,0.01104787,0.98895213
-0.01618604,0.63672788,0.01104787,0.98895213
-0.01616336,0.63639399,0.01104787,0.98895213
-0.01613656,0.63606010,0.01104787,0.98895213
-0.01612724,0.63572621,0.01104787,0.98895213
-0.01608693,0.63539232,0.01104787,0.98895213
-0.01592116,0.63505843,0.01104787,0.98895213
-0.01585417,0.63472454,0.01104787,0.98895213
-0.01574724,0.63439065,0.01104787,0.98895213
-0.01569494,0.63405676,0.01104787,0.98895213
-0.01564450,0.63372287,0.01104787,0.98895213
-0.01555324,0.63338898,0.01104787,0.98895213
-0.01546436,0.63305509,0.01104787,0.98895213
-0.01545348,0.63272120,0.01104787,0.98895213
-0.01540504,0.63238731,0.01104787,0.98895213
-0.01535598,0.63205342,0.01104787,0.98895213
-0.01526815,0.63171953,0.01104787,0.98895213
-0.01516430,0.63138564,0.01104787,0.98895213
-0.01516392,0.63105175,0.01104787,0.98895213
-0.01506978,0.63071786,0.01104787,0.98895213
-0.01499610,0.63038397,0.01104787,0.98895213
-0.01492016,0.63005008,0.01104787,0.98895213
-0.01481135,0.62971619,0.01104787,0.98895213
-0.01479818,0.62938230,0.01104787,0.98895213
-0.01476829,0.62904841,0.01104787,0.98895213
-0.01471819,0.62871452,0.01104787,0.98895213
-0.01470835,0.62838063,0.01104787,0.98895213
-0.01463915,0.62804674,0.01104787,0.98895213
-0.01451095,0.62771285,0.01104787,0.98895213
-0.01449563,0.62737896,0.01104787,0.98895213
-0.01449562,0.62704508,0.01104787,0.98895213
-0.01442937,0.62671119,0.01104787,0.98895213
-0.01419896,0.62637730,0.01104787,0.98895213
-0.01413486,0.62637730,0.01138266,0.98861734
-0.01412916,0.62604341,0.01138266,0.98861734
-0.01407749,0.62570952,0.01138266,0.98861734
-0.01407526,0.62537563,0.01138266,0.98861734
-0.01400085,0.62504174,0.01138266,0.98861734
-0.01398933,0.62470785,0.01138266,0.98861734
-0.01390700,0.62470785,0.01171744,0.98828256
-0.01385413,0.62437396,0.01171744,0.98828256
-0.01385203,0.62404007,0.01171744,0.98828256
-0.01384638,0.62370618,0.01171744,0.98828256
-0.01377415,0.62337229,0.01171744,0.98828256
-0.01374014,0.62303840,0.01171744,0.98828256
-0.01372267,0.62270451,0.01171744,0.98828256
-0.01367795,0.62237062,0.01171744,0.98828256
-0.01361622,0.62203673,0.01171744,0.98828256
-0.01354610,0.62203673,0.01205223,0.98794777
-0.01348695,0.62170284,0.01205223,0.98794777
-0.01338246,0.62136895,0.01205223,0.98794777
-0.01335516,0.62103506,0.01205223,0.98794777
-0.01327641,0.62070117,0.01205223,0.98794777
-0.01323972,0.62036728,0.01205223,0.98794777
-0.01317307,0.62003339,0.01205223,0.98794777
-0.01317097,0.61969950,0.01205223,0.98794777
-0.01312567,0.61936561,0.01205223,0.98794777
-0.01306705,0.61903172,0.01205223,0.98794777
-0.01303712,0.61869783,0.01205223,0.98794777
-0.01303480,0.61836394,0.01205223,0.98794777
-0.01300760,0.61803005,0.01205223,0.98794777
-0.01290990,0.61769616,0.01205223,0.98794777
-0.01282994,0.61736227,0.01205223,0.98794777
-0.01280895,0.61702838,0.01205223,0.98794777
-0.01272885,0.61669449,0.01205223,0.98794777
-0.01270190,0.61636060,0.01205223,0.98794777
-0.01266352,0.61602671,0.01205223,0.98794777
-0.01254968,0.61569282,0.01205223,0.98794777
-0.01248943,0.61535893,0.01205223,0.98794777
-0.01238454,0.61502504,0.01205223,0.98794777
-0.01234870,0.61502504,0.01238701,0.98761299
-0.01225017,0.61469115,0.01238701,0.98761299
-0.01217801,0.61469115,0.01272179,0.98727821
-0.01213342,0.61435726,0.01272179,0.98727821
-0.01208232,0.61402337,0.01272179,0.98727821
-0.01195399,0.61368948,0.01272179,0.98727821
-0.01186352,0.61335559,0.01272179,0.98727821
-0.01180951,0.61302170,0.01272179,0.98727821
-0.01170600,0.61268781,0.01272179,0.98727821
-0.01164880,0.61235392,0.01272179,0.98727821
-0.01159627,0.61202003,0.01272179,0.98727821
-0.01158203,0.61168614,0.01272179,0.98727821
-0.01141499,0.61135225,0.01272179,0.98727821
-0.01137786,0.61101836,0.01272179,0.98727821
-0.01110949,0.61068447,0.01272179,0.98727821
-0.01102411,0.61035058,0.01272179,0.98727821
-0.01101351,0.61001669,0.01272179,0.98727821
-0.01099755,0.60968280,0.01272179,0.98727821
-0.01097514,0.60934891,0.01272179,0.98727821
-0.01095000,0.60901503,0.01272179,0.98727821
-0.01088857,0.60868114,0.01272179,0.98727821
-0.01088646,0.60834725,0.01272179,0.98727821
-0.01088404,0.60801336,0.01272179,0.98727821
-0.01082170,0.60767947,0.01272179,0.98727821
-0.01081498,0.60734558,0.01272179,0.98727821
-0.01075570,0.60701169,0.01272179,0.98727821
-0.01074771,0.60667780,0.01272179,0.98727821
-0.01074687,0.60634391,0.01272179,0.98727821
-0.01072969,0.60601002,0.01272179,0.98727821
-0.01065734,0.60567613,0.01272179,0.98727821
-0.01052122,0.60534224,0.01272179,0.98727821
-0.01043908,0.60500835,0.01272179,0.98727821
-0.01036901,0.60467446,0.01272179,0.98727821
-0.01036706,0.60434057,0.01272179,0.98727821
-0.01035768,0.60400668,0.01272179,0.98727821
-0.01035556,0.60367279,0.01272179,0.98727821
-0.01033359,0.60333890,0.01272179,0.98727821
-0.01032398,0.60300501,0.01272179,0.98727821
-0.01029624,0.60267112,0.01272179,0.98727821
-0.01023922,0.60233723,0.01272179,0.98727821
-0.01021493,0.60200334,0.01272179,0.98727821
-0.01020703,0.60166945,0.01272179,0.98727821
-0.01019217,0.60133556,0.01272179,0.98727821
-0.01018968,0.60100167,0.01272179,0.98727821
-0.00996384,0.60066778,0.01272179,0.98727821
-0.00995861,0.60033389,0.01272179,0.98727821
-0.00989342,0.60000000,0.01272179,0.98727821
-0.00982177,0.59966611,0.01272179,0.98727821
-0.00959273,0.59933222,0.01272179,0.98727821
-0.00956740,0.59899833,0.01272179,0.98727821
-0.00956187,0.59866444,0.01272179,0.98727821
-0.00946118,0.59833055,0.01272179,0.98727821
-0.00945461,0.59799666,0.01272179,0.98727821
-0.00937261,0.59766277,0.01272179,0.98727821
-0.00930035,0.59732888,0.01272179,0.98727821
-0.00927026,0.59699499,0.01272179,0.98727821
-0.00926022,0.59666110,0.01272179,0.98727821
-0.00924936,0.59632721,0.01272179,0.98727821
-0.00919267,0.59599332,0.01272179,0.98727821
-0.00918946,0.59565943,0.01272179,0.98727821
-0.00912015,0.59532554,0.01272179,0.98727821
-0.00900126,0.59499165,0.01272179,0.98727821
-0.00898527,0.59465776,0.01272179,0.98727821
-0.00891090,0.59432387,0.01272179,0.98727821
-0.00885260,0.59398998,0.01272179,0.98727821
-0.00881937,0.59365609,0.01272179,0.98727821
-0.00875213,0.59332220,0.01272179,0.98727821
-0.00875162,0.59298831,0.01272179,0.98727821
-0.00872997,0.59265442,0.01272179,0.98727821
-0.00869477,0.59232053,0.01272179,0.98727821
-0.00869376,0.59198664,0.01272179,0.98727821
-0.00869331,0.59165275,0.01272179,0.98727821
-0.00863747,0.59131886,0.01272179,0.98727821
-0.00853244,0.59098497,0.01272179,0.98727821
-0.00852256,0.59065109,0.01272179,0.98727821
-0.00849217,0.59031720,0.01272179,0.98727821
-0.00847189,0.58998331,0.01272179,0.98727821
-0.00842575,0.58964942,0.01272179,0.98727821
-0.00842303,0.58931553,0.01272179,0.98727821
-0.00841887,0.58898164,0.01272179,0.98727821
-0.00840379,0.58864775,0.01272179,0.98727821
-0.00832934,0.58831386,0.01272179,0.98727821
-0.00829628,0.58797997,0.01272179,0.98727821
-0.00828909,0.58764608,0.01272179,0.98727821
-0.00828132,0.58731219,0.01272179,0.98727821
-0.00804714,0.58697830,0.01272179,0.98727821
-0.00802148,0.58664441,0.01272179,0.98727821
-0.00801890,0.58631052,0.01272179,0.98727821
-0.00800558,0.58597663,0.01272179,0.98727821
-0.00800023,0.58564274,0.01272179,0.98727821
-0.00798452,0.58530885,0.01272179,0.98727821
-0.00790214,0.58497496,0.01272179,0.98727821
-0.00789663,0.58464107,0.01272179,0.98727821
-0.00788910,0.58430718,0.01272179,0.98727821
-0.00786605,0.58397329,0.01272179,0.98727821
-0.00782655,0.58363940,0.01272179,0.98727821
-0.00778857,0.58330551,0.01272179,0.98727821
-0.00778323,0.58297162,0.01272179,0.98727821
-0.00777736,0.58263773,0.01272179,0.98727821
-0.00772495,0.58230384,0.01272179,0.98727821
-0.00771812,0.58196995,0.01272179,0.98727821
-0.00770778,0.58163606,0.01272179,0.98727821
-0.00769913,0.58130217,0.01272179,0.98727821
-0.00764271,0.58096828,0.01272179,0.98727821
-0.00763199,0.58063439,0.01272179,0.98727821
-0.00759011,0.58030050,0.01272179,0.98727821
-0.00757248,0.57996661,0.01272179,0.98727821
-0.00753560,0.57963272,0.01272179,0.98727821
-0.00739653,0.57929883,0.01272179,0.98727821
-0.00739469,0.57896494,0.01272179,0.98727821
-0.00734309,0.57863105,0.01272179,0.98727821
-0.00732778,0.57829716,0.01272179,0.98727821
-0.00730858,0.57796327,0.01272179,0.98727821
-0.00729536,0.57762938,0.01272179,0.98727821
-0.00729212,0.57729549,0.01272179,0.98727821
-0.00720800,0.57696160,0.01272179,0.98727821
-0.00714870,0.57662771,0.01272179,0.98727821
-0.00706374,0.57629382,0.01272179,0.98727821
-0.00706026,0.57595993,0.01272179,0.98727821
-0.00704513,0.57562604,0.01272179,0.98727821
-0.00699961,0.57529215,0.01272179,0.98727821
-0.00698031,0.57495826,0.01272179,0.98727821
-0.00695921,0.57462437,0.01272179,0.98727821
-0.00693188,0.57429048,0.01272179,0.98727821
-0.00687567,0.57395659,0.01272179,0.98727821
-0.00681978,0.57362270,0.01272179,0.98727821
-0.00668769,0.57328881,0.01272179,0.98727821
-0.00657561,0.57295492,0.01272179,0.98727821
-0.00653832,0.57262104,0.01272179,0.98727821
-0.00638210,0.57228715,0.01272179,0.98727821
-0.00630892,0.57228715,0.01305658,0.98694342
-0.00616175,0.57195326,0.01305658,0.98694342
-0.00614186,0.57161937,0.01305658,0.98694342
-0.00611751,0.57128548,0.01305658,0.98694342
-0.00609949,0.57095159,0.01305658,0.98694342
-0.00606715,0.57061770,0.01305658,0.98694342
-0.00605312,0.57028381,0.01305658,0.98694342
-0.00598939,0.56994992,0.01305658,0.98694342
-0.00596918,0.56961603,0.01305658,0.98694342
-0.00589512,0.56928214,0.01305658,0.98694342
-0.00588805,0.56894825,0.01305658,0.98694342
-0.00587436,0.56861436,0.01305658,0.98694342
-0.00582943,0.56828047,0.01305658,0.98694342
-0.00581023,0.56794658,0.01305658,0.98694342
-0.00580573,0.56761269,0.01305658,0.98694342
-0.00578602,0.56727880,0.01305658,0.98694342
-0.00577557,0.56694491,0.01305658,0.98694342
-0.00576952,0.56694491,0.01339136,0.98660864
-0.00574848,0.56661102,0.01339136,0.98660864
-0.00563324,0.56627713,0.01339136,0.98660864
-0.00560097,0.56594324,0.01339136,0.98660864
-0.00558705,0.56560935,0.01339136,0.98660864
-0.00548668,0.56527546,0.01339136,0.98660864
-0.00538607,0.56527546,0.01372615,0.98627385
-0.00536294,0.56527546,0.01406093,0.98593907
-0.00525134,0.56494157,0.01406093,0.98593907
-0.00517011,0.56460768,0.01406093,0.98593907
-0.00511095,0.56427379,0.01406093,0.98593907
-0.00510375,0.56393990,0.01406093,0.98593907
-0.00505551,0.56360601,0.01406093,0.98593907
-0.00505396,0.56327212,0.01406093,0.98593907
-0.00505015,0.56293823,0.01406093,0.98593907
-0.00504152,0.56260434,0.01406093,0.98593907
-0.00498509,0.56227045,0.01406093,0.98593907
-0.00495815,0.56193656,0.01406093,0.98593907
-0.00493503,0.56160267,0.01406093,0.98593907
-0.00492650,0.56160267,0.01439571,0.98560429
-0.00472236,0.56126878,0.01439571,0.98560429
-0.00467951,0.56093489,0.01439571,0.98560429
-0.00466694,0.56093489,0.01473050,0.98526950
-0.00458866,0.56060100,0.01473050,0.98526950
-0.00458384,0.56026711,0.01473050,0.98526950
-0.00453130,0.55993322,0.01473050,0.98526950
-0.00451732,0.55959933,0.01473050,0.98526950
-0.00438798,0.55926544,0.01473050,0.98526950
-0.00430694,0.55893155,0.01473050,0.98526950
-0.00429231,0.55859766,0.01473050,0.98526950
-0.00424044,0.55826377,0.01473050,0.98526950
-0.00423477,0.55792988,0.01473050,0.98526950
-0.00419206,0.55759599,0.01473050,0.98526950
-0.00414550,0.55726210,0.01473050,0.98526950
-0.00407958,0.55692821,0.01473050,0.98526950
-0.00407552,0.55659432,0.01473050,0.98526950
-0.00407038,0.55626043,0.01473050,0.98526950
-0.00390199,0.55592654,0.01473050,0.98526950
-0.00387229,0.55559265,0.01473050,0.98526950
-0.00369718,0.55525876,0.01473050,0.98526950
-0.00359527,0.55492487,0.01473050,0.98526950
-0.00356647,0.55459098,0.01473050,0.98526950
-0.00354720,0.55425710,0.01473050,0.98526950
-0.00352070,0.55392321,0.01473050,0.98526950
-0.00351896,0.55358932,0.01473050,0.98526950
-0.00346991,0.55325543,0.01473050,0.98526950
-0.00346811,0.55292154,0.01473050,0.98526950
-0.00342726,0.55258765,0.01473050,0.98526950
-0.00342539,0.55225376,0.01473050,0.98526950
-0.00338763,0.55191987,0.01473050,0.98526950
-0.00337838,0.55158598,0.01473050,0.98526950
-0.00326467,0.55125209,0.01473050,0.98526950
-0.00324922,0.55091820,0.01473050,0.98526950
-0.00321117,0.55058431,0.01473050,0.98526950
-0.00317596,0.55025042,0.01473050,0.98526950
-0.00311104,0.55025042,0.01506528,0.98493472
-0.00306758,0.54991653,0.01506528,0.98493472
-0.00294925,0.54991653,0.01540007,0.98459993
-0.00294116,0.54958264,0.01540007,0.98459993
-0.00288156,0.54924875,0.01540007,0.98459993
-0.00285157,0.54891486,0.01540007,0.98459993
-0.00271173,0.54858097,0.01540007,0.98459993
-0.00265921,0.54824708,0.01540007,0.98459993
-0.00264164,0.54791319,0.01540007,0.98459993
-0.00261297,0.54757930,0.01540007,0.98459993
-0.00254638,0.54724541,0.01540007,0.98459993
-0.00246407,0.54691152,0.01540007,0.98459993
-0.00238163,0.54657763,0.01540007,0.98459993
-0.00233270,0.54624374,0.01540007,0.98459993
-0.00229865,0.54590985,0.01540007,0.98459993
-0.00221623,0.54557596,0.01540007,0.98459993
-0.00218660,0.54524207,0.01540007,0.98459993
-0.00218011,0.54490818,0.01540007,0.98459993
-0.00213006,0.54457429,0.01540007,0.98459993
-0.00211566,0.54424040,0.01540007,0.98459993
-0.00209149,0.54390651,0.01540007,0.98459993
-0.00206742,0.54357262,0.01540007,0.98459993
-0.00206093,0.54323873,0.01540007,0.98459993
-0.00197634,0.54290484,0.01540007,0.98459993
-0.00196537,0.54257095,0.01540007,0.98459993
-0.00188647,0.54223706,0.01540007,0.98459993
-0.00187015,0.54190317,0.01540007,0.98459993
-0.00185530,0.54156928,0.01540007,0.98459993
-0.00184803,0.54123539,0.01540007,0.98459993
-0.00183007,0.54090150,0.01540007,0.98459993
-0.00179889,0.54056761,0.01540007,0.98459993
-0.00173273,0.54023372,0.01540007,0.98459993
-0.00170214,0.53989983,0.01540007,0.98459993
-0.00169797,0.53956594,0.01540007,0.98459993
-0.00169051,0.53956594,0.01573485,0.98426515
-0.00168858,0.53923205,0.01573485,0.98426515
-0.00168670,0.53889816,0.01573485,0.98426515
-0.00168196,0.53856427,0.01573485,0.98426515
-0.00163594,0.53823038,0.01573485,0.98426515
-0.00157656,0.53789649,0.01573485,0.98426515
-0.00153725,0.53756260,0.01573485,0.98426515
-0.00150861,0.53722871,0.01573485,0.98426515
-0.00147141,0.53689482,0.01573485,0.98426515
-0.00144780,0.53656093,0.01573485,0.98426515
-0.00139730,0.53622705,0.01573485,0.98426515
-0.00138744,0.53589316,0.01573485,0.98426515
-0.00131212,0.53555927,0.01573485,0.98426515
-0.00130775,0.53522538,0.01573485,0.98426515
-0.00124807,0.53489149,0.01573485,0.98426515
-0.00124210,0.53455760,0.01573485,0.98426515
-0.00113588,0.53422371,0.01573485,0.98426515
-0.00111923,0.53388982,0.01573485,0.98426515
-0.00109869,0.53355593,0.01573485,0.98426515
-0.00107921,0.53322204,0.01573485,0.98426515
-0.00106867,0.53288815,0.01573485,0.98426515
-0.00100729,0.53255426,0.01573485,0.98426515
-0.00100580,0.53222037,0.01573485,0.98426515
-0.00099350,0.53188648,0.01573485,0.98426515
-0.00093421,0.53155259,0.01573485,0.98426515
-0.00087120,0.53121870,0.01573485,0.98426515
-0.00087091,0.53088481,0.01573485,0.98426515
-0.00083985,0.53055092,0.01573485,0.98426515
-0.00083225,0.53021703,0.01573485,0.98426515
-0.00077545,0.52988314,0.01573485,0.98426515
-0.00069216,0.52954925,0.01573485,0.98426515
-0.00065212,0.52921536,0.01573485,0.98426515
-0.00064259,0.52888147,0.01573485,0.98426515
-0.00063279,0.52854758,0.01573485,0.98426515
-0.00052507,0.52821369,0.01573485,0.98426515
-0.00049400,0.52787980,0.01573485,0.98426515
-0.00049218,0.52754591,0.01573485,0.98426515
-0.00048655,0.52721202,0.01573485,0.98426515
-0.00028681,0.52687813,0.01573485,0.98426515
-0.00025261,0.52654424,0.01573485,0.98426515
-0.00022151,0.52621035,0.01573485,0.98426515
-0.00013517,0.52587646,0.01573485,0.98426515
0.00001938,0.52554257,0.01573485,0.98426515
0.00003465,0.52520868,0.01573485,0.98426515
0.00016695,0.52487479,0.01573485,0.98426515
0.00020345,0.52454090,0.01573485,0.98426515
0.00020987,0.52420701,0.01573485,0.98426515
0.00022863,0.52387312,0.01573485,0.98426515
0.00025750,0.52353923,0.01573485,0.98426515
0.00028055,0.52320534,0.01573485,0.98426515
0.00028308,0.52287145,0.01573485,0.98426515
0.00031817,0.52253756,0.01573485,0.98426515
0.00034469,0.52220367,0.01573485,0.98426515
0.00035696,0.52186978,0.01573485,0.98426515
0.00042292,0.52153589,0.01573485,0.98426515
0.00044557,0.52153589,0.01606964,0.98393036
0.00045565,0.52120200,0.01606964,0.98393036
0.00050481,0.52086811,0.01606964,0.98393036
0.00051358,0.52053422,0.01606964,0.98393036
0.00056541,0.52020033,0.01606964,0.98393036
0.00060805,0.51986644,0.01606964,0.98393036
0.00067746,0.51953255,0.01606964,0.98393036
0.00073325,0.51919866,0.01606964,0.98393036
0.00076170,0.51886477,0.01606964,0.98393036
0.00084210,0.51853088,0.01606964,0.98393036
0.00086328,0.51819699,0.01606964,0.98393036
0.00101364,0.51786311,0.01606964,0.98393036
0.00122649,0.51752922,0.01606964,0.98393036
0.00128309,0.51719533,0.01606964,0.98393036
0.00129966,0.51686144,0.01606964,0.98393036
0.00135907,0.51652755,0.01606964,0.98393036
0.00139853,0.51619366,0.01606964,0.98393036
0.00139968,0.51585977,0.01606964,0.98393036
0.00140005,0.51552588,0.01606964,0.98393036
0.00144835,0.51519199,0.01606964,0.98393036
0.00149320,0.51485810,0.01606964,0.98393036
0.00151123,0.51452421,0.01606964,0.98393036
0.00160101,0.51419032,0.01606964,0.98393036
0.00161998,0.51385643,0.01606964,0.98393036
0.00164906,0.51352254,0.01606964,0.98393036
0.00165179,0.51318865,0.01606964,0.98393036
0.00167184,0.51285476,0.01606964,0.98393036
0.00177843,0.51252087,0.01606964,0.98393036
0.00182992,0.51252087,0.01640442,0.98359558
0.00188436,0.51218698,0.01640442,0.98359558
0.00190773,0.51185309,0.01640442,0.98359558
0.00191070,0.51151920,0.01640442,0.98359558
0.00196430,0.51118531,0.01640442,0.98359558
0.00199502,0.51085142,0.01640442,0.98359558
0.00200520,0.51051753,0.01640442,0.98359558
0.00202993,0.51018364,0.01640442,0.98359558
0.00207064,0.50984975,0.01640442,0.98359558
0.00210425,0.50951586,0.01640442,0.98359558
0.00211487,0.50918197,0.01640442,0.98359558
0.00212406,0.50884808,0.01640442,0.98359558
0.00213446,0.50851419,0.01640442,0.98359558
0.00225922,0.50818030,0.01640442,0.98359558
0.00227165,0.50784641,0.01640442,0.98359558
0.00234274,0.50751252,0.01640442,0.98359558
0.00243280,0.50717863,0.01640442,0.98359558
0.00243397,0.50684474,0.01640442,0.98359558
0.00248388,0.50651085,0.01640442,0.98359558
0.00249862,0.50617696,0.01640442,0.98359558
0.00253012,0.50584307,0.01640442,0.98359558
0.00256498,0.50550918,0.01640442,0.98359558
0.00256562,0.50517529,0.01640442,0.98359558
0.00263132,0.50517529,0.01673920,0.98326080
0.00263451,0.50484140,0.01673920,0.98326080
0.00266185,0.50484140,0.01707399,0.98292601
0.00268318,0.50450751,0.01707399,0.98292601
0.00268551,0.50417362,0.01707399,0.98292601
0.00273125,0.50383973,0.01707399,0.98292601
0.00274558,0.50350584,0.01707399,0.98292601
0.00275661,0.50317195,0.01707399,0.98292601
0.00281574,0.50283806,0.01707399,0.98292601
0.00288015,0.50250417,0.01707399,0.98292601
0.00288933,0.50217028,0.01707399,0.98292601
0.00292704,0.50183639,0.01707399,0.98292601
0.00309667,0.50183639,0.01740877,0.98259123
0.00312340,0.50150250,0.01740877,0.98259123
0.00314311,0.50116861,0.01740877,0.98259123
0.00315037,0.50083472,0.01740877,0.98259123
0.00316117,0.50050083,0.01740877,0.98259123
0.00320090,0.50016694,0.01740877,0.98259123
0.00323057,0.49983306,0.01740877,0.98259123
0.00328023,0.49949917,0.01740877,0.98259123
0.00332784,0.49916528,0.01740877,0.98259123
0.00334995,0.49916528,0.01774356,0.98225644
0.00335718,0.49883139,0.01774356,0.98225644
0.00341231,0.49849750,0.01774356,0.98225644
0.00341297,0.49816361,0.01774356,0.98225644
0.00347513,0.49782972,0.01774356,0.98225644
0.00351372,0.49749583,0.01774356,0.98225644
0.00364050,0.49716194,0.01774356,0.98225644
0.00365974,0.49682805,0.01774356,0.98225644
0.00377974,0.49649416,0.01774356,0.98225644
0.00380382,0.49616027,0.01774356,0.98225644
0.00380836,0.49582638,0.01774356,0.98225644
0.00381442,0.49549249,0.01774356,0.98225644
0.00388507,0.49515860,0.01774356,0.98225644
0.00391746,0.49482471,0.01774356,0.98225644
0.00393650,0.49449082,0.01774356,0.98225644
0.00399151,0.49415693,0.01774356,0.98225644
0.00400232,0.49382304,0.01774356,0.98225644
0.00400883,0.49348915,0.01774356,0.98225644
0.00407124,0.49315526,0.01774356,0.98225644
0.00408767,0.49282137,0.01774356,0.98225644
0.00418065,0.49248748,0.01774356,0.98225644
0.00419277,0.49215359,0.01774356,0.98225644
0.00420057,0.49181970,0.01774356,0.98225644
0.00434644,0.49148581,0.01774356,0.98225644
0.00436731,0.49115192,0.01774356,0.98225644
0.00436956,0.49081803,0.01774356,0.98225644
0.00451590,0.49048414,0.01774356,0.98225644
0.00458957,0.49015025,0.01774356,0.98225644
0.00459902,0.48981636,0.01774356,0.98225644
0.00461909,0.48948247,0.01774356,0.98225644
0.00462381,0.48914858,0.01774356,0.98225644
0.00462516,0.48881469,0.01774356,0.98225644
0.00463441,0.48848080,0.01774356,0.98225644
0.00466437,0.48814691,0.01774356,0.98225644
0.00467596,0.48814691,0.01807834,0.98192166
0.00468324,0.48781302,0.01807834,0.98192166
0.00476435,0.48747913,0.01807834,0.98192166
0.00494252,0.48714524,0.01807834,0.98192166
0.00494443,0.48681135,0.01807834,0.98192166
0.00497416,0.48647746,0.01807834,0.98192166
0.00500881,0.48614357,0.01807834,0.98192166
0.00501570,0.48580968,0.01807834,0.98192166
0.00505870,0.48547579,0.01807834,0.98192166
0.00509022,0.48514190,0.01807834,0.98192166
0.00512278,0.48514190,0.01841312,0.98158688
0.00514239,0.48480801,0.01841312,0.98158688
0.00517001,0.48447412,0.01841312,0.98158688
0.00520177,0.48414023,0.01841312,0.98158688
0.00522419,0.48380634,0.01841312,0.98158688
0.00526155,0.48347245,0.01841312,0.98158688
0.00528780,0.48313856,0.01841312,0.98158688
0.00534232,0.48280467,0.01841312,0.98158688
0.00535648,0.48247078,0.01841312,0.98158688
0.00545308,0.48213689,0.01841312,0.98158688
0.00545636,0.48180301,0.01841312,0.98158688
0.00551119,0.48146912,0.01841312,0.98158688
0.00552977,0.48113523,0.01841312,0.98158688
0.00556521,0.48080134,0.01841312,0.98158688
0.00557177,0.48046745,0.01841312,0.98158688
0.00565045,0.48013356,0.01841312,0.98158688
0.00573250,0.47979967,0.01841312,0.98158688
0.00576362,0.47946578,0.01841312,0.98158688
0.00581230,0.47913189,0.01841312,0.98158688
0.00584975,0.47879800,0.01841312,0.98158688
0.00585086,0.47846411,0.01841312,0.98158688
0.00586053,0.47813022,0.01841312,0.98158688
0.00586119,0.47779633,0.01841312,0.98158688
0.00589559,0.47746244,0.01841312,0.98158688
0.00591232,0.47712855,0.01841312,0.98158688
0.00592518,0.47679466,0.01841312,0.98158688
0.00593558,0.47646077,0.01841312,0.98158688
0.00595484,0.47612688,0.01841312,0.98158688
0.00597564,0.47579299,0.01841312,0.98158688
0.00598869,0.47545910,0.01841312,0.98158688
0.00624775,0.47545910,0.01874791,0.98125209
0.00626543,0.47512521,0.01874791,0.98125209
0.00631872,0.47479132,0.01874791,0.98125209
0.00632406,0.47445743,0.01874791,0.98125209
0.00634350,0.47412354,0.01874791,0.98125209
0.00637074,0.47378965,0.01874791,0.98125209
0.00639444,0.47345576,0.01874791,0.98125209
0.00642942,0.47312187,0.01874791,0.98125209
0.00643173,0.47278798,0.01874791,0.98125209
0.00657959,0.47245409,0.01874791,0.98125209
0.00664859,0.47212020,0.01874791,0.98125209
0.00666552,0.47178631,0.01874791,0.98125209
0.00667243,0.47145242,0.01874791,0.98125209
0.00672882,0.47111853,0.01874791,0.98125209
0.00675529,0.47078464,0.01874791,0.98125209
0.00676172,0.47045075,0.01874791,0.98125209
0.00683250,0.47011686,0.01874791,0.98125209
0.00683964,0.46978297,0.01874791,0.98125209
0.00687674,0.46944908,0.01874791,0.98125209
0.00689296,0.46911519,0.01874791,0.98125209
0.00695321,0.46878130,0.01874791,0.98125209
0.00698902,0.46844741,0.01874791,0.98125209
0.00700542,0.46811352,0.01874791,0.98125209
0.00710384,0.46811352,0.01908269,0.98091731
0.00713314,0.46777963,0.01908269,0.98091731
0.00721484,0.46744574,0.01908269,0.98091731
0.00721680,0.46744574,0.01941748,0.98058252
0.00723445,0.46711185,0.01941748,0.98058252
0.00729457,0.46677796,0.01941748,0.98058252
0.00732172,0.46644407,0.01941748,0.98058252
0.00733160,0.46611018,0.01941748,0.98058252
0.00736637,0.46577629,0.01941748,0.98058252
0.00763077,0.46544240,0.01941748,0.98058252
0.00777703,0.46510851,0.01941748,0.98058252
0.00794373,0.46477462,0.01941748,0.98058252
0.00796693,0.46444073,0.01941748,0.98058252
0.00799979,0.46410684,0.01941748,0.98058252
0.00801764,0.46377295,0.01941748,0.98058252
0.00802112,0.46343907,0.01941748,0.98058252
0.00810224,0.46310518,0.01941748,0.98058252
0.00815503,0.46277129,0.01941748,0.98058252
0.00816499,0.46243740,0.01941748,0.98058252
0.00823109,0.46210351,0.01941748,0.98058252
0.00824619,0.46176962,0.01941748,0.98058252
0.00826766,0.46143573,0.01941748,0.98058252
0.00838343,0.46110184,0.01941748,0.98058252
0.00839373,0.46110184,0.01975226,0.98024774
0.00842338,0.46076795,0.01975226,0.98024774
0.00855649,0.46043406,0.01975226,0.98024774
0.00859000,0.46010017,0.01975226,0.98024774
0.00860503,0.45976628,0.01975226,0.98024774
0.00865234,0.45943239,0.01975226,0.98024774
0.00870111,0.45909850,0.01975226,0.98024774
0.00870409,0.45876461,0.01975226,0.98024774
0.00873199,0.45876461,0.02008704,0.97991296
0.00873302,0.45843072,0.02008704,0.97991296
0.00873989,0.45809683,0.02008704,0.97991296
0.00877785,0.45742905,0.02008704,0.97991296
0.00881380,0.45709516,0.02008704,0.97991296
0.00890008,0.45676127,0.02008704,0.97991296
0.00908348,0.45642738,0.02008704,0.97991296
0.00914791,0.45609349,0.02008704,0.97991296
0.00917010,0.45575960,0.02008704,0.97991296
0.00921272,0.45542571,0.02008704,0.97991296
0.00922803,0.45509182,0.02008704,0.97991296
0.00928094,0.45509182,0.02042183,0.97957817
0.00935556,0.45475793,0.02042183,0.97957817
0.00938595,0.45475793,0.02075661,0.97924339
0.00944028,0.45442404,0.02075661,0.97924339
0.00945232,0.45409015,0.02075661,0.97924339
0.00947266,0.45375626,0.02075661,0.97924339
0.00948131,0.45342237,0.02075661,0.97924339
0.00958439,0.45308848,0.02075661,0.97924339
0.00964008,0.45275459,0.02075661,0.97924339
0.00972911,0.45242070,0.02075661,0.97924339
0.00973120,0.45208681,0.02075661,0.97924339
0.00974316,0.45175292,0.02075661,0.97924339
0.00977196,0.45141903,0.02075661,0.97924339
0.00994947,0.45108514,0.02075661,0.97924339
0.01004372,0.45075125,0.02075661,0.97924339
0.01004803,0.45041736,0.02075661,0.97924339
0.01009039,0.45008347,0.02075661,0.97924339
0.01011375,0.45008347,0.02109140,0.97890860
0.01012673,0.44974958,0.02109140,0.97890860
0.01018111,0.44941569,0.02109140,0.97890860
0.01020281,0.44908180,0.02109140,0.97890860
0.01022207,0.44874791,0.02109140,0.97890860
0.01037355,0.44841402,0.02109140,0.97890860
0.01042390,0.44808013,0.02109140,0.97890860
0.01049044,0.44774624,0.02109140,0.97890860
0.01056799,0.44774624,0.02142618,0.97857382
0.01057467,0.44741235,0.02142618,0.97857382
0.01058254,0.44707846,0.02142618,0.97857382
0.01060314,0.44674457,0.02142618,0.97857382
0.01067124,0.44641068,0.02142618,0.97857382
0.01072945,0.44607679,0.02142618,0.97857382
0.01078524,0.44574290,0.02142618,0.97857382
0.01085898,0.44540902,0.02142618,0.97857382
0.01098468,0.44507513,0.02142618,0.97857382
0.01118378,0.44474124,0.02142618,0.97857382
0.01121690,0.44440735,0.02142618,0.97857382
0.01122459,0.44407346,0.02142618,0.97857382
0.01137403,0.44373957,0.02142618,0.97857382
0.01140136,0.44340568,0.02142618,0.97857382
0.01144490,0.44307179,0.02142618,0.97857382
0.01146472,0.44273790,0.02142618,0.97857382
0.01147833,0.44240401,0.02142618,0.97857382
0.01149413,0.44207012,0.02142618,0.97857382
0.01153991,0.44207012,0.02176096,0.97823904
0.01158708,0.44173623,0.02176096,0.97823904
0.01158855,0.44140234,0.02176096,0.97823904
0.01165527,0.44106845,0.02176096,0.97823904
0.01165635,0.44073456,0.02176096,0.97823904
0.01165999,0.44040067,0.02176096,0.97823904
0.01175911,0.44006678,0.02176096,0.97823904
0.01177709,0.43973289,0.02176096,0.97823904
0.01178066,0.43939900,0.02176096,0.97823904
0.01181110,0.43906511,0.02176096,0.97823904
0.01184659,0.43873122,0.02176096,0.97823904
0.01192416,0.43839733,0.02176096,0.97823904
0.01198297,0.43806344,0.02176096,0.97823904
0.01198567,0.43772955,0.02176096,0.97823904
0.01202184,0.43739566,0.02176096,0.97823904
0.01203506,0.43706177,0.02176096,0.97823904
0.01223803,0.43672788,0.02176096,0.97823904
0.01226795,0.43639399,0.02176096,0.97823904
0.01232306,0.43606010,0.02176096,0.97823904
0.01258526,0.43572621,0.02176096,0.97823904
0.01265830,0.43539232,0.02176096,0.97823904
0.01272220,0.43505843,0.02176096,0.97823904
0.01273267,0.43472454,0.02176096,0.97823904
0.01274472,0.43439065,0.02176096,0.97823904
0.01282219,0.43405676,0.02176096,0.97823904
0.01286377,0.43372287,0.02176096,0.97823904
0.01297983,0.43338898,0.02176096,0.97823904
0.01298102,0.43305509,0.02176096,0.97823904
0.01301863,0.43272120,0.02176096,0.97823904
0.01302416,0.43238731,0.02176096,0.97823904
0.01314730,0.43205342,0.02176096,0.97823904
0.01316071,0.43171953,0.02176096,0.97823904
0.01318507,0.43138564,0.02176096,0.97823904
0.01328110,0.43105175,0.02176096,0.97823904
0.01333455,0.43071786,0.02176096,0.97823904
0.01336068,0.43038397,0.02176096,0.97823904
0.01339014,0.43005008,0.02176096,0.97823904
0.01341963,0.42971619,0.02176096,0.97823904
0.01343444,0.42938230,0.02176096,0.97823904
0.01349662,0.42904841,0.02176096,0.97823904
0.01350180,0.42871452,0.02176096,0.97823904
0.01358344,0.42838063,0.02176096,0.97823904
0.01358671,0.42804674,0.02176096,0.97823904
0.01358705,0.42771285,0.02176096,0.97823904
0.01360975,0.42737896,0.02176096,0.97823904
0.01362660,0.42704508,0.02176096,0.97823904
0.01364207,0.42671119,0.02176096,0.97823904
0.01368521,0.42637730,0.02176096,0.97823904
0.01373651,0.42604341,0.02176096,0.97823904
0.01377891,0.42570952,0.02176096,0.97823904
0.01384971,0.42537563,0.02176096,0.97823904
0.01386007,0.42504174,0.02176096,0.97823904
0.01392418,0.42470785,0.02176096,0.97823904
0.01396285,0.42437396,0.02176096,0.97823904
0.01412322,0.42404007,0.02176096,0.97823904
0.01421811,0.42370618,0.02176096,0.97823904
0.01423641,0.42337229,0.02176096,0.97823904
0.01439763,0.42337229,0.02209575,0.97790425
0.01440009,0.42303840,0.02209575,0.97790425
0.01443102,0.42270451,0.02209575,0.97790425
0.01448339,0.42237062,0.02209575,0.97790425
0.01450785,0.42203673,0.02209575,0.97790425
0.01452219,0.42170284,0.02209575,0.97790425
0.01455994,0.42136895,0.02209575,0.97790425
0.01456881,0.42103506,0.02209575,0.97790425
0.01460807,0.42070117,0.02209575,0.97790425
0.01465323,0.42036728,0.02209575,0.97790425
0.01469102,0.42003339,0.02209575,0.97790425
0.01473530,0.41969950,0.02209575,0.97790425
0.01474240,0.41936561,0.02209575,0.97790425
0.01475606,0.41903172,0.02209575,0.97790425
0.01479607,0.41869783,0.02209575,0.97790425
0.01484017,0.41836394,0.02209575,0.97790425
0.01486757,0.41803005,0.02209575,0.97790425
0.01487302,0.41769616,0.02209575,0.97790425
0.01488042,0.41736227,0.02209575,0.97790425
0.01489738,0.41702838,0.02209575,0.97790425
0.01491416,0.41669449,0.02209575,0.97790425
0.01491466,0.41636060,0.02209575,0.97790425
0.01491540,0.41602671,0.02209575,0.97790425
0.01497243,0.41569282,0.02209575,0.97790425
0.01503838,0.41535893,0.02209575,0.97790425
0.01510089,0.41502504,0.02209575,0.97790425
0.01517762,0.41469115,0.02209575,0.97790425
0.01522111,0.41435726,0.02209575,0.97790425
0.01526720,0.41402337,0.02209575,0.97790425
0.01528165,0.41368948,0.02209575,0.97790425
0.01532348,0.41335559,0.02209575,0.97790425
0.01534323,0.41302170,0.02209575,0.97790425
0.01541009,0.41268781,0.02209575,0.97790425
0.01547580,0.41268781,0.02243053,0.97756947
0.01556805,0.41235392,0.02243053,0.97756947
0.01557619,0.41202003,0.02243053,0.97756947
0.01562660,0.41168614,0.02243053,0.97756947
0.01575065,0.41135225,0.02243053,0.97756947
0.01576935,0.41101836,0.02243053,0.97756947
0.01577901,0.41068447,0.02243053,0.97756947
0.01582564,0.41035058,0.02243053,0.97756947
0.01584395,0.41001669,0.02243053,0.97756947
0.01595601,0.40968280,0.02243053,0.97756947
0.01601815,0.40934891,0.02243053,0.97756947
0.01603969,0.40901503,0.02243053,0.97756947
0.01605056,0.40868114,0.02243053,0.97756947
0.01605097,0.40868114,0.02276532,0.97723468
0.01608620,0.40868114,0.02310010,0.97689990
0.01611132,0.40834725,0.02310010,0.97689990
0.01614855,0.40801336,0.02310010,0.97689990
0.01618116,0.40801336,0.02343488,0.97656512
0.01619506,0.40767947,0.02343488,0.97656512
0.01624535,0.40734558,0.02343488,0.97656512
0.01627123,0.40701169,0.02343488,0.97656512
0.01627292,0.40667780,0.02343488,0.97656512
0.01631210,0.40634391,0.02343488,0.97656512
0.01631223,0.40601002,0.02343488,0.97656512
0.01642082,0.40567613,0.02343488,0.97656512
0.01642083,0.40534224,0.02343488,0.97656512
0.01647906,0.40500835,0.02343488,0.97656512
0.01648597,0.40467446,0.02343488,0.97656512
0.01650492,0.40434057,0.02343488,0.97656512
0.01651587,0.40400668,0.02343488,0.97656512
0.01652577,0.40367279,0.02343488,0.97656512
0.01652672,0.40333890,0.02343488,0.97656512
0.01652810,0.40300501,0.02343488,0.97656512
0.01654300,0.40267112,0.02343488,0.97656512
0.01670144,0.40233723,0.02343488,0.97656512
0.01670275,0.40200334,0.02343488,0.97656512
0.01670640,0.40200334,0.02376967,0.97623033
0.01685874,0.40166945,0.02376967,0.97623033
0.01690962,0.40133556,0.02376967,0.97623033
0.01691234,0.40100167,0.02376967,0.97623033
0.01692078,0.40066778,0.02376967,0.97623033
0.01699306,0.40033389,0.02376967,0.97623033
0.01701302,0.40000000,0.02376967,0.97623033
0.01701729,0.39966611,0.02376967,0.97623033
0.01719421,0.39933222,0.02376967,0.97623033
0.01723612,0.39899833,0.02376967,0.97623033
0.01724748,0.39866444,0.02376967,0.97623033
0.01725432,0.39833055,0.02376967,0.97623033
0.01732877,0.39799666,0.02376967,0.97623033
0.01736848,0.39766277,0.02376967,0.97623033
0.01744493,0.39732888,0.02376967,0.97623033
0.01746324,0.39699499,0.02376967,0.97623033
0.01755335,0.39699499,0.02410445,0.97589555
0.01755786,0.39666110,0.02410445,0.97589555
0.01760935,0.39632721,0.02410445,0.97589555
0.01765993,0.39599332,0.02410445,0.97589555
0.01771251,0.39565943,0.02410445,0.97589555
0.01771654,0.39565943,0.02443924,0.97556076
0.01779691,0.39532554,0.02443924,0.97556076
0.01783233,0.39499165,0.02443924,0.97556076
0.01786060,0.39465776,0.02443924,0.97556076
0.01800351,0.39465776,0.02477402,0.97522598
0.01808087,0.39432387,0.02477402,0.97522598
0.01809636,0.39398998,0.02477402,0.97522598
0.01812765,0.39365609,0.02477402,0.97522598
0.01828279,0.39332220,0.02477402,0.97522598
0.01831408,0.39298831,0.02477402,0.97522598
0.01835098,0.39265442,0.02477402,0.97522598
0.01835533,0.39232053,0.02477402,0.97522598
0.01838108,0.39198664,0.02477402,0.97522598
0.01843720,0.39165275,0.02477402,0.97522598
0.01854398,0.39131886,0.02477402,0.97522598
0.01854678,0.39131886,0.02510880,0.97489120
0.01855383,0.39098497,0.02510880,0.97489120
0.01859691,0.39065109,0.02510880,0.97489120
0.01861407,0.39031720,0.02510880,0.97489120
0.01875924,0.38998331,0.02510880,0.97489120
0.01881357,0.38964942,0.02510880,0.97489120
0.01891544,0.38931553,0.02510880,0.97489120
0.01893561,0.38898164,0.02510880,0.97489120
0.01894883,0.38864775,0.02510880,0.97489120
0.01906535,0.38831386,0.02510880,0.97489120
0.01906699,0.38797997,0.02510880,0.97489120
0.01907822,0.38764608,0.02510880,0.97489120
0.01921589,0.38731219,0.02510880,0.97489120
0.01924888,0.38697830,0.02510880,0.97489120
0.01925786,0.38664441,0.02510880,0.97489120
0.01928387,0.38631052,0.02510880,0.97489120
0.01941203,0.38597663,0.02510880,0.97489120
0.01941744,0.38597663,0.02544359,0.97455641
0.01942359,0.38564274,0.02544359,0.97455641
0.01945099,0.38530885,0.02544359,0.97455641
0.01948756,0.38497496,0.02544359,0.97455641
0.01952535,0.38464107,0.02544359,0.97455641
0.01965287,0.38430718,0.02544359,0.97455641
0.01968054,0.38397329,0.02544359,0.97455641
0.01970738,0.38363940,0.02544359,0.97455641
0.01987896,0.38330551,0.02544359,0.97455641
0.02008706,0.38297162,0.02544359,0.97455641
0.02009053,0.38263773,0.02544359,0.97455641
0.02010333,0.38230384,0.02544359,0.97455641
0.02020281,0.38196995,0.02544359,0.97455641
0.02020373,0.38163606,0.02544359,0.97455641
0.02028697,0.38130217,0.02544359,0.97455641
0.02035158,0.38096828,0.02544359,0.97455641
0.02041654,0.38063439,0.02544359,0.97455641
0.02048909,0.38030050,0.02544359,0.97455641
0.02059585,0.37996661,0.02544359,0.97455641
0.02062563,0.37963272,0.02544359,0.97455641
0.02071762,0.37929883,0.02544359,0.97455641
0.02087829,0.37896494,0.02544359,0.97455641
0.02089377,0.37896494,0.02577837,0.97422163
0.02093864,0.37863105,0.02577837,0.97422163
0.02096828,0.37829716,0.02577837,0.97422163
0.02096863,0.37796327,0.02577837,0.97422163
0.02100615,0.37762938,0.02577837,0.97422163
0.02100843,0.37729549,0.02577837,0.97422163
0.02106283,0.37696160,0.02577837,0.97422163
0.02107534,0.37662771,0.02577837,0.97422163
0.02108021,0.37629382,0.02577837,0.97422163
0.02111992,0.37595993,0.02577837,0.97422163
0.02122186,0.37562604,0.02577837,0.97422163
0.02124915,0.37529215,0.02577837,0.97422163
0.02125154,0.37495826,0.02577837,0.97422163
0.02128566,0.37462437,0.02577837,0.97422163
0.02133121,0.37429048,0.02577837,0.97422163
0.02140548,0.37395659,0.02577837,0.97422163
0.02143053,0.37362270,0.02577837,0.97422163
0.02143788,0.37328881,0.02577837,0.97422163
0.02146589,0.37295492,0.02577837,0.97422163
0.02151431,0.37262104,0.02577837,0.97422163
0.02156385,0.37228715,0.02577837,0.97422163
0.02173013,0.37195326,0.02577837,0.97422163
0.02173118,0.37161937,0.02577837,0.97422163
0.02184691,0.37128548,0.02577837,0.97422163
0.02195109,0.37095159,0.02577837,0.97422163
0.02197031,0.37061770,0.02577837,0.97422163
0.02206389,0.37028381,0.02577837,0.97422163
0.02209268,0.36994992,0.02577837,0.97422163
0.02212005,0.36961603,0.02577837,0.97422163
0.02217507,0.36928214,0.02577837,0.97422163
0.02220345,0.36894825,0.02577837,0.97422163
0.02221400,0.36861436,0.02577837,0.97422163
0.02228819,0.36828047,0.02577837,0.97422163
0.02232614,0.36794658,0.02577837,0.97422163
0.02239342,0.36761269,0.02577837,0.97422163
0.02240662,0.36761269,0.02611316,0.97388684
0.02242522,0.36727880,0.02611316,0.97388684
0.02254146,0.36694491,0.02611316,0.97388684
0.02265246,0.36661102,0.02611316,0.97388684
0.02269864,0.36627713,0.02611316,0.97388684
0.02272849,0.36594324,0.02611316,0.97388684
0.02281954,0.36560935,0.02611316,0.97388684
0.02285839,0.36527546,0.02611316,0.97388684
0.02287608,0.36494157,0.02611316,0.97388684
0.02289196,0.36460768,0.02611316,0.97388684
0.02294558,0.36427379,0.02611316,0.97388684
0.02296080,0.36393990,0.02611316,0.97388684
0.02299271,0.36360601,0.02611316,0.97388684
0.02305069,0.36327212,0.02611316,0.97388684
0.02305770,0.36293823,0.02611316,0.97388684
0.02311698,0.36260434,0.02611316,0.97388684
0.02314025,0.36227045,0.02611316,0.97388684
0.02314598,0.36193656,0.02611316,0.97388684
0.02319700,0.36193656,0.02644794,0.97355206
0.02323450,0.36160267,0.02644794,0.97355206
0.02323537,0.36126878,0.02644794,0.97355206
0.02329735,0.36126878,0.02678273,0.97321727
0.02336506,0.36093489,0.02678273,0.97321727
0.02338000,0.36060100,0.02678273,0.97321727
0.02338230,0.36026711,0.02678273,0.97321727
0.02344680,0.35993322,0.02678273,0.97321727
0.02347545,0.35959933,0.02678273,0.97321727
0.02354116,0.35926544,0.02678273,0.97321727
0.02360097,0.35893155,0.02678273,0.97321727
0.02365951,0.35859766,0.02678273,0.97321727
0.02369188,0.35826377,0.02678273,0.97321727
0.02371657,0.35792988,0.02678273,0.97321727
0.02374732,0.35759599,0.02678273,0.97321727
0.02376463,0.35759599,0.02711751,0.97288249
0.02377204,0.35726210,0.02711751,0.97288249
0.02378281,0.35692821,0.02711751,0.97288249
0.02392667,0.35659432,0.02711751,0.97288249
0.02402068,0.35626043,0.02711751,0.97288249
0.02404443,0.35592654,0.02711751,0.97288249
0.02406164,0.35559265,0.02711751,0.97288249
0.02414575,0.35525876,0.02711751,0.97288249
0.02415880,0.35492487,0.02711751,0.97288249
0.02422750,0.35492487,0.02745229,0.97254771
0.02426378,0.35459098,0.02745229,0.97254771
0.02432022,0.35425710,0.02745229,0.97254771
0.02444999,0.35392321,0.02745229,0.97254771
0.02455559,0.35358932,0.02745229,0.97254771
0.02455595,0.35325543,0.02745229,0.97254771
0.02463607,0.35292154,0.02745229,0.97254771
0.02477813,0.35258765,0.02745229,0.97254771
0.02483445,0.35225376,0.02745229,0.97254771
0.02497863,0.35191987,0.02745229,0.97254771
0.02505670,0.35158598,0.02745229,0.97254771
0.02517350,0.35125209,0.02745229,0.97254771
0.02524363,0.35091820,0.02745229,0.97254771
0.02535014,0.35058431,0.02745229,0.97254771
0.02544690,0.35025042,0.02745229,0.97254771
0.02554707,0.34991653,0.02745229,0.97254771
0.02556035,0.34958264,0.02745229,0.97254771
0.02561133,0.34924875,0.02745229,0.97254771
0.02561489,0.34891486,0.02745229,0.97254771
0.02567128,0.34858097,0.02745229,0.97254771
0.02568884,0.34824708,0.02745229,0.97254771
0.02570672,0.34791319,0.02745229,0.97254771
0.02574356,0.34757930,0.02745229,0.97254771
0.02579995,0.34724541,0.02745229,0.97254771
0.02584789,0.34691152,0.02745229,0.97254771
0.02587252,0.34657763,0.02745229,0.97254771
0.02598373,0.34624374,0.02745229,0.97254771
0.02603255,0.34590985,0.02745229,0.97254771
0.02605151,0.34557596,0.02745229,0.97254771
0.02607805,0.34524207,0.02745229,0.97254771
0.02607822,0.34490818,0.02745229,0.97254771
0.02610549,0.34457429,0.02745229,0.97254771
0.02612530,0.34424040,0.02745229,0.97254771
0.02618333,0.34390651,0.02745229,0.97254771
0.02624933,0.34357262,0.02745229,0.97254771
0.02627956,0.34357262,0.02778708,0.97221292
0.02629011,0.34323873,0.02778708,0.97221292
0.02639335,0.34290484,0.02778708,0.97221292
0.02642882,0.34257095,0.02778708,0.97221292
0.02648741,0.34257095,0.02812186,0.97187814
0.02655692,0.34223706,0.02812186,0.97187814
0.02673313,0.34190317,0.02812186,0.97187814
0.02684098,0.34156928,0.02812186,0.97187814
0.02702448,0.34123539,0.02812186,0.97187814
0.02703005,0.34090150,0.02812186,0.97187814
0.02714643,0.34056761,0.02812186,0.97187814
0.02716220,0.34023372,0.02812186,0.97187814
0.02717792,0.33989983,0.02812186,0.97187814
0.02721115,0.33956594,0.02812186,0.97187814
0.02732984,0.33923205,0.02812186,0.97187814
0.02738819,0.33923205,0.02845665,0.97154335
0.02740093,0.33889816,0.02845665,0.97154335
0.02744263,0.33856427,0.02845665,0.97154335
0.02744862,0.33823038,0.02845665,0.97154335
0.02746700,0.33789649,0.02845665,0.97154335
0.02760274,0.33756260,0.02845665,0.97154335
0.02762898,0.33722871,0.02845665,0.97154335
0.02767903,0.33689482,0.02845665,0.97154335
0.02772473,0.33656093,0.02845665,0.97154335
0.02786377,0.33622705,0.02845665,0.97154335
0.02809667,0.33589316,0.02845665,0.97154335
0.02821726,0.33555927,0.02845665,0.97154335
0.02828284,0.33522538,0.02845665,0.97154335
0.02842800,0.33489149,0.02845665,0.97154335
0.02856016,0.33455760,0.02845665,0.97154335
0.02857889,0.33422371,0.02845665,0.97154335
0.02859590,0.33388982,0.02845665,0.97154335
0.02859895,0.33355593,0.02845665,0.97154335
0.02867393,0.33322204,0.02845665,0.97154335
0.02868538,0.33288815,0.02845665,0.97154335
0.02878831,0.33255426,0.02845665,0.97154335
0.02884932,0.33222037,0.02845665,0.97154335
0.02885500,0.33188648,0.02845665,0.97154335
0.02889704,0.33155259,0.02845665,0.97154335
0.02891829,0.33121870,0.02845665,0.97154335
0.02897086,0.33088481,0.02845665,0.97154335
0.02913344,0.33055092,0.02845665,0.97154335
0.02914844,0.33021703,0.02845665,0.97154335
0.02937167,0.32988314,0.02845665,0.97154335
0.02951445,0.32954925,0.02845665,0.97154335
0.02952855,0.32921536,0.02845665,0.97154335
0.02954435,0.32888147,0.02845665,0.97154335
0.02955250,0.32854758,0.02845665,0.97154335
0.02962229,0.32821369,0.02845665,0.97154335
0.02974674,0.32787980,0.02845665,0.97154335
0.02975550,0.32754591,0.02845665,0.97154335
0.02978544,0.32721202,0.02845665,0.97154335
0.02982581,0.32687813,0.02845665,0.97154335
0.02984751,0.32654424,0.02845665,0.97154335
0.02992515,0.32621035,0.02845665,0.97154335
0.02994241,0.32587646,0.02845665,0.97154335
0.03002552,0.32554257,0.02845665,0.97154335
0.03010058,0.32520868,0.02845665,0.97154335
0.03011465,0.32520868,0.02879143,0.97120857
0.03020056,0.32487479,0.02879143,0.97120857
0.03027206,0.32454090,0.02879143,0.97120857
0.03031214,0.32420701,0.02879143,0.97120857
0.03035386,0.32387312,0.02879143,0.97120857
0.03041977,0.32353923,0.02879143,0.97120857
0.03070873,0.32320534,0.02879143,0.97120857
0.03079356,0.32287145,0.02879143,0.97120857
0.03079914,0.32253756,0.02879143,0.97120857
0.03080484,0.32220367,0.02879143,0.97120857
0.03085225,0.32186978,0.02879143,0.97120857
0.03087313,0.32153589,0.02879143,0.97120857
0.03094471,0.32120200,0.02879143,0.97120857
0.03097040,0.32086811,0.02879143,0.97120857
0.03102442,0.32053422,0.02879143,0.97120857
0.03107950,0.32020033,0.02879143,0.97120857
0.03111157,0.31986644,0.02879143,0.97120857
0.03112521,0.31953255,0.02879143,0.97120857
0.03114707,0.31919866,0.02879143,0.97120857
0.03121574,0.31886477,0.02879143,0.97120857
0.03122098,0.31853088,0.02879143,0.97120857
0.03134405,0.31819699,0.02879143,0.97120857
0.03142530,0.31786311,0.02879143,0.97120857
0.03143059,0.31752922,0.02879143,0.97120857
0.03149984,0.31719533,0.02879143,0.97120857
0.03153904,0.31686144,0.02879143,0.97120857
0.03155790,0.31652755,0.02879143,0.97120857
0.03156706,0.31619366,0.02879143,0.97120857
0.03164867,0.31585977,0.02879143,0.97120857
0.03175958,0.31552588,0.02879143,0.97120857
0.03177273,0.31519199,0.02879143,0.97120857
0.03179879,0.31485810,0.02879143,0.97120857
0.03182079,0.31452421,0.02879143,0.97120857
0.03187666,0.31419032,0.02879143,0.97120857
0.03194408,0.31419032,0.02912621,0.97087379
0.03200746,0.31385643,0.02912621,0.97087379
0.03202759,0.31352254,0.02912621,0.97087379
0.03209480,0.31318865,0.02912621,0.97087379
0.03209510,0.31318865,0.02946100,0.97053900
0.03216798,0.31285476,0.02946100,0.97053900
0.03217064,0.31252087,0.02946100,0.97053900
0.03219745,0.31218698,0.02946100,0.97053900
0.03222509,0.31185309,0.02946100,0.97053900
0.03226364,0.31151920,0.02946100,0.97053900
0.03228487,0.31118531,0.02946100,0.97053900
0.03242084,0.31085142,0.02946100,0.97053900
0.03248585,0.31051753,0.02946100,0.97053900
0.03249042,0.31018364,0.02946100,0.97053900
0.03251409,0.30984975,0.02946100,0.97053900
0.03253339,0.30951586,0.02946100,0.97053900
0.03255340,0.30918197,0.02946100,0.97053900
0.03269933,0.30884808,0.02946100,0.97053900
0.03279949,0.30851419,0.02946100,0.97053900
0.03294540,0.30818030,0.02946100,0.97053900
0.03298235,0.30784641,0.02946100,0.97053900
0.03300789,0.30751252,0.02946100,0.97053900
0.03303843,0.30717863,0.02946100,0.97053900
0.03304725,0.30684474,0.02946100,0.97053900
0.03314595,0.30651085,0.02946100,0.97053900
0.03319615,0.30617696,0.02946100,0.97053900
0.03322203,0.30584307,0.02946100,0.97053900
0.03326335,0.30550918,0.02946100,0.97053900
0.03345917,0.30517529,0.02946100,0.97053900
0.03357999,0.30484140,0.02946100,0.97053900
0.03363520,0.30450751,0.02946100,0.97053900
0.03365183,0.30417362,0.02946100,0.97053900
0.03370929,0.30383973,0.02946100,0.97053900
0.03373273,0.30350584,0.02946100,0.97053900
0.03377719,0.30350584,0.02979578,0.97020422
0.03380258,0.30317195,0.02979578,0.97020422
0.03384562,0.30283806,0.02979578,0.97020422
0.03398998,0.30250417,0.02979578,0.97020422
0.03407705,0.30217028,0.02979578,0.97020422
0.03413830,0.30183639,0.02979578,0.97020422
0.03414632,0.30150250,0.02979578,0.97020422
0.03420645,0.30116861,0.02979578,0.97020422
0.03430743,0.30083472,0.02979578,0.97020422
0.03442837,0.30050083,0.02979578,0.97020422
0.03444915,0.30016694,0.02979578,0.97020422
0.03449211,0.29983306,0.02979578,0.97020422
0.03454770,0.29949917,0.02979578,0.97020422
0.03456669,0.29916528,0.02979578,0.97020422
0.03468581,0.29883139,0.02979578,0.97020422
0.03471440,0.29849750,0.02979578,0.97020422
0.03479809,0.29816361,0.02979578,0.97020422
0.03484598,0.29782972,0.02979578,0.97020422
0.03487631,0.29749583,0.02979578,0.97020422
0.03493556,0.29716194,0.02979578,0.97020422
0.03502441,0.29716194,0.03013057,0.96986943
0.03502652,0.29682805,0.03013057,0.96986943
0.03504940,0.29649416,0.03013057,0.96986943
0.03507638,0.29616027,0.03013057,0.96986943
0.03509796,0.29582638,0.03013057,0.96986943
0.03514497,0.29549249,0.03013057,0.96986943
0.03514677,0.29549249,0.03046535,0.96953465
0.03516732,0.29515860,0.03046535,0.96953465
0.03528299,0.29482471,0.03046535,0.96953465
0.03529439,0.29449082,0.03046535,0.96953465
0.03530219,0.29415693,0.03046535,0.96953465
0.03532258,0.29382304,0.03046535,0.96953465
0.03539471,0.29348915,0.03046535,0.96953465
0.03542211,0.29315526,0.03046535,0.96953465
0.03549893,0.29282137,0.03046535,0.96953465
0.03550277,0.29248748,0.03046535,0.96953465
0.03560424,0.29215359,0.03046535,0.96953465
0.03563743,0.29181970,0.03046535,0.96953465
0.03570886,0.29148581,0.03046535,0.96953465
0.03571043,0.29115192,0.03046535,0.96953465
0.03584049,0.29081803,0.03046535,0.96953465
0.03592001,0.29048414,0.03046535,0.96953465
0.03596234,0.29015025,0.03046535,0.96953465
0.03596759,0.28981636,0.03046535,0.96953465
0.03604273,0.28948247,0.03046535,0.96953465
0.03604730,0.28914858,0.03046535,0.96953465
0.03605352,0.28881469,0.03046535,0.96953465
0.03607648,0.28848080,0.03046535,0.96953465
0.03611217,0.28814691,0.03046535,0.96953465
0.03616687,0.28781302,0.03046535,0.96953465
0.03619822,0.28747913,0.03046535,0.96953465
0.03621765,0.28714524,0.03046535,0.96953465
0.03627775,0.28681135,0.03046535,0.96953465
0.03639364,0.28647746,0.03046535,0.96953465
0.03640835,0.28614357,0.03046535,0.96953465
0.03643747,0.28614357,0.03080013,0.96919987
0.03647206,0.28580968,0.03080013,0.96919987
0.03658963,0.28547579,0.03080013,0.96919987
0.03664249,0.28514190,0.03080013,0.96919987
0.03672480,0.28480801,0.03080013,0.96919987
0.03686337,0.28447412,0.03080013,0.96919987
0.03686727,0.28414023,0.03080013,0.96919987
0.03690806,0.28380634,0.03080013,0.96919987
0.03691383,0.28347245,0.03080013,0.96919987
0.03701397,0.28313856,0.03080013,0.96919987
0.03701708,0.28280467,0.03080013,0.96919987
0.03713017,0.28247078,0.03080013,0.96919987
0.03713362,0.28213689,0.03080013,0.96919987
0.03714882,0.28180301,0.03080013,0.96919987
0.03722897,0.28146912,0.03080013,0.96919987
0.03726482,0.28113523,0.03080013,0.96919987
0.03732533,0.28080134,0.03080013,0.96919987
0.03734807,0.28046745,0.03080013,0.96919987
0.03739385,0.28013356,0.03080013,0.96919987
0.03741709,0.27979967,0.03080013,0.96919987
0.03750401,0.27946578,0.03080013,0.96919987
0.03764715,0.27913189,0.03080013,0.96919987
0.03771543,0.27879800,0.03080013,0.96919987
0.03774589,0.27846411,0.03080013,0.96919987
0.03785240,0.27813022,0.03080013,0.96919987
0.03785925,0.27779633,0.03080013,0.96919987
0.03805386,0.27746244,0.03080013,0.96919987
0.03809733,0.27712855,0.03080013,0.96919987
0.03813579,0.27679466,0.03080013,0.96919987
0.03817320,0.27646077,0.03080013,0.96919987
0.03818651,0.27612688,0.03080013,0.96919987
0.03819311,0.27579299,0.03080013,0.96919987
0.03821310,0.27545910,0.03080013,0.96919987
0.03835968,0.27512521,0.03080013,0.96919987
0.03838893,0.27479132,0.03080013,0.96919987
0.03845745,0.27445743,0.03080013,0.96919987
0.03848387,0.27412354,0.03080013,0.96919987
0.03860448,0.27378965,0.03080013,0.96919987
0.03862815,0.27345576,0.03080013,0.96919987
0.03865818,0.27312187,0.03080013,0.96919987
0.03870875,0.27278798,0.03080013,0.96919987
0.03875889,0.27245409,0.03080013,0.96919987
0.03877787,0.27212020,0.03080013,0.96919987
0.03882062,0.27178631,0.03080013,0.96919987
0.03887536,0.27178631,0.03113492,0.96886508
0.03887966,0.27145242,0.03113492,0.96886508
0.03892883,0.27111853,0.03113492,0.96886508
0.03894155,0.27078464,0.03113492,0.96886508
0.03903321,0.27045075,0.03113492,0.96886508
0.03905065,0.27011686,0.03113492,0.96886508
0.03906668,0.26978297,0.03113492,0.96886508
0.03912131,0.26944908,0.03113492,0.96886508
0.03912777,0.26911519,0.03113492,0.96886508
0.03917447,0.26878130,0.03113492,0.96886508
0.03918598,0.26844741,0.03113492,0.96886508
0.03927153,0.26811352,0.03113492,0.96886508
0.03932970,0.26777963,0.03113492,0.96886508
0.03937177,0.26744574,0.03113492,0.96886508
0.03938461,0.26711185,0.03113492,0.96886508
0.03939483,0.26677796,0.03113492,0.96886508
0.03947698,0.26644407,0.03113492,0.96886508
0.03949863,0.26611018,0.03113492,0.96886508
0.03955540,0.26577629,0.03113492,0.96886508
0.03955973,0.26544240,0.03113492,0.96886508
0.03964172,0.26510851,0.03113492,0.96886508
0.03976335,0.26477462,0.03113492,0.96886508
0.03980998,0.26444073,0.03113492,0.96886508
0.03988301,0.26410684,0.03113492,0.96886508
0.03993164,0.26377295,0.03113492,0.96886508
0.04000474,0.26343907,0.03113492,0.96886508
0.04009350,0.26310518,0.03113492,0.96886508
0.04019075,0.26277129,0.03113492,0.96886508
0.04025955,0.26243740,0.03113492,0.96886508
0.04039406,0.26210351,0.03113492,0.96886508
0.04048555,0.26176962,0.03113492,0.96886508
0.04056427,0.26143573,0.03113492,0.96886508
0.04069055,0.26110184,0.03113492,0.96886508
0.04075747,0.26076795,0.03113492,0.96886508
0.04076330,0.26043406,0.03113492,0.96886508
0.04082185,0.26010017,0.03113492,0.96886508
0.04086621,0.25976628,0.03113492,0.96886508
0.04087303,0.25943239,0.03113492,0.96886508
0.04097091,0.25909850,0.03113492,0.96886508
0.04101204,0.25876461,0.03113492,0.96886508
0.04104378,0.25843072,0.03113492,0.96886508
0.04111166,0.25809683,0.03113492,0.96886508
0.04111995,0.25776294,0.03113492,0.96886508
0.04114936,0.25742905,0.03113492,0.96886508
0.04116161,0.25709516,0.03113492,0.96886508
0.04130367,0.25676127,0.03113492,0.96886508
0.04133086,0.25676127,0.03146970,0.96853030
0.04138011,0.25642738,0.03146970,0.96853030
0.04139745,0.25609349,0.03146970,0.96853030
0.04148559,0.25575960,0.03146970,0.96853030
0.04151075,0.25542571,0.03146970,0.96853030
0.04154825,0.25509182,0.03146970,0.96853030
0.04161803,0.25475793,0.03146970,0.96853030
0.04166828,0.25442404,0.03146970,0.96853030
0.04167369,0.25409015,0.03146970,0.96853030
0.04188086,0.25375626,0.03146970,0.96853030
0.04198667,0.25342237,0.03146970,0.96853030
0.04198893,0.25308848,0.03146970,0.96853030
0.04202930,0.25275459,0.03146970,0.96853030
0.04226971,0.25242070,0.03146970,0.96853030
0.04227092,0.25242070,0.03180449,0.96819551
0.04229731,0.25208681,0.03180449,0.96819551
0.04231731,0.25175292,0.03180449,0.96819551
0.04232809,0.25141903,0.03180449,0.96819551
0.04238829,0.25108514,0.03180449,0.96819551
0.04240333,0.25075125,0.03180449,0.96819551
0.04248929,0.25041736,0.03180449,0.96819551
0.04250420,0.25008347,0.03180449,0.96819551
0.04261845,0.24974958,0.03180449,0.96819551
0.04265868,0.24941569,0.03180449,0.96819551
0.04281585,0.24908180,0.03180449,0.96819551
0.04283553,0.24874791,0.03180449,0.96819551
0.04288322,0.24841402,0.03180449,0.96819551
0.04289193,0.24808013,0.03180449,0.96819551
0.04308901,0.24774624,0.03180449,0.96819551
0.04313057,0.24774624,0.03213927,0.96786073
0.04318854,0.24741235,0.03213927,0.96786073
0.04324322,0.24707846,0.03213927,0.96786073
0.04326761,0.24674457,0.03213927,0.96786073
0.04331286,0.24641068,0.03213927,0.96786073
0.04341185,0.24607679,0.03213927,0.96786073
0.04347890,0.24574290,0.03213927,0.96786073
0.04368431,0.24540902,0.03213927,0.96786073
0.04378727,0.24507513,0.03213927,0.96786073
0.04387882,0.24474124,0.03213927,0.96786073
0.04388756,0.24440735,0.03213927,0.96786073
0.04398547,0.24407346,0.03213927,0.96786073
0.04402788,0.24373957,0.03213927,0.96786073
0.04410067,0.24340568,0.03213927,0.96786073
0.04412757,0.24307179,0.03213927,0.96786073
0.04418381,0.24273790,0.03213927,0.96786073
0.04421183,0.24240401,0.03213927,0.96786073
0.04421406,0.24207012,0.03213927,0.96786073
0.04425215,0.24173623,0.03213927,0.96786073
0.04447288,0.24140234,0.03213927,0.96786073
0.04456418,0.24106845,0.03213927,0.96786073
0.04457590,0.24073456,0.03213927,0.96786073
0.04468898,0.24040067,0.03213927,0.96786073
0.04475978,0.24006678,0.03213927,0.96786073
0.04484598,0.23973289,0.03213927,0.96786073
0.04489261,0.23939900,0.03213927,0.96786073
0.04494822,0.23906511,0.03213927,0.96786073
0.04506226,0.23873122,0.03213927,0.96786073
0.04506692,0.23839733,0.03213927,0.96786073
0.04508055,0.23806344,0.03213927,0.96786073
0.04511461,0.23772955,0.03213927,0.96786073
0.04511743,0.23739566,0.03213927,0.96786073
0.04516607,0.23706177,0.03213927,0.96786073
0.04523713,0.23672788,0.03213927,0.96786073
0.04524854,0.23672788,0.03247405,0.96752595
0.04528875,0.23639399,0.03247405,0.96752595
0.04529275,0.23606010,0.03247405,0.96752595
0.04531082,0.23572621,0.03247405,0.96752595
0.04532380,0.23539232,0.03247405,0.96752595
0.04540700,0.23505843,0.03247405,0.96752595
0.04542746,0.23472454,0.03247405,0.96752595
0.04568496,0.23439065,0.03247405,0.96752595
0.04571117,0.23405676,0.03247405,0.96752595
0.04571905,0.23372287,0.03247405,0.96752595
0.04593263,0.23338898,0.03247405,0.96752595
0.04594328,0.23305509,0.03247405,0.96752595
0.04602066,0.23272120,0.03247405,0.96752595
0.04604244,0.23238731,0.03247405,0.96752595
0.04608015,0.23205342,0.03247405,0.96752595
0.04616108,0.23171953,0.03247405,0.96752595
0.04628086,0.23138564,0.03247405,0.96752595
0.04641318,0.23105175,0.03247405,0.96752595
0.04642707,0.23071786,0.03247405,0.96752595
0.04644737,0.23038397,0.03247405,0.96752595
0.04650337,0.23005008,0.03247405,0.96752595
0.04651166,0.22971619,0.03247405,0.96752595
0.04654379,0.22938230,0.03247405,0.96752595
0.04668548,0.22904841,0.03247405,0.96752595
0.04693681,0.22871452,0.03247405,0.96752595
0.04701430,0.22871452,0.03280884,0.96719116
0.04702056,0.22838063,0.03280884,0.96719116
0.04709168,0.22804674,0.03280884,0.96719116
0.04716488,0.22771285,0.03280884,0.96719116
0.04718520,0.22737896,0.03280884,0.96719116
0.04726622,0.22704508,0.03280884,0.96719116
0.04732869,0.22671119,0.03280884,0.96719116
0.04743655,0.22637730,0.03280884,0.96719116
0.04749226,0.22604341,0.03280884,0.96719116
0.04753690,0.22570952,0.03280884,0.96719116
0.04768039,0.22537563,0.03280884,0.96719116
0.04774558,0.22504174,0.03280884,0.96719116
0.04778874,0.22470785,0.03280884,0.96719116
0.04798266,0.22437396,0.03280884,0.96719116
0.04799117,0.22404007,0.03280884,0.96719116
0.04799921,0.22370618,0.03280884,0.96719116
0.04809495,0.22337229,0.03280884,0.96719116
0.04822632,0.22303840,0.03280884,0.96719116
0.04830360,0.22303840,0.03314362,0.96685638
0.04830731,0.22270451,0.03314362,0.96685638
0.04831496,0.22237062,0.03314362,0.96685638
0.04838577,0.22203673,0.03314362,0.96685638
0.04842195,0.22170284,0.03314362,0.96685638
0.04842608,0.22136895,0.03314362,0.96685638
0.04844483,0.22103506,0.03314362,0.96685638
0.04848589,0.22070117,0.03314362,0.96685638
0.04852054,0.22036728,0.03314362,0.96685638
0.04854349,0.22036728,0.03347841,0.96652159
0.04854449,0.22003339,0.03347841,0.96652159
0.04857514,0.21969950,0.03347841,0.96652159
0.04877130,0.21936561,0.03347841,0.96652159
0.04879208,0.21903172,0.03347841,0.96652159
0.04879754,0.21869783,0.03347841,0.96652159
0.04880851,0.21836394,0.03347841,0.96652159
0.04893759,0.21803005,0.03347841,0.96652159
0.04895494,0.21769616,0.03347841,0.96652159
0.04899446,0.21736227,0.03347841,0.96652159
0.04903545,0.21702838,0.03347841,0.96652159
0.04910861,0.21669449,0.03347841,0.96652159
0.04929014,0.21636060,0.03347841,0.96652159
0.04929428,0.21602671,0.03347841,0.96652159
0.04934921,0.21569282,0.03347841,0.96652159
0.04940179,0.21535893,0.03347841,0.96652159
0.04944965,0.21502504,0.03347841,0.96652159
0.04945415,0.21469115,0.03347841,0.96652159
0.04947862,0.21469115,0.03381319,0.96618681
0.04957004,0.21435726,0.03381319,0.96618681
0.04977988,0.21402337,0.03381319,0.96618681
0.04983100,0.21368948,0.03381319,0.96618681
0.04985754,0.21335559,0.03381319,0.96618681
0.04989105,0.21302170,0.03381319,0.96618681
0.04992262,0.21268781,0.03381319,0.96618681
0.05002256,0.21235392,0.03381319,0.96618681
0.05004849,0.21202003,0.03381319,0.96618681
0.05009231,0.21168614,0.03381319,0.96618681
0.05012323,0.21135225,0.03381319,0.96618681
0.05039370,0.21101836,0.03381319,0.96618681
0.05045262,0.21068447,0.03381319,0.96618681
0.05059974,0.21035058,0.03381319,0.96618681
0.05061292,0.21001669,0.03381319,0.96618681
0.05062339,0.20968280,0.03381319,0.96618681
0.05067424,0.20934891,0.03381319,0.96618681
0.05077828,0.20901503,0.03381319,0.96618681
0.05083934,0.20868114,0.03381319,0.96618681
0.05086822,0.20834725,0.03381319,0.96618681
0.05089906,0.20801336,0.03381319,0.96618681
0.05090684,0.20767947,0.03381319,0.96618681
0.05107616,0.20734558,0.03381319,0.96618681
0.05114827,0.20701169,0.03381319,0.96618681
0.05121122,0.20667780,0.03381319,0.96618681
0.05126392,0.20634391,0.03381319,0.96618681
0.05142786,0.20601002,0.03381319,0.96618681
0.05163118,0.20567613,0.03381319,0.96618681
0.05171709,0.20534224,0.03381319,0.96618681
0.05173360,0.20500835,0.03381319,0.96618681
0.05173941,0.20467446,0.03381319,0.96618681
0.05175138,0.20434057,0.03381319,0.96618681
0.05181950,0.20400668,0.03381319,0.96618681
0.05188749,0.20367279,0.03381319,0.96618681
0.05189256,0.20333890,0.03381319,0.96618681
0.05190583,0.20300501,0.03381319,0.96618681
0.05191144,0.20267112,0.03381319,0.96618681
0.05194216,0.20233723,0.03381319,0.96618681
0.05201133,0.20200334,0.03381319,0.96618681
0.05201981,0.20166945,0.03381319,0.96618681
0.05206522,0.20133556,0.03381319,0.96618681
0.05216334,0.20100167,0.03381319,0.96618681
0.05231612,0.20066778,0.03381319,0.96618681
0.05246260,0.20033389,0.03381319,0.96618681
0.05246935,0.20000000,0.03381319,0.96618681
0.05247712,0.19966611,0.03381319,0.96618681
0.05248551,0.19933222,0.03381319,0.96618681
0.05256432,0.19899833,0.03381319,0.96618681
0.05258341,0.19866444,0.03381319,0.96618681
0.05260160,0.19833055,0.03381319,0.96618681
0.05272914,0.19799666,0.03381319,0.96618681
0.05274892,0.19766277,0.03381319,0.96618681
0.05274950,0.19732888,0.03381319,0.96618681
0.05297171,0.19732888,0.03414797,0.96585203
0.05304320,0.19699499,0.03414797,0.96585203
0.05321592,0.19666110,0.03414797,0.96585203
0.05327586,0.19632721,0.03414797,0.96585203
0.05331648,0.19599332,0.03414797,0.96585203
0.05335392,0.19565943,0.03414797,0.96585203
0.05337775,0.19532554,0.03414797,0.96585203
0.05348345,0.19499165,0.03414797,0.96585203
0.05353560,0.19465776,0.03414797,0.96585203
0.05356900,0.19432387,0.03414797,0.96585203
0.05365485,0.19398998,0.03414797,0.96585203
0.05389050,0.19365609,0.03414797,0.96585203
0.05395439,0.19332220,0.03414797,0.96585203
0.05400679,0.19298831,0.03414797,0.96585203
0.05403476,0.19265442,0.03414797,0.96585203
0.05406623,0.19232053,0.03414797,0.96585203
0.05407815,0.19198664,0.03414797,0.96585203
0.05415414,0.19165275,0.03414797,0.96585203
0.05418682,0.19131886,0.03414797,0.96585203
0.05428591,0.19098497,0.03414797,0.96585203
0.05429273,0.19065109,0.03414797,0.96585203
0.05438289,0.19031720,0.03414797,0.96585203
0.05456138,0.18998331,0.03414797,0.96585203
0.05480165,0.18998331,0.03448276,0.96551724
0.05482016,0.18964942,0.03448276,0.96551724
0.05483953,0.18931553,0.03448276,0.96551724
0.05485410,0.18898164,0.03448276,0.96551724
0.05485847,0.18864775,0.03448276,0.96551724
0.05489266,0.18831386,0.03448276,0.96551724
0.05505321,0.18797997,0.03448276,0.96551724
0.05505720,0.18764608,0.03448276,0.96551724
0.05509926,0.18731219,0.03448276,0.96551724
0.05520433,0.18697830,0.03448276,0.96551724
0.05523892,0.18664441,0.03448276,0.96551724
0.05526501,0.18631052,0.03448276,0.96551724
0.05529230,0.18597663,0.03448276,0.96551724
0.05530177,0.18564274,0.03448276,0.96551724
0.05539563,0.18530885,0.03448276,0.96551724
0.05540291,0.18497496,0.03448276,0.96551724
0.05543048,0.18464107,0.03448276,0.96551724
0.05567123,0.18430718,0.03448276,0.96551724
0.05569445,0.18397329,0.03448276,0.96551724
0.05589254,0.18363940,0.03448276,0.96551724
0.05593942,0.18330551,0.03448276,0.96551724
0.05601247,0.18297162,0.03448276,0.96551724
0.05602905,0.18263773,0.03448276,0.96551724
0.05607473,0.18230384,0.03448276,0.96551724
0.05610126,0.18196995,0.03448276,0.96551724
0.05619290,0.18163606,0.03448276,0.96551724
0.05654633,0.18130217,0.03448276,0.96551724
0.05656761,0.18096828,0.03448276,0.96551724
0.05665987,0.18063439,0.03448276,0.96551724
0.05669681,0.18030050,0.03448276,0.96551724
0.05676766,0.17996661,0.03448276,0.96551724
0.05681681,0.17963272,0.03448276,0.96551724
0.05683843,0.17929883,0.03448276,0.96551724
0.05685289,0.17896494,0.03448276,0.96551724
0.05706685,0.17863105,0.03448276,0.96551724
0.05707985,0.17829716,0.03448276,0.96551724
0.05709787,0.17796327,0.03448276,0.96551724
0.05725938,0.17762938,0.03448276,0.96551724
0.05726026,0.17729549,0.03448276,0.96551724
0.05727345,0.17696160,0.03448276,0.96551724
0.05732737,0.17662771,0.03448276,0.96551724
0.05733506,0.17629382,0.03448276,0.96551724
0.05738690,0.17595993,0.03448276,0.96551724
0.05754677,0.17562604,0.03448276,0.96551724
0.05770302,0.17529215,0.03448276,0.96551724
0.05774017,0.17495826,0.03448276,0.96551724
0.05787332,0.17462437,0.03448276,0.96551724
0.05799755,0.17429048,0.03448276,0.96551724
0.05804239,0.17395659,0.03448276,0.96551724
0.05804693,0.17362270,0.03448276,0.96551724
0.05808057,0.17328881,0.03448276,0.96551724
0.05814577,0.17295492,0.03448276,0.96551724
0.05814782,0.17262104,0.03448276,0.96551724
0.05823453,0.17228715,0.03448276,0.96551724
0.05839981,0.17195326,0.03448276,0.96551724
0.05860182,0.17195326,0.03481754,0.96518246
0.05869726,0.17161937,0.03481754,0.96518246
0.05875084,0.17128548,0.03481754,0.96518246
0.05882375,0.17095159,0.03481754,0.96518246
0.05885651,0.17061770,0.03481754,0.96518246
0.05893064,0.17028381,0.03481754,0.96518246
0.05907029,0.16994992,0.03481754,0.96518246
0.05912517,0.16961603,0.03481754,0.96518246
0.05913112,0.16928214,0.03481754,0.96518246
0.05918670,0.16894825,0.03481754,0.96518246
0.05931760,0.16861436,0.03481754,0.96518246
0.05935986,0.16828047,0.03481754,0.96518246
0.05938977,0.16794658,0.03481754,0.96518246
0.05945745,0.16761269,0.03481754,0.96518246
0.05951865,0.16727880,0.03481754,0.96518246
0.05956851,0.16694491,0.03481754,0.96518246
0.05957700,0.16661102,0.03481754,0.96518246
0.05962016,0.16627713,0.03481754,0.96518246
0.05966195,0.16594324,0.03481754,0.96518246
0.05970960,0.16560935,0.03481754,0.96518246
0.05982694,0.16527546,0.03481754,0.96518246
0.05986471,0.16494157,0.03481754,0.96518246
0.05997877,0.16494157,0.03515233,0.96484767
0.06041332,0.16460768,0.03515233,0.96484767
0.06045274,0.16427379,0.03515233,0.96484767
0.06046432,0.16393990,0.03515233,0.96484767
0.06082590,0.16360601,0.03515233,0.96484767
0.06094621,0.16327212,0.03515233,0.96484767
0.06100499,0.16293823,0.03515233,0.96484767
0.06103995,0.16260434,0.03515233,0.96484767
0.06108763,0.16227045,0.03515233,0.96484767
0.06114882,0.16193656,0.03515233,0.96484767
0.06117528,0.16160267,0.03515233,0.96484767
0.06126851,0.16126878,0.03515233,0.96484767
0.06131631,0.16093489,0.03515233,0.96484767
0.06135612,0.16093489,0.03548711,0.96451289
0.06140184,0.16060100,0.03548711,0.96451289
0.06141119,0.16026711,0.03548711,0.96451289
0.06141362,0.15993322,0.03548711,0.96451289
0.06148802,0.15959933,0.03548711,0.96451289
0.06155747,0.15959933,0.03582189,0.96417811
0.06156703,0.15926544,0.03582189,0.96417811
0.06179883,0.15893155,0.03582189,0.96417811
0.06188916,0.15859766,0.03582189,0.96417811
0.06196738,0.15826377,0.03582189,0.96417811
0.06203064,0.15792988,0.03582189,0.96417811
0.06208038,0.15759599,0.03582189,0.96417811
0.06210026,0.15726210,0.03582189,0.96417811
0.06210580,0.15726210,0.03615668,0.96384332
0.06213189,0.15692821,0.03615668,0.96384332
0.06220332,0.15659432,0.03615668,0.96384332
0.06227263,0.15626043,0.03615668,0.96384332
0.06230678,0.15592654,0.03615668,0.96384332
0.06251860,0.15559265,0.03615668,0.96384332
0.06266878,0.15525876,0.03615668,0.96384332
0.06274619,0.15492487,0.03615668,0.96384332
0.06278079,0.15459098,0.03615668,0.96384332
0.06279377,0.15425710,0.03615668,0.96384332
0.06304014,0.15392321,0.03615668,0.96384332
0.06309244,0.15358932,0.03615668,0.96384332
0.06309789,0.15325543,0.03615668,0.96384332
0.06314000,0.15292154,0.03615668,0.96384332
0.06314552,0.15258765,0.03615668,0.96384332
0.06315066,0.15225376,0.03615668,0.96384332
0.06316983,0.15191987,0.03615668,0.96384332
0.06333529,0.15158598,0.03615668,0.96384332
0.06336846,0.15125209,0.03615668,0.96384332
0.06344285,0.15091820,0.03615668,0.96384332
0.06345309,0.15058431,0.03615668,0.96384332
0.06348240,0.15025042,0.03615668,0.96384332
0.06361342,0.14991653,0.03615668,0.96384332
0.06382038,0.14958264,0.03615668,0.96384332
0.06384004,0.14958264,0.03649146,0.96350854
0.06385542,0.14924875,0.03649146,0.96350854
0.06390124,0.14891486,0.03649146,0.96350854
0.06397575,0.14858097,0.03649146,0.96350854
0.06400857,0.14858097,0.03682625,0.96317375
0.06421500,0.14824708,0.03682625,0.96317375
0.06428710,0.14791319,0.03682625,0.96317375
0.06435119,0.14757930,0.03682625,0.96317375
0.06444150,0.14724541,0.03682625,0.96317375
0.06449496,0.14691152,0.03682625,0.96317375
0.06455190,0.14657763,0.03682625,0.96317375
0.06455746,0.14624374,0.03682625,0.96317375
0.06456132,0.14590985,0.03682625,0.96317375
0.06468248,0.14557596,0.03682625,0.96317375
0.06472220,0.14524207,0.03682625,0.96317375
0.06484648,0.14490818,0.03682625,0.96317375
0.06487402,0.14457429,0.03682625,0.96317375
0.06488320,0.14424040,0.03682625,0.96317375
0.06488428,0.14390651,0.03682625,0.96317375
0.06491849,0.14357262,0.03682625,0.96317375
0.06498846,0.14323873,0.03682625,0.96317375
0.06498906,0.14290484,0.03682625,0.96317375
0.06511033,0.14257095,0.03682625,0.96317375
0.06532404,0.14223706,0.03682625,0.96317375
0.06534896,0.14190317,0.03682625,0.96317375
0.06574401,0.14156928,0.03682625,0.96317375
0.06575661,0.14156928,0.03716103,0.96283897
0.06579827,0.14123539,0.03716103,0.96283897
0.06603590,0.14090150,0.03716103,0.96283897
0.06605688,0.14056761,0.03716103,0.96283897
0.06607376,0.14023372,0.03716103,0.96283897
0.06612425,0.13989983,0.03716103,0.96283897
0.06617495,0.13956594,0.03716103,0.96283897
0.06652399,0.13923205,0.03716103,0.96283897
0.06681722,0.13889816,0.03716103,0.96283897
0.06688092,0.13856427,0.03716103,0.96283897
0.06690576,0.13823038,0.03716103,0.96283897
0.06695498,0.13789649,0.03716103,0.96283897
0.06697439,0.13756260,0.03716103,0.96283897
0.06698651,0.13722871,0.03716103,0.96283897
0.06699897,0.13689482,0.03716103,0.96283897
0.06705067,0.13656093,0.03716103,0.96283897
0.06713685,0.13622705,0.03716103,0.96283897
0.06713894,0.13589316,0.03716103,0.96283897
0.06725209,0.13555927,0.03716103,0.96283897
0.06726725,0.13522538,0.03716103,0.96283897
0.06733604,0.13489149,0.03716103,0.96283897
0.06735875,0.13455760,0.03716103,0.96283897
0.06737246,0.13422371,0.03716103,0.96283897
0.06739347,0.13388982,0.03716103,0.96283897
0.06740245,0.13355593,0.03716103,0.96283897
0.06742248,0.13322204,0.03716103,0.96283897
0.06755657,0.13288815,0.03716103,0.96283897
0.06759296,0.13288815,0.03749582,0.96250418
0.06767272,0.13255426,0.03749582,0.96250418
0.06770108,0.13222037,0.03749582,0.96250418
0.06772386,0.13188648,0.03749582,0.96250418
0.06779654,0.13188648,0.03783060,0.96216940
0.06809963,0.13155259,0.03783060,0.96216940
0.06811544,0.13121870,0.03783060,0.96216940
0.06812649,0.13088481,0.03783060,0.96216940
0.06817527,0.13055092,0.03783060,0.96216940
0.06821596,0.13055092,0.03816538,0.96183462
0.06824441,0.13021703,0.03816538,0.96183462
0.06841618,0.12988314,0.03816538,0.96183462
0.06849642,0.12954925,0.03816538,0.96183462
0.06868389,0.12921536,0.03816538,0.96183462
0.06874367,0.12888147,0.03816538,0.96183462
0.06880893,0.12854758,0.03816538,0.96183462
0.06891466,0.12854758,0.03850017,0.96149983
0.06915466,0.12821369,0.03850017,0.96149983
0.06917322,0.12787980,0.03850017,0.96149983
0.06942253,0.12754591,0.03850017,0.96149983
0.06953069,0.12721202,0.03850017,0.96149983
0.07006814,0.12687813,0.03850017,0.96149983
0.07007715,0.12654424,0.03850017,0.96149983
0.07009922,0.12621035,0.03850017,0.96149983
0.07011347,0.12587646,0.03850017,0.96149983
0.07011690,0.12554257,0.03850017,0.96149983
0.07024461,0.12520868,0.03850017,0.96149983
0.07026108,0.12487479,0.03850017,0.96149983
0.07045022,0.12487479,0.03883495,0.96116505
0.07049098,0.12454090,0.03883495,0.96116505
0.07051859,0.12420701,0.03883495,0.96116505
0.07072943,0.12387312,0.03883495,0.96116505
0.07087376,0.12353923,0.03883495,0.96116505
0.07093437,0.12320534,0.03883495,0.96116505
0.07098890,0.12287145,0.03883495,0.96116505
0.07118771,0.12253756,0.03883495,0.96116505
0.07148340,0.12220367,0.03883495,0.96116505
0.07159203,0.12186978,0.03883495,0.96116505
0.07164292,0.12153589,0.03883495,0.96116505
0.07169439,0.12120200,0.03883495,0.96116505
0.07173826,0.12086811,0.03883495,0.96116505
0.07183097,0.12053422,0.03883495,0.96116505
0.07190861,0.12020033,0.03883495,0.96116505
0.07191851,0.11986644,0.03883495,0.96116505
0.07222825,0.11953255,0.03883495,0.96116505
0.07234585,0.11919866,0.03883495,0.96116505
0.07251421,0.11886477,0.03883495,0.96116505
0.07253136,0.11886477,0.03916974,0.96083026
0.07255893,0.11853088,0.03916974,0.96083026
0.07256484,0.11819699,0.03916974,0.96083026
0.07293149,0.11786311,0.03916974,0.96083026
0.07304502,0.11752922,0.03916974,0.96083026
0.07327783,0.11719533,0.03916974,0.96083026
0.07329575,0.11686144,0.03916974,0.96083026
0.07332977,0.11652755,0.03916974,0.96083026
0.07334804,0.11619366,0.03916974,0.96083026
0.07340481,0.11585977,0.03916974,0.96083026
0.07343718,0.11552588,0.03916974,0.96083026
0.07344159,0.11519199,0.03916974,0.96083026
0.07346069,0.11485810,0.03916974,0.96083026
0.07368247,0.11452421,0.03916974,0.96083026
0.07369550,0.11419032,0.03916974,0.96083026
0.07387179,0.11385643,0.03916974,0.96083026
0.07396185,0.11352254,0.03916974,0.96083026
0.07396939,0.11318865,0.03916974,0.96083026
0.07397732,0.11285476,0.03916974,0.96083026
0.07400589,0.11252087,0.03916974,0.96083026
0.07418310,0.11218698,0.03916974,0.96083026
0.07436053,0.11185309,0.03916974,0.96083026
0.07437290,0.11151920,0.03916974,0.96083026
0.07440738,0.11118531,0.03916974,0.96083026
0.07445348,0.11085142,0.03916974,0.96083026
0.07482000,0.11051753,0.03916974,0.96083026
0.07500646,0.11018364,0.03916974,0.96083026
0.07505006,0.10984975,0.03916974,0.96083026
0.07509169,0.10951586,0.03916974,0.96083026
0.07513740,0.10918197,0.03916974,0.96083026
0.07519910,0.10884808,0.03916974,0.96083026
0.07530279,0.10884808,0.03950452,0.96049548
0.07531979,0.10851419,0.03950452,0.96049548
0.07563584,0.10818030,0.03950452,0.96049548
0.07564000,0.10784641,0.03950452,0.96049548
0.07582580,0.10784641,0.03983930,0.96016070
0.07600783,0.10751252,0.03983930,0.96016070
0.07609665,0.10751252,0.04017409,0.95982591
0.07624030,0.10717863,0.04017409,0.95982591
0.07629430,0.10684474,0.04017409,0.95982591
0.07632647,0.10651085,0.04017409,0.95982591
0.07633289,0.10617696,0.04017409,0.95982591
0.07659179,0.10584307,0.04017409,0.95982591
0.07664939,0.10584307,0.04050887,0.95949113
0.07673865,0.10550918,0.04050887,0.95949113
0.07674472,0.10550918,0.04084366,0.95915634
0.07677929,0.10517529,0.04084366,0.95915634
0.07678575,0.10484140,0.04084366,0.95915634
0.07701997,0.10450751,0.04084366,0.95915634
0.07703926,0.10417362,0.04084366,0.95915634
0.07707807,0.10383973,0.04084366,0.95915634
0.07741421,0.10350584,0.04084366,0.95915634
0.07744523,0.10317195,0.04084366,0.95915634
0.07746688,0.10283806,0.04084366,0.95915634
0.07749781,0.10250417,0.04084366,0.95915634
0.07758238,0.10217028,0.04084366,0.95915634
0.07767608,0.10183639,0.04084366,0.95915634
0.07782292,0.10150250,0.04084366,0.95915634
0.07783581,0.10116861,0.04084366,0.95915634
0.07788520,0.10083472,0.04084366,0.95915634
0.07791211,0.10083472,0.04117844,0.95882156
0.07812841,0.10050083,0.04117844,0.95882156
0.07843604,0.10016694,0.04117844,0.95882156
0.07869789,0.10016694,0.04151322,0.95848678
0.07879123,0.09983306,0.04151322,0.95848678
0.07888154,0.09949917,0.04151322,0.95848678
0.07889044,0.09916528,0.04151322,0.95848678
0.07900562,0.09883139,0.04151322,0.95848678
0.07909545,0.09849750,0.04151322,0.95848678
0.07921261,0.09816361,0.04151322,0.95848678
0.07932284,0.09782972,0.04151322,0.95848678
0.07940918,0.09749583,0.04151322,0.95848678
0.07949527,0.09716194,0.04151322,0.95848678
0.07977315,0.09682805,0.04151322,0.95848678
0.07997528,0.09649416,0.04151322,0.95848678
0.07998554,0.09616027,0.04151322,0.95848678
0.08000995,0.09582638,0.04151322,0.95848678
0.08009121,0.09549249,0.04151322,0.95848678
0.08012408,0.09515860,0.04151322,0.95848678
0.08019385,0.09515860,0.04184801,0.95815199
0.08019469,0.09482471,0.04184801,0.95815199
0.08024244,0.09449082,0.04184801,0.95815199
0.08029401,0.09449082,0.04218279,0.95781721
0.08032821,0.09415693,0.04218279,0.95781721
0.08041561,0.09382304,0.04218279,0.95781721
0.08054278,0.09348915,0.04218279,0.95781721
0.08061798,0.09315526,0.04218279,0.95781721
0.08084790,0.09282137,0.04218279,0.95781721
0.08085166,0.09248748,0.04218279,0.95781721
0.08130021,0.09215359,0.04218279,0.95781721
0.08189373,0.09181970,0.04218279,0.95781721
0.08198635,0.09148581,0.04218279,0.95781721
0.08202539,0.09115192,0.04218279,0.95781721
0.08212812,0.09081803,0.04218279,0.95781721
0.08218349,0.09048414,0.04218279,0.95781721
0.08236590,0.09015025,0.04218279,0.95781721
0.08241439,0.08981636,0.04218279,0.95781721
0.08242669,0.08948247,0.04218279,0.95781721
0.08250155,0.08914858,0.04218279,0.95781721
0.08251657,0.08881469,0.04218279,0.95781721
0.08253513,0.08848080,0.04218279,0.95781721
0.08280820,0.08814691,0.04218279,0.95781721
0.08301188,0.08781302,0.04218279,0.95781721
0.08303212,0.08747913,0.04218279,0.95781721
0.08310404,0.08714524,0.04218279,0.95781721
0.08346160,0.08681135,0.04218279,0.95781721
0.08351059,0.08681135,0.04251758,0.95748242
0.08361594,0.08647746,0.04251758,0.95748242
0.08371418,0.08614357,0.04251758,0.95748242
0.08383835,0.08580968,0.04251758,0.95748242
0.08387118,0.08547579,0.04251758,0.95748242
0.08413059,0.08514190,0.04251758,0.95748242
0.08421255,0.08480801,0.04251758,0.95748242
0.08431253,0.08447412,0.04251758,0.95748242
0.08436527,0.08414023,0.04251758,0.95748242
0.08443991,0.08380634,0.04251758,0.95748242
0.08450741,0.08347245,0.04251758,0.95748242
0.08456732,0.08313856,0.04251758,0.95748242
0.08456853,0.08280467,0.04251758,0.95748242
0.08459574,0.08247078,0.04251758,0.95748242
0.08491969,0.08247078,0.04285236,0.95714764
0.08492421,0.08213689,0.04285236,0.95714764
0.08513224,0.08180301,0.04285236,0.95714764
0.08530253,0.08146912,0.04285236,0.95714764
0.08531912,0.08113523,0.04285236,0.95714764
0.08542101,0.08080134,0.04285236,0.95714764
0.08548961,0.08046745,0.04285236,0.95714764
0.08575998,0.08013356,0.04285236,0.95714764
0.08576697,0.07979967,0.04285236,0.95714764
0.08586019,0.07946578,0.04285236,0.95714764
0.08595095,0.07913189,0.04285236,0.95714764
0.08596727,0.07879800,0.04285236,0.95714764
0.08606422,0.07846411,0.04285236,0.95714764
0.08633874,0.07813022,0.04285236,0.95714764
0.08637730,0.07779633,0.04285236,0.95714764
0.08646734,0.07746244,0.04285236,0.95714764
0.08652461,0.07712855,0.04285236,0.95714764
0.08681096,0.07679466,0.04285236,0.95714764
0.08681638,0.07646077,0.04285236,0.95714764
0.08684418,0.07612688,0.04285236,0.95714764
0.08707483,0.07579299,0.04285236,0.95714764
0.08718436,0.07545910,0.04285236,0.95714764
0.08720300,0.07512521,0.04285236,0.95714764
0.08724040,0.07479132,0.04285236,0.95714764
0.08729783,0.07445743,0.04285236,0.95714764
0.08741173,0.07412354,0.04285236,0.95714764
0.08757539,0.07378965,0.04285236,0.95714764
0.08768292,0.07345576,0.04285236,0.95714764
0.08773618,0.07312187,0.04285236,0.95714764
0.08787482,0.07278798,0.04285236,0.95714764
0.08808260,0.07245409,0.04285236,0.95714764
0.08830319,0.07212020,0.04285236,0.95714764
0.08834185,0.07178631,0.04285236,0.95714764
0.08857716,0.07178631,0.04318714,0.95681286
0.08859942,0.07145242,0.04318714,0.95681286
0.08865934,0.07111853,0.04318714,0.95681286
0.08874951,0.07078464,0.04318714,0.95681286
0.08883061,0.07045075,0.04318714,0.95681286
0.08891238,0.07011686,0.04318714,0.95681286
0.08895912,0.06978297,0.04318714,0.95681286
0.08900871,0.06944908,0.04318714,0.95681286
0.08907270,0.06911519,0.04318714,0.95681286
0.08909497,0.06878130,0.04318714,0.95681286
0.08909843,0.06844741,0.04318714,0.95681286
0.08914187,0.06811352,0.04318714,0.95681286
0.08914635,0.06777963,0.04318714,0.95681286
0.08926445,0.06744574,0.04318714,0.95681286
0.08945719,0.06711185,0.04318714,0.95681286
0.08960606,0.06677796,0.04318714,0.95681286
0.08975075,0.06644407,0.04318714,0.95681286
0.08993826,0.06611018,0.04318714,0.95681286
0.08996838,0.06577629,0.04318714,0.95681286
0.09026185,0.06544240,0.04318714,0.95681286
0.09068822,0.06510851,0.04318714,0.95681286
0.09080510,0.06477462,0.04318714,0.95681286
0.09082077,0.06444073,0.04318714,0.95681286
0.09083454,0.06410684,0.04318714,0.95681286
0.09087883,0.06377295,0.04318714,0.95681286
0.09095374,0.06343907,0.04318714,0.95681286
0.09101727,0.06310518,0.04318714,0.95681286
0.09121152,0.06277129,0.04318714,0.95681286
0.09145867,0.06243740,0.04318714,0.95681286
0.09176825,0.06210351,0.04318714,0.95681286
0.09176986,0.06176962,0.04318714,0.95681286
0.09198136,0.06143573,0.04318714,0.95681286
0.09198418,0.06110184,0.04318714,0.95681286
0.09200621,0.06076795,0.04318714,0.95681286
0.09204493,0.06043406,0.04318714,0.95681286
0.09207359,0.06043406,0.04352193,0.95647807
0.09221336,0.06010017,0.04352193,0.95647807
0.09226193,0.05976628,0.04352193,0.95647807
0.09228826,0.05943239,0.04352193,0.95647807
0.09230522,0.05943239,0.04385671,0.95614329
0.09240402,0.05943239,0.04419150,0.95580850
0.09243295,0.05909850,0.04419150,0.95580850
0.09243602,0.05876461,0.04419150,0.95580850
0.09257527,0.05843072,0.04419150,0.95580850
0.09261803,0.05809683,0.04419150,0.95580850
0.09277321,0.05809683,0.04452628,0.95547372
0.09297974,0.05776294,0.04452628,0.95547372
0.09298613,0.05742905,0.04452628,0.95547372
0.09302747,0.05709516,0.04452628,0.95547372
0.09305952,0.05676127,0.04452628,0.95547372
0.09314430,0.05642738,0.04452628,0.95547372
0.09318474,0.05609349,0.04452628,0.95547372
0.09334785,0.05575960,0.04452628,0.95547372
0.09340551,0.05542571,0.04452628,0.95547372
0.09351620,0.05509182,0.04452628,0.95547372
0.09382166,0.05475793,0.04452628,0.95547372
0.09393429,0.05442404,0.04452628,0.95547372
0.09400376,0.05409015,0.04452628,0.95547372
0.09406130,0.05375626,0.04452628,0.95547372
0.09464929,0.05375626,0.04486106,0.95513894
0.09519382,0.05342237,0.04486106,0.95513894
0.09549928,0.05308848,0.04486106,0.95513894
0.09565377,0.05275459,0.04486106,0.95513894
0.09580465,0.05242070,0.04486106,0.95513894
0.09584869,0.05208681,0.04486106,0.95513894
0.09585131,0.05175292,0.04486106,0.95513894
0.09590101,0.05141903,0.04486106,0.95513894
0.09610548,0.05108514,0.04486106,0.95513894
0.09635739,0.05075125,0.04486106,0.95513894
0.09697926,0.05041736,0.04486106,0.95513894
0.09710003,0.05008347,0.04486106,0.95513894
0.09719195,0.04974958,0.04486106,0.95513894
0.09742161,0.04941569,0.04486106,0.95513894
0.09744513,0.04908180,0.04486106,0.95513894
0.09775714,0.04874791,0.04486106,0.95513894
0.09790511,0.04841402,0.04486106,0.95513894
0.09819895,0.04808013,0.04486106,0.95513894
0.09868300,0.04774624,0.04486106,0.95513894
0.09938131,0.04741235,0.04486106,0.95513894
0.09950701,0.04707846,0.04486106,0.95513894
0.09978513,0.04674457,0.04486106,0.95513894
0.09998827,0.04674457,0.04519585,0.95480415
0.10009004,0.04674457,0.04553063,0.95446937
0.10045764,0.04641068,0.04553063,0.95446937
0.10051823,0.04607679,0.04553063,0.95446937
0.10054266,0.04574290,0.04553063,0.95446937
0.10072828,0.04540902,0.04553063,0.95446937
0.10087900,0.04507513,0.04553063,0.95446937
0.10098711,0.04474124,0.04553063,0.95446937
0.10184592,0.04440735,0.04553063,0.95446937
0.10202660,0.04407346,0.04553063,0.95446937
0.10225904,0.04373957,0.04553063,0.95446937
0.10231382,0.04340568,0.04553063,0.95446937
0.10241630,0.04307179,0.04553063,0.95446937
0.10248854,0.04273790,0.04553063,0.95446937
0.10263827,0.04240401,0.04553063,0.95446937
0.10324351,0.04207012,0.04553063,0.95446937
0.10327061,0.04173623,0.04553063,0.95446937
0.10362614,0.04140234,0.04553063,0.95446937
0.10384603,0.04106845,0.04553063,0.95446937
0.10430980,0.04073456,0.04553063,0.95446937
0.10447717,0.04073456,0.04586542,0.95413458
0.10457532,0.04040067,0.04586542,0.95413458
0.10460994,0.04006678,0.04586542,0.95413458
0.10579676,0.03973289,0.04586542,0.95413458
0.10603446,0.03939900,0.04586542,0.95413458
0.10666037,0.03906511,0.04586542,0.95413458
0.10674992,0.03873122,0.04586542,0.95413458
0.10703883,0.03873122,0.04620020,0.95379980
0.10704973,0.03839733,0.04620020,0.95379980
0.10726532,0.03806344,0.04620020,0.95379980
0.10780501,0.03806344,0.04653498,0.95346502
0.10800759,0.03772955,0.04653498,0.95346502
0.10820515,0.03739566,0.04653498,0.95346502
0.10827722,0.03706177,0.04653498,0.95346502
0.10874418,0.03672788,0.04653498,0.95346502
0.10885820,0.03639399,0.04653498,0.95346502
0.10895831,0.03606010,0.04653498,0.95346502
0.10974074,0.03572621,0.04653498,0.95346502
0.10975262,0.03539232,0.04653498,0.95346502
0.10982220,0.03505843,0.04653498,0.95346502
0.11031478,0.03472454,0.04653498,0.95346502
0.11083964,0.03439065,0.04653498,0.95346502
0.11091916,0.03405676,0.04653498,0.95346502
0.11106817,0.03372287,0.04653498,0.95346502
0.11150147,0.03338898,0.04653498,0.95346502
0.11153077,0.03305509,0.04653498,0.95346502
0.11157137,0.03272120,0.04653498,0.95346502
0.11180967,0.03238731,0.04653498,0.95346502
0.11203784,0.03205342,0.04653498,0.95346502
0.11218182,0.03205342,0.04686977,0.95313023
0.11225411,0.03171953,0.04686977,0.95313023
0.11229274,0.03138564,0.04686977,0.95313023
0.11271054,0.03105175,0.04686977,0.95313023
0.11276726,0.03071786,0.04686977,0.95313023
0.11399645,0.03038397,0.04686977,0.95313023
0.11406238,0.03005008,0.04686977,0.95313023
0.11446770,0.02971619,0.04686977,0.95313023
0.11468270,0.02938230,0.04686977,0.95313023
0.11542519,0.02904841,0.04686977,0.95313023
0.11576147,0.02871452,0.04686977,0.95313023
0.11578458,0.02838063,0.04686977,0.95313023
0.11627988,0.02804674,0.04686977,0.95313023
0.11649752,0.02771285,0.04686977,0.95313023
0.11652243,0.02737896,0.04686977,0.95313023
0.11727412,0.02704508,0.04686977,0.95313023
0.11751890,0.02671119,0.04686977,0.95313023
0.11782433,0.02637730,0.04686977,0.95313023
0.11793164,0.02604341,0.04686977,0.95313023
0.11832552,0.02570952,0.04686977,0.95313023
0.11875387,0.02537563,0.04686977,0.95313023
0.11889149,0.02504174,0.04686977,0.95313023
0.11947622,0.02470785,0.04686977,0.95313023
0.11984050,0.02437396,0.04686977,0.95313023
0.11994114,0.02404007,0.04686977,0.95313023
0.12047088,0.02370618,0.04686977,0.95313023
0.12052555,0.02337229,0.04686977,0.95313023
0.12085435,0.02303840,0.04686977,0.95313023
0.12146022,0.02270451,0.04686977,0.95313023
0.12181541,0.02237062,0.04686977,0.95313023
0.12183747,0.02203673,0.04686977,0.95313023
0.12227406,0.02170284,0.04686977,0.95313023
0.12233423,0.02136895,0.04686977,0.95313023
0.12234910,0.02103506,0.04686977,0.95313023
0.12234921,0.02070117,0.04686977,0.95313023
0.12242544,0.02036728,0.04686977,0.95313023
0.12269416,0.02003339,0.04686977,0.95313023
0.12291467,0.01969950,0.04686977,0.95313023
0.12308662,0.01936561,0.04686977,0.95313023
0.12367161,0.01903172,0.04686977,0.95313023
0.12490350,0.01869783,0.04686977,0.95313023
0.12497527,0.01836394,0.04686977,0.95313023
0.12536785,0.01803005,0.04686977,0.95313023
0.12567718,0.01769616,0.04686977,0.95313023
0.12573351,0.01769616,0.04720455,0.95279545
0.12601021,0.01736227,0.04720455,0.95279545
0.12705326,0.01702838,0.04720455,0.95279545
0.12741643,0.01669449,0.04720455,0.95279545
0.12759818,0.01636060,0.04720455,0.95279545
0.12783197,0.01636060,0.04753934,0.95246066
0.12849078,0.01602671,0.04753934,0.95246066
0.12933317,0.01569282,0.04753934,0.95246066
0.12957607,0.01535893,0.04753934,0.95246066
0.13103980,0.01502504,0.04753934,0.95246066
0.13106646,0.01469115,0.04753934,0.95246066
0.13305487,0.01435726,0.04753934,0.95246066
0.13385801,0.01435726,0.04787412,0.95212588
0.13551971,0.01402337,0.04787412,0.95212588
0.13553435,0.01368948,0.04787412,0.95212588
0.13554145,0.01335559,0.04787412,0.95212588
0.13577262,0.01302170,0.04787412,0.95212588
0.13582465,0.01268781,0.04787412,0.95212588
0.13743681,0.01235392,0.04787412,0.95212588
0.13776621,0.01235392,0.04820891,0.95179109
0.13794969,0.01202003,0.04820891,0.95179109
0.13806088,0.01168614,0.04820891,0.95179109
0.13860339,0.01135225,0.04820891,0.95179109
0.13869171,0.01101836,0.04820891,0.95179109
0.13961755,0.01068447,0.04820891,0.95179109
0.14019553,0.01035058,0.04820891,0.95179109
0.14051753,0.01001669,0.04820891,0.95179109
0.14065868,0.00968280,0.04820891,0.95179109
0.14081402,0.00934891,0.04820891,0.95179109
0.14180760,0.00901503,0.04820891,0.95179109
0.14239150,0.00868114,0.04820891,0.95179109
0.14283293,0.00834725,0.04820891,0.95179109
0.14564694,0.00801336,0.04820891,0.95179109
0.14770603,0.00767947,0.04820891,0.95179109
0.14801601,0.00767947,0.04854369,0.95145631
0.14807063,0.00734558,0.04854369,0.95145631
0.14968948,0.00701169,0.04854369,0.95145631
0.15405992,0.00667780,0.04854369,0.95145631
0.15686016,0.00634391,0.04854369,0.95145631
0.15697357,0.00601002,0.04854369,0.95145631
0.15702859,0.00601002,0.04887847,0.95112153
0.15939099,0.00567613,0.04887847,0.95112153
0.15943223,0.00534224,0.04887847,0.95112153
0.16558085,0.00500835,0.04887847,0.95112153
0.16626243,0.00467446,0.04887847,0.95112153
0.16695568,0.00467446,0.04921326,0.95078674
0.16779746,0.00434057,0.04921326,0.95078674
0.16914469,0.00400668,0.04921326,0.95078674
0.17207904,0.00400668,0.04954804,0.95045196
0.17594261,0.00367279,0.04954804,0.95045196
0.17637002,0.00333890,0.04954804,0.95045196
0.18367459,0.00300501,0.04954804,0.95045196
0.18548708,0.00300501,0.04988283,0.95011717
0.18727432,0.00300501,0.05021761,0.94978239
0.19034526,0.00267112,0.05021761,0.94978239
0.19655819,0.00233723,0.05021761,0.94978239
0.19703548,0.00200334,0.05021761,0.94978239
0.20305672,0.00200334,0.05055239,0.94944761
0.20970762,0.00200334,0.05088718,0.94911282
0.21461985,0.00166945,0.05088718,0.94911282
0.21665937,0.00133556,0.05088718,0.94911282
0.21913053,0.00100167,0.05088718,0.94911282
0.22542971,0.00066778,0.05088718,0.94911282
0.24342029,0.00033389,0.05088718,0.94911282
0.25533372,0.00000000,0.05088718,0.94911282
0.25602600,0.00000000,0.05122196,0.94877804
0.26999015,0.00000000,0.05155675,0.94844325
0.28240374,0.00000000,0.05189153,0.94810847
0.28544116,0.00000000,0.05222631,0.94777369
0.28558350,0.00000000,0.05256110,0.94743890
0.28725049,0.00000000,0.05289588,0.94710412
0.31181368,0.00000000,0.05323067,0.94676933
0.32355532,0.00000000,0.05356545,0.94643455
0.32373172,0.00000000,0.05390023,0.94609977
0.34437910,0.00000000,0.05423502,0.94576498
0.35783806,0.00000000,0.05456980,0.94543020
0.35999203,0.00000000,0.05490459,0.94509541
0.36102575,0.00000000,0.05523937,0.94476063
0.36845061,0.00000000,0.05557415,0.94442585
0.37308434,0.00000000,0.05590894,0.94409106
0.37586010,0.00000000,0.05624372,0.94375628
0.37686914,0.00000000,0.05657851,0.94342149
0.37792787,0.00000000,0.05691329,0.94308671
0.38791135,0.00000000,0.05724807,0.94275193
0.38988414,0.00000000,0.05758286,0.94241714
0.39203131,0.00000000,0.05791764,0.94208236
0.39328146,0.00000000,0.05825243,0.94174757
0.39407045,0.00000000,0.05858721,0.94141279
0.39654136,0.00000000,0.05892200,0.94107800
0.39741045,0.00000000,0.05925678,0.94074322
0.39774188,0.00000000,0.05959156,0.94040844
0.39834398,0.00000000,0.05992635,0.94007365
0.39838627,0.00000000,0.06026113,0.93973887
0.40735412,0.00000000,0.06059592,0.93940408
0.40762594,0.00000000,0.06093070,0.93906930
0.40790325,0.00000000,0.06126548,0.93873452
0.41022930,0.00000000,0.06160027,0.93839973
0.41167688,0.00000000,0.06193505,0.93806495
0.41320083,0.00000000,0.06226984,0.93773016
0.41374066,0.00000000,0.06260462,0.93739538
0.41512239,0.00000000,0.06293940,0.93706060
0.41801879,0.00000000,0.06327419,0.93672581
0.41822690,0.00000000,0.06360897,0.93639103
0.41898021,0.00000000,0.06394376,0.93605624
0.42636356,0.00000000,0.06427854,0.93572146
0.42707145,0.00000000,0.06461332,0.93538668
0.42846704,0.00000000,0.06494811,0.93505189
0.42861009,0.00000000,0.06528289,0.93471711
0.42939547,0.00000000,0.06561768,0.93438232
0.43237549,0.00000000,0.06595246,0.93404754
0.43247613,0.00000000,0.06628724,0.93371276
0.43655136,0.00000000,0.06662203,0.93337797
0.43704039,0.00000000,0.06695681,0.93304319
0.43783802,0.00000000,0.06729160,0.93270840
0.43871677,0.00000000,0.06762638,0.93237362
0.43975484,0.00000000,0.06796117,0.93203883
0.44091710,0.00000000,0.06829595,0.93170405
0.44157243,0.00000000,0.06863073,0.93136927
0.44262582,0.00000000,0.06896552,0.93103448
0.44399062,0.00000000,0.06930030,0.93069970
0.44406891,0.00000000,0.06963509,0.93036491
0.44421560,0.00000000,0.06996987,0.93003013
0.44554466,0.00000000,0.07030465,0.92969535
0.44610998,0.00000000,0.07063944,0.92936056
0.44811568,0.00000000,0.07097422,0.92902578
0.44821262,0.00000000,0.07130901,0.92869099
0.44910067,0.00000000,0.07164379,0.92835621
0.44966447,0.00000000,0.07197857,0.92802143
0.45011416,0.00000000,0.07231336,0.92768664
0.45060170,0.00000000,0.07264814,0.92735186
0.45143834,0.00000000,0.07298293,0.92701707
0.45210046,0.00000000,0.07331771,0.92668229
0.45273152,0.00000000,0.07365249,0.92634751
0.45374742,0.00000000,0.07398728,0.92601272
0.45448449,0.00000000,0.07432206,0.92567794
0.45571321,0.00000000,0.07465685,0.92534315
0.45648465,0.00000000,0.07499163,0.92500837
0.45694137,0.00000000,0.07532641,0.92467359
0.45743585,0.00000000,0.07566120,0.92433880
0.45782304,0.00000000,0.07599598,0.92400402
0.45862740,0.00000000,0.07633077,0.92366923
0.45868540,0.00000000,0.07666555,0.92333445
0.45906287,0.00000000,0.07700033,0.92299967
0.46054426,0.00000000,0.07733512,0.92266488
0.46172482,0.00000000,0.07766990,0.92233010
0.46238858,0.00000000,0.07800469,0.92199531
0.46407932,0.00000000,0.07833947,0.92166053
0.46558049,0.00000000,0.07867426,0.92132574
0.46615019,0.00000000,0.07900904,0.92099096
0.46734655,0.00000000,0.07934382,0.92065618
0.46928564,0.00000000,0.07967861,0.92032139
0.47116163,0.00000000,0.08001339,0.91998661
0.47140351,0.00000000,0.08034818,0.91965182
0.47216713,0.00000000,0.08068296,0.91931704
0.47249630,0.00000000,0.08101774,0.91898226
0.47290584,0.00000000,0.08135253,0.91864747
0.47500971,0.00000000,0.08168731,0.91831269
0.47554246,0.00000000,0.08202210,0.91797790
0.47563988,0.00000000,0.08235688,0.91764312
0.47717825,0.00000000,0.08269166,0.91730834
0.47765738,0.00000000,0.08302645,0.91697355
0.47791007,0.00000000,0.08336123,0.91663877
0.47827452,0.00000000,0.08369602,0.91630398
0.47900769,0.00000000,0.08403080,0.91596920
0.48027247,0.00000000,0.08436558,0.91563442
0.48155570,0.00000000,0.08470037,0.91529963
0.48285735,0.00000000,0.08503515,0.91496485
0.48310453,0.00000000,0.08536994,0.91463006
0.48323721,0.00000000,0.08570472,0.91429528
0.48441371,0.00000000,0.08603950,0.91396050
0.48461139,0.00000000,0.08637429,0.91362571
0.48534396,0.00000000,0.08670907,0.91329093
0.48614749,0.00000000,0.08704386,0.91295614
0.48695943,0.00000000,0.08737864,0.91262136
0.48746291,0.00000000,0.08771342,0.91228658
0.48779088,0.00000000,0.08804821,0.91195179
0.48787147,0.00000000,0.08838299,0.91161701
0.48809665,0.00000000,0.08871778,0.91128222
0.48877192,0.00000000,0.08905256,0.91094744
0.48956603,0.00000000,0.08938735,0.91061265
0.48965126,0.00000000,0.08972213,0.91027787
0.49063474,0.00000000,0.09005691,0.90994309
0.49238944,0.00000000,0.09039170,0.90960830
0.49404079,0.00000000,0.09072648,0.90927352
0.49414697,0.00000000,0.09106127,0.90893873
0.49543628,0.00000000,0.09139605,0.90860395
0.49584883,0.00000000,0.09173083,0.90826917
0.49754590,0.00000000,0.09206562,0.90793438
0.49862602,0.00000000,0.09240040,0.90759960
0.49866265,0.00000000,0.09273519,0.90726481
0.49898878,0.00000000,0.09306997,0.90693003
0.50051218,0.00000000,0.09340475,0.90659525
0.50292772,0.00000000,0.09373954,0.90626046
0.50368476,0.00000000,0.09407432,0.90592568
0.50376713,0.00000000,0.09440911,0.90559089
0.50439936,0.00000000,0.09474389,0.90525611
0.50448102,0.00000000,0.09507867,0.90492133
0.50455815,0.00000000,0.09541346,0.90458654
0.50472730,0.00000000,0.09574824,0.90425176
0.50508040,0.00000000,0.09608303,0.90391697
0.50526237,0.00000000,0.09641781,0.90358219
0.50589287,0.00000000,0.09675259,0.90324741
0.50636721,0.00000000,0.09708738,0.90291262
0.50646073,0.00000000,0.09742216,0.90257784
0.50654423,0.00000000,0.09775695,0.90224305
0.50682992,0.00000000,0.09809173,0.90190827
0.50685728,0.00000000,0.09842651,0.90157349
0.50729442,0.00000000,0.09876130,0.90123870
0.50783890,0.00000000,0.09909608,0.90090392
0.50825298,0.00000000,0.09943087,0.90056913
0.50833243,0.00000000,0.09976565,0.90023435
0.50886399,0.00000000,0.10010044,0.89989956
0.50900781,0.00000000,0.10043522,0.89956478
0.50905734,0.00000000,0.10077000,0.89923000
0.50926197,0.00000000,0.10110479,0.89889521
0.50977200,0.00000000,0.10143957,0.89856043
0.50977260,0.00000000,0.10177436,0.89822564
0.51054054,0.00000000,0.10210914,0.89789086
0.51158708,0.00000000,0.10244392,0.89755608
0.51159948,0.00000000,0.10277871,0.89722129
0.51196569,0.00000000,0.10311349,0.89688651
0.51387078,0.00000000,0.10344828,0.89655172
0.51396143,0.00000000,0.10378306,0.89621694
0.51405460,0.00000000,0.10411784,0.89588216
0.51413375,0.00000000,0.10445263,0.89554737
0.51424497,0.00000000,0.10478741,0.89521259
0.51529908,0.00000000,0.10512220,0.89487780
0.51627660,0.00000000,0.10545698,0.89454302
0.51702422,0.00000000,0.10579176,0.89420824
0.51778758,0.00000000,0.10612655,0.89387345
0.51801085,0.00000000,0.10646133,0.89353867
0.51952595,0.00000000,0.10679612,0.89320388
0.51953727,0.00000000,0.10713090,0.89286910
0.52066988,0.00000000,0.10746568,0.89253432
0.52103800,0.00000000,0.10780047,0.89219953
0.52110362,0.00000000,0.10813525,0.89186475
0.52146763,0.00000000,0.10847004,0.89152996
0.52167016,0.00000000,0.10880482,0.89119518
0.52177882,0.00000000,0.10913960,0.89086040
0.52180833,0.00000000,0.10947439,0.89052561
0.52187645,0.00000000,0.10980917,0.89019083
0.52202392,0.00000000,0.11014396,0.88985604
0.52237558,0.00000000,0.11047874,0.88952126
0.52269077,0.00000000,0.11081353,0.88918647
0.52329284,0.00000000,0.11114831,0.88885169
0.52353668,0.00000000,0.11148309,0.88851691
0.52386165,0.00000000,0.11181788,0.88818212
0.52426475,0.00000000,0.11215266,0.88784734
0.52457780,0.00000000,0.11248745,0.88751255
0.52477497,0.00000000,0.11282223,0.88717777
0.52505946,0.00000000,0.11315701,0.88684299
0.52539212,0.00000000,0.11349180,0.88650820
0.52539712,0.00000000,0.11382658,0.88617342
0.52568489,0.00000000,0.11416137,0.88583863
0.52580434,0.00000000,0.11449615,0.88550385
0.52638936,0.00000000,0.11483093,0.88516907
0.52711987,0.00000000,0.11516572,0.88483428
0.52724028,0.00000000,0.11550050,0.88449950
0.52761012,0.00000000,0.11583529,0.88416471
0.52794963,0.00000000,0.11617007,0.88382993
0.52846879,0.00000000,0.11650485,0.88349515
0.52848941,0.00000000,0.11683964,0.88316036
0.52931869,0.00000000,0.11717442,0.88282558
0.53068495,0.00000000,0.11750921,0.88249079
0.53079563,0.00000000,0.11784399,0.88215601
0.53093994,0.00000000,0.11817877,0.88182123
0.53224361,0.00000000,0.11851356,0.88148644
0.53233063,0.00000000,0.11884834,0.88115166
0.53235739,0.00000000,0.11918313,0.88081687
0.53251398,0.00000000,0.11951791,0.88048209
0.53254217,0.00000000,0.11985270,0.88014730
0.53264457,0.00000000,0.12018748,0.87981252
0.53287232,0.00000000,0.12052226,0.87947774
0.53299975,0.00000000,0.12085705,0.87914295
0.53308254,0.00000000,0.12119183,0.87880817
0.53338164,0.00000000,0.12152662,0.87847338
0.53339261,0.00000000,0.12186140,0.87813860
0.53390282,0.00000000,0.12219618,0.87780382
0.53448927,0.00000000,0.12253097,0.87746903
0.53452671,0.00000000,0.12286575,0.87713425
0.53461397,0.00000000,0.12320054,0.87679946
0.53463298,0.00000000,0.12353532,0.87646468
0.53483945,0.00000000,0.12387010,0.87612990
0.53507948,0.00000000,0.12420489,0.87579511
0.53582257,0.00000000,0.12453967,0.87546033
0.53597498,0.00000000,0.12487446,0.87512554
0.53606474,0.00000000,0.12520924,0.87479076
0.53618819,0.00000000,0.12554402,0.87445598
0.53630650,0.00000000,0.12587881,0.87412119
0.53667563,0.00000000,0.12621359,0.87378641
0.53716272,0.00000000,0.12654838,0.87345162
0.53782308,0.00000000,0.12688316,0.87311684
0.53835094,0.00000000,0.12721794,0.87278206
0.53836685,0.00000000,0.12755273,0.87244727
0.53850919,0.00000000,0.12788751,0.87211249
0.53853577,0.00000000,0.12822230,0.87177770
0.53886801,0.00000000,0.12855708,0.87144292
0.53905076,0.00000000,0.12889186,0.87110814
0.53910792,0.00000000,0.12922665,0.87077335
0.53911191,0.00000000,0.12956143,0.87043857
0.54042208,0.00000000,0.12989622,0.87010378
0.54074454,0.00000000,0.13023100,0.86976900
0.54105955,0.00000000,0.13056579,0.86943421
0.54122138,0.00000000,0.13090057,0.86909943
0.54124790,0.00000000,0.13123535,0.86876465
0.54191673,0.00000000,0.13157014,0.86842986
0.54232615,0.00000000,0.13190492,0.86809508
0.54242289,0.00000000,0.13223971,0.86776029
0.54317576,0.00000000,0.13257449,0.86742551
0.54343808,0.00000000,0.13290927,0.86709073
0.54364431,0.00000000,0.13324406,0.86675594
0.54565489,0.00000000,0.13357884,0.86642116
0.54577249,0.00000000,0.13391363,0.86608637
0.54583687,0.00000000,0.13424841,0.86575159
0.54584908,0.00000000,0.13458319,0.86541681
0.54650104,0.00000000,0.13491798,0.86508202
0.54657441,0.00000000,0.13525276,0.86474724
0.54668605,0.00000000,0.13558755,0.86441245
0.54682392,0.00000000,0.13592233,0.86407767
0.54731917,0.00000000,0.13625711,0.86374289
0.54782188,0.00000000,0.13659190,0.86340810
0.54785120,0.00000000,0.13692668,0.86307332
0.54844499,0.00000000,0.13726147,0.86273853
0.54858786,0.00000000,0.13759625,0.86240375
0.54876059,0.00000000,0.13793103,0.86206897
0.54901701,0.00000000,0.13826582,0.86173418
0.54907453,0.00000000,0.13860060,0.86139940
0.54931211,0.00000000,0.13893539,0.86106461
0.54931867,0.00000000,0.13927017,0.86072983
0.54948252,0.00000000,0.13960495,0.86039505
0.54992348,0.00000000,0.13993974,0.86006026
0.55002087,0.00000000,0.14027452,0.85972548
0.55070925,0.00000000,0.14060931,0.85939069
0.55099529,0.00000000,0.14094409,0.85905591
0.55170101,0.00000000,0.14127888,0.85872112
0.55178940,0.00000000,0.14161366,0.85838634
0.55203396,0.00000000,0.14194844,0.85805156
0.55203587,0.00000000,0.14228323,0.85771677
0.55236864,0.00000000,0.14261801,0.85738199
0.55291378,0.00000000,0.14295280,0.85704720
0.55301738,0.00000000,0.14328758,0.85671242
0.55357409,0.00000000,0.14362236,0.85637764
0.55375457,0.00000000,0.14395715,0.85604285
0.55393165,0.00000000,0.14429193,0.85570807
0.55413604,0.00000000,0.14462672,0.85537328
0.55421376,0.00000000,0.14496150,0.85503850
0.55422992,0.00000000,0.14529628,0.85470372
0.55426896,0.00000000,0.14563107,0.85436893
0.55430371,0.00000000,0.14596585,0.85403415
0.55471158,0.00000000,0.14630064,0.85369936
0.55532110,0.00000000,0.14663542,0.85336458
0.55532712,0.00000000,0.14697020,0.85302980
0.55538577,0.00000000,0.14730499,0.85269501
0.55554020,0.00000000,0.14763977,0.85236023
0.55639261,0.00000000,0.14797456,0.85202544
0.55656016,0.00000000,0.14830934,0.85169066
0.55660450,0.00000000,0.14864412,0.85135588
0.55661213,0.00000000,0.14897891,0.85102109
0.55680001,0.00000000,0.14931369,0.85068631
0.55722618,0.00000000,0.14964848,0.85035152
0.55774194,0.00000000,0.14998326,0.85001674
0.55784225,0.00000000,0.15031804,0.84968196
0.55810839,0.00000000,0.15065283,0.84934717
0.55826420,0.00000000,0.15098761,0.84901239
0.55882865,0.00000000,0.15132240,0.84867760
0.55893320,0.00000000,0.15165718,0.84834282
0.55910349,0.00000000,0.15199197,0.84800803
0.55913633,0.00000000,0.15232675,0.84767325
0.55961323,0.00000000,0.15266153,0.84733847
0.55984479,0.00000000,0.15299632,0.84700368
0.55986071,0.00000000,0.15333110,0.84666890
0.55987966,0.00000000,0.15366589,0.84633411
0.55990607,0.00000000,0.15400067,0.84599933
0.56001884,0.00000000,0.15433545,0.84566455
0.56006080,0.00000000,0.15467024,0.84532976
0.56037378,0.00000000,0.15500502,0.84499498
0.56043184,0.00000000,0.15533981,0.84466019
0.56054878,0.00000000,0.15567459,0.84432541
0.56055599,0.00000000,0.15600937,0.84399063
0.56062788,0.00000000,0.15634416,0.84365584
0.56066686,0.00000000,0.15667894,0.84332106
0.56070256,0.00000000,0.15701373,0.84298627
0.56076109,0.00000000,0.15734851,0.84265149
0.56104356,0.00000000,0.15768329,0.84231671
0.56121141,0.00000000,0.15801808,0.84198192
0.56129926,0.00000000,0.15835286,0.84164714
0.56159472,0.00000000,0.15868765,0.84131235
0.56176418,0.00000000,0.15902243,0.84097757
0.56187636,0.00000000,0.15935721,0.84064279
0.56190139,0.00000000,0.15969200,0.84030800
0.56204754,0.00000000,0.16002678,0.83997322
0.56211764,0.00000000,0.16036157,0.83963843
0.56223357,0.00000000,0.16069635,0.83930365
0.56224030,0.00000000,0.16103113,0.83896887
0.56225687,0.00000000,0.16136592,0.83863408
0.56233454,0.00000000,0.16170070,0.83829930
0.56255037,0.00000000,0.16203549,0.83796451
0.56285763,0.00000000,0.16237027,0.83762973
0.56329113,0.00000000,0.16270506,0.83729494
0.56354642,0.00000000,0.16303984,0.83696016
0.56385744,0.00000000,0.16337462,0.83662538
0.56401944,0.00000000,0.16370941,0.83629059
0.56414914,0.00000000,0.16404419,0.83595581
0.56420958,0.00000000,0.16437898,0.83562102
0.56452417,0.00000000,0.16471376,0.83528624
0.56458610,0.00000000,0.16504854,0.83495146
0.56466424,0.00000000,0.16538333,0.83461667
0.56472021,0.00000000,0.16571811,0.83428189
0.56482536,0.00000000,0.16605290,0.83394710
0.56491911,0.00000000,0.16638768,0.83361232
0.56514180,0.00000000,0.16672246,0.83327754
0.56541800,0.00000000,0.16705725,0.83294275
0.56542313,0.00000000,0.16739203,0.83260797
0.56553495,0.00000000,0.16772682,0.83227318
0.56568134,0.00000000,0.16806160,0.83193840
0.56574744,0.00000000,0.16839638,0.83160362
0.56579351,0.00000000,0.16873117,0.83126883
0.56579494,0.00000000,0.16906595,0.83093405
0.56647801,0.00000000,0.16940074,0.83059926
0.56692612,0.00000000,0.16973552,0.83026448
0.56703264,0.00000000,0.17007030,0.82992970
0.56725717,0.00000000,0.17040509,0.82959491
0.56757343,0.00000000,0.17073987,0.82926013
0.56781524,0.00000000,0.17107466,0.82892534
0.56782758,0.00000000,0.17140944,0.82859056
0.56799662,0.00000000,0.17174422,0.82825578
0.56820691,0.00000000,0.17207901,0.82792099
0.56839854,0.00000000,0.17241379,0.82758621
0.56865609,0.00000000,0.17274858,0.82725142
0.56866080,0.00000000,0.17308336,0.82691664
0.56869316,0.00000000,0.17341815,0.82658185
0.56870246,0.00000000,0.17375293,0.82624707
0.56910348,0.00000000,0.17408771,0.82591229
0.56910759,0.00000000,0.17442250,0.82557750
0.56914216,0.00000000,0.17475728,0.82524272
0.56963831,0.00000000,0.17509207,0.82490793
0.56987870,0.00000000,0.17542685,0.82457315
0.56993937,0.00000000,0.17576163,0.82423837
0.57012612,0.00000000,0.17609642,0.82390358
0.57056600,0.00000000,0.17643120,0.82356880
0.57057601,0.00000000,0.17676599,0.82323401
0.57076645,0.00000000,0.17710077,0.82289923
0.57079548,0.00000000,0.17743555,0.82256445
0.57107770,0.00000000,0.17777034,0.82222966
0.57137114,0.00000000,0.17810512,0.82189488
0.57141149,0.00000000,0.17843991,0.82156009
0.57173491,0.00000000,0.17877469,0.82122531
0.57198799,0.00000000,0.17910947,0.82089053
0.57235146,0.00000000,0.17944426,0.82055574
0.57237315,0.00000000,0.17977904,0.82022096
0.57293546,0.00000000,0.18011383,0.81988617
0.57303119,0.00000000,0.18044861,0.81955139
0.57310611,0.00000000,0.18078339,0.81921661
0.57313496,0.00000000,0.18111818,0.81888182
0.57318592,0.00000000,0.18145296,0.81854704
0.57367337,0.00000000,0.18178775,0.81821225
0.57382244,0.00000000,0.18212253,0.81787747
0.57387537,0.00000000,0.18245732,0.81754268
0.57409382,0.00000000,0.18279210,0.81720790
0.57439703,0.00000000,0.18312688,0.81687312
0.57450384,0.00000000,0.18346167,0.81653833
0.57455415,0.00000000,0.18379645,0.81620355
0.57485282,0.00000000,0.18413124,0.81586876
0.57492799,0.00000000,0.18446602,0.81553398
0.57519633,0.00000000,0.18480080,0.81519920
0.57525867,0.00000000,0.18513559,0.81486441
0.57559824,0.00000000,0.18547037,0.81452963
0.57566774,0.00000000,0.18580516,0.81419484
0.57587868,0.00000000,0.18613994,0.81386006
0.57603592,0.00000000,0.18647472,0.81352528
0.57633233,0.00000000,0.18680951,0.81319049
0.57641679,0.00000000,0.18714429,0.81285571
0.57645482,0.00000000,0.18747908,0.81252092
0.57652593,0.00000000,0.18781386,0.81218614
0.57678998,0.00000000,0.18814864,0.81185136
0.57681620,0.00000000,0.18848343,0.81151657
0.57705671,0.00000000,0.18881821,0.81118179
0.57711881,0.00000000,0.18915300,0.81084700
0.57725203,0.00000000,0.18948778,0.81051222
0.57733339,0.00000000,0.18982256,0.81017744
0.57757759,0.00000000,0.19015735,0.80984265
0.57776582,0.00000000,0.19049213,0.80950787
0.57779735,0.00000000,0.19082692,0.80917308
0.57784158,0.00000000,0.19116170,0.80883830
0.57803702,0.00000000,0.19149648,0.80850352
0.57833368,0.00000000,0.19183127,0.80816873
0.57858413,0.00000000,0.19216605,0.80783395
0.57859141,0.00000000,0.19250084,0.80749916
0.57866436,0.00000000,0.19283562,0.80716438
0.57890123,0.00000000,0.19317041,0.80682959
0.57903481,0.00000000,0.19350519,0.80649481
0.57908458,0.00000000,0.19383997,0.80616003
0.57938778,0.00000000,0.19417476,0.80582524
0.57951814,0.00000000,0.19450954,0.80549046
0.57959884,0.00000000,0.19484433,0.80515567
0.57979059,0.00000000,0.19517911,0.80482089
0.57992023,0.00000000,0.19551389,0.80448611
0.58024102,0.00000000,0.19584868,0.80415132
0.58027303,0.00000000,0.19618346,0.80381654
0.58028036,0.00000000,0.19651825,0.80348175
0.58040535,0.00000000,0.19685303,0.80314697
0.58047497,0.00000000,0.19718781,0.80281219
0.58063078,0.00000000,0.19752260,0.80247740
0.58075213,0.00000000,0.19785738,0.80214262
0.58080292,0.00000000,0.19819217,0.80180783
0.58104950,0.00000000,0.19852695,0.80147305
0.58126348,0.00000000,0.19886173,0.80113827
0.58141720,0.00000000,0.19919652,0.80080348
0.58144206,0.00000000,0.19953130,0.80046870
0.58146983,0.00000000,0.19986609,0.80013391
0.58161509,0.00000000,0.20020087,0.79979913
0.58175218,0.00000000,0.20053565,0.79946435
0.58184522,0.00000000,0.20087044,0.79912956
0.58198416,0.00000000,0.20120522,0.79879478
0.58205462,0.00000000,0.20154001,0.79845999
0.58206338,0.00000000,0.20187479,0.79812521
0.58207285,0.00000000,0.20220957,0.79779043
0.58220148,0.00000000,0.20254436,0.79745564
0.58231682,0.00000000,0.20287914,0.79712086
0.58238173,0.00000000,0.20321393,0.79678607
0.58258688,0.00000000,0.20354871,0.79645129
0.58277655,0.00000000,0.20388350,0.79611650
0.58289713,0.00000000,0.20421828,0.79578172
0.58302259,0.00000000,0.20455306,0.79544694
0.58308011,0.00000000,0.20488785,0.79511215
0.58326781,0.00000000,0.20522263,0.79477737
0.58354408,0.00000000,0.20555742,0.79444258
0.58371550,0.00000000,0.20589220,0.79410780
0.58395755,0.00000000,0.20622698,0.79377302
0.58396584,0.00000000,0.20656177,0.79343823
0.58450145,0.00000000,0.20689655,0.79310345
0.58450973,0.00000000,0.20723134,0.79276866
0.58457470,0.00000000,0.20756612,0.79243388
0.58459991,0.00000000,0.20790090,0.79209910
0.58497149,0.00000000,0.20823569,0.79176431
0.58512092,0.00000000,0.20857047,0.79142953
0.58516717,0.00000000,0.20890526,0.79109474
0.58531016,0.00000000,0.20924004,0.79075996
0.58540535,0.00000000,0.20957482,0.79042518
0.58551687,0.00000000,0.20990961,0.79009039
0.58556300,0.00000000,0.21024439,0.78975561
0.58578140,0.00000000,0.21057918,0.78942082
0.58634323,0.00000000,0.21091396,0.78908604
0.58634585,0.00000000,0.21124874,0.78875126
0.58638006,0.00000000,0.21158353,0.78841647
0.58640039,0.00000000,0.21191831,0.78808169
0.58645189,0.00000000,0.21225310,0.78774690
0.58655590,0.00000000,0.21258788,0.78741212
0.58663648,0.00000000,0.21292266,0.78707734
0.58667850,0.00000000,0.21325745,0.78674255
0.58671212,0.00000000,0.21359223,0.78640777
0.58679885,0.00000000,0.21392702,0.78607298
0.58679974,0.00000000,0.21426180,0.78573820
0.58714098,0.00000000,0.21459659,0.78540341
0.58715785,0.00000000,0.21493137,0.78506863
0.58716112,0.00000000,0.21526615,0.78473385
0.58730268,0.00000000,0.21560094,0.78439906
0.58748561,0.00000000,0.21593572,0.78406428
0.58751547,0.00000000,0.21627051,0.78372949
0.58751571,0.00000000,0.21660529,0.78339471
0.58778149,0.00000000,0.21694007,0.78305993
0.58796459,0.00000000,0.21727486,0.78272514
0.58835077,0.00000000,0.21760964,0.78239036
0.58846271,0.00000000,0.21794443,0.78205557
0.58853555,0.00000000,0.21827921,0.78172079
0.58855671,0.00000000,0.21861399,0.78138601
0.58865404,0.00000000,0.21894878,0.78105122
0.58867955,0.00000000,0.21928356,0.78071644
0.58869648,0.00000000,0.21961835,0.78038165
0.58890331,0.00000000,0.21995313,0.78004687
0.58894110,0.00000000,0.22028791,0.77971209
0.58902609,0.00000000,0.22062270,0.77937730
0.58912998,0.00000000,0.22095748,0.77904252
0.58915097,0.00000000,0.22129227,0.77870773
0.58928901,0.00000000,0.22162705,0.77837295
0.58931649,0.00000000,0.22196183,0.77803817
0.58940279,0.00000000,0.22229662,0.77770338
0.58951044,0.00000000,0.22263140,0.77736860
0.59000343,0.00000000,0.22296619,0.77703381
0.59040910,0.00000000,0.22330097,0.77669903
0.59062940,0.00000000,0.22363575,0.77636425
0.59105933,0.00000000,0.22397054,0.77602946
0.59122366,0.00000000,0.22430532,0.77569468
0.59129596,0.00000000,0.22464011,0.77535989
0.59155393,0.00000000,0.22497489,0.77502511
0.59162015,0.00000000,0.22530968,0.77469032
0.59167731,0.00000000,0.22564446,0.77435554
0.59190589,0.00000000,0.22597924,0.77402076
0.59206051,0.00000000,0.22631403,0.77368597
0.59208596,0.00000000,0.22664881,0.77335119
0.59234321,0.00000000,0.22698360,0.77301640
0.59237254,0.00000000,0.22731838,0.77268162
0.59251475,0.00000000,0.22765316,0.77234684
0.59279084,0.00000000,0.22798795,0.77201205
0.59291232,0.00000000,0.22832273,0.77167727
0.59308201,0.00000000,0.22865752,0.77134248
0.59333581,0.00000000,0.22899230,0.77100770
0.59358823,0.00000000,0.22932708,0.77067292
0.59363437,0.00000000,0.22966187,0.77033813
0.59375411,0.00000000,0.22999665,0.77000335
0.59379297,0.00000000,0.23033144,0.76966856
0.59423947,0.00000000,0.23066622,0.76933378
0.59424061,0.00000000,0.23100100,0.76899900
0.59430903,0.00000000,0.23133579,0.76866421
0.59459043,0.00000000,0.23167057,0.76832943
0.59490573,0.00000000,0.23200536,0.76799464
0.59497863,0.00000000,0.23234014,0.76765986
0.59507215,0.00000000,0.23267492,0.76732508
0.59507942,0.00000000,0.23300971,0.76699029
0.59516340,0.00000000,0.23334449,0.76665551
0.59518743,0.00000000,0.23367928,0.76632072
0.59526783,0.00000000,0.23401406,0.76598594
0.59526825,0.00000000,0.23434884,0.76565116
0.59529835,0.00000000,0.23468363,0.76531637
0.59529865,0.00000000,0.23501841,0.76498159
0.59565377,0.00000000,0.23535320,0.76464680
0.59566063,0.00000000,0.23568798,0.76431202
0.59568840,0.00000000,0.23602277,0.76397723
0.59571218,0.00000000,0.23635755,0.76364245
0.59579349,0.00000000,0.23669233,0.76330767
0.59588641,0.00000000,0.23702712,0.76297288
0.59622502,0.00000000,0.23736190,0.76263810
0.59636641,0.00000000,0.23769669,0.76230331
0.59638524,0.00000000,0.23803147,0.76196853
0.59661889,0.00000000,0.23836625,0.76163375
0.59677011,0.00000000,0.23870104,0.76129896
0.59682620,0.00000000,0.23903582,0.76096418
0.59684175,0.00000000,0.23937061,0.76062939
0.59705120,0.00000000,0.23970539,0.76029461
0.59708804,0.00000000,0.24004017,0.75995983
0.59727174,0.00000000,0.24037496,0.75962504
0.59734374,0.00000000,0.24070974,0.75929026
0.59737712,0.00000000,0.24104453,0.75895547
0.59747410,0.00000000,0.24137931,0.75862069
0.59754479,0.00000000,0.24171409,0.75828591
0.59796262,0.00000000,0.24204888,0.75795112
0.59800953,0.00000000,0.24238366,0.75761634
0.59822845,0.00000000,0.24271845,0.75728155
0.59837115,0.00000000,0.24305323,0.75694677
0.59838170,0.00000000,0.24338801,0.75661199
0.59839928,0.00000000,0.24372280,0.75627720
0.59857029,0.00000000,0.24405758,0.75594242
0.59860134,0.00000000,0.24439237,0.75560763
0.59861875,0.00000000,0.24472715,0.75527285
0.59862024,0.00000000,0.24506194,0.75493806
0.59882158,0.00000000,0.24539672,0.75460328
0.59887213,0.00000000,0.24573150,0.75426850
0.59891766,0.00000000,0.24606629,0.75393371
0.59913439,0.00000000,0.24640107,0.75359893
0.59950352,0.00000000,0.24673586,0.75326414
0.59952343,0.00000000,0.24707064,0.75292936
0.59975070,0.00000000,0.24740542,0.75259458
0.59975427,0.00000000,0.24774021,0.75225979
0.59984410,0.00000000,0.24807499,0.75192501
0.59996992,0.00000000,0.24840978,0.75159022
0.60000044,0.00000000,0.24874456,0.75125544
0.60011810,0.00000000,0.24907934,0.75092066
0.60016930,0.00000000,0.24941413,0.75058587
0.60035503,0.00000000,0.24974891,0.75025109
0.60038233,0.00000000,0.25008370,0.74991630
0.60070521,0.00000000,0.25041848,0.74958152
0.60074967,0.00000000,0.25075326,0.74924674
0.60112607,0.00000000,0.25108805,0.74891195
0.60118359,0.00000000,0.25142283,0.74857717
0.60125989,0.00000000,0.25175762,0.74824238
0.60140407,0.00000000,0.25209240,0.74790760
0.60145926,0.00000000,0.25242718,0.74757282
0.60157156,0.00000000,0.25276197,0.74723803
0.60158730,0.00000000,0.25309675,0.74690325
0.60182601,0.00000000,0.25343154,0.74656846
0.60188961,0.00000000,0.25376632,0.74623368
0.60219574,0.00000000,0.25410110,0.74589890
0.60225183,0.00000000,0.25443589,0.74556411
0.60262340,0.00000000,0.25477067,0.74522933
0.60265708,0.00000000,0.25510546,0.74489454
0.60266167,0.00000000,0.25544024,0.74455976
0.60275155,0.00000000,0.25577503,0.74422497
0.60285866,0.00000000,0.25610981,0.74389019
0.60292870,0.00000000,0.25644459,0.74355541
0.60359830,0.00000000,0.25677938,0.74322062
0.60395586,0.00000000,0.25711416,0.74288584
0.60401744,0.00000000,0.25744895,0.74255105
0.60428095,0.00000000,0.25778373,0.74221627
0.60441995,0.00000000,0.25811851,0.74188149
0.60454315,0.00000000,0.25845330,0.74154670
0.60471255,0.00000000,0.25878808,0.74121192
0.60476512,0.00000000,0.25912287,0.74087713
0.60489893,0.00000000,0.25945765,0.74054235
0.60506320,0.00000000,0.25979243,0.74020757
0.60519326,0.00000000,0.26012722,0.73987278
0.60525090,0.00000000,0.26046200,0.73953800
0.60525465,0.00000000,0.26079679,0.73920321
0.60541302,0.00000000,0.26113157,0.73886843
0.60573149,0.00000000,0.26146635,0.73853365
0.60582584,0.00000000,0.26180114,0.73819886
0.60582614,0.00000000,0.26213592,0.73786408
0.60583293,0.00000000,0.26247071,0.73752929
0.60592186,0.00000000,0.26280549,0.73719451
0.60617161,0.00000000,0.26314027,0.73685973
0.60622621,0.00000000,0.26347506,0.73652494
0.60660285,0.00000000,0.26380984,0.73619016
0.60661411,0.00000000,0.26414463,0.73585537
0.60674626,0.00000000,0.26447941,0.73552059
0.60686201,0.00000000,0.26481419,0.73518581
0.60696816,0.00000000,0.26514898,0.73485102
0.60721487,0.00000000,0.26548376,0.73451624
0.60726517,0.00000000,0.26581855,0.73418145
0.60747021,0.00000000,0.26615333,0.73384667
0.60761589,0.00000000,0.26648812,0.73351188
0.60778761,0.00000000,0.26682290,0.73317710
0.60789502,0.00000000,0.26715768,0.73284232
0.60803139,0.00000000,0.26749247,0.73250753
0.60808206,0.00000000,0.26782725,0.73217275
0.60815442,0.00000000,0.26816204,0.73183796
0.60855979,0.00000000,0.26849682,0.73150318
0.60858393,0.00000000,0.26883160,0.73116840
0.60870713,0.00000000,0.26916639,0.73083361
0.60871273,0.00000000,0.26950117,0.73049883
0.60879833,0.00000000,0.26983596,0.73016404
0.60895616,0.00000000,0.27017074,0.72982926
0.60913026,0.00000000,0.27050552,0.72949448
0.60919237,0.00000000,0.27084031,0.72915969
0.60932642,0.00000000,0.27117509,0.72882491
0.60941797,0.00000000,0.27150988,0.72849012
0.60963333,0.00000000,0.27184466,0.72815534
0.60974509,0.00000000,0.27217944,0.72782056
0.60977906,0.00000000,0.27251423,0.72748577
0.61012208,0.00000000,0.27284901,0.72715099
0.61059672,0.00000000,0.27318380,0.72681620
0.61074054,0.00000000,0.27351858,0.72648142
0.61077255,0.00000000,0.27385336,0.72614664
0.61123157,0.00000000,0.27418815,0.72581185
0.61125284,0.00000000,0.27452293,0.72547707
0.61129940,0.00000000,0.27485772,0.72514228
0.61132276,0.00000000,0.27519250,0.72480750
0.61134714,0.00000000,0.27552728,0.72447272
0.61141050,0.00000000,0.27586207,0.72413793
0.61142135,0.00000000,0.27619685,0.72380315
0.61151940,0.00000000,0.27653164,0.72346836
0.61155522,0.00000000,0.27686642,0.72313358
0.61164588,0.00000000,0.27720121,0.72279879
0.61167622,0.00000000,0.27753599,0.72246401
0.61212379,0.00000000,0.27787077,0.72212923
0.61235112,0.00000000,0.27820556,0.72179444
0.61240405,0.00000000,0.27854034,0.72145966
0.61246842,0.00000000,0.27887513,0.72112487
0.61267084,0.00000000,0.27920991,0.72079009
0.61267257,0.00000000,0.27954469,0.72045531
0.61278582,0.00000000,0.27987948,0.72012052
0.61295569,0.00000000,0.28021426,0.71978574
0.61298555,0.00000000,0.28054905,0.71945095
0.61302263,0.00000000,0.28088383,0.71911617
0.61308545,0.00000000,0.28121861,0.71878139
0.61319798,0.00000000,0.28155340,0.71844660
0.61337727,0.00000000,0.28188818,0.71811182
0.61345714,0.00000000,0.28222297,0.71777703
0.61352289,0.00000000,0.28255775,0.71744225
0.61357522,0.00000000,0.28289253,0.71710747
0.61368531,0.00000000,0.28322732,0.71677268
0.61377603,0.00000000,0.28356210,0.71643790
0.61441380,0.00000000,0.28389689,0.71610311
0.61442536,0.00000000,0.28423167,0.71576833
0.61455542,0.00000000,0.28456645,0.71543355
0.61508673,0.00000000,0.28490124,0.71509876
0.61531627,0.00000000,0.28523602,0.71476398
0.61537874,0.00000000,0.28557081,0.71442919
0.61542892,0.00000000,0.28590559,0.71409441
0.61554629,0.00000000,0.28624037,0.71375963
0.61561990,0.00000000,0.28657516,0.71342484
0.61562616,0.00000000,0.28690994,0.71309006
0.61574090,0.00000000,0.28724473,0.71275527
0.61574167,0.00000000,0.28757951,0.71242049
0.61582249,0.00000000,0.28791430,0.71208570
0.61587822,0.00000000,0.28824908,0.71175092
0.61593705,0.00000000,0.28858386,0.71141614
0.61613566,0.00000000,0.28891865,0.71108135
0.61620921,0.00000000,0.28925343,0.71074657
0.61631542,0.00000000,0.28958822,0.71041178
0.61634392,0.00000000,0.28992300,0.71007700
0.61637920,0.00000000,0.29025778,0.70974222
0.61643648,0.00000000,0.29059257,0.70940743
0.61662269,0.00000000,0.29092735,0.70907265
0.61674088,0.00000000,0.29126214,0.70873786
0.61685103,0.00000000,0.29159692,0.70840308
0.61685926,0.00000000,0.29193170,0.70806830
0.61686611,0.00000000,0.29226649,0.70773351
0.61729056,0.00000000,0.29260127,0.70739873
0.61786664,0.00000000,0.29293606,0.70706394
0.61786973,0.00000000,0.29327084,0.70672916
0.61815745,0.00000000,0.29360562,0.70639438
0.61825007,0.00000000,0.29394041,0.70605959
0.61836398,0.00000000,0.29427519,0.70572481
0.61836582,0.00000000,0.29460998,0.70539002
0.61927795,0.00000000,0.29494476,0.70505524
0.61927986,0.00000000,0.29527954,0.70472046
0.61933506,0.00000000,0.29561433,0.70438567
0.61936897,0.00000000,0.29594911,0.70405089
0.61957479,0.00000000,0.29628390,0.70371610
0.61966985,0.00000000,0.29661868,0.70338132
0.61974543,0.00000000,0.29695347,0.70304653
0.62002474,0.00000000,0.29728825,0.70271175
0.62050664,0.00000000,0.29762303,0.70237697
0.62073433,0.00000000,0.29795782,0.70204218
0.62075537,0.00000000,0.29829260,0.70170740
0.62079889,0.00000000,0.29862739,0.70137261
0.62087792,0.00000000,0.29896217,0.70103783
0.62088561,0.00000000,0.29929695,0.70070305
0.62101656,0.00000000,0.29963174,0.70036826
0.62114960,0.00000000,0.29996652,0.70003348
0.62119675,0.00000000,0.30030131,0.69969869
0.62121040,0.00000000,0.30063609,0.69936391
0.62124944,0.00000000,0.30097087,0.69902913
0.62127620,0.00000000,0.30130566,0.69869434
0.62160355,0.00000000,0.30164044,0.69835956
0.62186724,0.00000000,0.30197523,0.69802477
0.62204051,0.00000000,0.30231001,0.69768999
0.62221265,0.00000000,0.30264479,0.69735521
0.62233478,0.00000000,0.30297958,0.69702042
0.62237281,0.00000000,0.30331436,0.69668564
0.62238210,0.00000000,0.30364915,0.69635085
0.62256324,0.00000000,0.30398393,0.69601607
0.62258422,0.00000000,0.30431871,0.69568129
0.62271059,0.00000000,0.30465350,0.69534650
0.62273604,0.00000000,0.30498828,0.69501172
0.62277442,0.00000000,0.30532307,0.69467693
0.62293744,0.00000000,0.30565785,0.69434215
0.62296301,0.00000000,0.30599263,0.69400737
0.62300205,0.00000000,0.30632742,0.69367258
0.62307471,0.00000000,0.30666220,0.69333780
0.62334234,0.00000000,0.30699699,0.69300301
0.62338465,0.00000000,0.30733177,0.69266823
0.62372822,0.00000000,0.30766656,0.69233344
0.62383389,0.00000000,0.30800134,0.69199866
0.62397480,0.00000000,0.30833612,0.69166388
0.62399870,0.00000000,0.30867091,0.69132909
0.62402970,0.00000000,0.30900569,0.69099431
0.62415874,0.00000000,0.30934048,0.69065952
0.62426031,0.00000000,0.30967526,0.69032474
0.62440026,0.00000000,0.31001004,0.68998996
0.62441880,0.00000000,0.31034483,0.68965517
0.62444687,0.00000000,0.31067961,0.68932039
0.62457949,0.00000000,0.31101440,0.68898560
0.62458169,0.00000000,0.31134918,0.68865082
0.62505072,0.00000000,0.31168396,0.68831604
0.62505496,0.00000000,0.31201875,0.68798125
0.62511939,0.00000000,0.31235353,0.68764647
0.62513250,0.00000000,0.31268832,0.68731168
0.62513429,0.00000000,0.31302310,0.68697690
0.62518525,0.00000000,0.31335788,0.68664212
0.62534451,0.00000000,0.31369267,0.68630733
0.62551969,0.00000000,0.31402745,0.68597255
0.62575769,0.00000000,0.31436224,0.68563776
0.62579316,0.00000000,0.31469702,0.68530298
0.62580025,0.00000000,0.31503180,0.68496820
0.62584299,0.00000000,0.31536659,0.68463341
0.62588203,0.00000000,0.31570137,0.68429863
0.62601936,0.00000000,0.31603616,0.68396384
0.62602854,0.00000000,0.31637094,0.68362906
0.62604660,0.00000000,0.31670572,0.68329428
0.62618911,0.00000000,0.31704051,0.68295949
0.62622225,0.00000000,0.31737529,0.68262471
0.62625015,0.00000000,0.31771008,0.68228992
0.62627941,0.00000000,0.31804486,0.68195514
0.62632650,0.00000000,0.31837965,0.68162035
0.62644804,0.00000000,0.31871443,0.68128557
0.62647873,0.00000000,0.31904921,0.68095079
0.62658238,0.00000000,0.31938400,0.68061600
0.62660658,0.00000000,0.31971878,0.68028122
0.62669826,0.00000000,0.32005357,0.67994643
0.62675601,0.00000000,0.32038835,0.67961165
0.62683022,0.00000000,0.32072313,0.67927687
0.62695813,0.00000000,0.32105792,0.67894208
0.62697488,0.00000000,0.32139270,0.67860730
0.62700558,0.00000000,0.32172749,0.67827251
0.62726194,0.00000000,0.32206227,0.67793773
0.62741983,0.00000000,0.32239705,0.67760295
0.62754393,0.00000000,0.32273184,0.67726816
0.62762326,0.00000000,0.32306662,0.67693338
0.62763697,0.00000000,0.32340141,0.67659859
0.62766206,0.00000000,0.32373619,0.67626381
0.62775499,0.00000000,0.32407097,0.67592903
0.62785733,0.00000000,0.32440576,0.67559424
0.62790406,0.00000000,0.32474054,0.67525946
0.62835652,0.00000000,0.32507533,0.67492467
0.62850296,0.00000000,0.32541011,0.67458989
0.62865752,0.00000000,0.32574489,0.67425511
0.62886405,0.00000000,0.32607968,0.67392032
0.62889260,0.00000000,0.32641446,0.67358554
0.62895095,0.00000000,0.32674925,0.67325075
0.62902677,0.00000000,0.32708403,0.67291597
0.62908167,0.00000000,0.32741881,0.67258119
0.62912309,0.00000000,0.32775360,0.67224640
0.62921339,0.00000000,0.32808838,0.67191162
0.62955481,0.00000000,0.32842317,0.67157683
0.62956381,0.00000000,0.32875795,0.67124205
0.62956715,0.00000000,0.32909274,0.67090726
0.62962097,0.00000000,0.32942752,0.67057248
0.62978095,0.00000000,0.32976230,0.67023770
0.62980855,0.00000000,0.33009709,0.66990291
0.62989068,0.00000000,0.33043187,0.66956813
0.63001752,0.00000000,0.33076666,0.66923334
0.63017929,0.00000000,0.33110144,0.66889856
0.63023585,0.00000000,0.33143622,0.66856378
0.63036460,0.00000000,0.33177101,0.66822899
0.63042289,0.00000000,0.33210579,0.66789421
0.63066202,0.00000000,0.33244058,0.66755942
0.63087356,0.00000000,0.33277536,0.66722464
0.63088578,0.00000000,0.33311014,0.66688986
0.63090646,0.00000000,0.33344493,0.66655507
0.63104993,0.00000000,0.33377971,0.66622029
0.63118929,0.00000000,0.33411450,0.66588550
0.63136774,0.00000000,0.33444928,0.66555072
0.63138169,0.00000000,0.33478406,0.66521594
0.63144618,0.00000000,0.33511885,0.66488115
0.63149458,0.00000000,0.33545363,0.66454637
0.63156593,0.00000000,0.33578842,0.66421158
0.63164300,0.00000000,0.33612320,0.66387680
0.63173139,0.00000000,0.33645798,0.66354202
0.63177466,0.00000000,0.33679277,0.66320723
0.63187045,0.00000000,0.33712755,0.66287245
0.63187259,0.00000000,0.33746234,0.66253766
0.63187265,0.00000000,0.33779712,0.66220288
0.63190293,0.00000000,0.33813190,0.66186810
0.63207543,0.00000000,0.33846669,0.66153331
0.63216400,0.00000000,0.33880147,0.66119853
0.63225675,0.00000000,0.33913626,0.66086374
0.63240039,0.00000000,0.33947104,0.66052896
0.63243580,0.00000000,0.33980583,0.66019417
0.63251311,0.00000000,0.34014061,0.65985939
0.63262486,0.00000000,0.34047539,0.65952461
0.63284189,0.00000000,0.34081018,0.65918982
0.63288975,0.00000000,0.34114496,0.65885504
0.63289660,0.00000000,0.34147975,0.65852025
0.63298738,0.00000000,0.34181453,0.65818547
0.63298959,0.00000000,0.34214931,0.65785069
0.63302290,0.00000000,0.34248410,0.65751590
0.63311845,0.00000000,0.34281888,0.65718112
0.63326490,0.00000000,0.34315367,0.65684633
0.63327014,0.00000000,0.34348845,0.65651155
0.63337237,0.00000000,0.34382323,0.65617677
0.63364929,0.00000000,0.34415802,0.65584198
0.63369340,0.00000000,0.34449280,0.65550720
0.63371235,0.00000000,0.34482759,0.65517241
0.63373786,0.00000000,0.34516237,0.65483763
0.63430184,0.00000000,0.34549715,0.65450285
0.63435930,0.00000000,0.34583194,0.65416806
0.63441670,0.00000000,0.34616672,0.65383328
0.63448578,0.00000000,0.34650151,0.65349849
0.63451314,0.00000000,0.34683629,0.65316371
0.63452357,0.00000000,0.34717107,0.65282893
0.63476586,0.00000000,0.34750586,0.65249414
0.63490170,0.00000000,0.34784064,0.65215936
0.63491064,0.00000000,0.34817543,0.65182457
0.63505632,0.00000000,0.34851021,0.65148979
0.63506639,0.00000000,0.34884499,0.65115501
0.63510853,0.00000000,0.34917978,0.65082022
0.63521516,0.00000000,0.34951456,0.65048544
0.63523513,0.00000000,0.34984935,0.65015065
0.63524342,0.00000000,0.35018413,0.64981587
0.63539040,0.00000000,0.35051892,0.64948108
0.63543099,0.00000000,0.35085370,0.64914630
0.63552016,0.00000000,0.35118848,0.64881152
0.63554162,0.00000000,0.35152327,0.64847673
0.63558441,0.00000000,0.35185805,0.64814195
0.63575459,0.00000000,0.35219284,0.64780716
0.63590020,0.00000000,0.35252762,0.64747238
0.63603675,0.00000000,0.35286240,0.64713760
0.63607419,0.00000000,0.35319719,0.64680281
0.63613653,0.00000000,0.35353197,0.64646803
0.63624603,0.00000000,0.35386676,0.64613324
0.63661408,0.00000000,0.35420154,0.64579846
0.63680619,0.00000000,0.35453632,0.64546368
0.63683438,0.00000000,0.35487111,0.64512889
0.63737649,0.00000000,0.35520589,0.64479411
0.63737935,0.00000000,0.35554068,0.64445932
0.63738060,0.00000000,0.35587546,0.64412454
0.63742852,0.00000000,0.35621024,0.64378976
0.63747096,0.00000000,0.35654503,0.64345497
0.63753694,0.00000000,0.35687981,0.64312019
0.63753974,0.00000000,0.35721460,0.64278540
0.63759464,0.00000000,0.35754938,0.64245062
0.63760632,0.00000000,0.35788416,0.64211584
0.63766629,0.00000000,0.35821895,0.64178105
0.63772523,0.00000000,0.35855373,0.64144627
0.63774687,0.00000000,0.35888852,0.64111148
0.63774729,0.00000000,0.35922330,0.64077670
0.63780856,0.00000000,0.35955809,0.64044191
0.63784200,0.00000000,0.35989287,0.64010713
0.63798630,0.00000000,0.36022765,0.63977235
0.63801706,0.00000000,0.36056244,0.63943756
0.63805997,0.00000000,0.36089722,0.63910278
0.63812858,0.00000000,0.36123201,0.63876799
0.63817805,0.00000000,0.36156679,0.63843321
0.63822693,0.00000000,0.36190157,0.63809843
0.63825732,0.00000000,0.36223636,0.63776364
0.63828200,0.00000000,0.36257114,0.63742886
0.63830078,0.00000000,0.36290593,0.63709407
0.63846201,0.00000000,0.36324071,0.63675929
0.63846445,0.00000000,0.36357549,0.63642451
0.63850814,0.00000000,0.36391028,0.63608972
0.63858676,0.00000000,0.36424506,0.63575494
0.63901865,0.00000000,0.36457985,0.63542015
0.63907188,0.00000000,0.36491463,0.63508537
0.63907874,0.00000000,0.36524941,0.63475059
0.63921309,0.00000000,0.36558420,0.63441580
0.63927126,0.00000000,0.36591898,0.63408102
0.63930827,0.00000000,0.36625377,0.63374623
0.63940233,0.00000000,0.36658855,0.63341145
0.63943875,0.00000000,0.36692333,0.63307667
0.63945109,0.00000000,0.36725812,0.63274188
0.63949734,0.00000000,0.36759290,0.63240710
0.63958281,0.00000000,0.36792769,0.63207231
0.63966769,0.00000000,0.36826247,0.63173753
0.63988358,0.00000000,0.36859725,0.63140275
0.64010274,0.00000000,0.36893204,0.63106796
0.64039141,0.00000000,0.36926682,0.63073318
0.64042377,0.00000000,0.36960161,0.63039839
0.64046663,0.00000000,0.36993639,0.63006361
0.64059114,0.00000000,0.37027118,0.62972882
0.64060599,0.00000000,0.37060596,0.62939404
0.64077044,0.00000000,0.37094074,0.62905926
0.64079213,0.00000000,0.37127553,0.62872447
0.64080781,0.00000000,0.37161031,0.62838969
0.64100105,0.00000000,0.37194510,0.62805490
0.64100409,0.00000000,0.37227988,0.62772012
0.64115238,0.00000000,0.37261466,0.62738534
0.64132696,0.00000000,0.37294945,0.62705055
0.64135563,0.00000000,0.37328423,0.62671577
0.64138138,0.00000000,0.37361902,0.62638098
0.64141327,0.00000000,0.37395380,0.62604620
0.64142495,0.00000000,0.37428858,0.62571142
0.64168906,0.00000000,0.37462337,0.62537663
0.64181000,0.00000000,0.37495815,0.62504185
0.64184064,0.00000000,0.37529294,0.62470706
0.64186895,0.00000000,0.37562772,0.62437228
0.64198053,0.00000000,0.37596250,0.62403750
0.64200568,0.00000000,0.37629729,0.62370271
0.64215845,0.00000000,0.37663207,0.62336793
0.64225805,0.00000000,0.37696686,0.62303314
0.64241034,0.00000000,0.37730164,0.62269836
0.64259273,0.00000000,0.37763642,0.62236358
0.64262193,0.00000000,0.37797121,0.62202879
0.64270371,0.00000000,0.37830599,0.62169401
0.64270908,0.00000000,0.37864078,0.62135922
0.64274746,0.00000000,0.37897556,0.62102444
0.64302444,0.00000000,0.37931034,0.62068966
0.64303243,0.00000000,0.37964513,0.62035487
0.64307344,0.00000000,0.37997991,0.62002009
0.64309192,0.00000000,0.38031470,0.61968530
0.64310777,0.00000000,0.38064948,0.61935052
0.64312744,0.00000000,0.38098427,0.61901573
0.64313823,0.00000000,0.38131905,0.61868095
0.64318746,0.00000000,0.38165383,0.61834617
0.64328164,0.00000000,0.38198862,0.61801138
0.64332777,0.00000000,0.38232340,0.61767660
0.64335173,0.00000000,0.38265819,0.61734181
0.64346355,0.00000000,0.38299297,0.61700703
0.64366299,0.00000000,0.38332775,0.61667225
0.64367986,0.00000000,0.38366254,0.61633746
0.64370710,0.00000000,0.38399732,0.61600268
0.64380509,0.00000000,0.38433211,0.61566789
0.64399540,0.00000000,0.38466689,0.61533311
0.64402771,0.00000000,0.38500167,0.61499833
0.64403141,0.00000000,0.38533646,0.61466354
0.64408439,0.00000000,0.38567124,0.61432876
0.64409655,0.00000000,0.38600603,0.61399397
0.64413553,0.00000000,0.38634081,0.61365919
0.64437276,0.00000000,0.38667559,0.61332441
0.64439362,0.00000000,0.38701038,0.61298962
0.64440423,0.00000000,0.38734516,0.61265484
0.64442372,0.00000000,0.38767995,0.61232005
0.64456362,0.00000000,0.38801473,0.61198527
0.64485890,0.00000000,0.38834951,0.61165049
0.64491570,0.00000000,0.38868430,0.61131570
0.64493853,0.00000000,0.38901908,0.61098092
0.64505547,0.00000000,0.38935387,0.61064613
0.64509803,0.00000000,0.38968865,0.61031135
0.64509839,0.00000000,0.39002343,0.60997657
0.64510256,0.00000000,0.39035822,0.60964178
0.64518338,0.00000000,0.39069300,0.60930700
0.64531666,0.00000000,0.39102779,0.60897221
0.64539570,0.00000000,0.39136257,0.60863743
0.64543951,0.00000000,0.39169736,0.60830264
0.64550883,0.00000000,0.39203214,0.60796786
0.64564455,0.00000000,0.39236692,0.60763308
0.64577997,0.00000000,0.39270171,0.60729829
0.64578962,0.00000000,0.39303649,0.60696351
0.64584577,0.00000000,0.39337128,0.60662872
0.64592344,0.00000000,0.39370606,0.60629394
0.64610326,0.00000000,0.39404084,0.60595916
0.64622468,0.00000000,0.39437563,0.60562437
0.64659721,0.00000000,0.39471041,0.60528959
0.64662462,0.00000000,0.39504520,0.60495480
0.64662629,0.00000000,0.39537998,0.60462002
0.64667332,0.00000000,0.39571476,0.60428524
0.64679897,0.00000000,0.39604955,0.60395045
0.64731622,0.00000000,0.39638433,0.60361567
0.64735270,0.00000000,0.39671912,0.60328088
0.64738953,0.00000000,0.39705390,0.60294610
0.64742017,0.00000000,0.39738868,0.60261132
0.64743978,0.00000000,0.39772347,0.60227653
0.64748716,0.00000000,0.39805825,0.60194175
0.64751220,0.00000000,0.39839304,0.60160696
0.64753479,0.00000000,0.39872782,0.60127218
0.64773941,0.00000000,0.39906260,0.60093740
0.64777017,0.00000000,0.39939739,0.60060261
0.64793509,0.00000000,0.39973217,0.60026783
0.64796168,0.00000000,0.40006696,0.59993304
0.64816374,0.00000000,0.40040174,0.59959826
0.64825010,0.00000000,0.40073652,0.59926348
0.64830607,0.00000000,0.40107131,0.59892869
0.64834398,0.00000000,0.40140609,0.59859391
0.64838266,0.00000000,0.40174088,0.59825912
0.64838725,0.00000000,0.40207566,0.59792434
0.64843583,0.00000000,0.40241045,0.59758955
0.64850408,0.00000000,0.40274523,0.59725477
0.64856255,0.00000000,0.40308001,0.59691999
0.64866787,0.00000000,0.40341480,0.59658520
0.64874291,0.00000000,0.40374958,0.59625042
0.64912236,0.00000000,0.40408437,0.59591563
0.64928168,0.00000000,0.40441915,0.59558085
0.64931691,0.00000000,0.40475393,0.59524607
0.64937466,0.00000000,0.40508872,0.59491128
0.64947802,0.00000000,0.40542350,0.59457650
0.64964181,0.00000000,0.40575829,0.59424171
0.64970326,0.00000000,0.40609307,0.59390693
0.64970684,0.00000000,0.40642785,0.59357215
0.64989579,0.00000000,0.40676264,0.59323736
0.64993340,0.00000000,0.40709742,0.59290258
0.65022075,0.00000000,0.40743221,0.59256779
0.65026653,0.00000000,0.40776699,0.59223301
0.65033638,0.00000000,0.40810177,0.59189823
0.65042567,0.00000000,0.40843656,0.59156344
0.65063810,0.00000000,0.40877134,0.59122866
0.65069538,0.00000000,0.40910613,0.59089387
0.65070117,0.00000000,0.40944091,0.59055909
0.65071321,0.00000000,0.40977569,0.59022431
0.65086931,0.00000000,0.41011048,0.58988952
0.65088564,0.00000000,0.41044526,0.58955474
0.65097117,0.00000000,0.41078005,0.58921995
0.65097153,0.00000000,0.41111483,0.58888517
0.65114176,0.00000000,0.41144961,0.58855039
0.65118200,0.00000000,0.41178440,0.58821560
0.65118909,0.00000000,0.41211918,0.58788082
0.65141493,0.00000000,0.41245397,0.58754603
0.65149915,0.00000000,0.41278875,0.58721125
0.65153587,0.00000000,0.41312354,0.58687646
0.65160990,0.00000000,0.41345832,0.58654168
0.65165663,0.00000000,0.41379310,0.58620690
0.65173781,0.00000000,0.41412789,0.58587211
0.65185267,0.00000000,0.41446267,0.58553733
0.65189379,0.00000000,0.41479746,0.58520254
0.65191978,0.00000000,0.41513224,0.58486776
0.65193033,0.00000000,0.41546702,0.58453298
0.65198404,0.00000000,0.41580181,0.58419819
0.65204978,0.00000000,0.41613659,0.58386341
0.65205395,0.00000000,0.41647138,0.58352862
0.65213203,0.00000000,0.41680616,0.58319384
0.65217417,0.00000000,0.41714094,0.58285906
0.65223938,0.00000000,0.41747573,0.58252427
0.65241247,0.00000000,0.41781051,0.58218949
0.65246910,0.00000000,0.41814530,0.58185470
0.65270644,0.00000000,0.41848008,0.58151992
0.65279287,0.00000000,0.41881486,0.58118514
0.65308404,0.00000000,0.41914965,0.58085035
0.65314454,0.00000000,0.41948443,0.58051557
0.65318233,0.00000000,0.41981922,0.58018078
0.65320545,0.00000000,0.42015400,0.57984600
0.65331012,0.00000000,0.42048878,0.57951122
0.65339839,0.00000000,0.42082357,0.57917643
0.65340555,0.00000000,0.42115835,0.57884165
0.65346599,0.00000000,0.42149314,0.57850686
0.65355629,0.00000000,0.42182792,0.57817208
0.65366942,0.00000000,0.42216271,0.57783729
0.65370649,0.00000000,0.42249749,0.57750251
0.65393215,0.00000000,0.42283227,0.57716773
0.65395302,0.00000000,0.42316706,0.57683294
0.65401465,0.00000000,0.42350184,0.57649816
0.65404040,0.00000000,0.42383663,0.57616337
0.65408063,0.00000000,0.42417141,0.57582859
0.65408355,0.00000000,0.42450619,0.57549381
0.65432924,0.00000000,0.42484098,0.57515902
0.65434784,0.00000000,0.42517576,0.57482424
0.65438873,0.00000000,0.42551055,0.57448945
0.65445513,0.00000000,0.42584533,0.57415467
0.65448767,0.00000000,0.42618011,0.57381989
0.65462226,0.00000000,0.42651490,0.57348510
0.65471894,0.00000000,0.42684968,0.57315032
0.65472585,0.00000000,0.42718447,0.57281553
0.65485233,0.00000000,0.42751925,0.57248075
0.65497160,0.00000000,0.42785403,0.57214597
0.65512955,0.00000000,0.42818882,0.57181118
0.65518022,0.00000000,0.42852360,0.57147640
0.65524566,0.00000000,0.42885839,0.57114161
0.65540129,0.00000000,0.42919317,0.57080683
0.65543294,0.00000000,0.42952795,0.57047205
0.65568310,0.00000000,0.42986274,0.57013726
0.65581352,0.00000000,0.43019752,0.56980248
0.65595382,0.00000000,0.43053231,0.56946769
0.65609950,0.00000000,0.43086709,0.56913291
0.65610385,0.00000000,0.43120187,0.56879813
0.65620232,0.00000000,0.43153666,0.56846334
0.65628010,0.00000000,0.43187144,0.56812856
0.65639746,0.00000000,0.43220623,0.56779377
0.65649933,0.00000000,0.43254101,0.56745899
0.65650147,0.00000000,0.43287580,0.56712420
0.65652680,0.00000000,0.43321058,0.56678942
0.65659690,0.00000000,0.43354536,0.56645464
0.65663385,0.00000000,0.43388015,0.56611985
0.65665805,0.00000000,0.43421493,0.56578507
0.65678275,0.00000000,0.43454972,0.56545028
0.65683120,0.00000000,0.43488450,0.56511550
0.65705019,0.00000000,0.43521928,0.56478072
0.65712994,0.00000000,0.43555407,0.56444593
0.65713185,0.00000000,0.43588885,0.56411115
0.65726042,0.00000000,0.43622364,0.56377636
0.65729052,0.00000000,0.43655842,0.56344158
0.65730727,0.00000000,0.43689320,0.56310680
0.65734231,0.00000000,0.43722799,0.56277201
0.65748382,0.00000000,0.43756277,0.56243723
0.65758026,0.00000000,0.43789756,0.56210244
0.65762490,0.00000000,0.43823234,0.56176766
0.65762866,0.00000000,0.43856712,0.56143288
0.65762943,0.00000000,0.43890191,0.56109809
0.65764910,0.00000000,0.43923669,0.56076331
0.65771991,0.00000000,0.43957148,0.56042852
0.65778244,0.00000000,0.43990626,0.56009374
0.65784538,0.00000000,0.44024104,0.55975896
0.65800393,0.00000000,0.44057583,0.55942417
0.65820527,0.00000000,0.44091061,0.55908939
0.65841144,0.00000000,0.44124540,0.55875460
0.65891570,0.00000000,0.44158018,0.55841982
0.65899777,0.00000000,0.44191496,0.55808504
0.65923893,0.00000000,0.44224975,0.55775025
0.65933508,0.00000000,0.44258453,0.55741547
0.65939057,0.00000000,0.44291932,0.55708068
0.65941477,0.00000000,0.44325410,0.55674590
0.65944493,0.00000000,0.44358889,0.55641111
0.65944731,0.00000000,0.44392367,0.55607633
0.65945816,0.00000000,0.44425845,0.55574155
0.65948474,0.00000000,0.44459324,0.55540676
0.65951145,0.00000000,0.44492802,0.55507198
0.65952301,0.00000000,0.44526281,0.55473719
0.65952986,0.00000000,0.44559759,0.55440241
0.65956467,0.00000000,0.44593237,0.55406763
0.65962875,0.00000000,0.44626716,0.55373284
0.65963125,0.00000000,0.44660194,0.55339806
0.65969294,0.00000000,0.44693673,0.55306327
0.65973687,0.00000000,0.44727151,0.55272849
0.65979701,0.00000000,0.44760629,0.55239371
0.65987343,0.00000000,0.44794108,0.55205892
0.66009194,0.00000000,0.44827586,0.55172414
0.66022319,0.00000000,0.44861065,0.55138935
0.66027588,0.00000000,0.44894543,0.55105457
0.66029096,0.00000000,0.44928021,0.55071979
0.66037035,0.00000000,0.44961500,0.55038500
0.66043073,0.00000000,0.44994978,0.55005022
0.66060501,0.00000000,0.45028457,0.54971543
0.66062284,0.00000000,0.45061935,0.54938065
0.66069418,0.00000000,0.45095413,0.54904587
0.66083986,0.00000000,0.45128892,0.54871108
0.66088408,0.00000000,0.45162370,0.54837630
0.66093779,0.00000000,0.45195849,0.54804151
0.66102147,0.00000000,0.45229327,0.54770673
0.66132808,0.00000000,0.45262805,0.54737195
0.66144019,0.00000000,0.45296284,0.54703716
0.66146630,0.00000000,0.45329762,0.54670238
0.66150194,0.00000000,0.45363241,0.54636759
0.66158158,0.00000000,0.45396719,0.54603281
0.66164041,0.00000000,0.45430198,0.54569802
0.66168225,0.00000000,0.45463676,0.54536324
0.66174763,0.00000000,0.45497154,0.54502846
0.66179848,0.00000000,0.45530633,0.54469367
0.66197395,0.00000000,0.45564111,0.54435889
0.66205335,0.00000000,0.45597590,0.54402410
0.66206318,0.00000000,0.45631068,0.54368932
0.66212076,0.00000000,0.45664546,0.54335454
0.66217333,0.00000000,0.45698025,0.54301975
0.66218579,0.00000000,0.45731503,0.54268497
0.66220230,0.00000000,0.45764982,0.54235018
0.66227061,0.00000000,0.45798460,0.54201540
0.66244549,0.00000000,0.45831938,0.54168062
0.66255915,0.00000000,0.45865417,0.54134583
0.66256028,0.00000000,0.45898895,0.54101105
0.66260093,0.00000000,0.45932374,0.54067626
0.66261274,0.00000000,0.45965852,0.54034148
0.66287756,0.00000000,0.45999330,0.54000670
0.66322887,0.00000000,0.46032809,0.53967191
0.66329288,0.00000000,0.46066287,0.53933713
0.66338545,0.00000000,0.46099766,0.53900234
0.66345459,0.00000000,0.46133244,0.53866756
0.66351748,0.00000000,0.46166722,0.53833278
0.66352183,0.00000000,0.46200201,0.53799799
0.66353214,0.00000000,0.46233679,0.53766321
0.66378868,0.00000000,0.46267158,0.53732842
0.66395670,0.00000000,0.46300636,0.53699364
0.66398746,0.00000000,0.46334114,0.53665886
0.66401738,0.00000000,0.46367593,0.53632407
0.66403311,0.00000000,0.46401071,0.53598929
0.66412216,0.00000000,0.46434550,0.53565450
0.66414344,0.00000000,0.46468028,0.53531972
0.66425121,0.00000000,0.46501507,0.53498493
0.66436720,0.00000000,0.46534985,0.53465015
0.66445804,0.00000000,0.46568463,0.53431537
0.66447103,0.00000000,0.46601942,0.53398058
0.66454071,0.00000000,0.46635420,0.53364580
0.66455871,0.00000000,0.46668899,0.53331101
0.66457027,0.00000000,0.46702377,0.53297623
0.66461813,0.00000000,0.46735855,0.53264145
0.66466892,0.00000000,0.46769334,0.53230666
0.66467333,0.00000000,0.46802812,0.53197188
0.66474432,0.00000000,0.46836291,0.53163709
0.66481650,0.00000000,0.46869769,0.53130231
0.66491872,0.00000000,0.46903247,0.53096753
0.66500241,0.00000000,0.46936726,0.53063274
0.66501194,0.00000000,0.46970204,0.53029796
0.66518915,0.00000000,0.47003683,0.52996317
0.66529691,0.00000000,0.47037161,0.52962839
0.66532463,0.00000000,0.47070639,0.52929361
0.66535562,0.00000000,0.47104118,0.52895882
0.66548055,0.00000000,0.47137596,0.52862404
0.66549051,0.00000000,0.47171075,0.52828925
0.66556352,0.00000000,0.47204553,0.52795447
0.66567433,0.00000000,0.47238031,0.52761969
0.66573000,0.00000000,0.47271510,0.52728490
0.66579109,0.00000000,0.47304988,0.52695012
0.66582829,0.00000000,0.47338467,0.52661533
0.66598165,0.00000000,0.47371945,0.52628055
0.66612512,0.00000000,0.47405424,0.52594576
0.66619146,0.00000000,0.47438902,0.52561098
0.66630363,0.00000000,0.47472380,0.52527620
0.66648507,0.00000000,0.47505859,0.52494141
0.66665149,0.00000000,0.47539337,0.52460663
0.66687310,0.00000000,0.47572816,0.52427184
0.66712141,0.00000000,0.47606294,0.52393706
0.66722971,0.00000000,0.47639772,0.52360228
0.66728872,0.00000000,0.47673251,0.52326749
0.66733110,0.00000000,0.47706729,0.52293271
0.66735876,0.00000000,0.47740208,0.52259792
0.66747421,0.00000000,0.47773686,0.52226314
0.66748464,0.00000000,0.47807164,0.52192836
0.66751480,0.00000000,0.47840643,0.52159357
0.66758764,0.00000000,0.47874121,0.52125879
0.66761100,0.00000000,0.47907600,0.52092400
0.66777259,0.00000000,0.47941078,0.52058922
0.66778684,0.00000000,0.47974556,0.52025444
0.66785550,0.00000000,0.48008035,0.51991965
0.66816384,0.00000000,0.48041513,0.51958487
0.66822410,0.00000000,0.48074992,0.51925008
0.66822481,0.00000000,0.48108470,0.51891530
0.66828507,0.00000000,0.48141948,0.51858052
0.66844869,0.00000000,0.48175427,0.51824573
0.66857553,0.00000000,0.48208905,0.51791095
0.66865653,0.00000000,0.48242384,0.51757616
0.66866440,0.00000000,0.48275862,0.51724138
0.66867107,0.00000000,0.48309340,0.51690660
0.66867745,0.00000000,0.48342819,0.51657181
0.66901559,0.00000000,0.48376297,0.51623703
0.66901898,0.00000000,0.48409776,0.51590224
0.66902387,0.00000000,0.48443254,0.51556746
0.66912007,0.00000000,0.48476733,0.51523267
0.66925788,0.00000000,0.48510211,0.51489789
0.66944575,0.00000000,0.48543689,0.51456311
0.66945654,0.00000000,0.48577168,0.51422832
0.66953939,0.00000000,0.48610646,0.51389354
0.66955632,0.00000000,0.48644125,0.51355875
0.66959476,0.00000000,0.48677603,0.51322397
0.66971970,0.00000000,0.48711081,0.51288919
0.66972125,0.00000000,0.48744560,0.51255440
0.66977757,0.00000000,0.48778038,0.51221962
0.66995341,0.00000000,0.48811517,0.51188483
0.66996646,0.00000000,0.48844995,0.51155005
0.67006135,0.00000000,0.48878473,0.51121527
0.67007315,0.00000000,0.48911952,0.51088048
0.67007524,0.00000000,0.48945430,0.51054570
0.67019272,0.00000000,0.48978909,0.51021091
0.67022312,0.00000000,0.49012387,0.50987613
0.67032135,0.00000000,0.49045865,0.50954135
0.67038435,0.00000000,0.49079344,0.50920656
0.67041677,0.00000000,0.49112822,0.50887178
0.67043966,0.00000000,0.49146301,0.50853699
0.67055643,0.00000000,0.49179779,0.50820221
0.67061067,0.00000000,0.49213257,0.50786743
0.67083949,0.00000000,0.49246736,0.50753264
0.67090380,0.00000000,0.49280214,0.50719786
0.67094880,0.00000000,0.49313693,0.50686307
0.67133921,0.00000000,0.49347171,0.50652829
0.67149460,0.00000000,0.49380649,0.50619351
0.67164791,0.00000000,0.49414128,0.50585872
0.67167449,0.00000000,0.49447606,0.50552394
0.67191887,0.00000000,0.49481085,0.50518915
0.67199147,0.00000000,0.49514563,0.50485437
0.67227614,0.00000000,0.49548042,0.50451958
0.67229730,0.00000000,0.49581520,0.50418480
0.67241240,0.00000000,0.49614998,0.50385002
0.67246801,0.00000000,0.49648477,0.50351523
0.67273158,0.00000000,0.49681955,0.50318045
0.67274988,0.00000000,0.49715434,0.50284566
0.67298490,0.00000000,0.49748912,0.50251088
0.67299354,0.00000000,0.49782390,0.50217610
0.67319757,0.00000000,0.49815869,0.50184131
0.67320096,0.00000000,0.49849347,0.50150653
0.67329311,0.00000000,0.49882826,0.50117174
0.67335701,0.00000000,0.49916304,0.50083696
0.67336261,0.00000000,0.49949782,0.50050218
0.67352027,0.00000000,0.49983261,0.50016739
0.67365164,0.00000000,0.50016739,0.49983261
0.67367452,0.00000000,0.50050218,0.49949782
0.67374891,0.00000000,0.50083696,0.49916304
0.67381239,0.00000000,0.50117174,0.49882826
0.67383134,0.00000000,0.50150653,0.49849347
0.67394948,0.00000000,0.50184131,0.49815869
0.67399830,0.00000000,0.50217610,0.49782390
0.67413151,0.00000000,0.50251088,0.49748912
0.67418689,0.00000000,0.50284566,0.49715434
0.67420393,0.00000000,0.50318045,0.49681955
0.67423147,0.00000000,0.50351523,0.49648477
0.67433518,0.00000000,0.50385002,0.49614998
0.67434669,0.00000000,0.50418480,0.49581520
0.67434788,0.00000000,0.50451958,0.49548042
0.67467141,0.00000000,0.50485437,0.49514563
0.67482561,0.00000000,0.50518915,0.49481085
0.67491210,0.00000000,0.50552394,0.49447606
0.67515361,0.00000000,0.50585872,0.49414128
0.67532778,0.00000000,0.50619351,0.49380649
0.67533028,0.00000000,0.50652829,0.49347171
0.67536145,0.00000000,0.50686307,0.49313693
0.67543924,0.00000000,0.50719786,0.49280214
0.67549062,0.00000000,0.50753264,0.49246736
0.67574346,0.00000000,0.50786743,0.49213257
0.67585093,0.00000000,0.50820221,0.49179779
0.67609394,0.00000000,0.50853699,0.49146301
0.67618114,0.00000000,0.50887178,0.49112822
0.67627531,0.00000000,0.50920656,0.49079344
0.67650115,0.00000000,0.50954135,0.49045865
0.67665797,0.00000000,0.50987613,0.49012387
0.67671967,0.00000000,0.51021091,0.48978909
0.67680174,0.00000000,0.51054570,0.48945430
0.67698306,0.00000000,0.51088048,0.48911952
0.67702478,0.00000000,0.51121527,0.48878473
0.67704636,0.00000000,0.51155005,0.48844995
0.67725241,0.00000000,0.51188483,0.48811517
0.67729980,0.00000000,0.51221962,0.48778038
0.67733479,0.00000000,0.51255440,0.48744560
0.67735887,0.00000000,0.51288919,0.48711081
0.67737395,0.00000000,0.51322397,0.48677603
0.67772692,0.00000000,0.51355875,0.48644125
0.67784053,0.00000000,0.51389354,0.48610646
0.67796576,0.00000000,0.51422832,0.48577168
0.67799520,0.00000000,0.51456311,0.48543689
0.67824262,0.00000000,0.51489789,0.48510211
0.67835712,0.00000000,0.51523267,0.48476733
0.67839664,0.00000000,0.51556746,0.48443254
0.67853129,0.00000000,0.51590224,0.48409776
0.67855078,0.00000000,0.51623703,0.48376297
0.67861754,0.00000000,0.51657181,0.48342819
0.67872649,0.00000000,0.51690660,0.48309340
0.67872995,0.00000000,0.51724138,0.48275862
0.67874062,0.00000000,0.51757616,0.48242384
0.67875487,0.00000000,0.51791095,0.48208905
0.67889524,0.00000000,0.51824573,0.48175427
0.67900664,0.00000000,0.51858052,0.48141948
0.67901528,0.00000000,0.51891530,0.48108470
0.67914522,0.00000000,0.51925008,0.48074992
0.67935824,0.00000000,0.51958487,0.48041513
0.67940426,0.00000000,0.51991965,0.48008035
0.67943215,0.00000000,0.52025444,0.47974556
0.67946225,0.00000000,0.52058922,0.47941078
0.67961794,0.00000000,0.52092400,0.47907600
0.67966241,0.00000000,0.52125879,0.47874121
0.67967582,0.00000000,0.52159357,0.47840643
0.67998862,0.00000000,0.52192836,0.47807164
0.67999870,0.00000000,0.52226314,0.47773686
0.68011373,0.00000000,0.52259792,0.47740208
0.68013817,0.00000000,0.52293271,0.47706729
0.68014783,0.00000000,0.52326749,0.47673251
0.68015671,0.00000000,0.52360228,0.47639772
0.68017101,0.00000000,0.52393706,0.47606294
0.68033248,0.00000000,0.52427184,0.47572816
0.68049246,0.00000000,0.52460663,0.47539337
0.68050188,0.00000000,0.52494141,0.47505859
0.68053335,0.00000000,0.52527620,0.47472380
0.68054414,0.00000000,0.52561098,0.47438902
0.68063742,0.00000000,0.52594576,0.47405424
0.68066436,0.00000000,0.52628055,0.47371945
0.68076670,0.00000000,0.52661533,0.47338467
0.68078011,0.00000000,0.52695012,0.47304988
0.68079144,0.00000000,0.52728490,0.47271510
0.68080497,0.00000000,0.52761969,0.47238031
0.68085808,0.00000000,0.52795447,0.47204553
0.68093073,0.00000000,0.52828925,0.47171075
0.68108785,0.00000000,0.52862404,0.47137596
0.68122381,0.00000000,0.52895882,0.47104118
0.68136704,0.00000000,0.52929361,0.47070639
0.68142903,0.00000000,0.52962839,0.47037161
0.68145704,0.00000000,0.52996317,0.47003683
0.68146551,0.00000000,0.53029796,0.46970204
0.68151307,0.00000000,0.53063274,0.46936726
0.68154120,0.00000000,0.53096753,0.46903247
0.68158406,0.00000000,0.53130231,0.46869769
0.68160325,0.00000000,0.53163709,0.46836291
0.68179989,0.00000000,0.53197188,0.46802812
0.68194872,0.00000000,0.53230666,0.46769334
0.68215913,0.00000000,0.53264145,0.46735855
0.68225724,0.00000000,0.53297623,0.46702377
0.68237847,0.00000000,0.53331101,0.46668899
0.68254042,0.00000000,0.53364580,0.46635420
0.68260461,0.00000000,0.53398058,0.46601942
0.68266499,0.00000000,0.53431537,0.46568463
0.68272078,0.00000000,0.53465015,0.46534985
0.68283868,0.00000000,0.53498493,0.46501507
0.68284225,0.00000000,0.53531972,0.46468028
0.68313026,0.00000000,0.53565450,0.46434550
0.68313473,0.00000000,0.53598929,0.46401071
0.68330920,0.00000000,0.53632407,0.46367593
0.68335992,0.00000000,0.53665886,0.46334114
0.68343967,0.00000000,0.53699364,0.46300636
0.68357998,0.00000000,0.53732842,0.46267158
0.68367845,0.00000000,0.53766321,0.46233679
0.68372858,0.00000000,0.53799799,0.46200201
0.68375075,0.00000000,0.53833278,0.46166722
0.68378055,0.00000000,0.53866756,0.46133244
0.68404937,0.00000000,0.53900234,0.46099766
0.68408054,0.00000000,0.53933713,0.46066287
0.68436539,0.00000000,0.53967191,0.46032809
0.68444818,0.00000000,0.54000670,0.45999330
0.68459457,0.00000000,0.54034148,0.45965852
0.68465459,0.00000000,0.54067626,0.45932374
0.68469352,0.00000000,0.54101105,0.45898895
0.68477350,0.00000000,0.54134583,0.45865417
0.68477577,0.00000000,0.54168062,0.45831938
0.68482393,0.00000000,0.54201540,0.45798460
0.68482780,0.00000000,0.54235018,0.45764982
0.68501270,0.00000000,0.54268497,0.45731503
0.68542087,0.00000000,0.54301975,0.45698025
0.68542343,0.00000000,0.54335454,0.45664546
0.68543565,0.00000000,0.54368932,0.45631068
0.68547541,0.00000000,0.54402410,0.45597590
0.68564111,0.00000000,0.54435889,0.45564111
0.68565500,0.00000000,0.54469367,0.45530633
0.68573195,0.00000000,0.54502846,0.45497154
0.68580669,0.00000000,0.54536324,0.45463676
0.68605590,0.00000000,0.54569802,0.45430198
0.68613118,0.00000000,0.54603281,0.45396719
0.68619877,0.00000000,0.54636759,0.45363241
0.68638194,0.00000000,0.54670238,0.45329762
0.68643731,0.00000000,0.54703716,0.45296284
0.68644905,0.00000000,0.54737195,0.45262805
0.68645769,0.00000000,0.54770673,0.45229327
0.68659246,0.00000000,0.54804151,0.45195849
0.68681180,0.00000000,0.54837630,0.45162370
0.68710864,0.00000000,0.54871108,0.45128892
0.68716222,0.00000000,0.54904587,0.45095413
0.68720901,0.00000000,0.54938065,0.45061935
0.68735576,0.00000000,0.54971543,0.45028457
0.68739712,0.00000000,0.55005022,0.44994978
0.68747479,0.00000000,0.55038500,0.44961500
0.68747824,0.00000000,0.55071979,0.44928021
0.68751943,0.00000000,0.55105457,0.44894543
0.68754083,0.00000000,0.55138935,0.44861065
0.68754488,0.00000000,0.55172414,0.44827586
0.68754780,0.00000000,0.55205892,0.44794108
0.68757248,0.00000000,0.55239371,0.44760629
0.68767053,0.00000000,0.55272849,0.44727151
0.68780547,0.00000000,0.55306327,0.44693673
0.68803149,0.00000000,0.55339806,0.44660194
0.68805099,0.00000000,0.55373284,0.44626716
0.68814325,0.00000000,0.55406763,0.44593237
0.68821299,0.00000000,0.55440241,0.44559759
0.68849903,0.00000000,0.55473719,0.44526281
0.68852276,0.00000000,0.55507198,0.44492802
0.68870378,0.00000000,0.55540676,0.44459324
0.68874633,0.00000000,0.55574155,0.44425845
0.68902904,0.00000000,0.55607633,0.44392367
0.68912971,0.00000000,0.55641111,0.44358889
0.68922633,0.00000000,0.55674590,0.44325410
0.68929476,0.00000000,0.55708068,0.44291932
0.68939161,0.00000000,0.55741547,0.44258453
0.68961924,0.00000000,0.55775025,0.44224975
0.68973517,0.00000000,0.55808504,0.44191496
0.68998778,0.00000000,0.55841982,0.44158018
0.69012833,0.00000000,0.55875460,0.44124540
0.69017082,0.00000000,0.55908939,0.44091061
0.69019485,0.00000000,0.55942417,0.44057583
0.69030505,0.00000000,0.55975896,0.44024104
0.69041592,0.00000000,0.56009374,0.43990626
0.69042802,0.00000000,0.56042852,0.43957148
0.69047195,0.00000000,0.56076331,0.43923669
0.69053823,0.00000000,0.56109809,0.43890191
0.69073880,0.00000000,0.56143288,0.43856712
0.69080007,0.00000000,0.56176766,0.43823234
0.69083250,0.00000000,0.56210244,0.43789756
0.69125539,0.00000000,0.56243723,0.43756277
0.69145268,0.00000000,0.56277201,0.43722799
0.69147098,0.00000000,0.56310680,0.43689320
0.69149017,0.00000000,0.56344158,0.43655842
0.69165659,0.00000000,0.56377636,0.43622364
0.69170475,0.00000000,0.56411115,0.43588885
0.69177681,0.00000000,0.56444593,0.43555407
0.69180626,0.00000000,0.56478072,0.43521928
0.69201219,0.00000000,0.56511550,0.43488450
0.69204450,0.00000000,0.56545028,0.43454972
0.69206321,0.00000000,0.56578507,0.43421493
0.69216108,0.00000000,0.56611985,0.43388015
0.69220334,0.00000000,0.56645464,0.43354536
0.69222027,0.00000000,0.56678942,0.43321058
0.69226807,0.00000000,0.56712420,0.43287580
0.69242030,0.00000000,0.56745899,0.43254101
0.69247061,0.00000000,0.56779377,0.43220623
0.69249547,0.00000000,0.56812856,0.43187144
0.69252068,0.00000000,0.56846334,0.43153666
0.69253981,0.00000000,0.56879813,0.43120187
0.69257289,0.00000000,0.56913291,0.43086709
0.69266802,0.00000000,0.56946769,0.43053231
0.69267380,0.00000000,0.56980248,0.43019752
0.69271803,0.00000000,0.57013726,0.42986274
0.69289535,0.00000000,0.57047205,0.42952795
0.69308949,0.00000000,0.57080683,0.42919317
0.69329768,0.00000000,0.57114161,0.42885839
0.69339079,0.00000000,0.57147640,0.42852360
0.69341701,0.00000000,0.57181118,0.42818882
0.69347811,0.00000000,0.57214597,0.42785403
0.69353431,0.00000000,0.57248075,0.42751925
0.69370461,0.00000000,0.57281553,0.42718447
0.69375420,0.00000000,0.57315032,0.42684968
0.69378817,0.00000000,0.57348510,0.42651490
0.69386095,0.00000000,0.57381989,0.42618011
0.69395667,0.00000000,0.57415467,0.42584533
0.69397491,0.00000000,0.57448945,0.42551055
0.69406068,0.00000000,0.57482424,0.42517576
0.69410777,0.00000000,0.57515902,0.42484098
0.69439280,0.00000000,0.57549381,0.42450619
0.69452220,0.00000000,0.57582859,0.42417141
0.69468385,0.00000000,0.57616337,0.42383663
0.69480181,0.00000000,0.57649816,0.42350184
0.69491750,0.00000000,0.57683294,0.42316706
0.69492000,0.00000000,0.57716773,0.42283227
0.69492465,0.00000000,0.57750251,0.42249749
0.69512260,0.00000000,0.57783729,0.42216271
0.69514018,0.00000000,0.57817208,0.42182792
0.69516742,0.00000000,0.57850686,0.42149314
0.69525594,0.00000000,0.57884165,0.42115835
0.69580495,0.00000000,0.57917643,0.42082357
0.69580543,0.00000000,0.57951122,0.42048878
0.69585222,0.00000000,0.57984600,0.42015400
0.69585764,0.00000000,0.58018078,0.41981922
0.69595438,0.00000000,0.58051557,0.41948443
0.69598967,0.00000000,0.58085035,0.41914965
0.69617665,0.00000000,0.58118514,0.41881486
0.69624555,0.00000000,0.58151992,0.41848008
0.69647467,0.00000000,0.58185470,0.41814530
0.69647586,0.00000000,0.58218949,0.41781051
0.69650424,0.00000000,0.58252427,0.41747573
0.69653761,0.00000000,0.58285906,0.41714094
0.69661218,0.00000000,0.58319384,0.41680616
0.69668412,0.00000000,0.58352862,0.41647138
0.69670278,0.00000000,0.58386341,0.41613659
0.69674456,0.00000000,0.58419819,0.41580181
0.69680989,0.00000000,0.58453298,0.41546702
0.69687927,0.00000000,0.58486776,0.41513224
0.69690025,0.00000000,0.58520254,0.41479746
0.69702172,0.00000000,0.58553733,0.41446267
0.69708508,0.00000000,0.58587211,0.41412789
0.69716519,0.00000000,0.58620690,0.41379310
0.69745785,0.00000000,0.58654168,0.41345832
0.69757885,0.00000000,0.58687646,0.41312354
0.69768912,0.00000000,0.58721125,0.41278875
0.69772440,0.00000000,0.58754603,0.41245397
0.69773161,0.00000000,0.58788082,0.41211918
0.69782084,0.00000000,0.58821560,0.41178440
0.69791257,0.00000000,0.58855039,0.41144961
0.69797015,0.00000000,0.58888517,0.41111483
0.69801301,0.00000000,0.58921995,0.41078005
0.69802719,0.00000000,0.58955474,0.41044526
0.69816667,0.00000000,0.58988952,0.41011048
0.69824547,0.00000000,0.59022431,0.40977569
0.69845605,0.00000000,0.59055909,0.40944091
0.69855982,0.00000000,0.59089387,0.40910613
0.69872862,0.00000000,0.59122866,0.40877134
0.69889557,0.00000000,0.59156344,0.40843656
0.69896054,0.00000000,0.59189823,0.40810177
0.69901788,0.00000000,0.59223301,0.40776699
0.69906318,0.00000000,0.59256779,0.40743221
0.69907528,0.00000000,0.59290258,0.40709742
0.69910127,0.00000000,0.59323736,0.40676264
0.69910854,0.00000000,0.59357215,0.40642785
0.69914204,0.00000000,0.59390693,0.40609307
0.69922352,0.00000000,0.59424171,0.40575829
0.69934070,0.00000000,0.59457650,0.40542350
0.69937003,0.00000000,0.59491128,0.40508872
0.69954759,0.00000000,0.59524607,0.40475393
0.69957626,0.00000000,0.59558085,0.40441915
0.69960040,0.00000000,0.59591563,0.40408437
0.69962710,0.00000000,0.59625042,0.40374958
0.69964552,0.00000000,0.59658520,0.40341480
0.69965738,0.00000000,0.59691999,0.40308001
0.69968140,0.00000000,0.59725477,0.40274523
0.70010227,0.00000000,0.59758955,0.40241045
0.70023048,0.00000000,0.59792434,0.40207566
0.70025998,0.00000000,0.59825912,0.40174088
0.70046878,0.00000000,0.59859391,0.40140609
0.70050454,0.00000000,0.59892869,0.40107131
0.70055449,0.00000000,0.59926348,0.40073652
0.70056444,0.00000000,0.59959826,0.40040174
0.70058650,0.00000000,0.59993304,0.40006696
0.70062226,0.00000000,0.60026783,0.39973217
0.70062405,0.00000000,0.60060261,0.39939739
0.70067692,0.00000000,0.60093740,0.39906260
0.70072204,0.00000000,0.60127218,0.39872782
0.70075738,0.00000000,0.60160696,0.39839304
0.70079470,0.00000000,0.60194175,0.39805825
0.70087069,0.00000000,0.60227653,0.39772347
0.70089191,0.00000000,0.60261132,0.39738868
0.70092648,0.00000000,0.60294610,0.39705390
0.70099562,0.00000000,0.60328088,0.39671912
0.70109242,0.00000000,0.60361567,0.39638433
0.70124853,0.00000000,0.60395045,0.39604955
0.70135361,0.00000000,0.60428524,0.39571476
0.70138526,0.00000000,0.60462002,0.39537998
0.70146745,0.00000000,0.60495480,0.39504520
0.70155472,0.00000000,0.60528959,0.39471041
0.70157802,0.00000000,0.60562437,0.39437563
0.70170397,0.00000000,0.60595916,0.39404084
0.70179850,0.00000000,0.60629394,0.39370606
0.70188361,0.00000000,0.60662872,0.39337128
0.70188749,0.00000000,0.60696351,0.39303649
0.70189267,0.00000000,0.60729829,0.39270171
0.70200747,0.00000000,0.60763308,0.39236692
0.70209450,0.00000000,0.60796786,0.39203214
0.70213729,0.00000000,0.60830264,0.39169736
0.70225513,0.00000000,0.60863743,0.39136257
0.70232910,0.00000000,0.60897221,0.39102779
0.70240396,0.00000000,0.60930700,0.39069300
0.70263940,0.00000000,0.60964178,0.39035822
0.70304567,0.00000000,0.60997657,0.39002343
0.70310205,0.00000000,0.61031135,0.38968865
0.70313400,0.00000000,0.61064613,0.38935387
0.70322347,0.00000000,0.61098092,0.38901908
0.70322621,0.00000000,0.61131570,0.38868430
0.70337397,0.00000000,0.61165049,0.38834951
0.70351356,0.00000000,0.61198527,0.38801473
0.70360392,0.00000000,0.61232005,0.38767995
0.70362675,0.00000000,0.61265484,0.38734516
0.70368427,0.00000000,0.61298962,0.38701038
0.70371211,0.00000000,0.61332441,0.38667559
0.70375741,0.00000000,0.61365919,0.38634081
0.70382285,0.00000000,0.61399397,0.38600603
0.70389527,0.00000000,0.61432876,0.38567124
0.70418608,0.00000000,0.61466354,0.38533646
0.70422930,0.00000000,0.61499833,0.38500167
0.70425719,0.00000000,0.61533311,0.38466689
0.70425892,0.00000000,0.61566789,0.38433211
0.70433170,0.00000000,0.61600268,0.38399732
0.70433515,0.00000000,0.61633746,0.38366254
0.70433652,0.00000000,0.61667225,0.38332775
0.70435125,0.00000000,0.61700703,0.38299297
0.70459646,0.00000000,0.61734181,0.38265819
0.70473105,0.00000000,0.61767660,0.38232340
0.70483524,0.00000000,0.61801138,0.38198862
0.70497912,0.00000000,0.61834617,0.38165383
0.70497948,0.00000000,0.61868095,0.38131905
0.70499843,0.00000000,0.61901573,0.38098427
0.70503503,0.00000000,0.61935052,0.38064948
0.70503730,0.00000000,0.61968530,0.38031470
0.70521879,0.00000000,0.62002009,0.37997991
0.70533973,0.00000000,0.62035487,0.37964513
0.70564049,0.00000000,0.62068966,0.37931034
0.70568907,0.00000000,0.62102444,0.37897556
0.70569825,0.00000000,0.62135922,0.37864078
0.70570832,0.00000000,0.62169401,0.37830599
0.70578390,0.00000000,0.62202879,0.37797121
0.70589769,0.00000000,0.62236358,0.37763642
0.70590985,0.00000000,0.62269836,0.37730164
0.70599431,0.00000000,0.62303314,0.37696686
0.70600379,0.00000000,0.62336793,0.37663207
0.70602441,0.00000000,0.62370271,0.37629729
0.70603102,0.00000000,0.62403750,0.37596250
0.70604122,0.00000000,0.62437228,0.37562772
0.70608652,0.00000000,0.62470706,0.37529294
0.70625126,0.00000000,0.62504185,0.37495815
0.70630670,0.00000000,0.62537663,0.37462337
0.70636094,0.00000000,0.62571142,0.37428858
0.70641708,0.00000000,0.62604620,0.37395380
0.70648146,0.00000000,0.62638098,0.37361902
0.70650399,0.00000000,0.62671577,0.37328423
0.70656604,0.00000000,0.62705055,0.37294945
0.70659858,0.00000000,0.62738534,0.37261466
0.70672596,0.00000000,0.62772012,0.37227988
0.70675021,0.00000000,0.62805490,0.37194510
0.70681477,0.00000000,0.62838969,0.37161031
0.70742595,0.00000000,0.62872447,0.37127553
0.70745146,0.00000000,0.62905926,0.37094074
0.70752567,0.00000000,0.62939404,0.37060596
0.70757085,0.00000000,0.62972882,0.37027118
0.70771074,0.00000000,0.63006361,0.36993639
0.70771164,0.00000000,0.63039839,0.36960161
0.70777583,0.00000000,0.63073318,0.36926682
0.70786500,0.00000000,0.63106796,0.36893204
0.70787352,0.00000000,0.63140275,0.36859725
0.70789021,0.00000000,0.63173753,0.36826247
0.70805532,0.00000000,0.63207231,0.36792769
0.70808077,0.00000000,0.63240710,0.36759290
0.70816404,0.00000000,0.63274188,0.36725812
0.70816547,0.00000000,0.63307667,0.36692333
0.70829850,0.00000000,0.63341145,0.36658855
0.70834398,0.00000000,0.63374623,0.36625377
0.70842093,0.00000000,0.63408102,0.36591898
0.70846319,0.00000000,0.63441580,0.36558420
0.70856792,0.00000000,0.63475059,0.36524941
0.70880175,0.00000000,0.63508537,0.36491463
0.70881170,0.00000000,0.63542015,0.36457985
0.70881432,0.00000000,0.63575494,0.36424506
0.70884997,0.00000000,0.63608972,0.36391028
0.70888716,0.00000000,0.63642451,0.36357549
0.70906085,0.00000000,0.63675929,0.36324071
0.70911992,0.00000000,0.63709407,0.36290593
0.70923495,0.00000000,0.63742886,0.36257114
0.70932549,0.00000000,0.63776364,0.36223636
0.70933598,0.00000000,0.63809843,0.36190157
0.70940530,0.00000000,0.63843321,0.36156679
0.70945936,0.00000000,0.63876799,0.36123201
0.70946157,0.00000000,0.63910278,0.36089722
0.70954239,0.00000000,0.63943756,0.36056244
0.70956093,0.00000000,0.63977235,0.36022765
0.70957655,0.00000000,0.64010713,0.35989287
0.70957899,0.00000000,0.64044191,0.35955809
0.70958245,0.00000000,0.64077670,0.35922330
0.70961064,0.00000000,0.64111148,0.35888852
0.70981348,0.00000000,0.64144627,0.35855373
0.70998424,0.00000000,0.64178105,0.35821895
0.71015191,0.00000000,0.64211584,0.35788416
0.71017694,0.00000000,0.64245062,0.35754938
0.71064562,0.00000000,0.64278540,0.35721460
0.71090871,0.00000000,0.64312019,0.35687981
0.71095347,0.00000000,0.64345497,0.35654503
0.71095806,0.00000000,0.64378976,0.35621024
0.71100616,0.00000000,0.64412454,0.35587546
0.71108693,0.00000000,0.64445932,0.35554068
0.71109754,0.00000000,0.64479411,0.35520589
0.71130848,0.00000000,0.64512889,0.35487111
0.71145391,0.00000000,0.64546368,0.35453632
0.71167439,0.00000000,0.64579846,0.35420154
0.71178883,0.00000000,0.64613324,0.35386676
0.71195072,0.00000000,0.64646803,0.35353197
0.71195871,0.00000000,0.64680281,0.35319719
0.71196318,0.00000000,0.64713760,0.35286240
0.71207720,0.00000000,0.64747238,0.35252762
0.71208590,0.00000000,0.64780716,0.35219284
0.71215522,0.00000000,0.64814195,0.35185805
0.71216404,0.00000000,0.64847673,0.35152327
0.71221226,0.00000000,0.64881152,0.35118848
0.71230519,0.00000000,0.64914630,0.35085370
0.71236312,0.00000000,0.64948108,0.35051892
0.71244979,0.00000000,0.64981587,0.35018413
0.71248126,0.00000000,0.65015065,0.34984935
0.71258569,0.00000000,0.65048544,0.34951456
0.71262032,0.00000000,0.65082022,0.34917978
0.71264648,0.00000000,0.65115501,0.34884499
0.71278322,0.00000000,0.65148979,0.34851021
0.71280354,0.00000000,0.65182457,0.34817543
0.71284646,0.00000000,0.65215936,0.34784064
0.71288115,0.00000000,0.65249414,0.34750586
0.71289021,0.00000000,0.65316371,0.34683629
0.71295714,0.00000000,0.65349849,0.34650151
0.71298736,0.00000000,0.65383328,0.34616672
0.71299285,0.00000000,0.65416806,0.34583194
0.71306521,0.00000000,0.65450285,0.34549715
0.71308553,0.00000000,0.65483763,0.34516237
0.71331614,0.00000000,0.65517241,0.34482759
0.71339810,0.00000000,0.65550720,0.34449280
0.71344179,0.00000000,0.65584198,0.34415802
0.71355921,0.00000000,0.65617677,0.34382323
0.71357882,0.00000000,0.65651155,0.34348845
0.71371144,0.00000000,0.65684633,0.34315367
0.71387959,0.00000000,0.65718112,0.34281888
0.71393257,0.00000000,0.65751590,0.34248410
0.71408612,0.00000000,0.65785069,0.34214931
0.71410930,0.00000000,0.65818547,0.34181453
0.71414095,0.00000000,0.65852025,0.34147975
0.71444130,0.00000000,0.65885504,0.34114496
0.71460503,0.00000000,0.65918982,0.34081018
0.71466577,0.00000000,0.65952461,0.34047539
0.71478140,0.00000000,0.65985939,0.34014061
0.71484315,0.00000000,0.66019417,0.33980583
0.71498573,0.00000000,0.66052896,0.33947104
0.71500725,0.00000000,0.66086374,0.33913626
0.71528178,0.00000000,0.66119853,0.33880147
0.71539825,0.00000000,0.66153331,0.33846669
0.71546239,0.00000000,0.66186810,0.33813190
0.71550679,0.00000000,0.66220288,0.33779712
0.71558440,0.00000000,0.66253766,0.33746234
0.71576643,0.00000000,0.66287245,0.33712755
0.71587086,0.00000000,0.66320723,0.33679277
0.71596694,0.00000000,0.66354202,0.33645798
0.71600872,0.00000000,0.66387680,0.33612320
0.71608651,0.00000000,0.66421158,0.33578842
0.71610558,0.00000000,0.66454637,0.33545363
0.71612829,0.00000000,0.66488115,0.33511885
0.71632159,0.00000000,0.66521594,0.33478406
0.71635479,0.00000000,0.66555072,0.33444928
0.71639913,0.00000000,0.66588550,0.33411450
0.71641010,0.00000000,0.66622029,0.33377971
0.71664393,0.00000000,0.66655507,0.33344493
0.71677870,0.00000000,0.66688986,0.33311014
0.71678936,0.00000000,0.66722464,0.33277536
0.71679223,0.00000000,0.66755942,0.33244058
0.71680349,0.00000000,0.66789421,0.33210579
0.71686625,0.00000000,0.66822899,0.33177101
0.71690130,0.00000000,0.66856378,0.33143622
0.71692330,0.00000000,0.66889856,0.33110144
0.71695185,0.00000000,0.66923334,0.33076666
0.71696758,0.00000000,0.66956813,0.33043187
0.71697932,0.00000000,0.66990291,0.33009709
0.71698219,0.00000000,0.67023770,0.32976230
0.71708494,0.00000000,0.67057248,0.32942752
0.71714860,0.00000000,0.67090726,0.32909274
0.71727365,0.00000000,0.67124205,0.32875795
0.71762145,0.00000000,0.67157683,0.32842317
0.71767515,0.00000000,0.67191162,0.32808838
0.71772707,0.00000000,0.67224640,0.32775360
0.71775860,0.00000000,0.67258119,0.32741881
0.71778142,0.00000000,0.67291597,0.32708403
0.71796739,0.00000000,0.67325075,0.32674925
0.71798134,0.00000000,0.67358554,0.32641446
0.71799666,0.00000000,0.67392032,0.32607968
0.71804315,0.00000000,0.67425511,0.32574489
0.71808726,0.00000000,0.67458989,0.32541011
0.71828377,0.00000000,0.67492467,0.32507533
0.71836448,0.00000000,0.67525946,0.32474054
0.71849394,0.00000000,0.67559424,0.32440576
0.71856898,0.00000000,0.67592903,0.32407097
0.71857125,0.00000000,0.67626381,0.32373619
0.71877289,0.00000000,0.67659859,0.32340141
0.71880013,0.00000000,0.67693338,0.32306662
0.71894401,0.00000000,0.67726816,0.32273184
0.71904141,0.00000000,0.67760295,0.32239705
0.71915913,0.00000000,0.67793773,0.32206227
0.71920508,0.00000000,0.67827251,0.32172749
0.71925753,0.00000000,0.67860730,0.32139270
0.71939915,0.00000000,0.67894208,0.32105792
0.71946633,0.00000000,0.67927687,0.32072313
0.71966672,0.00000000,0.67961165,0.32038835
0.71972132,0.00000000,0.67994643,0.32005357
0.71973658,0.00000000,0.68028122,0.31971878
0.71977848,0.00000000,0.68061600,0.31938400
0.71986216,0.00000000,0.68095079,0.31904921
0.71990830,0.00000000,0.68128557,0.31871443
0.71997452,0.00000000,0.68162035,0.31837965
0.72000790,0.00000000,0.68195514,0.31804486
0.72015989,0.00000000,0.68228992,0.31771008
0.72025424,0.00000000,0.68262471,0.31737529
0.72049391,0.00000000,0.68295949,0.31704051
0.72055310,0.00000000,0.68329428,0.31670572
0.72058451,0.00000000,0.68362906,0.31637094
0.72088259,0.00000000,0.68396384,0.31603616
0.72093594,0.00000000,0.68429863,0.31570137
0.72093862,0.00000000,0.68463341,0.31536659
0.72102261,0.00000000,0.68496820,0.31503180
0.72105503,0.00000000,0.68530298,0.31469702
0.72108734,0.00000000,0.68563776,0.31436224
0.72130603,0.00000000,0.68597255,0.31402745
0.72149295,0.00000000,0.68630733,0.31369267
0.72162604,0.00000000,0.68664212,0.31335788
0.72167665,0.00000000,0.68697690,0.31302310
0.72181034,0.00000000,0.68731168,0.31268832
0.72181904,0.00000000,0.68764647,0.31235353
0.72194344,0.00000000,0.68798125,0.31201875
0.72194791,0.00000000,0.68831604,0.31168396
0.72199011,0.00000000,0.68865082,0.31134918
0.72203279,0.00000000,0.68898560,0.31101440
0.72224981,0.00000000,0.68932039,0.31067961
0.72239405,0.00000000,0.68965517,0.31034483
0.72248548,0.00000000,0.68998996,0.31001004
0.72252315,0.00000000,0.69032474,0.30967526
0.72257805,0.00000000,0.69065952,0.30934048
0.72262388,0.00000000,0.69099431,0.30900569
0.72306663,0.00000000,0.69132909,0.30867091
0.72313732,0.00000000,0.69166388,0.30833612
0.72314703,0.00000000,0.69199866,0.30800134
0.72343272,0.00000000,0.69233344,0.30766656
0.72345746,0.00000000,0.69266823,0.30733177
0.72386825,0.00000000,0.69300301,0.30699699
0.72396213,0.00000000,0.69333780,0.30666220
0.72410393,0.00000000,0.69367258,0.30632742
0.72414005,0.00000000,0.69400737,0.30599263
0.72422433,0.00000000,0.69434215,0.30565785
0.72484320,0.00000000,0.69467693,0.30532307
0.72489601,0.00000000,0.69501172,0.30498828
0.72493511,0.00000000,0.69534650,0.30465350
0.72505510,0.00000000,0.69568129,0.30431871
0.72517341,0.00000000,0.69601607,0.30398393
0.72533077,0.00000000,0.69635085,0.30364915
0.72533971,0.00000000,0.69668564,0.30331436
0.72538108,0.00000000,0.69702042,0.30297958
0.72538668,0.00000000,0.69735521,0.30264479
0.72545320,0.00000000,0.69768999,0.30231001
0.72548288,0.00000000,0.69802477,0.30197523
0.72556472,0.00000000,0.69835956,0.30164044
0.72563243,0.00000000,0.69869434,0.30130566
0.72574276,0.00000000,0.69902913,0.30097087
0.72576642,0.00000000,0.69936391,0.30063609
0.72585416,0.00000000,0.69969869,0.30030131
0.72589380,0.00000000,0.70003348,0.29996652
0.72602516,0.00000000,0.70036826,0.29963174
0.72603595,0.00000000,0.70070305,0.29929695
0.72617513,0.00000000,0.70103783,0.29896217
0.72618741,0.00000000,0.70137261,0.29862739
0.72620624,0.00000000,0.70170740,0.29829260
0.72629517,0.00000000,0.70204218,0.29795782
0.72638899,0.00000000,0.70237697,0.29762303
0.72645575,0.00000000,0.70271175,0.29728825
0.72662383,0.00000000,0.70304653,0.29695347
0.72670728,0.00000000,0.70338132,0.29661868
0.72676373,0.00000000,0.70371610,0.29628390
0.72678208,0.00000000,0.70405089,0.29594911
0.72724891,0.00000000,0.70438567,0.29561433
0.72728592,0.00000000,0.70472046,0.29527954
0.72728735,0.00000000,0.70505524,0.29494476
0.72736996,0.00000000,0.70539002,0.29460998
0.72746569,0.00000000,0.70572481,0.29427519
0.72749066,0.00000000,0.70605959,0.29394041
0.72765261,0.00000000,0.70639438,0.29360562
0.72771537,0.00000000,0.70672916,0.29327084
0.72777605,0.00000000,0.70706394,0.29293606
0.72778392,0.00000000,0.70739873,0.29260127
0.72783518,0.00000000,0.70773351,0.29226649
0.72792631,0.00000000,0.70806830,0.29193170
0.72806954,0.00000000,0.70840308,0.29159692
0.72844541,0.00000000,0.70873786,0.29126214
0.72852546,0.00000000,0.70907265,0.29092735
0.72857589,0.00000000,0.70940743,0.29059257
0.72860754,0.00000000,0.70974222,0.29025778
0.72886640,0.00000000,0.71007700,0.28992300
0.72917634,0.00000000,0.71041178,0.28958822
0.72924107,0.00000000,0.71074657,0.28925343
0.72926527,0.00000000,0.71108135,0.28891865
0.72927511,0.00000000,0.71141614,0.28858386
0.72933894,0.00000000,0.71175092,0.28824908
0.72933954,0.00000000,0.71208570,0.28791430
0.72935307,0.00000000,0.71242049,0.28757951
0.72940707,0.00000000,0.71275527,0.28724473
0.72943121,0.00000000,0.71309006,0.28690994
0.72944117,0.00000000,0.71342484,0.28657516
0.72948825,0.00000000,0.71375963,0.28624037
0.72964966,0.00000000,0.71409441,0.28590559
0.72975236,0.00000000,0.71442919,0.28557081
0.72989732,0.00000000,0.71476398,0.28523602
0.72996157,0.00000000,0.71509876,0.28490124
0.73019570,0.00000000,0.71543355,0.28456645
0.73026341,0.00000000,0.71576833,0.28423167
0.73031175,0.00000000,0.71610311,0.28389689
0.73033088,0.00000000,0.71643790,0.28356210
0.73039418,0.00000000,0.71677268,0.28322732
0.73049134,0.00000000,0.71710747,0.28289253
0.73049194,0.00000000,0.71744225,0.28255775
0.73051423,0.00000000,0.71777703,0.28222297
0.73053014,0.00000000,0.71811182,0.28188818
0.73068976,0.00000000,0.71844660,0.28155340
0.73072559,0.00000000,0.71878139,0.28121861
0.73073930,0.00000000,0.71911617,0.28088383
0.73082870,0.00000000,0.71945095,0.28054905
0.73109919,0.00000000,0.71978574,0.28021426
0.73118031,0.00000000,0.72012052,0.27987948
0.73140562,0.00000000,0.72045531,0.27954469
0.73170680,0.00000000,0.72079009,0.27920991
0.73175812,0.00000000,0.72112487,0.27887513
0.73185110,0.00000000,0.72145966,0.27854034
0.73199904,0.00000000,0.72179444,0.27820556
0.73208946,0.00000000,0.72212923,0.27787077
0.73218662,0.00000000,0.72246401,0.27753599
0.73235011,0.00000000,0.72279879,0.27720121
0.73244250,0.00000000,0.72313358,0.27686642
0.73247629,0.00000000,0.72346836,0.27653164
0.73253125,0.00000000,0.72380315,0.27619685
0.73255527,0.00000000,0.72413793,0.27586207
0.73269415,0.00000000,0.72447272,0.27552728
0.73275054,0.00000000,0.72480750,0.27519250
0.73291850,0.00000000,0.72514228,0.27485772
0.73294789,0.00000000,0.72547707,0.27452293
0.73300922,0.00000000,0.72581185,0.27418815
0.73304498,0.00000000,0.72614664,0.27385336
0.73309010,0.00000000,0.72648142,0.27351858
0.73348528,0.00000000,0.72681620,0.27318380
0.73368740,0.00000000,0.72715099,0.27284901
0.73384160,0.00000000,0.72748577,0.27251423
0.73402619,0.00000000,0.72782056,0.27217944
0.73416722,0.00000000,0.72815534,0.27184466
0.73418611,0.00000000,0.72849012,0.27150988
0.73436612,0.00000000,0.72882491,0.27117509
0.73440981,0.00000000,0.72915969,0.27084031
0.73442322,0.00000000,0.72949448,0.27050552
0.73447472,0.00000000,0.72982926,0.27017074
0.73471463,0.00000000,0.73016404,0.26983596
0.73472792,0.00000000,0.73049883,0.26950117
0.73478043,0.00000000,0.73083361,0.26916639
0.73502195,0.00000000,0.73116840,0.26883160
0.73518527,0.00000000,0.73150318,0.26849682
0.73527873,0.00000000,0.73183796,0.26816204
0.73542935,0.00000000,0.73217275,0.26782725
0.73550040,0.00000000,0.73250753,0.26749247
0.73553932,0.00000000,0.73284232,0.26715768
0.73572427,0.00000000,0.73317710,0.26682290
0.73579019,0.00000000,0.73351188,0.26648812
0.73592919,0.00000000,0.73384667,0.26615333
0.73615199,0.00000000,0.73418145,0.26581855
0.73649478,0.00000000,0.73451624,0.26548376
0.73651266,0.00000000,0.73485102,0.26514898
0.73655087,0.00000000,0.73518581,0.26481419
0.73663795,0.00000000,0.73552059,0.26447941
0.73688638,0.00000000,0.73585537,0.26414463
0.73689783,0.00000000,0.73619016,0.26380984
0.73691529,0.00000000,0.73652494,0.26347506
0.73703986,0.00000000,0.73685973,0.26314027
0.73704797,0.00000000,0.73719451,0.26280549
0.73708153,0.00000000,0.73752929,0.26247071
0.73733145,0.00000000,0.73786408,0.26213592
0.73735750,0.00000000,0.73819886,0.26180114
0.73741490,0.00000000,0.73853365,0.26146635
0.73746371,0.00000000,0.73886843,0.26113157
0.73759598,0.00000000,0.73920321,0.26079679
0.73778516,0.00000000,0.73953800,0.26046200
0.73792875,0.00000000,0.73987278,0.26012722
0.73794055,0.00000000,0.74020757,0.25979243
0.73796088,0.00000000,0.74054235,0.25945765
0.73804474,0.00000000,0.74087713,0.25912287
0.73808110,0.00000000,0.74121192,0.25878808
0.73819655,0.00000000,0.74154670,0.25845330
0.73828608,0.00000000,0.74188149,0.25811851
0.73850644,0.00000000,0.74221627,0.25778373
0.73861349,0.00000000,0.74255105,0.25744895
0.73865032,0.00000000,0.74288584,0.25711416
0.73866546,0.00000000,0.74322062,0.25677938
0.73868465,0.00000000,0.74355541,0.25644459
0.73872828,0.00000000,0.74389019,0.25610981
0.73880470,0.00000000,0.74422497,0.25577503
0.73908389,0.00000000,0.74455976,0.25544024
0.73931295,0.00000000,0.74489454,0.25510546
0.73935211,0.00000000,0.74522933,0.25477067
0.73940736,0.00000000,0.74556411,0.25443589
0.73975438,0.00000000,0.74589890,0.25410110
0.73975939,0.00000000,0.74623368,0.25376632
0.73983330,0.00000000,0.74656846,0.25343154
0.73988581,0.00000000,0.74690325,0.25309675
0.73996300,0.00000000,0.74723803,0.25276197
0.73996794,0.00000000,0.74757282,0.25242718
0.74001056,0.00000000,0.74790760,0.25209240
0.74004573,0.00000000,0.74824238,0.25175762
0.74005121,0.00000000,0.74857717,0.25142283
0.74009645,0.00000000,0.74891195,0.25108805
0.74012190,0.00000000,0.74924674,0.25075326
0.74014771,0.00000000,0.74958152,0.25041848
0.74018329,0.00000000,0.74991630,0.25008370
0.74044305,0.00000000,0.75025109,0.24974891
0.74048913,0.00000000,0.75058587,0.24941413
0.74057680,0.00000000,0.75092066,0.24907934
0.74070668,0.00000000,0.75125544,0.24874456
0.74071443,0.00000000,0.75159022,0.24840978
0.74079806,0.00000000,0.75192501,0.24807499
0.74087822,0.00000000,0.75225979,0.24774021
0.74092388,0.00000000,0.75259458,0.24740542
0.74109578,0.00000000,0.75292936,0.24707064
0.74121010,0.00000000,0.75326414,0.24673586
0.74127299,0.00000000,0.75359893,0.24640107
0.74128067,0.00000000,0.75393371,0.24606629
0.74144691,0.00000000,0.75426850,0.24573150
0.74168891,0.00000000,0.75460328,0.24539672
0.74171782,0.00000000,0.75493806,0.24506194
0.74180740,0.00000000,0.75527285,0.24472715
0.74188769,0.00000000,0.75560763,0.24439237
0.74199045,0.00000000,0.75594242,0.24405758
0.74210358,0.00000000,0.75627720,0.24372280
0.74213606,0.00000000,0.75661199,0.24338801
0.74216324,0.00000000,0.75694677,0.24305323
0.74218339,0.00000000,0.75728155,0.24271845
0.74227822,0.00000000,0.75761634,0.24238366
0.74233198,0.00000000,0.75795112,0.24204888
0.74240726,0.00000000,0.75828591,0.24171409
0.74240983,0.00000000,0.75862069,0.24137931
0.74262464,0.00000000,0.75895547,0.24104453
0.74265039,0.00000000,0.75929026,0.24070974
0.74267137,0.00000000,0.75962504,0.24037496
0.74273348,0.00000000,0.75995983,0.24004017
0.74289209,0.00000000,0.76029461,0.23970539
0.74290669,0.00000000,0.76062939,0.23937061
0.74304044,0.00000000,0.76096418,0.23903582
0.74304491,0.00000000,0.76129896,0.23870104
0.74323624,0.00000000,0.76163375,0.23836625
0.74327970,0.00000000,0.76196853,0.23803147
0.74338108,0.00000000,0.76230331,0.23769669
0.74354136,0.00000000,0.76263810,0.23736190
0.74365819,0.00000000,0.76297288,0.23702712
0.74367213,0.00000000,0.76330767,0.23669233
0.74379671,0.00000000,0.76364245,0.23635755
0.74399143,0.00000000,0.76397723,0.23602277
0.74414241,0.00000000,0.76431202,0.23568798
0.74416769,0.00000000,0.76464680,0.23535320
0.74435890,0.00000000,0.76498159,0.23501841
0.74446487,0.00000000,0.76531637,0.23468363
0.74465734,0.00000000,0.76565116,0.23434884
0.74477541,0.00000000,0.76598594,0.23401406
0.74495035,0.00000000,0.76632072,0.23367928
0.74496394,0.00000000,0.76665551,0.23334449
0.74498332,0.00000000,0.76699029,0.23300971
0.74499828,0.00000000,0.76732508,0.23267492
0.74505216,0.00000000,0.76765986,0.23234014
0.74519223,0.00000000,0.76799464,0.23200536
0.74528807,0.00000000,0.76832943,0.23167057
0.74539250,0.00000000,0.76866421,0.23133579
0.74557525,0.00000000,0.76899900,0.23100100
0.74574596,0.00000000,0.76933378,0.23066622
0.74578649,0.00000000,0.76966856,0.23033144
0.74584609,0.00000000,0.77000335,0.22999665
0.74591172,0.00000000,0.77033813,0.22966187
0.74620557,0.00000000,0.77067292,0.22932708
0.74623740,0.00000000,0.77100770,0.22899230
0.74643594,0.00000000,0.77134248,0.22865752
0.74660689,0.00000000,0.77167727,0.22832273
0.74671674,0.00000000,0.77201205,0.22798795
0.74687421,0.00000000,0.77234684,0.22765316
0.74690008,0.00000000,0.77268162,0.22731838
0.74721676,0.00000000,0.77301640,0.22698360
0.74724448,0.00000000,0.77335119,0.22664881
0.74765182,0.00000000,0.77368597,0.22631403
0.74773359,0.00000000,0.77402076,0.22597924
0.74787086,0.00000000,0.77435554,0.22564446
0.74807382,0.00000000,0.77469032,0.22530968
0.74813962,0.00000000,0.77502511,0.22497489
0.74815422,0.00000000,0.77535989,0.22464011
0.74822676,0.00000000,0.77569468,0.22430532
0.74836731,0.00000000,0.77602946,0.22397054
0.74852359,0.00000000,0.77636425,0.22363575
0.74852753,0.00000000,0.77669903,0.22330097
0.74872494,0.00000000,0.77703381,0.22296619
0.74909502,0.00000000,0.77736860,0.22263140
0.74911177,0.00000000,0.77770338,0.22229662
0.74942744,0.00000000,0.77803817,0.22196183
0.74943590,0.00000000,0.77837295,0.22162705
0.74946302,0.00000000,0.77870773,0.22129227
0.74947697,0.00000000,0.77904252,0.22095748
0.74961537,0.00000000,0.77937730,0.22062270
0.75018400,0.00000000,0.77971209,0.22028791
0.75027466,0.00000000,0.78004687,0.21995313
0.75035292,0.00000000,0.78038165,0.21961835
0.75046533,0.00000000,0.78071644,0.21928356
0.75058615,0.00000000,0.78105122,0.21894878
0.75083572,0.00000000,0.78138601,0.21861399
0.75089300,0.00000000,0.78172079,0.21827921
0.75090569,0.00000000,0.78205557,0.21794443
0.75091684,0.00000000,0.78239036,0.21760964
0.75105870,0.00000000,0.78272514,0.21727486
0.75107491,0.00000000,0.78305993,0.21694007
0.75116193,0.00000000,0.78339471,0.21660529
0.75145710,0.00000000,0.78372949,0.21627051
0.75147176,0.00000000,0.78406428,0.21593572
0.75168598,0.00000000,0.78439906,0.21560094
0.75169516,0.00000000,0.78473385,0.21526615
0.75172228,0.00000000,0.78506863,0.21493137
0.75172573,0.00000000,0.78540341,0.21459659
0.75185561,0.00000000,0.78573820,0.21426180
0.75200194,0.00000000,0.78607298,0.21392702
0.75206155,0.00000000,0.78640777,0.21359223
0.75206196,0.00000000,0.78674255,0.21325745
0.75212741,0.00000000,0.78707734,0.21292266
0.75216520,0.00000000,0.78741212,0.21258788
0.75226533,0.00000000,0.78774690,0.21225310
0.75236118,0.00000000,0.78808169,0.21191831
0.75244230,0.00000000,0.78841647,0.21158353
0.75256282,0.00000000,0.78875126,0.21124874
0.75275493,0.00000000,0.78908604,0.21091396
0.75275576,0.00000000,0.78942082,0.21057918
0.75281608,0.00000000,0.78975561,0.21024439
0.75283372,0.00000000,0.79009039,0.20990961
0.75299293,0.00000000,0.79042518,0.20957482
0.75301260,0.00000000,0.79075996,0.20924004
0.75305700,0.00000000,0.79109474,0.20890526
0.75320387,0.00000000,0.79142953,0.20857047
0.75320590,0.00000000,0.79176431,0.20823569
0.75324774,0.00000000,0.79209910,0.20790090
0.75327778,0.00000000,0.79243388,0.20756612
0.75330245,0.00000000,0.79276866,0.20723134
0.75331062,0.00000000,0.79310345,0.20689655
0.75331241,0.00000000,0.79343823,0.20656177
0.75341779,0.00000000,0.79377302,0.20622698
0.75370222,0.00000000,0.79410780,0.20589220
0.75373518,0.00000000,0.79444258,0.20555742
0.75383955,0.00000000,0.79477737,0.20522263
0.75393432,0.00000000,0.79511215,0.20488785
0.75415206,0.00000000,0.79544694,0.20455306
0.75416249,0.00000000,0.79578172,0.20421828
0.75432152,0.00000000,0.79611650,0.20388350
0.75438750,0.00000000,0.79645129,0.20354871
0.75445294,0.00000000,0.79678607,0.20321393
0.75453675,0.00000000,0.79712086,0.20287914
0.75463402,0.00000000,0.79745564,0.20254436
0.75468218,0.00000000,0.79779043,0.20220957
0.75474942,0.00000000,0.79812521,0.20187479
0.75478458,0.00000000,0.79845999,0.20154001
0.75489002,0.00000000,0.79879478,0.20120522
0.75494552,0.00000000,0.79912956,0.20087044
0.75502801,0.00000000,0.79946435,0.20053565
0.75504011,0.00000000,0.79979913,0.20020087
0.75504738,0.00000000,0.80013391,0.19986609
0.75510120,0.00000000,0.80046870,0.19953130
0.75549906,0.00000000,0.80080348,0.19919652
0.75572407,0.00000000,0.80113827,0.19886173
0.75591618,0.00000000,0.80147305,0.19852695
0.75603873,0.00000000,0.80180783,0.19819217
0.75612754,0.00000000,0.80214262,0.19785738
0.75654876,0.00000000,0.80247740,0.19752260
0.75663185,0.00000000,0.80281219,0.19718781
0.75722229,0.00000000,0.80314697,0.19685303
0.75730395,0.00000000,0.80348175,0.19651825
0.75731093,0.00000000,0.80381654,0.19618346
0.75733626,0.00000000,0.80415132,0.19584868
0.75733972,0.00000000,0.80448611,0.19551389
0.75736821,0.00000000,0.80482089,0.19517911
0.75737697,0.00000000,0.80515567,0.19484433
0.75742334,0.00000000,0.80549046,0.19450954
0.75742704,0.00000000,0.80582524,0.19417476
0.75759417,0.00000000,0.80616003,0.19383997
0.75761205,0.00000000,0.80649481,0.19350519
0.75762576,0.00000000,0.80682959,0.19317041
0.75763321,0.00000000,0.80716438,0.19283562
0.75765359,0.00000000,0.80749916,0.19250084
0.75769824,0.00000000,0.80783395,0.19216605
0.75781286,0.00000000,0.80816873,0.19183127
0.75783342,0.00000000,0.80850352,0.19149648
0.75790888,0.00000000,0.80883830,0.19116170
0.75807101,0.00000000,0.80917308,0.19082692
0.75834608,0.00000000,0.80950787,0.19049213
0.75838906,0.00000000,0.80984265,0.19015735
0.75874293,0.00000000,0.81017744,0.18982256
0.75884521,0.00000000,0.81051222,0.18948778
0.75906903,0.00000000,0.81084700,0.18915300
0.75911415,0.00000000,0.81118179,0.18881821
0.75935262,0.00000000,0.81151657,0.18848343
0.75936019,0.00000000,0.81185136,0.18814864
0.75944322,0.00000000,0.81218614,0.18781386
0.75954294,0.00000000,0.81252092,0.18747908
0.75960898,0.00000000,0.81285571,0.18714429
0.75976121,0.00000000,0.81319049,0.18680951
0.75989467,0.00000000,0.81352528,0.18647472
0.76013482,0.00000000,0.81386006,0.18613994
0.76016921,0.00000000,0.81419484,0.18580516
0.76017374,0.00000000,0.81452963,0.18547037
0.76019424,0.00000000,0.81486441,0.18513559
0.76023394,0.00000000,0.81519920,0.18480080
0.76029855,0.00000000,0.81553398,0.18446602
0.76036882,0.00000000,0.81586876,0.18413124
0.76042724,0.00000000,0.81620355,0.18379645
0.76054978,0.00000000,0.81653833,0.18346167
0.76055580,0.00000000,0.81687312,0.18312688
0.76064110,0.00000000,0.81720790,0.18279210
0.76079607,0.00000000,0.81754268,0.18245732
0.76099235,0.00000000,0.81787747,0.18212253
0.76108956,0.00000000,0.81821225,0.18178775
0.76128525,0.00000000,0.81854704,0.18145296
0.76133221,0.00000000,0.81888182,0.18111818
0.76136380,0.00000000,0.81921661,0.18078339
0.76146644,0.00000000,0.81955139,0.18044861
0.76185000,0.00000000,0.81988617,0.18011383
0.76189500,0.00000000,0.82022096,0.17977904
0.76209980,0.00000000,0.82055574,0.17944426
0.76235622,0.00000000,0.82089053,0.17910947
0.76236796,0.00000000,0.82122531,0.17877469
0.76251590,0.00000000,0.82156009,0.17843991
0.76271868,0.00000000,0.82189488,0.17810512
0.76275653,0.00000000,0.82222966,0.17777034
0.76288301,0.00000000,0.82256445,0.17743555
0.76299614,0.00000000,0.82289923,0.17710077
0.76346922,0.00000000,0.82323401,0.17676599
0.76358998,0.00000000,0.82356880,0.17643120
0.76373684,0.00000000,0.82390358,0.17609642
0.76388025,0.00000000,0.82423837,0.17576163
0.76396018,0.00000000,0.82457315,0.17542685
0.76396424,0.00000000,0.82490793,0.17509207
0.76400059,0.00000000,0.82524272,0.17475728
0.76412940,0.00000000,0.82557750,0.17442250
0.76437324,0.00000000,0.82591229,0.17408771
0.76459283,0.00000000,0.82624707,0.17375293
0.76465321,0.00000000,0.82658185,0.17341815
0.76472455,0.00000000,0.82691664,0.17308336
0.76472598,0.00000000,0.82725142,0.17274858
0.76473993,0.00000000,0.82758621,0.17241379
0.76475537,0.00000000,0.82792099,0.17207901
0.76477325,0.00000000,0.82825578,0.17174422
0.76532406,0.00000000,0.82859056,0.17140944
0.76533526,0.00000000,0.82892534,0.17107466
0.76535720,0.00000000,0.82926013,0.17073987
0.76555783,0.00000000,0.82959491,0.17040509
0.76562250,0.00000000,0.82992970,0.17007030
0.76568276,0.00000000,0.83026448,0.16973552
0.76595265,0.00000000,0.83059926,0.16940074
0.76613206,0.00000000,0.83093405,0.16906595
0.76628339,0.00000000,0.83126883,0.16873117
0.76642025,0.00000000,0.83160362,0.16839638
0.76642740,0.00000000,0.83193840,0.16806160
0.76669294,0.00000000,0.83227318,0.16772682
0.76705974,0.00000000,0.83260797,0.16739203
0.76729947,0.00000000,0.83294275,0.16705725
0.76738912,0.00000000,0.83327754,0.16672246
0.76740301,0.00000000,0.83361232,0.16638768
0.76746893,0.00000000,0.83394710,0.16605290
0.76757157,0.00000000,0.83428189,0.16571811
0.76780415,0.00000000,0.83461667,0.16538333
0.76780653,0.00000000,0.83495146,0.16504854
0.76790559,0.00000000,0.83528624,0.16471376
0.76834083,0.00000000,0.83562102,0.16437898
0.76839179,0.00000000,0.83595581,0.16404419
0.76856816,0.00000000,0.83629059,0.16370941
0.76869094,0.00000000,0.83662538,0.16337462
0.76871073,0.00000000,0.83696016,0.16303984
0.76871228,0.00000000,0.83729494,0.16270506
0.76873738,0.00000000,0.83762973,0.16237027
0.76880753,0.00000000,0.83796451,0.16203549
0.76977396,0.00000000,0.83829930,0.16170070
0.76997799,0.00000000,0.83863408,0.16136592
0.77003491,0.00000000,0.83896887,0.16103113
0.77011383,0.00000000,0.83930365,0.16069635
0.77015477,0.00000000,0.83963843,0.16036157
0.77024031,0.00000000,0.83997322,0.16002678
0.77036363,0.00000000,0.84030800,0.15969200
0.77056295,0.00000000,0.84064279,0.15935721
0.77074564,0.00000000,0.84097757,0.15902243
0.77079028,0.00000000,0.84131235,0.15868765
0.77081698,0.00000000,0.84164714,0.15835286
0.77084267,0.00000000,0.84198192,0.15801808
0.77090704,0.00000000,0.84231671,0.15768329
0.77098775,0.00000000,0.84265149,0.15734851
0.77099156,0.00000000,0.84298627,0.15701373
0.77110898,0.00000000,0.84332106,0.15667894
0.77114975,0.00000000,0.84365584,0.15634416
0.77122593,0.00000000,0.84399063,0.15600937
0.77144128,0.00000000,0.84432541,0.15567459
0.77175319,0.00000000,0.84466019,0.15533981
0.77184987,0.00000000,0.84499498,0.15500502
0.77194291,0.00000000,0.84532976,0.15467024
0.77199632,0.00000000,0.84566455,0.15433545
0.77232844,0.00000000,0.84599933,0.15400067
0.77235532,0.00000000,0.84633411,0.15366589
0.77246881,0.00000000,0.84666890,0.15333110
0.77249700,0.00000000,0.84700368,0.15299632
0.77260160,0.00000000,0.84733847,0.15266153
0.77317160,0.00000000,0.84767325,0.15232675
0.77327889,0.00000000,0.84800803,0.15199197
0.77332610,0.00000000,0.84834282,0.15165718
0.77334046,0.00000000,0.84867760,0.15132240
0.77341026,0.00000000,0.84901239,0.15098761
0.77358693,0.00000000,0.84934717,0.15065283
0.77382392,0.00000000,0.84968196,0.15031804
0.77402180,0.00000000,0.85001674,0.14998326
0.77403098,0.00000000,0.85035152,0.14964848
0.77408791,0.00000000,0.85068631,0.14931369
0.77445990,0.00000000,0.85102109,0.14897891
0.77477682,0.00000000,0.85135588,0.14864412
0.77507830,0.00000000,0.85169066,0.14830934
0.77520835,0.00000000,0.85202544,0.14797456
0.77528214,0.00000000,0.85236023,0.14763977
0.77528590,0.00000000,0.85269501,0.14730499
0.77534306,0.00000000,0.85302980,0.14697020
0.77553135,0.00000000,0.85336458,0.14663542
0.77577382,0.00000000,0.85369936,0.14630064
0.77587193,0.00000000,0.85403415,0.14596585
0.77602249,0.00000000,0.85436893,0.14563107
0.77609676,0.00000000,0.85470372,0.14529628
0.77617633,0.00000000,0.85503850,0.14496150
0.77624315,0.00000000,0.85537328,0.14462672
0.77644193,0.00000000,0.85570807,0.14429193
0.77649373,0.00000000,0.85604285,0.14395715
0.77651262,0.00000000,0.85637764,0.14362236
0.77665561,0.00000000,0.85671242,0.14328758
0.77670664,0.00000000,0.85704720,0.14295280
0.77688146,0.00000000,0.85738199,0.14261801
0.77699327,0.00000000,0.85771677,0.14228323
0.77705830,0.00000000,0.85805156,0.14194844
0.77715105,0.00000000,0.85838634,0.14161366
0.77719384,0.00000000,0.85872112,0.14127888
0.77743506,0.00000000,0.85905591,0.14094409
0.77759242,0.00000000,0.85939069,0.14060931
0.77769452,0.00000000,0.85972548,0.14027452
0.77787232,0.00000000,0.86006026,0.13993974
0.77801764,0.00000000,0.86039505,0.13960495
0.77815491,0.00000000,0.86072983,0.13927017
0.77833569,0.00000000,0.86106461,0.13893539
0.77838224,0.00000000,0.86139940,0.13860060
0.77863175,0.00000000,0.86173418,0.13826582
0.77870154,0.00000000,0.86206897,0.13793103
0.77875054,0.00000000,0.86240375,0.13759625
0.77876407,0.00000000,0.86273853,0.13726147
0.77888227,0.00000000,0.86307332,0.13692668
0.77892321,0.00000000,0.86340810,0.13659190
0.77893853,0.00000000,0.86374289,0.13625711
0.77894574,0.00000000,0.86407767,0.13592233
0.77900130,0.00000000,0.86441245,0.13558755
0.77900875,0.00000000,0.86474724,0.13525276
0.77929503,0.00000000,0.86508202,0.13491798
0.77938616,0.00000000,0.86541681,0.13458319
0.77963358,0.00000000,0.86575159,0.13424841
0.77976418,0.00000000,0.86608637,0.13391363
0.77978599,0.00000000,0.86642116,0.13357884
0.77986914,0.00000000,0.86675594,0.13324406
0.77990252,0.00000000,0.86709073,0.13290927
0.77995038,0.00000000,0.86742551,0.13257449
0.78018260,0.00000000,0.86776029,0.13223971
0.78029847,0.00000000,0.86809508,0.13190492
0.78033745,0.00000000,0.86842986,0.13157014
0.78036094,0.00000000,0.86876465,0.13123535
0.78041029,0.00000000,0.86909943,0.13090057
0.78045112,0.00000000,0.86943421,0.13056579
0.78064656,0.00000000,0.86976900,0.13023100
0.78074521,0.00000000,0.87010378,0.12989622
0.78078812,0.00000000,0.87043857,0.12956143
0.78085417,0.00000000,0.87077335,0.12922665
0.78093040,0.00000000,0.87110814,0.12889186
0.78095359,0.00000000,0.87144292,0.12855708
0.78095418,0.00000000,0.87177770,0.12822230
0.78097439,0.00000000,0.87211249,0.12788751
0.78107756,0.00000000,0.87244727,0.12755273
0.78157085,0.00000000,0.87278206,0.12721794
0.78164518,0.00000000,0.87311684,0.12688316
0.78200346,0.00000000,0.87345162,0.12654838
0.78204453,0.00000000,0.87378641,0.12621359
0.78207892,0.00000000,0.87412119,0.12587881
0.78214359,0.00000000,0.87445598,0.12554402
0.78215659,0.00000000,0.87479076,0.12520924
0.78250551,0.00000000,0.87512554,0.12487446
0.78251779,0.00000000,0.87546033,0.12453967
0.78269011,0.00000000,0.87579511,0.12420489
0.78278816,0.00000000,0.87612990,0.12387010
0.78283900,0.00000000,0.87646468,0.12353532
0.78302574,0.00000000,0.87679946,0.12320054
0.78302848,0.00000000,0.87713425,0.12286575
0.78305268,0.00000000,0.87746903,0.12253097
0.78308254,0.00000000,0.87780382,0.12219618
0.78315490,0.00000000,0.87813860,0.12186140
0.78331745,0.00000000,0.87847338,0.12152662
0.78349662,0.00000000,0.87880817,0.12119183
0.78352326,0.00000000,0.87914295,0.12085705
0.78407604,0.00000000,0.87947774,0.12052226
0.78464663,0.00000000,0.87981252,0.12018748
0.78499013,0.00000000,0.88014730,0.11985270
0.78501129,0.00000000,0.88048209,0.11951791
0.78531903,0.00000000,0.88081687,0.11918313
0.78543973,0.00000000,0.88115166,0.11884834
0.78575844,0.00000000,0.88148644,0.11851356
0.78578204,0.00000000,0.88182123,0.11817877
0.78613663,0.00000000,0.88215601,0.11784399
0.78622288,0.00000000,0.88249079,0.11750921
0.78622544,0.00000000,0.88282558,0.11717442
0.78631288,0.00000000,0.88316036,0.11683964
0.78647810,0.00000000,0.88349515,0.11650485
0.78648818,0.00000000,0.88382993,0.11617007
0.78656775,0.00000000,0.88416471,0.11583529
0.78686529,0.00000000,0.88449950,0.11550050
0.78707427,0.00000000,0.88483428,0.11516572
0.78718692,0.00000000,0.88516907,0.11483093
0.78728104,0.00000000,0.88550385,0.11449615
0.78732663,0.00000000,0.88583863,0.11416137
0.78759128,0.00000000,0.88617342,0.11382658
0.78794545,0.00000000,0.88650820,0.11349180
0.78811169,0.00000000,0.88684299,0.11315701
0.78823537,0.00000000,0.88717777,0.11282223
0.78834993,0.00000000,0.88751255,0.11248745
0.78841203,0.00000000,0.88784734,0.11215266
0.78865248,0.00000000,0.88818212,0.11181788
0.78881806,0.00000000,0.88851691,0.11148309
0.78889656,0.00000000,0.88885169,0.11114831
0.78896141,0.00000000,0.88918647,0.11081353
0.78904128,0.00000000,0.88952126,0.11047874
0.78905362,0.00000000,0.88985604,0.11014396
0.78921622,0.00000000,0.89019083,0.10980917
0.78926623,0.00000000,0.89052561,0.10947439
0.78936207,0.00000000,0.89086040,0.10913960
0.78938234,0.00000000,0.89119518,0.10880482
0.78948271,0.00000000,0.89152996,0.10847004
0.78949326,0.00000000,0.89186475,0.10813525
0.78956932,0.00000000,0.89219953,0.10780047
0.78970069,0.00000000,0.89253432,0.10746568
0.79002899,0.00000000,0.89286910,0.10713090
0.79057896,0.00000000,0.89320388,0.10679612
0.79075044,0.00000000,0.89353867,0.10646133
0.79109085,0.00000000,0.89387345,0.10612655
0.79133058,0.00000000,0.89420824,0.10579176
0.79153645,0.00000000,0.89454302,0.10545698
0.79177874,0.00000000,0.89487780,0.10512220
0.79192162,0.00000000,0.89521259,0.10478741
0.79197025,0.00000000,0.89554737,0.10445263
0.79204273,0.00000000,0.89588216,0.10411784
0.79223669,0.00000000,0.89621694,0.10378306
0.79234213,0.00000000,0.89655172,0.10344828
0.79274708,0.00000000,0.89688651,0.10311349
0.79286247,0.00000000,0.89722129,0.10277871
0.79304039,0.00000000,0.89755608,0.10244392
0.79305893,0.00000000,0.89789086,0.10210914
0.79308581,0.00000000,0.89822564,0.10177436
0.79347533,0.00000000,0.89856043,0.10143957
0.79359329,0.00000000,0.89889521,0.10110479
0.79372281,0.00000000,0.89923000,0.10077000
0.79419959,0.00000000,0.89956478,0.10043522
0.79472953,0.00000000,0.89989956,0.10010044
0.79487896,0.00000000,0.90023435,0.09976565
0.79520297,0.00000000,0.90056913,0.09943087
0.79559392,0.00000000,0.90090392,0.09909608
0.79604268,0.00000000,0.90123870,0.09876130
0.79619342,0.00000000,0.90157349,0.09842651
0.79634786,0.00000000,0.90190827,0.09809173
0.79644203,0.00000000,0.90224305,0.09775695
0.79644597,0.00000000,0.90257784,0.09742216
0.79645461,0.00000000,0.90291262,0.09708738
0.79646748,0.00000000,0.90324741,0.09675259
0.79674941,0.00000000,0.90358219,0.09641781
0.79683554,0.00000000,0.90391697,0.09608303
0.79688776,0.00000000,0.90425176,0.09574824
0.79700053,0.00000000,0.90458654,0.09541346
0.79723275,0.00000000,0.90492133,0.09507867
0.79724634,0.00000000,0.90525611,0.09474389
0.79773426,0.00000000,0.90559089,0.09440911
0.79812831,0.00000000,0.90592568,0.09407432
0.79820764,0.00000000,0.90626046,0.09373954
0.79821450,0.00000000,0.90659525,0.09340475
0.79859000,0.00000000,0.90693003,0.09306997
0.79869682,0.00000000,0.90726481,0.09273519
0.79870236,0.00000000,0.90759960,0.09240040
0.79928303,0.00000000,0.90793438,0.09206562
0.79931724,0.00000000,0.90826917,0.09173083
0.79934061,0.00000000,0.90860395,0.09139605
0.79994065,0.00000000,0.90893873,0.09106127
0.80008286,0.00000000,0.90927352,0.09072648
0.80029714,0.00000000,0.90960830,0.09039170
0.80036879,0.00000000,0.90994309,0.09005691
0.80069792,0.00000000,0.91027787,0.08972213
0.80082607,0.00000000,0.91061265,0.08938735
0.80098236,0.00000000,0.91094744,0.08905256
0.80114150,0.00000000,0.91128222,0.08871778
0.80125749,0.00000000,0.91161701,0.08838299
0.80150855,0.00000000,0.91195179,0.08804821
0.80202675,0.00000000,0.91228658,0.08771342
0.80210805,0.00000000,0.91262136,0.08737864
0.80238569,0.00000000,0.91295614,0.08704386
0.80243874,0.00000000,0.91329093,0.08670907
0.80268401,0.00000000,0.91362571,0.08637429
0.80269670,0.00000000,0.91396050,0.08603950
0.80277091,0.00000000,0.91429528,0.08570472
0.80282414,0.00000000,0.91463006,0.08536994
0.80285376,0.00000000,0.91496485,0.08503515
0.80344546,0.00000000,0.91529963,0.08470037
0.80350024,0.00000000,0.91563442,0.08436558
0.80350047,0.00000000,0.91596920,0.08403080
0.80351275,0.00000000,0.91630398,0.08369602
0.80383915,0.00000000,0.91663877,0.08336123
0.80390376,0.00000000,0.91697355,0.08302645
0.80397320,0.00000000,0.91730834,0.08269166
0.80422390,0.00000000,0.91764312,0.08235688
0.80448896,0.00000000,0.91797790,0.08202210
0.80474502,0.00000000,0.91831269,0.08168731
0.80496383,0.00000000,0.91864747,0.08135253
0.80516231,0.00000000,0.91898226,0.08101774
0.80521458,0.00000000,0.91931704,0.08068296
0.80531263,0.00000000,0.91965182,0.08034818
0.80559140,0.00000000,0.91998661,0.08001339
0.80570430,0.00000000,0.92032139,0.07967861
0.80579466,0.00000000,0.92065618,0.07934382
0.80586123,0.00000000,0.92099096,0.07900904
0.80599523,0.00000000,0.92132574,0.07867426
0.80600530,0.00000000,0.92166053,0.07833947
0.80607170,0.00000000,0.92199531,0.07800469
0.80612898,0.00000000,0.92233010,0.07766990
0.80617994,0.00000000,0.92266488,0.07733512
0.80642289,0.00000000,0.92299967,0.07700033
0.80678320,0.00000000,0.92333445,0.07666555
0.80704433,0.00000000,0.92366923,0.07633077
0.80704725,0.00000000,0.92400402,0.07599598
0.80709523,0.00000000,0.92433880,0.07566120
0.80726486,0.00000000,0.92467359,0.07532641
0.80728823,0.00000000,0.92500837,0.07499163
0.80732095,0.00000000,0.92534315,0.07465685
0.80741274,0.00000000,0.92567794,0.07432206
0.80788481,0.00000000,0.92601272,0.07398728
0.80819011,0.00000000,0.92634751,0.07365249
0.80836821,0.00000000,0.92668229,0.07331771
0.80867594,0.00000000,0.92701707,0.07298293
0.80868483,0.00000000,0.92735186,0.07264814
0.80898231,0.00000000,0.92768664,0.07231336
0.80899662,0.00000000,0.92802143,0.07197857
0.80903566,0.00000000,0.92835621,0.07164379
0.80922943,0.00000000,0.92869099,0.07130901
0.80935460,0.00000000,0.92902578,0.07097422
0.80943936,0.00000000,0.92936056,0.07063944
0.81010878,0.00000000,0.92969535,0.07030465
0.81015807,0.00000000,0.93003013,0.06996987
0.81030768,0.00000000,0.93036491,0.06963509
0.81036067,0.00000000,0.93069970,0.06930030
0.81042194,0.00000000,0.93103448,0.06896552
0.81053364,0.00000000,0.93136927,0.06863073
0.81058037,0.00000000,0.93170405,0.06829595
0.81107301,0.00000000,0.93203883,0.06796117
0.81110883,0.00000000,0.93237362,0.06762638
0.81141847,0.00000000,0.93270840,0.06729160
0.81175542,0.00000000,0.93304319,0.06695681
0.81204051,0.00000000,0.93337797,0.06662203
0.81245345,0.00000000,0.93371276,0.06628724
0.81279635,0.00000000,0.93404754,0.06595246
0.81298214,0.00000000,0.93438232,0.06561768
0.81303388,0.00000000,0.93471711,0.06528289
0.81306756,0.00000000,0.93505189,0.06494811
0.81312031,0.00000000,0.93538668,0.06461332
0.81349581,0.00000000,0.93572146,0.06427854
0.81390750,0.00000000,0.93605624,0.06394376
0.81412089,0.00000000,0.93639103,0.06360897
0.81422752,0.00000000,0.93672581,0.06327419
0.81446815,0.00000000,0.93706060,0.06293940
0.81467396,0.00000000,0.93739538,0.06260462
0.81470877,0.00000000,0.93773016,0.06226984
0.81490403,0.00000000,0.93806495,0.06193505
0.81491846,0.00000000,0.93839973,0.06160027
0.81501019,0.00000000,0.93873452,0.06126548
0.81512219,0.00000000,0.93906930,0.06093070
0.81518114,0.00000000,0.93940408,0.06059592
0.81552935,0.00000000,0.93973887,0.06026113
0.81592202,0.00000000,0.94007365,0.05992635
0.81599241,0.00000000,0.94040844,0.05959156
0.81615883,0.00000000,0.94074322,0.05925678
0.81616104,0.00000000,0.94107800,0.05892200
0.81629539,0.00000000,0.94141279,0.05858721
0.81630909,0.00000000,0.94174757,0.05825243
0.81675756,0.00000000,0.94208236,0.05791764
0.81715828,0.00000000,0.94241714,0.05758286
0.81730449,0.00000000,0.94275193,0.05724807
0.81736159,0.00000000,0.94308671,0.05691329
0.81797820,0.00000000,0.94342149,0.05657851
0.81806248,0.00000000,0.94375628,0.05624372
0.81808859,0.00000000,0.94409106,0.05590894
0.81831551,0.00000000,0.94442585,0.05557415
0.81836861,0.00000000,0.94476063,0.05523937
0.81849235,0.00000000,0.94509541,0.05490459
0.81871474,0.00000000,0.94543020,0.05456980
0.81874669,0.00000000,0.94576498,0.05423502
0.81879461,0.00000000,0.94609977,0.05390023
0.81890976,0.00000000,0.94643455,0.05356545
0.81928617,0.00000000,0.94676933,0.05323067
0.81960571,0.00000000,0.94710412,0.05289588
0.81988430,0.00000000,0.94743890,0.05256110
0.81995863,0.00000000,0.94777369,0.05222631
0.82010984,0.00000000,0.94810847,0.05189153
0.82022166,0.00000000,0.94844325,0.05155675
0.82043105,0.00000000,0.94877804,0.05122196
0.82063508,0.00000000,0.94911282,0.05088718
0.82067674,0.00000000,0.94944761,0.05055239
0.82091701,0.00000000,0.94978239,0.05021761
0.82096291,0.00000000,0.95011717,0.04988283
0.82135499,0.00000000,0.95045196,0.04954804
0.82145840,0.00000000,0.95078674,0.04921326
0.82152736,0.00000000,0.95112153,0.04887847
0.82163531,0.00000000,0.95145631,0.04854369
0.82165384,0.00000000,0.95179109,0.04820891
0.82180607,0.00000000,0.95212588,0.04787412
0.82194728,0.00000000,0.95246066,0.04753934
0.82260710,0.00000000,0.95279545,0.04720455
0.82261080,0.00000000,0.95313023,0.04686977
0.82281899,0.00000000,0.95346502,0.04653498
0.82287729,0.00000000,0.95379980,0.04620020
0.82322466,0.00000000,0.95413458,0.04586542
0.82357270,0.00000000,0.95446937,0.04553063
0.82502604,0.00000000,0.95480415,0.04519585
0.82559144,0.00000000,0.95513894,0.04486106
0.82560372,0.00000000,0.95547372,0.04452628
0.82592666,0.00000000,0.95580850,0.04419150
0.82649875,0.00000000,0.95614329,0.04385671
0.82652241,0.00000000,0.95647807,0.04352193
0.82679802,0.00000000,0.95681286,0.04318714
0.82684267,0.00000000,0.95714764,0.04285236
0.82707721,0.00000000,0.95748242,0.04251758
0.82810861,0.00000000,0.95781721,0.04218279
0.82820982,0.00000000,0.95815199,0.04184801
0.82845420,0.00000000,0.95848678,0.04151322
0.82859683,0.00000000,0.95882156,0.04117844
0.82898915,0.00000000,0.95915634,0.04084366
0.82973456,0.00000000,0.95949113,0.04050887
0.82991266,0.00000000,0.95982591,0.04017409
0.83025652,0.00000000,0.96016070,0.03983930
0.83067739,0.00000000,0.96049548,0.03950452
0.83144969,0.00000000,0.96083026,0.03916974
0.83153737,0.00000000,0.96116505,0.03883495
0.83169532,0.00000000,0.96149983,0.03850017
0.83169621,0.00000000,0.96183462,0.03816538
0.83201450,0.00000000,0.96216940,0.03783060
0.83247399,0.00000000,0.96250418,0.03749582
0.83299512,0.00000000,0.96283897,0.03716103
0.83315372,0.00000000,0.96317375,0.03682625
0.83324033,0.00000000,0.96350854,0.03649146
0.83343214,0.00000000,0.96384332,0.03615668
0.83348995,0.00000000,0.96417811,0.03582189
0.83379477,0.00000000,0.96451289,0.03548711
0.83387274,0.00000000,0.96484767,0.03515233
0.83491641,0.00000000,0.96518246,0.03481754
0.83552730,0.00000000,0.96551724,0.03448276
0.83577442,0.00000000,0.96585203,0.03414797
0.83605117,0.00000000,0.96618681,0.03381319
0.83610892,0.00000000,0.96652159,0.03347841
0.83712989,0.00000000,0.96685638,0.03314362
0.83720726,0.00000000,0.96719116,0.03280884
0.83808702,0.00000000,0.96752595,0.03247405
0.83812070,0.00000000,0.96786073,0.03213927
0.83860475,0.00000000,0.96819551,0.03180449
0.83881420,0.00000000,0.96853030,0.03146970
0.83889288,0.00000000,0.96886508,0.03113492
0.83912647,0.00000000,0.96919987,0.03080013
0.83951986,0.00000000,0.96953465,0.03046535
0.83961606,0.00000000,0.96986943,0.03013057
0.83973932,0.00000000,0.97020422,0.02979578
0.84004956,0.00000000,0.97053900,0.02946100
0.84008592,0.00000000,0.97087379,0.02912621
0.84090346,0.00000000,0.97120857,0.02879143
0.84095412,0.00000000,0.97154335,0.02845665
0.84181517,0.00000000,0.97187814,0.02812186
0.84212625,0.00000000,0.97221292,0.02778708
0.84239429,0.00000000,0.97254771,0.02745229
0.84242153,0.00000000,0.97288249,0.02711751
0.84342611,0.00000000,0.97321727,0.02678273
0.84441066,0.00000000,0.97355206,0.02644794
0.84462512,0.00000000,0.97388684,0.02611316
0.84517169,0.00000000,0.97422163,0.02577837
0.84551740,0.00000000,0.97455641,0.02544359
0.84609866,0.00000000,0.97489120,0.02510880
0.84653920,0.00000000,0.97522598,0.02477402
0.84704125,0.00000000,0.97556076,0.02443924
0.84718770,0.00000000,0.97589555,0.02410445
0.84753054,0.00000000,0.97623033,0.02376967
0.84911072,0.00000000,0.97656512,0.02343488
0.85179156,0.00000000,0.97689990,0.02310010
0.85211819,0.00000000,0.97723468,0.02276532
0.85453159,0.00000000,0.97756947,0.02243053
0.85460567,0.00000000,0.97790425,0.02209575
0.85474503,0.00000000,0.97823904,0.02176096
0.85515308,0.00000000,0.97857382,0.02142618
0.85632014,0.00000000,0.97890860,0.02109140
0.85639560,0.00000000,0.97924339,0.02075661
0.85705727,0.00000000,0.97957817,0.02042183
0.85768420,0.00000000,0.97991296,0.02008704
0.85807371,0.00000000,0.98024774,0.01975226
0.85836756,0.00000000,0.98058252,0.01941748
0.85944617,0.00000000,0.98091731,0.01908269
0.86059690,0.00000000,0.98125209,0.01874791
0.86160040,0.00000000,0.98158688,0.01841312
0.86186087,0.00000000,0.98192166,0.01807834
0.86219311,0.00000000,0.98225644,0.01774356
0.86278886,0.00000000,0.98259123,0.01740877
0.86318064,0.00000000,0.98292601,0.01707399
0.86343843,0.00000000,0.98326080,0.01673920
0.86358756,0.00000000,0.98359558,0.01640442
0.86384016,0.00000000,0.98393036,0.01606964
0.86801225,0.00000000,0.98426515,0.01573485
0.86842376,0.00000000,0.98459993,0.01540007
0.86883527,0.00000000,0.98493472,0.01506528
0.86947060,0.00000000,0.98526950,0.01473050
0.86949068,0.00000000,0.98560429,0.01439571
0.87053847,0.00000000,0.98593907,0.01406093
0.87083918,0.00000000,0.98627385,0.01372615
0.87303239,0.00000000,0.98660864,0.01339136
0.87351418,0.00000000,0.98694342,0.01305658
0.87390244,0.00000000,0.98727821,0.01272179
0.87397355,0.00000000,0.98761299,0.01238701
0.87425303,0.00000000,0.98794777,0.01205223
0.87590235,0.00000000,0.98828256,0.01171744
0.87616301,0.00000000,0.98861734,0.01138266
0.87664443,0.00000000,0.98895213,0.01104787
0.87848848,0.00000000,0.98928691,0.01071309
0.87849730,0.00000000,0.98962169,0.01037831
0.87902337,0.00000000,0.98995648,0.01004352
0.87907904,0.00000000,0.99029126,0.00970874
0.88021225,0.00000000,0.99062605,0.00937395
0.88188660,0.00000000,0.99096083,0.00903917
0.88311481,0.00000000,0.99129561,0.00870439
0.88388175,0.00000000,0.99163040,0.00836960
0.88691145,0.00000000,0.99196518,0.00803482
0.88729858,0.00000000,0.99229997,0.00770003
0.88815755,0.00000000,0.99263475,0.00736525
0.88874221,0.00000000,0.99296953,0.00703047
0.88883924,0.00000000,0.99330432,0.00669568
0.89196682,0.00000000,0.99363910,0.00636090
0.89203590,0.00000000,0.99397389,0.00602611
0.89205831,0.00000000,0.99430867,0.00569133
0.89320254,0.00000000,0.99464345,0.00535655
0.89377052,0.00000000,0.99497824,0.00502176
0.89541125,0.00000000,0.99531302,0.00468698
0.89628816,0.00000000,0.99564781,0.00435219
0.89963347,0.00000000,0.99598259,0.00401741
0.89974231,0.00000000,0.99631738,0.00368262
0.90039241,0.00000000,0.99665216,0.00334784
0.90173864,0.00000000,0.99698694,0.00301306
0.90586954,0.00000000,0.99732173,0.00267827
0.90734261,0.00000000,0.99765651,0.00234349
0.92313725,0.00000000,0.99799130,0.00200870
0.93348700,0.00000000,0.99832608,0.00167392
0.93418860,0.00000000,0.99866086,0.00133914
0.93812430,0.00000000,0.99899565,0.00100435
0.94378501,0.00000000,0.99933043,0.00066957
0.96494299,0.00000000,0.99966522,0.00033478
